date,year,doy,frac,frac_filled,frac_smooth
2017-02-19 00:00:00+00:00,2017,50,0.901066,0.901066,
2017-02-20 00:00:00+00:00,2017,51,,,
2017-02-21 00:00:00+00:00,2017,52,,,
2017-02-22 00:00:00+00:00,2017,53,,0.923212,0.929115
2017-02-23 00:00:00+00:00,2017,54,,0.930593,0.934405
2017-02-24 00:00:00+00:00,2017,55,,0.937975,0.939500
2017-02-25 00:00:00+00:00,2017,56,,0.945357,0.944459
2017-02-26 00:00:00+00:00,2017,57,0.952739,0.952739,0.949237
2017-02-27 00:00:00+00:00,2017,58,,0.955958,0.952873
2017-02-28 00:00:00+00:00,2017,59,,0.959178,0.956384
2017-03-01 00:00:00+00:00,2017,60,0.962397,0.962397,0.959796
2017-03-02 00:00:00+00:00,2017,61,,0.964084,0.962694
2017-03-03 00:00:00+00:00,2017,62,,0.965771,0.965187
2017-03-04 00:00:00+00:00,2017,63,,0.967457,0.967381
2017-03-05 00:00:00+00:00,2017,64,,0.969144,0.969385
2017-03-06 00:00:00+00:00,2017,65,,0.970830,0.971299
2017-03-07 00:00:00+00:00,2017,66,0.972517,0.972517,0.973138
2017-03-08 00:00:00+00:00,2017,67,0.976411,0.976411,0.974918
2017-03-09 00:00:00+00:00,2017,68,,0.977685,0.976564
2017-03-10 00:00:00+00:00,2017,69,,0.978958,0.978078
2017-03-11 00:00:00+00:00,2017,70,0.980232,0.980232,0.979459
2017-03-12 00:00:00+00:00,2017,71,,0.981139,0.980707
2017-03-13 00:00:00+00:00,2017,72,,0.982047,0.981836
2017-03-14 00:00:00+00:00,2017,73,,0.982954,0.982860
2017-03-15 00:00:00+00:00,2017,74,,0.983861,0.983793
2017-03-16 00:00:00+00:00,2017,75,,0.984768,0.984694
2017-03-17 00:00:00+00:00,2017,76,0.985675,0.985675,0.985569
2017-03-18 00:00:00+00:00,2017,77,,0.986489,0.986423
2017-03-19 00:00:00+00:00,2017,78,,0.987304,0.987266
2017-03-20 00:00:00+00:00,2017,79,,0.988119,0.988100
2017-03-21 00:00:00+00:00,2017,80,,0.988933,0.988925
2017-03-22 00:00:00+00:00,2017,81,,0.989748,0.989733
2017-03-23 00:00:00+00:00,2017,82,,0.990562,0.990547
2017-03-24 00:00:00+00:00,2017,83,,0.991377,0.991395
2017-03-25 00:00:00+00:00,2017,84,,0.992191,0.992302
2017-03-26 00:00:00+00:00,2017,85,,0.993006,0.993242
2017-03-27 00:00:00+00:00,2017,86,0.993820,0.993820,0.994185
2017-03-28 00:00:00+00:00,2017,87,0.993992,0.993992,0.995104
2017-03-29 00:00:00+00:00,2017,88,,0.995995,0.995997
2017-03-30 00:00:00+00:00,2017,89,,0.997997,0.996788
2017-03-31 00:00:00+00:00,2017,90,1.000000,1.000000,0.997400
2017-04-01 00:00:00+00:00,2017,91,,0.999447,0.997787
2017-04-02 00:00:00+00:00,2017,92,,0.998893,0.997993
2017-04-03 00:00:00+00:00,2017,93,,0.998340,0.998060
2017-04-04 00:00:00+00:00,2017,94,,0.997787,0.998033
2017-04-05 00:00:00+00:00,2017,95,,0.997233,0.997939
2017-04-06 00:00:00+00:00,2017,96,0.996680,0.996680,0.997845
2017-04-07 00:00:00+00:00,2017,97,0.997595,0.997595,0.997815
2017-04-08 00:00:00+00:00,2017,98,,0.997801,0.997862
2017-04-09 00:00:00+00:00,2017,99,,0.998007,0.997973
2017-04-10 00:00:00+00:00,2017,100,0.998213,0.998213,0.998135
2017-04-11 00:00:00+00:00,2017,101,,0.998329,0.998337
2017-04-12 00:00:00+00:00,2017,102,,0.998446,0.998561
2017-04-13 00:00:00+00:00,2017,103,0.998562,0.998562,0.998792
2017-04-14 00:00:00+00:00,2017,104,,0.998921,0.999014
2017-04-15 00:00:00+00:00,2017,105,,0.999281,0.999232
2017-04-16 00:00:00+00:00,2017,106,,0.999640,0.999433
2017-04-17 00:00:00+00:00,2017,107,1.000000,1.000000,0.999609
2017-04-18 00:00:00+00:00,2017,108,,1.000000,0.999748
2017-04-19 00:00:00+00:00,2017,109,,1.000000,0.999853
2017-04-20 00:00:00+00:00,2017,110,1.000000,1.000000,0.999927
2017-04-21 00:00:00+00:00,2017,111,,1.000000,0.999971
2017-04-22 00:00:00+00:00,2017,112,,1.000000,0.999993
2017-04-23 00:00:00+00:00,2017,113,,1.000000,1.000000
2017-04-24 00:00:00+00:00,2017,114,,1.000000,1.000000
2017-04-25 00:00:00+00:00,2017,115,,1.000000,0.999967
2017-04-26 00:00:00+00:00,2017,116,,1.000000,0.999867
2017-04-27 00:00:00+00:00,2017,117,,1.000000,0.999668
2017-04-28 00:00:00+00:00,2017,118,,1.000000,0.999337
2017-04-29 00:00:00+00:00,2017,119,,1.000000,0.998839
2017-04-30 00:00:00+00:00,2017,120,1.000000,1.000000,0.998143
2017-05-01 00:00:00+00:00,2017,121,,0.998375,0.997214
2017-05-02 00:00:00+00:00,2017,122,,0.996749,0.996086
2017-05-03 00:00:00+00:00,2017,123,,0.995124,0.994792
2017-05-04 00:00:00+00:00,2017,124,,0.993499,0.993366
2017-05-05 00:00:00+00:00,2017,125,,0.991874,0.991973
2017-05-06 00:00:00+00:00,2017,126,,0.990248,0.990780
2017-05-07 00:00:00+00:00,2017,127,,0.988623,0.989953
2017-05-08 00:00:00+00:00,2017,128,,0.986998,0.989534
2017-05-09 00:00:00+00:00,2017,129,,0.985372,0.989530
2017-05-10 00:00:00+00:00,2017,130,0.983747,0.983747,0.989951
2017-05-11 00:00:00+00:00,2017,131,,0.988641,0.988379
2017-05-12 00:00:00+00:00,2017,132,,0.993535,0.982129
2017-05-13 00:00:00+00:00,2017,133,0.998428,0.998428,0.968520
2017-05-14 00:00:00+00:00,2017,134,,0.997215,0.944866
2017-05-15 00:00:00+00:00,2017,135,,0.996002,0.912259
2017-05-16 00:00:00+00:00,2017,136,0.994789,0.994789,0.871793
2017-05-17 00:00:00+00:00,2017,137,,0.874702,0.824559
2017-05-18 00:00:00+00:00,2017,138,,0.754615,0.775514
2017-05-19 00:00:00+00:00,2017,139,,0.634528,0.729750
2017-05-20 00:00:00+00:00,2017,140,0.514441,0.514441,0.692356
2017-05-21 00:00:00+00:00,2017,141,,0.567153,0.668424
2017-05-22 00:00:00+00:00,2017,142,,0.619864,0.655866
2017-05-23 00:00:00+00:00,2017,143,0.672576,0.672576,0.652596
2017-05-24 00:00:00+00:00,2017,144,,0.676948,0.656525
2017-05-25 00:00:00+00:00,2017,145,,0.681320,0.661468
2017-05-26 00:00:00+00:00,2017,146,,0.685691,0.661234
2017-05-27 00:00:00+00:00,2017,147,,0.690063,0.649637
2017-05-28 00:00:00+00:00,2017,148,,0.694435,0.623705
2017-05-29 00:00:00+00:00,2017,149,,0.698807,0.583992
2017-05-30 00:00:00+00:00,2017,150,0.703178,0.703178,0.531053
2017-05-31 00:00:00+00:00,2017,151,,0.528799,0.465444
2017-06-01 00:00:00+00:00,2017,152,,0.354419,0.394028
2017-06-02 00:00:00+00:00,2017,153,0.180039,0.180039,0.323669
2017-06-03 00:00:00+00:00,2017,154,,0.163256,0.261232
2017-06-04 00:00:00+00:00,2017,155,,0.146472,0.207149
2017-06-05 00:00:00+00:00,2017,156,,0.129688,0.161851
2017-06-06 00:00:00+00:00,2017,157,,0.112905,0.125770
2017-06-07 00:00:00+00:00,2017,158,,0.096121,0.099670
2017-06-08 00:00:00+00:00,2017,159,,0.079337,0.080667
2017-06-09 00:00:00+00:00,2017,160,,0.062554,0.065878
2017-06-10 00:00:00+00:00,2017,161,,0.045770,0.052418
2017-06-11 00:00:00+00:00,2017,162,,0.028986,0.040621
2017-06-12 00:00:00+00:00,2017,163,0.012203,0.012203,0.030818
2017-06-13 00:00:00+00:00,2017,164,,0.011707,0.023341
2017-06-14 00:00:00+00:00,2017,165,,0.011211,0.017860
2017-06-15 00:00:00+00:00,2017,166,,0.010716,0.014040
2017-06-16 00:00:00+00:00,2017,167,,0.010220,0.011550
2017-06-17 00:00:00+00:00,2017,168,,0.009725,0.010057
2017-06-18 00:00:00+00:00,2017,169,,0.009229,0.009229
2017-06-19 00:00:00+00:00,2017,170,,0.008733,0.008733
2017-06-20 00:00:00+00:00,2017,171,,0.008238,0.008238
2017-06-21 00:00:00+00:00,2017,172,,0.007742,0.007742
2017-06-22 00:00:00+00:00,2017,173,,0.007246,0.007246
2017-06-23 00:00:00+00:00,2017,174,,0.006751,0.006751
2017-06-24 00:00:00+00:00,2017,175,,0.006255,0.006291
2017-06-25 00:00:00+00:00,2017,176,,0.005760,0.005866
2017-06-26 00:00:00+00:00,2017,177,,0.005264,0.005476
2017-06-27 00:00:00+00:00,2017,178,,0.004768,0.005122
2017-06-28 00:00:00+00:00,2017,179,,0.004273,0.004804
2017-06-29 00:00:00+00:00,2017,180,,0.003777,0.004308
2017-06-30 00:00:00+00:00,2017,181,,,
2017-07-01 00:00:00+00:00,2017,182,,,
2017-07-02 00:00:00+00:00,2017,183,,,
2017-07-03 00:00:00+00:00,2017,184,,,
2017-07-04 00:00:00+00:00,2017,185,,,
2017-07-05 00:00:00+00:00,2017,186,0.000803,0.000803,
2017-07-06 00:00:00+00:00,2017,187,0.002374,0.002374,
2017-07-07 00:00:00+00:00,2017,188,0.002276,0.002276,
2017-07-08 00:00:00+00:00,2017,189,,,
2017-07-09 00:00:00+00:00,2017,190,,,
2017-07-10 00:00:00+00:00,2017,191,0.001926,0.001926,
2017-07-11 00:00:00+00:00,2017,192,0.002038,0.002038,
2017-07-12 00:00:00+00:00,2017,193,0.003379,0.003379,
2017-07-13 00:00:00+00:00,2017,194,,,
2017-07-14 00:00:00+00:00,2017,195,,,
2017-07-15 00:00:00+00:00,2017,196,0.009104,0.009104,
2017-07-16 00:00:00+00:00,2017,197,,,
2017-07-17 00:00:00+00:00,2017,198,,,
2017-07-18 00:00:00+00:00,2017,199,,,
2017-07-19 00:00:00+00:00,2017,200,,,
2017-07-20 00:00:00+00:00,2017,201,,,
2017-07-21 00:00:00+00:00,2017,202,,,
2017-07-22 00:00:00+00:00,2017,203,,,
2017-07-23 00:00:00+00:00,2017,204,,,
2017-07-24 00:00:00+00:00,2017,205,,,
2017-07-25 00:00:00+00:00,2017,206,,,
2017-07-26 00:00:00+00:00,2017,207,,,
2017-07-27 00:00:00+00:00,2017,208,,,
2017-07-28 00:00:00+00:00,2017,209,,,
2017-07-29 00:00:00+00:00,2017,210,,,
2017-07-30 00:00:00+00:00,2017,211,,,
2017-07-31 00:00:00+00:00,2017,212,,,
2017-08-01 00:00:00+00:00,2017,213,,,
2017-08-02 00:00:00+00:00,2017,214,,,
2017-08-03 00:00:00+00:00,2017,215,,,
2017-08-04 00:00:00+00:00,2017,216,,,
2017-08-05 00:00:00+00:00,2017,217,,,
2017-08-06 00:00:00+00:00,2017,218,,,
2017-08-07 00:00:00+00:00,2017,219,,,
2017-08-08 00:00:00+00:00,2017,220,,,
2017-08-09 00:00:00+00:00,2017,221,,,
2017-08-10 00:00:00+00:00,2017,222,,,
2017-08-11 00:00:00+00:00,2017,223,,,
2017-08-12 00:00:00+00:00,2017,224,,,
2017-08-13 00:00:00+00:00,2017,225,,,
2017-08-14 00:00:00+00:00,2017,226,,,
2017-08-15 00:00:00+00:00,2017,227,,,
2017-08-16 00:00:00+00:00,2017,228,,,
2017-08-17 00:00:00+00:00,2017,229,,,
2017-08-18 00:00:00+00:00,2017,230,,,
2017-08-19 00:00:00+00:00,2017,231,,,
2017-08-20 00:00:00+00:00,2017,232,,,
2017-08-21 00:00:00+00:00,2017,233,,,
2017-08-22 00:00:00+00:00,2017,234,,,
2017-08-23 00:00:00+00:00,2017,235,,,
2017-08-24 00:00:00+00:00,2017,236,,,
2017-08-25 00:00:00+00:00,2017,237,,,
2017-08-26 00:00:00+00:00,2017,238,,,
2017-08-27 00:00:00+00:00,2017,239,,,
2017-08-28 00:00:00+00:00,2017,240,,,
2017-08-29 00:00:00+00:00,2017,241,,,
2017-08-30 00:00:00+00:00,2017,242,,,
2017-08-31 00:00:00+00:00,2017,243,,,
2017-09-01 00:00:00+00:00,2017,244,,,
2017-09-02 00:00:00+00:00,2017,245,,,
2017-09-03 00:00:00+00:00,2017,246,,,
2017-09-04 00:00:00+00:00,2017,247,,,
2017-09-05 00:00:00+00:00,2017,248,,,
2017-09-06 00:00:00+00:00,2017,249,,,
2017-09-07 00:00:00+00:00,2017,250,,,
2017-09-08 00:00:00+00:00,2017,251,,,
2017-09-09 00:00:00+00:00,2017,252,,,
2017-09-10 00:00:00+00:00,2017,253,,,
2017-09-11 00:00:00+00:00,2017,254,,,
2017-09-12 00:00:00+00:00,2017,255,,,
2017-09-13 00:00:00+00:00,2017,256,,,
2017-09-14 00:00:00+00:00,2017,257,,,
2017-09-15 00:00:00+00:00,2017,258,,,
2017-09-16 00:00:00+00:00,2017,259,,,
2017-09-17 00:00:00+00:00,2017,260,,,
2017-09-18 00:00:00+00:00,2017,261,,,
2017-09-19 00:00:00+00:00,2017,262,,,
2017-09-20 00:00:00+00:00,2017,263,,,
2017-09-21 00:00:00+00:00,2017,264,,,
2017-09-22 00:00:00+00:00,2017,265,,,
2017-09-23 00:00:00+00:00,2017,266,,,
2017-09-24 00:00:00+00:00,2017,267,,,
2017-09-25 00:00:00+00:00,2017,268,,,
2017-09-26 00:00:00+00:00,2017,269,,,
2017-09-27 00:00:00+00:00,2017,270,,,
2017-09-28 00:00:00+00:00,2017,271,,,
2017-09-29 00:00:00+00:00,2017,272,,,
2017-09-30 00:00:00+00:00,2017,273,,,
2017-10-01 00:00:00+00:00,2017,274,,,
2017-10-02 00:00:00+00:00,2017,275,,,
2017-10-03 00:00:00+00:00,2017,276,,,
2017-10-04 00:00:00+00:00,2017,277,,,
2017-10-05 00:00:00+00:00,2017,278,,,
2017-10-06 00:00:00+00:00,2017,279,,,
2017-10-07 00:00:00+00:00,2017,280,,,
2017-10-08 00:00:00+00:00,2017,281,,,
2017-10-09 00:00:00+00:00,2017,282,,,
2017-10-10 00:00:00+00:00,2017,283,,,
2017-10-11 00:00:00+00:00,2017,284,,,
2017-10-12 00:00:00+00:00,2017,285,,,
2017-10-13 00:00:00+00:00,2017,286,,,
2017-10-14 00:00:00+00:00,2017,287,,,
2017-10-15 00:00:00+00:00,2017,288,,,
2017-10-16 00:00:00+00:00,2017,289,,,
2017-10-17 00:00:00+00:00,2017,290,,,
2017-10-18 00:00:00+00:00,2017,291,,,
2017-10-19 00:00:00+00:00,2017,292,,,
2017-10-20 00:00:00+00:00,2017,293,,,
2017-10-21 00:00:00+00:00,2017,294,,,
2017-10-22 00:00:00+00:00,2017,295,,,
2017-10-23 00:00:00+00:00,2017,296,,,
2017-10-24 00:00:00+00:00,2017,297,,,
2017-10-25 00:00:00+00:00,2017,298,,,
2017-10-26 00:00:00+00:00,2017,299,,,
2017-10-27 00:00:00+00:00,2017,300,,,
2017-10-28 00:00:00+00:00,2017,301,,,
2017-10-29 00:00:00+00:00,2017,302,,,
2017-10-30 00:00:00+00:00,2017,303,,,
2017-10-31 00:00:00+00:00,2017,304,,,
2017-11-01 00:00:00+00:00,2017,305,,,
2017-11-02 00:00:00+00:00,2017,306,,,
2017-11-03 00:00:00+00:00,2017,307,,,
2017-11-04 00:00:00+00:00,2017,308,,,
2017-11-05 00:00:00+00:00,2017,309,,,
2017-11-06 00:00:00+00:00,2017,310,,,
2017-11-07 00:00:00+00:00,2017,311,,,
2017-11-08 00:00:00+00:00,2017,312,,,
2017-11-09 00:00:00+00:00,2017,313,,,
2017-11-10 00:00:00+00:00,2017,314,,,
2017-11-11 00:00:00+00:00,2017,315,,,
2017-11-12 00:00:00+00:00,2017,316,,,
2017-11-13 00:00:00+00:00,2017,317,,,
2017-11-14 00:00:00+00:00,2017,318,,,
2017-11-15 00:00:00+00:00,2017,319,,,
2017-11-16 00:00:00+00:00,2017,320,,,
2017-11-17 00:00:00+00:00,2017,321,,,
2017-11-18 00:00:00+00:00,2017,322,,,
2017-11-19 00:00:00+00:00,2017,323,,,
2017-11-20 00:00:00+00:00,2017,324,,,
2017-11-21 00:00:00+00:00,2017,325,,,
2017-11-22 00:00:00+00:00,2017,326,,,
2017-11-23 00:00:00+00:00,2017,327,,,
2017-11-24 00:00:00+00:00,2017,328,,,
2017-11-25 00:00:00+00:00,2017,329,,,
2017-11-26 00:00:00+00:00,2017,330,,,
2017-11-27 00:00:00+00:00,2017,331,,,
2017-11-28 00:00:00+00:00,2017,332,,,
2017-11-29 00:00:00+00:00,2017,333,,,
2017-11-30 00:00:00+00:00,2017,334,,,
2017-12-01 00:00:00+00:00,2017,335,,,
2017-12-02 00:00:00+00:00,2017,336,,,
2017-12-03 00:00:00+00:00,2017,337,,,
2017-12-04 00:00:00+00:00,2017,338,,,
2017-12-05 00:00:00+00:00,2017,339,,,
2017-12-06 00:00:00+00:00,2017,340,,,
2017-12-07 00:00:00+00:00,2017,341,,,
2017-12-08 00:00:00+00:00,2017,342,,,
2017-12-09 00:00:00+00:00,2017,343,,,
2017-12-10 00:00:00+00:00,2017,344,,,
2017-12-11 00:00:00+00:00,2017,345,,,
2017-12-12 00:00:00+00:00,2017,346,,,
2017-12-13 00:00:00+00:00,2017,347,,,
2017-12-14 00:00:00+00:00,2017,348,,,
2017-12-15 00:00:00+00:00,2017,349,,,
2017-12-16 00:00:00+00:00,2017,350,,,
2017-12-17 00:00:00+00:00,2017,351,,,
2017-12-18 00:00:00+00:00,2017,352,,,
2017-12-19 00:00:00+00:00,2017,353,,,
2017-12-20 00:00:00+00:00,2017,354,,,
2017-12-21 00:00:00+00:00,2017,355,,,
2017-12-22 00:00:00+00:00,2017,356,,,
2017-12-23 00:00:00+00:00,2017,357,,,
2017-12-24 00:00:00+00:00,2017,358,,,
2017-12-25 00:00:00+00:00,2017,359,,,
2017-12-26 00:00:00+00:00,2017,360,,,
2017-12-27 00:00:00+00:00,2017,361,,,
2017-12-28 00:00:00+00:00,2017,362,,,
2017-12-29 00:00:00+00:00,2017,363,,,
2017-12-30 00:00:00+00:00,2017,364,,,
2017-12-31 00:00:00+00:00,2017,365,,,
2018-01-01 00:00:00+00:00,2018,1,,,
2018-01-02 00:00:00+00:00,2018,2,,,
2018-01-03 00:00:00+00:00,2018,3,,,
2018-01-04 00:00:00+00:00,2018,4,,,
2018-01-05 00:00:00+00:00,2018,5,,,
2018-01-06 00:00:00+00:00,2018,6,,,
2018-01-07 00:00:00+00:00,2018,7,,,
2018-01-08 00:00:00+00:00,2018,8,,,
2018-01-09 00:00:00+00:00,2018,9,,,
2018-01-10 00:00:00+00:00,2018,10,,,
2018-01-11 00:00:00+00:00,2018,11,,,
2018-01-12 00:00:00+00:00,2018,12,,,
2018-01-13 00:00:00+00:00,2018,13,,,
2018-01-14 00:00:00+00:00,2018,14,,,
2018-01-15 00:00:00+00:00,2018,15,,,
2018-01-16 00:00:00+00:00,2018,16,,,
2018-01-17 00:00:00+00:00,2018,17,,,
2018-01-18 00:00:00+00:00,2018,18,,,
2018-01-19 00:00:00+00:00,2018,19,,,
2018-01-20 00:00:00+00:00,2018,20,,,
2018-01-21 00:00:00+00:00,2018,21,,,
2018-01-22 00:00:00+00:00,2018,22,,,
2018-01-23 00:00:00+00:00,2018,23,,,
2018-01-24 00:00:00+00:00,2018,24,,,
2018-01-25 00:00:00+00:00,2018,25,,,
2018-01-26 00:00:00+00:00,2018,26,,,
2018-01-27 00:00:00+00:00,2018,27,,,
2018-01-28 00:00:00+00:00,2018,28,,,
2018-01-29 00:00:00+00:00,2018,29,,,
2018-01-30 00:00:00+00:00,2018,30,,,
2018-01-31 00:00:00+00:00,2018,31,,,
2018-02-01 00:00:00+00:00,2018,32,,,
2018-02-02 00:00:00+00:00,2018,33,,,
2018-02-03 00:00:00+00:00,2018,34,,,
2018-02-04 00:00:00+00:00,2018,35,,,
2018-02-05 00:00:00+00:00,2018,36,,,
2018-02-06 00:00:00+00:00,2018,37,,,
2018-02-07 00:00:00+00:00,2018,38,,,
2018-02-08 00:00:00+00:00,2018,39,,,
2018-02-09 00:00:00+00:00,2018,40,,,
2018-02-10 00:00:00+00:00,2018,41,,,
2018-02-11 00:00:00+00:00,2018,42,,,
2018-02-12 00:00:00+00:00,2018,43,,,
2018-02-13 00:00:00+00:00,2018,44,,,
2018-02-14 00:00:00+00:00,2018,45,,,
2018-02-15 00:00:00+00:00,2018,46,,,
2018-02-16 00:00:00+00:00,2018,47,,,
2018-02-17 00:00:00+00:00,2018,48,,,
2018-02-18 00:00:00+00:00,2018,49,,,
2018-02-19 00:00:00+00:00,2018,50,1.000000,1.000000,
2018-02-20 00:00:00+00:00,2018,51,,,
2018-02-21 00:00:00+00:00,2018,52,,,
2018-02-22 00:00:00+00:00,2018,53,,0.978677,0.972428
2018-02-23 00:00:00+00:00,2018,54,,0.971569,0.967150
2018-02-24 00:00:00+00:00,2018,55,,0.964462,0.962313
2018-02-25 00:00:00+00:00,2018,56,,0.957354,0.958000
2018-02-26 00:00:00+00:00,2018,57,0.950246,0.950246,0.954397
2018-02-27 00:00:00+00:00,2018,58,0.935741,0.935741,0.952569
2018-02-28 00:00:00+00:00,2018,59,,0.941050,0.952184
2018-03-01 00:00:00+00:00,2018,60,,0.946359,0.952856
2018-03-02 00:00:00+00:00,2018,61,,0.951669,0.954785
2018-03-03 00:00:00+00:00,2018,62,,0.956978,0.957635
2018-03-04 00:00:00+00:00,2018,63,,0.962287,0.961203
2018-03-05 00:00:00+00:00,2018,64,,0.967597,0.965282
2018-03-06 00:00:00+00:00,2018,65,0.972906,0.972906,0.969669
2018-03-07 00:00:00+00:00,2018,66,,0.974250,0.973842
2018-03-08 00:00:00+00:00,2018,67,,0.975594,0.977849
2018-03-09 00:00:00+00:00,2018,68,0.976938,0.976938,0.981735
2018-03-10 00:00:00+00:00,2018,69,,0.984625,0.985547
2018-03-11 00:00:00+00:00,2018,70,,0.992313,0.989097
2018-03-12 00:00:00+00:00,2018,71,1.000000,1.000000,0.990557
2018-03-13 00:00:00+00:00,2018,72,,0.999637,0.991105
2018-03-14 00:00:00+00:00,2018,73,,0.999273,0.990949
2018-03-15 00:00:00+00:00,2018,74,,0.998910,0.990213
2018-03-16 00:00:00+00:00,2018,75,0.998547,0.998547,0.989023
2018-03-17 00:00:00+00:00,2018,76,0.999499,0.999499,0.987336
2018-03-18 00:00:00+00:00,2018,77,0.919883,0.919883,0.985185
2018-03-19 00:00:00+00:00,2018,78,0.987740,0.987740,0.985988
2018-03-20 00:00:00+00:00,2018,79,,0.991827,0.987149
2018-03-21 00:00:00+00:00,2018,80,,0.995913,0.988484
2018-03-22 00:00:00+00:00,2018,81,1.000000,1.000000,0.989847
2018-03-23 00:00:00+00:00,2018,82,,0.995793,0.991187
2018-03-24 00:00:00+00:00,2018,83,0.991586,0.991586,0.992619
2018-03-25 00:00:00+00:00,2018,84,,0.992274,0.994285
2018-03-26 00:00:00+00:00,2018,85,0.992961,0.992961,0.994524
2018-03-27 00:00:00+00:00,2018,86,0.992568,0.992568,0.994747
2018-03-28 00:00:00+00:00,2018,87,0.993906,0.993906,0.995025
2018-03-29 00:00:00+00:00,2018,88,1.000000,1.000000,0.995395
2018-03-30 00:00:00+00:00,2018,89,,0.997546,0.995696
2018-03-31 00:00:00+00:00,2018,90,0.995092,0.995092,0.995945
2018-04-01 00:00:00+00:00,2018,91,0.994805,0.994805,0.996176
2018-04-02 00:00:00+00:00,2018,92,0.997333,0.997333,0.996420
2018-04-03 00:00:00+00:00,2018,93,0.996059,0.996059,0.996593
2018-04-04 00:00:00+00:00,2018,94,,0.996359,0.996745
2018-04-05 00:00:00+00:00,2018,95,0.996658,0.996658,0.996898
2018-04-06 00:00:00+00:00,2018,96,0.996750,0.996750,0.997180
2018-04-07 00:00:00+00:00,2018,97,0.997688,0.997688,0.997515
2018-04-08 00:00:00+00:00,2018,98,,0.997970,0.997817
2018-04-09 00:00:00+00:00,2018,99,,0.998252,0.998072
2018-04-10 00:00:00+00:00,2018,100,,0.998534,0.998324
2018-04-11 00:00:00+00:00,2018,101,0.998816,0.998816,0.998540
2018-04-12 00:00:00+00:00,2018,102,0.999659,0.999659,0.998730
2018-04-13 00:00:00+00:00,2018,103,0.998540,0.998540,0.998859
2018-04-14 00:00:00+00:00,2018,104,,0.998692,0.998968
2018-04-15 00:00:00+00:00,2018,105,,0.998844,0.999066
2018-04-16 00:00:00+00:00,2018,106,0.998997,0.998997,0.999155
2018-04-17 00:00:00+00:00,2018,107,0.999241,0.999241,0.999237
2018-04-18 00:00:00+00:00,2018,108,1.000000,1.000000,0.999314
2018-04-19 00:00:00+00:00,2018,109,,0.999674,0.999362
2018-04-20 00:00:00+00:00,2018,110,0.999347,0.999347,0.999417
2018-04-21 00:00:00+00:00,2018,111,0.999145,0.999145,0.999468
2018-04-22 00:00:00+00:00,2018,112,,0.999294,0.999526
2018-04-23 00:00:00+00:00,2018,113,0.999442,0.999442,0.999586
2018-04-24 00:00:00+00:00,2018,114,,0.999628,0.999643
2018-04-25 00:00:00+00:00,2018,115,,0.999814,0.999693
2018-04-26 00:00:00+00:00,2018,116,1.000000,1.000000,0.999745
2018-04-27 00:00:00+00:00,2018,117,1.000000,1.000000,0.999783
2018-04-28 00:00:00+00:00,2018,118,,0.999911,0.999804
2018-04-29 00:00:00+00:00,2018,119,,0.999823,0.999807
2018-04-30 00:00:00+00:00,2018,120,0.999734,0.999734,0.999802
2018-05-01 00:00:00+00:00,2018,121,,0.999715,0.999793
2018-05-02 00:00:00+00:00,2018,122,,0.999695,0.999786
2018-05-03 00:00:00+00:00,2018,123,0.999676,0.999676,0.999786
2018-05-04 00:00:00+00:00,2018,124,,0.999772,0.999798
2018-05-05 00:00:00+00:00,2018,125,0.999867,0.999867,0.999819
2018-05-06 00:00:00+00:00,2018,126,0.999878,0.999878,0.999844
2018-05-07 00:00:00+00:00,2018,127,,0.999885,0.999870
2018-05-08 00:00:00+00:00,2018,128,0.999892,0.999892,0.999895
2018-05-09 00:00:00+00:00,2018,129,,0.999908,0.999919
2018-05-10 00:00:00+00:00,2018,130,0.999924,0.999924,0.999877
2018-05-11 00:00:00+00:00,2018,131,1.000000,1.000000,0.999640
2018-05-12 00:00:00+00:00,2018,132,,1.000000,0.995753
2018-05-13 00:00:00+00:00,2018,133,,1.000000,0.990020
2018-05-14 00:00:00+00:00,2018,134,,1.000000,0.984243
2018-05-15 00:00:00+00:00,2018,135,1.000000,1.000000,0.978400
2018-05-16 00:00:00+00:00,2018,136,0.996927,0.996927,0.971503
2018-05-17 00:00:00+00:00,2018,137,0.990574,0.990574,0.963800
2018-05-18 00:00:00+00:00,2018,138,0.821390,0.821390,0.955741
2018-05-19 00:00:00+00:00,2018,139,,0.909681,0.954422
2018-05-20 00:00:00+00:00,2018,140,0.997972,0.997972,0.955281
2018-05-21 00:00:00+00:00,2018,141,0.996847,0.996847,0.954780
2018-05-22 00:00:00+00:00,2018,142,0.948496,0.948496,0.953027
2018-05-23 00:00:00+00:00,2018,143,0.954482,0.954482,0.946965
2018-05-24 00:00:00+00:00,2018,144,,0.963742,0.931252
2018-05-25 00:00:00+00:00,2018,145,0.973003,0.973003,0.900350
2018-05-26 00:00:00+00:00,2018,146,0.926140,0.926140,0.850004
2018-05-27 00:00:00+00:00,2018,147,,0.929266,0.783508
2018-05-28 00:00:00+00:00,2018,148,0.932392,0.932392,0.702113
2018-05-29 00:00:00+00:00,2018,149,,0.685794,0.605246
2018-05-30 00:00:00+00:00,2018,150,,0.439197,0.501552
2018-05-31 00:00:00+00:00,2018,151,0.192599,0.192599,0.400784
2018-06-01 00:00:00+00:00,2018,152,,0.171905,0.312762
2018-06-02 00:00:00+00:00,2018,153,,0.151211,0.238085
2018-06-03 00:00:00+00:00,2018,154,,0.130517,0.176209
2018-06-04 00:00:00+00:00,2018,155,0.109822,0.109822,0.128020
2018-06-05 00:00:00+00:00,2018,156,,0.088554,0.094430
2018-06-06 00:00:00+00:00,2018,157,,0.067285,0.071278
2018-06-07 00:00:00+00:00,2018,158,,0.046016,0.054400
2018-06-08 00:00:00+00:00,2018,159,,0.024747,0.039635
2018-06-09 00:00:00+00:00,2018,160,0.003478,0.003478,0.027453
2018-06-10 00:00:00+00:00,2018,161,0.002468,0.002468,0.018304
2018-06-11 00:00:00+00:00,2018,162,,0.002596,0.011808
2018-06-12 00:00:00+00:00,2018,163,,0.002724,0.007544
2018-06-13 00:00:00+00:00,2018,164,,0.002852,0.005075
2018-06-14 00:00:00+00:00,2018,165,0.002979,0.002979,0.003964
2018-06-15 00:00:00+00:00,2018,166,0.004143,0.004143,0.003778
2018-06-16 00:00:00+00:00,2018,167,,0.004319,0.004037
2018-06-17 00:00:00+00:00,2018,168,,0.004496,0.004304
2018-06-18 00:00:00+00:00,2018,169,,0.004672,0.004555
2018-06-19 00:00:00+00:00,2018,170,,0.004848,0.004788
2018-06-20 00:00:00+00:00,2018,171,,0.005024,0.005004
2018-06-21 00:00:00+00:00,2018,172,,0.005200,0.005200
2018-06-22 00:00:00+00:00,2018,173,,0.005376,0.005372
2018-06-23 00:00:00+00:00,2018,174,,0.005552,0.005533
2018-06-24 00:00:00+00:00,2018,175,,0.005729,0.005680
2018-06-25 00:00:00+00:00,2018,176,,0.005905,0.005764
2018-06-26 00:00:00+00:00,2018,177,,0.006081,0.005820
2018-06-27 00:00:00+00:00,2018,178,0.006257,0.006257,0.005841
2018-06-28 00:00:00+00:00,2018,179,,0.006197,0.005888
2018-06-29 00:00:00+00:00,2018,180,,0.006138,0.005908
2018-06-30 00:00:00+00:00,2018,181,0.006078,0.006078,
2018-07-01 00:00:00+00:00,2018,182,0.003846,0.003846,
2018-07-02 00:00:00+00:00,2018,183,,,
2018-07-03 00:00:00+00:00,2018,184,,,
2018-07-04 00:00:00+00:00,2018,185,0.008000,0.008000,
2018-07-05 00:00:00+00:00,2018,186,,,
2018-07-06 00:00:00+00:00,2018,187,,,
2018-07-07 00:00:00+00:00,2018,188,0.007743,0.007743,
2018-07-08 00:00:00+00:00,2018,189,,,
2018-07-09 00:00:00+00:00,2018,190,,,
2018-07-10 00:00:00+00:00,2018,191,,,
2018-07-11 00:00:00+00:00,2018,192,,,
2018-07-12 00:00:00+00:00,2018,193,,,
2018-07-13 00:00:00+00:00,2018,194,,,
2018-07-14 00:00:00+00:00,2018,195,,,
2018-07-15 00:00:00+00:00,2018,196,,,
2018-07-16 00:00:00+00:00,2018,197,,,
2018-07-17 00:00:00+00:00,2018,198,,,
2018-07-18 00:00:00+00:00,2018,199,,,
2018-07-19 00:00:00+00:00,2018,200,,,
2018-07-20 00:00:00+00:00,2018,201,,,
2018-07-21 00:00:00+00:00,2018,202,,,
2018-07-22 00:00:00+00:00,2018,203,,,
2018-07-23 00:00:00+00:00,2018,204,,,
2018-07-24 00:00:00+00:00,2018,205,,,
2018-07-25 00:00:00+00:00,2018,206,,,
2018-07-26 00:00:00+00:00,2018,207,,,
2018-07-27 00:00:00+00:00,2018,208,,,
2018-07-28 00:00:00+00:00,2018,209,,,
2018-07-29 00:00:00+00:00,2018,210,,,
2018-07-30 00:00:00+00:00,2018,211,,,
2018-07-31 00:00:00+00:00,2018,212,,,
2018-08-01 00:00:00+00:00,2018,213,,,
2018-08-02 00:00:00+00:00,2018,214,,,
2018-08-03 00:00:00+00:00,2018,215,,,
2018-08-04 00:00:00+00:00,2018,216,,,
2018-08-05 00:00:00+00:00,2018,217,,,
2018-08-06 00:00:00+00:00,2018,218,,,
2018-08-07 00:00:00+00:00,2018,219,,,
2018-08-08 00:00:00+00:00,2018,220,,,
2018-08-09 00:00:00+00:00,2018,221,,,
2018-08-10 00:00:00+00:00,2018,222,,,
2018-08-11 00:00:00+00:00,2018,223,,,
2018-08-12 00:00:00+00:00,2018,224,,,
2018-08-13 00:00:00+00:00,2018,225,,,
2018-08-14 00:00:00+00:00,2018,226,,,
2018-08-15 00:00:00+00:00,2018,227,,,
2018-08-16 00:00:00+00:00,2018,228,,,
2018-08-17 00:00:00+00:00,2018,229,,,
2018-08-18 00:00:00+00:00,2018,230,,,
2018-08-19 00:00:00+00:00,2018,231,,,
2018-08-20 00:00:00+00:00,2018,232,,,
2018-08-21 00:00:00+00:00,2018,233,,,
2018-08-22 00:00:00+00:00,2018,234,,,
2018-08-23 00:00:00+00:00,2018,235,,,
2018-08-24 00:00:00+00:00,2018,236,,,
2018-08-25 00:00:00+00:00,2018,237,,,
2018-08-26 00:00:00+00:00,2018,238,,,
2018-08-27 00:00:00+00:00,2018,239,,,
2018-08-28 00:00:00+00:00,2018,240,,,
2018-08-29 00:00:00+00:00,2018,241,,,
2018-08-30 00:00:00+00:00,2018,242,,,
2018-08-31 00:00:00+00:00,2018,243,,,
2018-09-01 00:00:00+00:00,2018,244,,,
2018-09-02 00:00:00+00:00,2018,245,,,
2018-09-03 00:00:00+00:00,2018,246,,,
2018-09-04 00:00:00+00:00,2018,247,,,
2018-09-05 00:00:00+00:00,2018,248,,,
2018-09-06 00:00:00+00:00,2018,249,,,
2018-09-07 00:00:00+00:00,2018,250,,,
2018-09-08 00:00:00+00:00,2018,251,,,
2018-09-09 00:00:00+00:00,2018,252,,,
2018-09-10 00:00:00+00:00,2018,253,,,
2018-09-11 00:00:00+00:00,2018,254,,,
2018-09-12 00:00:00+00:00,2018,255,,,
2018-09-13 00:00:00+00:00,2018,256,,,
2018-09-14 00:00:00+00:00,2018,257,,,
2018-09-15 00:00:00+00:00,2018,258,,,
2018-09-16 00:00:00+00:00,2018,259,,,
2018-09-17 00:00:00+00:00,2018,260,,,
2018-09-18 00:00:00+00:00,2018,261,,,
2018-09-19 00:00:00+00:00,2018,262,,,
2018-09-20 00:00:00+00:00,2018,263,,,
2018-09-21 00:00:00+00:00,2018,264,,,
2018-09-22 00:00:00+00:00,2018,265,,,
2018-09-23 00:00:00+00:00,2018,266,,,
2018-09-24 00:00:00+00:00,2018,267,,,
2018-09-25 00:00:00+00:00,2018,268,,,
2018-09-26 00:00:00+00:00,2018,269,,,
2018-09-27 00:00:00+00:00,2018,270,,,
2018-09-28 00:00:00+00:00,2018,271,,,
2018-09-29 00:00:00+00:00,2018,272,,,
2018-09-30 00:00:00+00:00,2018,273,,,
2018-10-01 00:00:00+00:00,2018,274,,,
2018-10-02 00:00:00+00:00,2018,275,,,
2018-10-03 00:00:00+00:00,2018,276,,,
2018-10-04 00:00:00+00:00,2018,277,,,
2018-10-05 00:00:00+00:00,2018,278,,,
2018-10-06 00:00:00+00:00,2018,279,,,
2018-10-07 00:00:00+00:00,2018,280,,,
2018-10-08 00:00:00+00:00,2018,281,,,
2018-10-09 00:00:00+00:00,2018,282,,,
2018-10-10 00:00:00+00:00,2018,283,,,
2018-10-11 00:00:00+00:00,2018,284,,,
2018-10-12 00:00:00+00:00,2018,285,,,
2018-10-13 00:00:00+00:00,2018,286,,,
2018-10-14 00:00:00+00:00,2018,287,,,
2018-10-15 00:00:00+00:00,2018,288,,,
2018-10-16 00:00:00+00:00,2018,289,,,
2018-10-17 00:00:00+00:00,2018,290,,,
2018-10-18 00:00:00+00:00,2018,291,,,
2018-10-19 00:00:00+00:00,2018,292,,,
2018-10-20 00:00:00+00:00,2018,293,,,
2018-10-21 00:00:00+00:00,2018,294,,,
2018-10-22 00:00:00+00:00,2018,295,,,
2018-10-23 00:00:00+00:00,2018,296,,,
2018-10-24 00:00:00+00:00,2018,297,,,
2018-10-25 00:00:00+00:00,2018,298,,,
2018-10-26 00:00:00+00:00,2018,299,,,
2018-10-27 00:00:00+00:00,2018,300,,,
2018-10-28 00:00:00+00:00,2018,301,,,
2018-10-29 00:00:00+00:00,2018,302,,,
2018-10-30 00:00:00+00:00,2018,303,,,
2018-10-31 00:00:00+00:00,2018,304,,,
2018-11-01 00:00:00+00:00,2018,305,,,
2018-11-02 00:00:00+00:00,2018,306,,,
2018-11-03 00:00:00+00:00,2018,307,,,
2018-11-04 00:00:00+00:00,2018,308,,,
2018-11-05 00:00:00+00:00,2018,309,,,
2018-11-06 00:00:00+00:00,2018,310,,,
2018-11-07 00:00:00+00:00,2018,311,,,
2018-11-08 00:00:00+00:00,2018,312,,,
2018-11-09 00:00:00+00:00,2018,313,,,
2018-11-10 00:00:00+00:00,2018,314,,,
2018-11-11 00:00:00+00:00,2018,315,,,
2018-11-12 00:00:00+00:00,2018,316,,,
2018-11-13 00:00:00+00:00,2018,317,,,
2018-11-14 00:00:00+00:00,2018,318,,,
2018-11-15 00:00:00+00:00,2018,319,,,
2018-11-16 00:00:00+00:00,2018,320,,,
2018-11-17 00:00:00+00:00,2018,321,,,
2018-11-18 00:00:00+00:00,2018,322,,,
2018-11-19 00:00:00+00:00,2018,323,,,
2018-11-20 00:00:00+00:00,2018,324,,,
2018-11-21 00:00:00+00:00,2018,325,,,
2018-11-22 00:00:00+00:00,2018,326,,,
2018-11-23 00:00:00+00:00,2018,327,,,
2018-11-24 00:00:00+00:00,2018,328,,,
2018-11-25 00:00:00+00:00,2018,329,,,
2018-11-26 00:00:00+00:00,2018,330,,,
2018-11-27 00:00:00+00:00,2018,331,,,
2018-11-28 00:00:00+00:00,2018,332,,,
2018-11-29 00:00:00+00:00,2018,333,,,
2018-11-30 00:00:00+00:00,2018,334,,,
2018-12-01 00:00:00+00:00,2018,335,,,
2018-12-02 00:00:00+00:00,2018,336,,,
2018-12-03 00:00:00+00:00,2018,337,,,
2018-12-04 00:00:00+00:00,2018,338,,,
2018-12-05 00:00:00+00:00,2018,339,,,
2018-12-06 00:00:00+00:00,2018,340,,,
2018-12-07 00:00:00+00:00,2018,341,,,
2018-12-08 00:00:00+00:00,2018,342,,,
2018-12-09 00:00:00+00:00,2018,343,,,
2018-12-10 00:00:00+00:00,2018,344,,,
2018-12-11 00:00:00+00:00,2018,345,,,
2018-12-12 00:00:00+00:00,2018,346,,,
2018-12-13 00:00:00+00:00,2018,347,,,
2018-12-14 00:00:00+00:00,2018,348,,,
2018-12-15 00:00:00+00:00,2018,349,,,
2018-12-16 00:00:00+00:00,2018,350,,,
2018-12-17 00:00:00+00:00,2018,351,,,
2018-12-18 00:00:00+00:00,2018,352,,,
2018-12-19 00:00:00+00:00,2018,353,,,
2018-12-20 00:00:00+00:00,2018,354,,,
2018-12-21 00:00:00+00:00,2018,355,,,
2018-12-22 00:00:00+00:00,2018,356,,,
2018-12-23 00:00:00+00:00,2018,357,,,
2018-12-24 00:00:00+00:00,2018,358,,,
2018-12-25 00:00:00+00:00,2018,359,,,
2018-12-26 00:00:00+00:00,2018,360,,,
2018-12-27 00:00:00+00:00,2018,361,,,
2018-12-28 00:00:00+00:00,2018,362,,,
2018-12-29 00:00:00+00:00,2018,363,,,
2018-12-30 00:00:00+00:00,2018,364,,,
2018-12-31 00:00:00+00:00,2018,365,,,
2019-01-01 00:00:00+00:00,2019,1,,,
2019-01-02 00:00:00+00:00,2019,2,,,
2019-01-03 00:00:00+00:00,2019,3,,,
2019-01-04 00:00:00+00:00,2019,4,,,
2019-01-05 00:00:00+00:00,2019,5,,,
2019-01-06 00:00:00+00:00,2019,6,,,
2019-01-07 00:00:00+00:00,2019,7,,,
2019-01-08 00:00:00+00:00,2019,8,,,
2019-01-09 00:00:00+00:00,2019,9,,,
2019-01-10 00:00:00+00:00,2019,10,,,
2019-01-11 00:00:00+00:00,2019,11,,,
2019-01-12 00:00:00+00:00,2019,12,,,
2019-01-13 00:00:00+00:00,2019,13,,,
2019-01-14 00:00:00+00:00,2019,14,,,
2019-01-15 00:00:00+00:00,2019,15,,,
2019-01-16 00:00:00+00:00,2019,16,,,
2019-01-17 00:00:00+00:00,2019,17,,,
2019-01-18 00:00:00+00:00,2019,18,,,
2019-01-19 00:00:00+00:00,2019,19,,,
2019-01-20 00:00:00+00:00,2019,20,,,
2019-01-21 00:00:00+00:00,2019,21,,,
2019-01-22 00:00:00+00:00,2019,22,,,
2019-01-23 00:00:00+00:00,2019,23,,,
2019-01-24 00:00:00+00:00,2019,24,,,
2019-01-25 00:00:00+00:00,2019,25,,,
2019-01-26 00:00:00+00:00,2019,26,,,
2019-01-27 00:00:00+00:00,2019,27,,,
2019-01-28 00:00:00+00:00,2019,28,,,
2019-01-29 00:00:00+00:00,2019,29,,,
2019-01-30 00:00:00+00:00,2019,30,,,
2019-01-31 00:00:00+00:00,2019,31,,,
2019-02-01 00:00:00+00:00,2019,32,,,
2019-02-02 00:00:00+00:00,2019,33,,,
2019-02-03 00:00:00+00:00,2019,34,,,
2019-02-04 00:00:00+00:00,2019,35,,,
2019-02-05 00:00:00+00:00,2019,36,,,
2019-02-06 00:00:00+00:00,2019,37,,,
2019-02-07 00:00:00+00:00,2019,38,,,
2019-02-08 00:00:00+00:00,2019,39,,,
2019-02-09 00:00:00+00:00,2019,40,,,
2019-02-10 00:00:00+00:00,2019,41,,,
2019-02-11 00:00:00+00:00,2019,42,,,
2019-02-12 00:00:00+00:00,2019,43,,,
2019-02-13 00:00:00+00:00,2019,44,,,
2019-02-14 00:00:00+00:00,2019,45,,,
2019-02-15 00:00:00+00:00,2019,46,,,
2019-02-16 00:00:00+00:00,2019,47,,,
2019-02-17 00:00:00+00:00,2019,48,,,
2019-02-18 00:00:00+00:00,2019,49,,,
2019-02-19 00:00:00+00:00,2019,50,,,
2019-02-20 00:00:00+00:00,2019,51,,,
2019-02-21 00:00:00+00:00,2019,52,,,
2019-02-22 00:00:00+00:00,2019,53,,0.952521,0.953066
2019-02-23 00:00:00+00:00,2019,54,,0.952521,0.954507
2019-02-24 00:00:00+00:00,2019,55,0.952521,0.952521,0.956904
2019-02-25 00:00:00+00:00,2019,56,,0.952698,0.960270
2019-02-26 00:00:00+00:00,2019,57,,0.952875,0.964490
2019-02-27 00:00:00+00:00,2019,58,0.953052,0.953052,0.969452
2019-02-28 00:00:00+00:00,2019,59,,0.975882,0.975047
2019-03-01 00:00:00+00:00,2019,60,0.998712,0.998712,0.980241
2019-03-02 00:00:00+00:00,2019,61,,0.999356,0.983992
2019-03-03 00:00:00+00:00,2019,62,1.000000,1.000000,0.986311
2019-03-04 00:00:00+00:00,2019,63,,0.994848,0.987195
2019-03-05 00:00:00+00:00,2019,64,,0.989697,0.986879
2019-03-06 00:00:00+00:00,2019,65,,0.984545,0.985600
2019-03-07 00:00:00+00:00,2019,66,,0.979394,0.983637
2019-03-08 00:00:00+00:00,2019,67,0.974242,0.974242,0.981678
2019-03-09 00:00:00+00:00,2019,68,0.976007,0.976007,0.980523
2019-03-10 00:00:00+00:00,2019,69,,0.977124,0.980237
2019-03-11 00:00:00+00:00,2019,70,,0.978241,0.980826
2019-03-12 00:00:00+00:00,2019,71,0.979358,0.979358,0.981974
2019-03-13 00:00:00+00:00,2019,72,0.982488,0.982488,0.983536
2019-03-14 00:00:00+00:00,2019,73,0.983096,0.983096,0.985282
2019-03-15 00:00:00+00:00,2019,74,,0.989166,0.987088
2019-03-16 00:00:00+00:00,2019,75,0.995237,0.995237,0.988595
2019-03-17 00:00:00+00:00,2019,76,0.997128,0.997128,0.989678
2019-03-18 00:00:00+00:00,2019,77,0.989047,0.989047,0.990366
2019-03-19 00:00:00+00:00,2019,78,,0.989266,0.991035
2019-03-20 00:00:00+00:00,2019,79,,0.989485,0.991721
2019-03-21 00:00:00+00:00,2019,80,0.989704,0.989704,0.992452
2019-03-22 00:00:00+00:00,2019,81,0.989470,0.989470,0.993204
2019-03-23 00:00:00+00:00,2019,82,,0.993646,0.994090
2019-03-24 00:00:00+00:00,2019,83,0.997821,0.997821,0.995076
2019-03-25 00:00:00+00:00,2019,84,,0.998911,0.996038
2019-03-26 00:00:00+00:00,2019,85,1.000000,1.000000,0.996779
2019-03-27 00:00:00+00:00,2019,86,,0.998681,0.997269
2019-03-28 00:00:00+00:00,2019,87,0.997361,0.997361,0.997577
2019-03-29 00:00:00+00:00,2019,88,0.996363,0.996363,0.997773
2019-03-30 00:00:00+00:00,2019,89,,0.996883,0.997901
2019-03-31 00:00:00+00:00,2019,90,,0.997402,0.997954
2019-04-01 00:00:00+00:00,2019,91,,0.997922,0.998032
2019-04-02 00:00:00+00:00,2019,92,,0.998441,0.998172
2019-04-03 00:00:00+00:00,2019,93,,0.998961,0.998369
2019-04-04 00:00:00+00:00,2019,94,,0.999480,0.998568
2019-04-05 00:00:00+00:00,2019,95,1.000000,1.000000,0.998715
2019-04-06 00:00:00+00:00,2019,96,0.996404,0.996404,0.998771
2019-04-07 00:00:00+00:00,2019,97,,0.998202,0.998901
2019-04-08 00:00:00+00:00,2019,98,1.000000,1.000000,0.999046
2019-04-09 00:00:00+00:00,2019,99,,0.999668,0.999148
2019-04-10 00:00:00+00:00,2019,100,,0.999335,0.999228
2019-04-11 00:00:00+00:00,2019,101,0.999003,0.999003,0.999305
2019-04-12 00:00:00+00:00,2019,102,,0.999252,0.999398
2019-04-13 00:00:00+00:00,2019,103,,0.999502,0.999514
2019-04-14 00:00:00+00:00,2019,104,,0.999751,0.999575
2019-04-15 00:00:00+00:00,2019,105,1.000000,1.000000,0.999609
2019-04-16 00:00:00+00:00,2019,106,,0.999778,0.999643
2019-04-17 00:00:00+00:00,2019,107,,0.999557,0.999678
2019-04-18 00:00:00+00:00,2019,108,0.999335,0.999335,0.999713
2019-04-19 00:00:00+00:00,2019,109,,0.999621,0.999749
2019-04-20 00:00:00+00:00,2019,110,0.999907,0.999907,0.999777
2019-04-21 00:00:00+00:00,2019,111,1.000000,1.000000,0.999798
2019-04-22 00:00:00+00:00,2019,112,1.000000,1.000000,0.999807
2019-04-23 00:00:00+00:00,2019,113,,0.999900,0.996637
2019-04-24 00:00:00+00:00,2019,114,,0.999800,0.987114
2019-04-25 00:00:00+00:00,2019,115,,0.999701,0.958967
2019-04-26 00:00:00+00:00,2019,116,0.999601,0.999601,0.915478
2019-04-27 00:00:00+00:00,2019,117,1.000000,1.000000,0.859482
2019-04-28 00:00:00+00:00,2019,118,0.999629,0.999629,0.791545
2019-04-29 00:00:00+00:00,2019,119,,0.844203,0.712260
2019-04-30 00:00:00+00:00,2019,120,0.688777,0.688777,0.622364
2019-05-01 00:00:00+00:00,2019,121,0.087460,0.087460,0.535866
2019-05-02 00:00:00+00:00,2019,122,0.248273,0.248273,0.484973
2019-05-03 00:00:00+00:00,2019,123,0.386782,0.386782,0.463386
2019-05-04 00:00:00+00:00,2019,124,,0.414977,0.465715
2019-05-05 00:00:00+00:00,2019,125,0.443173,0.443173,0.490987
2019-05-06 00:00:00+00:00,2019,126,0.168506,0.168506,0.538214
2019-05-07 00:00:00+00:00,2019,127,,0.544138,0.610577
2019-05-08 00:00:00+00:00,2019,128,0.919770,0.919770,0.688138
2019-05-09 00:00:00+00:00,2019,129,,0.932816,0.741859
2019-05-10 00:00:00+00:00,2019,130,0.945861,0.945861,0.773056
2019-05-11 00:00:00+00:00,2019,131,,0.954180,0.782588
2019-05-12 00:00:00+00:00,2019,132,0.962499,0.962499,0.769257
2019-05-13 00:00:00+00:00,2019,133,0.724474,0.724474,0.731865
2019-05-14 00:00:00+00:00,2019,134,,0.654200,0.673088
2019-05-15 00:00:00+00:00,2019,135,,0.583926,0.602025
2019-05-16 00:00:00+00:00,2019,136,,0.513652,0.527777
2019-05-17 00:00:00+00:00,2019,137,,0.443378,0.452045
2019-05-18 00:00:00+00:00,2019,138,,0.373104,0.377761
2019-05-19 00:00:00+00:00,2019,139,,0.302830,0.307762
2019-05-20 00:00:00+00:00,2019,140,,0.232556,0.245083
2019-05-21 00:00:00+00:00,2019,141,,0.162282,0.187731
2019-05-22 00:00:00+00:00,2019,142,,0.092008,0.137135
2019-05-23 00:00:00+00:00,2019,143,0.021735,0.021735,0.094732
2019-05-24 00:00:00+00:00,2019,144,,0.011875,0.061961
2019-05-25 00:00:00+00:00,2019,145,0.002016,0.002016,0.037780
2019-05-26 00:00:00+00:00,2019,146,,0.001824,0.021156
2019-05-27 00:00:00+00:00,2019,147,,0.001631,0.010652
2019-05-28 00:00:00+00:00,2019,148,0.001439,0.001439,0.004841
2019-05-29 00:00:00+00:00,2019,149,,0.001582,0.002295
2019-05-30 00:00:00+00:00,2019,150,0.001724,0.001724,0.001573
2019-05-31 00:00:00+00:00,2019,151,0.001330,0.001330,0.001234
2019-06-01 00:00:00+00:00,2019,152,0.001153,0.001153,0.001092
2019-06-02 00:00:00+00:00,2019,153,0.000748,0.000748,0.000952
2019-06-03 00:00:00+00:00,2019,154,,0.000668,0.000827
2019-06-04 00:00:00+00:00,2019,155,,0.000587,0.000715
2019-06-05 00:00:00+00:00,2019,156,0.000507,0.000507,0.000615
2019-06-06 00:00:00+00:00,2019,157,,0.000476,0.000546
2019-06-07 00:00:00+00:00,2019,158,,0.000445,0.000602
2019-06-08 00:00:00+00:00,2019,159,,0.000413,0.000866
2019-06-09 00:00:00+00:00,2019,160,,0.000382,0.001427
2019-06-10 00:00:00+00:00,2019,161,,0.000351,0.002368
2019-06-11 00:00:00+00:00,2019,162,0.000320,0.000320,0.003637
2019-06-12 00:00:00+00:00,2019,163,0.000939,0.000939,0.005184
2019-06-13 00:00:00+00:00,2019,164,,0.005358,0.006931
2019-06-14 00:00:00+00:00,2019,165,,0.009777,0.008686
2019-06-15 00:00:00+00:00,2019,166,,0.014197,0.010253
2019-06-16 00:00:00+00:00,2019,167,0.018616,0.018616,0.011441
2019-06-17 00:00:00+00:00,2019,168,,0.016142,0.012055
2019-06-18 00:00:00+00:00,2019,169,,0.013668,0.012183
2019-06-19 00:00:00+00:00,2019,170,0.011194,0.011194,0.011905
2019-06-20 00:00:00+00:00,2019,171,,0.010580,0.011315
2019-06-21 00:00:00+00:00,2019,172,,0.009966,0.010507
2019-06-22 00:00:00+00:00,2019,173,,0.009352,0.009578
2019-06-23 00:00:00+00:00,2019,174,,0.008737,0.008621
2019-06-24 00:00:00+00:00,2019,175,0.008123,0.008123,0.007802
2019-06-25 00:00:00+00:00,2019,176,,0.007133,0.007077
2019-06-26 00:00:00+00:00,2019,177,,0.006143,0.006356
2019-06-27 00:00:00+00:00,2019,178,,0.005153,0.005671
2019-06-28 00:00:00+00:00,2019,179,,0.004163,0.005001
2019-06-29 00:00:00+00:00,2019,180,0.003173,0.003173,0.004399
2019-06-30 00:00:00+00:00,2019,181,,,
2019-07-01 00:00:00+00:00,2019,182,,,
2019-07-02 00:00:00+00:00,2019,183,0.002636,0.002636,
2019-07-03 00:00:00+00:00,2019,184,,,
2019-07-04 00:00:00+00:00,2019,185,0.002474,0.002474,
2019-07-05 00:00:00+00:00,2019,186,,,
2019-07-06 00:00:00+00:00,2019,187,0.003228,0.003228,
2019-07-07 00:00:00+00:00,2019,188,0.002637,0.002637,
2019-07-08 00:00:00+00:00,2019,189,,,
2019-07-09 00:00:00+00:00,2019,190,0.004431,0.004431,
2019-07-10 00:00:00+00:00,2019,191,,,
2019-07-11 00:00:00+00:00,2019,192,0.004709,0.004709,
2019-07-12 00:00:00+00:00,2019,193,0.002473,0.002473,
2019-07-13 00:00:00+00:00,2019,194,,,
2019-07-14 00:00:00+00:00,2019,195,0.001991,0.001991,
2019-07-15 00:00:00+00:00,2019,196,0.002276,0.002276,
2019-07-16 00:00:00+00:00,2019,197,,,
2019-07-17 00:00:00+00:00,2019,198,,,
2019-07-18 00:00:00+00:00,2019,199,,,
2019-07-19 00:00:00+00:00,2019,200,,,
2019-07-20 00:00:00+00:00,2019,201,,,
2019-07-21 00:00:00+00:00,2019,202,,,
2019-07-22 00:00:00+00:00,2019,203,,,
2019-07-23 00:00:00+00:00,2019,204,,,
2019-07-24 00:00:00+00:00,2019,205,,,
2019-07-25 00:00:00+00:00,2019,206,,,
2019-07-26 00:00:00+00:00,2019,207,,,
2019-07-27 00:00:00+00:00,2019,208,,,
2019-07-28 00:00:00+00:00,2019,209,,,
2019-07-29 00:00:00+00:00,2019,210,,,
2019-07-30 00:00:00+00:00,2019,211,,,
2019-07-31 00:00:00+00:00,2019,212,,,
2019-08-01 00:00:00+00:00,2019,213,,,
2019-08-02 00:00:00+00:00,2019,214,,,
2019-08-03 00:00:00+00:00,2019,215,,,
2019-08-04 00:00:00+00:00,2019,216,,,
2019-08-05 00:00:00+00:00,2019,217,,,
2019-08-06 00:00:00+00:00,2019,218,,,
2019-08-07 00:00:00+00:00,2019,219,,,
2019-08-08 00:00:00+00:00,2019,220,,,
2019-08-09 00:00:00+00:00,2019,221,,,
2019-08-10 00:00:00+00:00,2019,222,,,
2019-08-11 00:00:00+00:00,2019,223,,,
2019-08-12 00:00:00+00:00,2019,224,,,
2019-08-13 00:00:00+00:00,2019,225,,,
2019-08-14 00:00:00+00:00,2019,226,,,
2019-08-15 00:00:00+00:00,2019,227,,,
2019-08-16 00:00:00+00:00,2019,228,,,
2019-08-17 00:00:00+00:00,2019,229,,,
2019-08-18 00:00:00+00:00,2019,230,,,
2019-08-19 00:00:00+00:00,2019,231,,,
2019-08-20 00:00:00+00:00,2019,232,,,
2019-08-21 00:00:00+00:00,2019,233,,,
2019-08-22 00:00:00+00:00,2019,234,,,
2019-08-23 00:00:00+00:00,2019,235,,,
2019-08-24 00:00:00+00:00,2019,236,,,
2019-08-25 00:00:00+00:00,2019,237,,,
2019-08-26 00:00:00+00:00,2019,238,,,
2019-08-27 00:00:00+00:00,2019,239,,,
2019-08-28 00:00:00+00:00,2019,240,,,
2019-08-29 00:00:00+00:00,2019,241,,,
2019-08-30 00:00:00+00:00,2019,242,,,
2019-08-31 00:00:00+00:00,2019,243,,,
2019-09-01 00:00:00+00:00,2019,244,,,
2019-09-02 00:00:00+00:00,2019,245,,,
2019-09-03 00:00:00+00:00,2019,246,,,
2019-09-04 00:00:00+00:00,2019,247,,,
2019-09-05 00:00:00+00:00,2019,248,,,
2019-09-06 00:00:00+00:00,2019,249,,,
2019-09-07 00:00:00+00:00,2019,250,,,
2019-09-08 00:00:00+00:00,2019,251,,,
2019-09-09 00:00:00+00:00,2019,252,,,
2019-09-10 00:00:00+00:00,2019,253,,,
2019-09-11 00:00:00+00:00,2019,254,,,
2019-09-12 00:00:00+00:00,2019,255,,,
2019-09-13 00:00:00+00:00,2019,256,,,
2019-09-14 00:00:00+00:00,2019,257,,,
2019-09-15 00:00:00+00:00,2019,258,,,
2019-09-16 00:00:00+00:00,2019,259,,,
2019-09-17 00:00:00+00:00,2019,260,,,
2019-09-18 00:00:00+00:00,2019,261,,,
2019-09-19 00:00:00+00:00,2019,262,,,
2019-09-20 00:00:00+00:00,2019,263,,,
2019-09-21 00:00:00+00:00,2019,264,,,
2019-09-22 00:00:00+00:00,2019,265,,,
2019-09-23 00:00:00+00:00,2019,266,,,
2019-09-24 00:00:00+00:00,2019,267,,,
2019-09-25 00:00:00+00:00,2019,268,,,
2019-09-26 00:00:00+00:00,2019,269,,,
2019-09-27 00:00:00+00:00,2019,270,,,
2019-09-28 00:00:00+00:00,2019,271,,,
2019-09-29 00:00:00+00:00,2019,272,,,
2019-09-30 00:00:00+00:00,2019,273,,,
2019-10-01 00:00:00+00:00,2019,274,,,
2019-10-02 00:00:00+00:00,2019,275,,,
2019-10-03 00:00:00+00:00,2019,276,,,
2019-10-04 00:00:00+00:00,2019,277,,,
2019-10-05 00:00:00+00:00,2019,278,,,
2019-10-06 00:00:00+00:00,2019,279,,,
2019-10-07 00:00:00+00:00,2019,280,,,
2019-10-08 00:00:00+00:00,2019,281,,,
2019-10-09 00:00:00+00:00,2019,282,,,
2019-10-10 00:00:00+00:00,2019,283,,,
2019-10-11 00:00:00+00:00,2019,284,,,
2019-10-12 00:00:00+00:00,2019,285,,,
2019-10-13 00:00:00+00:00,2019,286,,,
2019-10-14 00:00:00+00:00,2019,287,,,
2019-10-15 00:00:00+00:00,2019,288,,,
2019-10-16 00:00:00+00:00,2019,289,,,
2019-10-17 00:00:00+00:00,2019,290,,,
2019-10-18 00:00:00+00:00,2019,291,,,
2019-10-19 00:00:00+00:00,2019,292,,,
2019-10-20 00:00:00+00:00,2019,293,,,
2019-10-21 00:00:00+00:00,2019,294,,,
2019-10-22 00:00:00+00:00,2019,295,,,
2019-10-23 00:00:00+00:00,2019,296,,,
2019-10-24 00:00:00+00:00,2019,297,,,
2019-10-25 00:00:00+00:00,2019,298,,,
2019-10-26 00:00:00+00:00,2019,299,,,
2019-10-27 00:00:00+00:00,2019,300,,,
2019-10-28 00:00:00+00:00,2019,301,,,
2019-10-29 00:00:00+00:00,2019,302,,,
2019-10-30 00:00:00+00:00,2019,303,,,
2019-10-31 00:00:00+00:00,2019,304,,,
2019-11-01 00:00:00+00:00,2019,305,,,
2019-11-02 00:00:00+00:00,2019,306,,,
2019-11-03 00:00:00+00:00,2019,307,,,
2019-11-04 00:00:00+00:00,2019,308,,,
2019-11-05 00:00:00+00:00,2019,309,,,
2019-11-06 00:00:00+00:00,2019,310,,,
2019-11-07 00:00:00+00:00,2019,311,,,
2019-11-08 00:00:00+00:00,2019,312,,,
2019-11-09 00:00:00+00:00,2019,313,,,
2019-11-10 00:00:00+00:00,2019,314,,,
2019-11-11 00:00:00+00:00,2019,315,,,
2019-11-12 00:00:00+00:00,2019,316,,,
2019-11-13 00:00:00+00:00,2019,317,,,
2019-11-14 00:00:00+00:00,2019,318,,,
2019-11-15 00:00:00+00:00,2019,319,,,
2019-11-16 00:00:00+00:00,2019,320,,,
2019-11-17 00:00:00+00:00,2019,321,,,
2019-11-18 00:00:00+00:00,2019,322,,,
2019-11-19 00:00:00+00:00,2019,323,,,
2019-11-20 00:00:00+00:00,2019,324,,,
2019-11-21 00:00:00+00:00,2019,325,,,
2019-11-22 00:00:00+00:00,2019,326,,,
2019-11-23 00:00:00+00:00,2019,327,,,
2019-11-24 00:00:00+00:00,2019,328,,,
2019-11-25 00:00:00+00:00,2019,329,,,
2019-11-26 00:00:00+00:00,2019,330,,,
2019-11-27 00:00:00+00:00,2019,331,,,
2019-11-28 00:00:00+00:00,2019,332,,,
2019-11-29 00:00:00+00:00,2019,333,,,
2019-11-30 00:00:00+00:00,2019,334,,,
2019-12-01 00:00:00+00:00,2019,335,,,
2019-12-02 00:00:00+00:00,2019,336,,,
2019-12-03 00:00:00+00:00,2019,337,,,
2019-12-04 00:00:00+00:00,2019,338,,,
2019-12-05 00:00:00+00:00,2019,339,,,
2019-12-06 00:00:00+00:00,2019,340,,,
2019-12-07 00:00:00+00:00,2019,341,,,
2019-12-08 00:00:00+00:00,2019,342,,,
2019-12-09 00:00:00+00:00,2019,343,,,
2019-12-10 00:00:00+00:00,2019,344,,,
2019-12-11 00:00:00+00:00,2019,345,,,
2019-12-12 00:00:00+00:00,2019,346,,,
2019-12-13 00:00:00+00:00,2019,347,,,
2019-12-14 00:00:00+00:00,2019,348,,,
2019-12-15 00:00:00+00:00,2019,349,,,
2019-12-16 00:00:00+00:00,2019,350,,,
2019-12-17 00:00:00+00:00,2019,351,,,
2019-12-18 00:00:00+00:00,2019,352,,,
2019-12-19 00:00:00+00:00,2019,353,,,
2019-12-20 00:00:00+00:00,2019,354,,,
2019-12-21 00:00:00+00:00,2019,355,,,
2019-12-22 00:00:00+00:00,2019,356,,,
2019-12-23 00:00:00+00:00,2019,357,,,
2019-12-24 00:00:00+00:00,2019,358,,,
2019-12-25 00:00:00+00:00,2019,359,,,
2019-12-26 00:00:00+00:00,2019,360,,,
2019-12-27 00:00:00+00:00,2019,361,,,
2019-12-28 00:00:00+00:00,2019,362,,,
2019-12-29 00:00:00+00:00,2019,363,,,
2019-12-30 00:00:00+00:00,2019,364,,,
2019-12-31 00:00:00+00:00,2019,365,,,
2020-01-01 00:00:00+00:00,2020,1,,,
2020-01-02 00:00:00+00:00,2020,2,,,
2020-01-03 00:00:00+00:00,2020,3,,,
2020-01-04 00:00:00+00:00,2020,4,,,
2020-01-05 00:00:00+00:00,2020,5,,,
2020-01-06 00:00:00+00:00,2020,6,,,
2020-01-07 00:00:00+00:00,2020,7,,,
2020-01-08 00:00:00+00:00,2020,8,,,
2020-01-09 00:00:00+00:00,2020,9,,,
2020-01-10 00:00:00+00:00,2020,10,,,
2020-01-11 00:00:00+00:00,2020,11,,,
2020-01-12 00:00:00+00:00,2020,12,,,
2020-01-13 00:00:00+00:00,2020,13,,,
2020-01-14 00:00:00+00:00,2020,14,,,
2020-01-15 00:00:00+00:00,2020,15,,,
2020-01-16 00:00:00+00:00,2020,16,,,
2020-01-17 00:00:00+00:00,2020,17,,,
2020-01-18 00:00:00+00:00,2020,18,,,
2020-01-19 00:00:00+00:00,2020,19,,,
2020-01-20 00:00:00+00:00,2020,20,,,
2020-01-21 00:00:00+00:00,2020,21,,,
2020-01-22 00:00:00+00:00,2020,22,,,
2020-01-23 00:00:00+00:00,2020,23,,,
2020-01-24 00:00:00+00:00,2020,24,,,
2020-01-25 00:00:00+00:00,2020,25,,,
2020-01-26 00:00:00+00:00,2020,26,,,
2020-01-27 00:00:00+00:00,2020,27,,,
2020-01-28 00:00:00+00:00,2020,28,,,
2020-01-29 00:00:00+00:00,2020,29,,,
2020-01-30 00:00:00+00:00,2020,30,,,
2020-01-31 00:00:00+00:00,2020,31,,,
2020-02-01 00:00:00+00:00,2020,32,,,
2020-02-02 00:00:00+00:00,2020,33,,,
2020-02-03 00:00:00+00:00,2020,34,,,
2020-02-04 00:00:00+00:00,2020,35,,,
2020-02-05 00:00:00+00:00,2020,36,,,
2020-02-06 00:00:00+00:00,2020,37,,,
2020-02-07 00:00:00+00:00,2020,38,,,
2020-02-08 00:00:00+00:00,2020,39,,,
2020-02-09 00:00:00+00:00,2020,40,,,
2020-02-10 00:00:00+00:00,2020,41,,,
2020-02-11 00:00:00+00:00,2020,42,,,
2020-02-12 00:00:00+00:00,2020,43,1.000000,1.000000,
2020-02-13 00:00:00+00:00,2020,44,,,
2020-02-14 00:00:00+00:00,2020,45,,,
2020-02-15 00:00:00+00:00,2020,46,1.000000,1.000000,
2020-02-16 00:00:00+00:00,2020,47,0.848164,0.848164,
2020-02-17 00:00:00+00:00,2020,48,,,
2020-02-18 00:00:00+00:00,2020,49,,,
2020-02-19 00:00:00+00:00,2020,50,,,
2020-02-20 00:00:00+00:00,2020,51,,,
2020-02-21 00:00:00+00:00,2020,52,0.999993,0.999993,
2020-02-22 00:00:00+00:00,2020,53,1.000000,1.000000,0.967548
2020-02-23 00:00:00+00:00,2020,54,,0.968622,0.968672
2020-02-24 00:00:00+00:00,2020,55,0.937245,0.937245,0.963927
2020-02-25 00:00:00+00:00,2020,56,0.940032,0.940032,0.961631
2020-02-26 00:00:00+00:00,2020,57,0.947308,0.947308,0.960927
2020-02-27 00:00:00+00:00,2020,58,0.951760,0.951760,0.961484
2020-02-28 00:00:00+00:00,2020,59,,0.969200,0.963306
2020-02-29 00:00:00+00:00,2020,60,0.986641,0.986641,0.965786
2020-03-01 00:00:00+00:00,2020,61,0.962061,0.962061,0.968259
2020-03-02 00:00:00+00:00,2020,62,0.965726,0.965726,0.971137
2020-03-03 00:00:00+00:00,2020,63,0.967086,0.967086,0.973676
2020-03-04 00:00:00+00:00,2020,64,,0.983543,0.975927
2020-03-05 00:00:00+00:00,2020,65,1.000000,1.000000,0.977774
2020-03-06 00:00:00+00:00,2020,66,0.970622,0.970622,0.978278
2020-03-07 00:00:00+00:00,2020,67,,0.972963,0.979021
2020-03-08 00:00:00+00:00,2020,68,,0.975304,0.980288
2020-03-09 00:00:00+00:00,2020,69,,0.977644,0.981508
2020-03-10 00:00:00+00:00,2020,70,0.979985,0.979985,0.982635
2020-03-11 00:00:00+00:00,2020,71,1.000000,1.000000,0.983861
2020-03-12 00:00:00+00:00,2020,72,0.982467,0.982467,0.984751
2020-03-13 00:00:00+00:00,2020,73,,0.983716,0.986357
2020-03-14 00:00:00+00:00,2020,74,,0.984965,0.988028
2020-03-15 00:00:00+00:00,2020,75,0.986214,0.986214,0.989538
2020-03-16 00:00:00+00:00,2020,76,0.985039,0.985039,0.990921
2020-03-17 00:00:00+00:00,2020,77,0.997745,0.997745,0.992277
2020-03-18 00:00:00+00:00,2020,78,1.000000,1.000000,0.993171
2020-03-19 00:00:00+00:00,2020,79,,1.000000,0.993957
2020-03-20 00:00:00+00:00,2020,80,1.000000,1.000000,0.994313
2020-03-21 00:00:00+00:00,2020,81,0.989052,0.989052,0.994299
2020-03-22 00:00:00+00:00,2020,82,0.990916,0.990916,0.994426
2020-03-23 00:00:00+00:00,2020,83,0.991117,0.991117,0.994623
2020-03-24 00:00:00+00:00,2020,84,,0.992894,0.994837
2020-03-25 00:00:00+00:00,2020,85,,0.994670,0.995236
2020-03-26 00:00:00+00:00,2020,86,,0.996447,0.995773
2020-03-27 00:00:00+00:00,2020,87,,0.998223,0.996455
2020-03-28 00:00:00+00:00,2020,88,1.000000,1.000000,0.997178
2020-03-29 00:00:00+00:00,2020,89,,0.999030,0.997613
2020-03-30 00:00:00+00:00,2020,90,,0.998059,0.997833
2020-03-31 00:00:00+00:00,2020,91,,0.997089,0.997899
2020-04-01 00:00:00+00:00,2020,92,0.996118,0.996118,0.997883
2020-04-02 00:00:00+00:00,2020,93,1.000000,1.000000,0.997870
2020-04-03 00:00:00+00:00,2020,94,,0.998429,0.997744
2020-04-04 00:00:00+00:00,2020,95,0.996857,0.996857,0.997602
2020-04-05 00:00:00+00:00,2020,96,0.996610,0.996610,0.997588
2020-04-06 00:00:00+00:00,2020,97,0.997479,0.997479,0.997270
2020-04-07 00:00:00+00:00,2020,98,0.997250,0.997250,0.996169
2020-04-08 00:00:00+00:00,2020,99,,0.997668,0.993852
2020-04-09 00:00:00+00:00,2020,100,0.998087,0.998087,0.988061
2020-04-10 00:00:00+00:00,2020,101,0.997802,0.997802,0.980604
2020-04-11 00:00:00+00:00,2020,102,1.000000,1.000000,0.973204
2020-04-12 00:00:00+00:00,2020,103,,0.979276,0.965740
2020-04-13 00:00:00+00:00,2020,104,,0.958553,0.959053
2020-04-14 00:00:00+00:00,2020,105,0.937829,0.937829,0.953756
2020-04-15 00:00:00+00:00,2020,106,0.829004,0.829004,0.950440
2020-04-16 00:00:00+00:00,2020,107,,0.914502,0.952134
2020-04-17 00:00:00+00:00,2020,108,1.000000,1.000000,0.947919
2020-04-18 00:00:00+00:00,2020,109,,1.000000,0.926863
2020-04-19 00:00:00+00:00,2020,110,1.000000,1.000000,0.902024
2020-04-20 00:00:00+00:00,2020,111,,0.987745,0.860796
2020-04-21 00:00:00+00:00,2020,112,0.975490,0.975490,0.808504
2020-04-22 00:00:00+00:00,2020,113,0.905819,0.905819,0.750473
2020-04-23 00:00:00+00:00,2020,114,,0.541394,0.692574
2020-04-24 00:00:00+00:00,2020,115,0.176969,0.176969,0.651536
2020-04-25 00:00:00+00:00,2020,116,0.814642,0.814642,0.643758
2020-04-26 00:00:00+00:00,2020,117,0.217649,0.217649,0.641197
2020-04-27 00:00:00+00:00,2020,118,,0.474799,0.668970
2020-04-28 00:00:00+00:00,2020,119,,0.731950,0.717079
2020-04-29 00:00:00+00:00,2020,120,0.989101,0.989101,0.775528
2020-04-30 00:00:00+00:00,2020,121,0.994472,0.994472,0.832441
2020-05-01 00:00:00+00:00,2020,122,0.983705,0.983705,0.880128
2020-05-02 00:00:00+00:00,2020,123,0.884892,0.884892,0.909735
2020-05-03 00:00:00+00:00,2020,124,,0.921628,0.936451
2020-05-04 00:00:00+00:00,2020,125,,0.958364,0.944736
2020-05-05 00:00:00+00:00,2020,126,0.995100,0.995100,0.936482
2020-05-06 00:00:00+00:00,2020,127,0.997043,0.997043,0.913579
2020-05-07 00:00:00+00:00,2020,128,0.995518,0.995518,0.879446
2020-05-08 00:00:00+00:00,2020,129,,0.904509,0.832507
2020-05-09 00:00:00+00:00,2020,130,,0.813500,0.777467
2020-05-10 00:00:00+00:00,2020,131,,0.722490,0.717232
2020-05-11 00:00:00+00:00,2020,132,,0.631481,0.657479
2020-05-12 00:00:00+00:00,2020,133,0.540472,0.540472,0.603881
2020-05-13 00:00:00+00:00,2020,134,,0.454754,0.562112
2020-05-14 00:00:00+00:00,2020,135,0.369036,0.369036,0.529313
2020-05-15 00:00:00+00:00,2020,136,,0.428328,0.509976
2020-05-16 00:00:00+00:00,2020,137,,0.487621,0.501594
2020-05-17 00:00:00+00:00,2020,138,,0.546913,0.496374
2020-05-18 00:00:00+00:00,2020,139,,0.606205,0.486525
2020-05-19 00:00:00+00:00,2020,140,0.665497,0.665497,0.467281
2020-05-20 00:00:00+00:00,2020,141,0.351951,0.351951,0.433874
2020-05-21 00:00:00+00:00,2020,142,0.402238,0.402238,0.396863
2020-05-22 00:00:00+00:00,2020,143,0.488899,0.488899,0.351957
2020-05-23 00:00:00+00:00,2020,144,,0.316708,0.296340
2020-05-24 00:00:00+00:00,2020,145,0.144517,0.144517,0.237760
2020-05-25 00:00:00+00:00,2020,146,,0.120535,0.184455
2020-05-26 00:00:00+00:00,2020,147,,0.096553,0.138616
2020-05-27 00:00:00+00:00,2020,148,,0.072571,0.102431
2020-05-28 00:00:00+00:00,2020,149,,0.048589,0.070482
2020-05-29 00:00:00+00:00,2020,150,,0.024607,0.044775
2020-05-30 00:00:00+00:00,2020,151,0.000626,0.000626,0.028064
2020-05-31 00:00:00+00:00,2020,152,0.000613,0.000613,0.017821
2020-06-01 00:00:00+00:00,2020,153,,0.000653,0.010541
2020-06-02 00:00:00+00:00,2020,154,,0.000693,0.005741
2020-06-03 00:00:00+00:00,2020,155,,0.000733,0.002936
2020-06-04 00:00:00+00:00,2020,156,0.000773,0.000773,0.001643
2020-06-05 00:00:00+00:00,2020,157,,0.001143,0.001379
2020-06-06 00:00:00+00:00,2020,158,,0.001513,0.001647
2020-06-07 00:00:00+00:00,2020,159,,0.001882,0.001949
2020-06-08 00:00:00+00:00,2020,160,,0.002252,0.002254
2020-06-09 00:00:00+00:00,2020,161,,0.002621,0.002531
2020-06-10 00:00:00+00:00,2020,162,,0.002991,0.002749
2020-06-11 00:00:00+00:00,2020,163,,0.003360,0.002886
2020-06-12 00:00:00+00:00,2020,164,,0.003730,0.002921
2020-06-13 00:00:00+00:00,2020,165,0.004099,0.004099,0.002837
2020-06-14 00:00:00+00:00,2020,166,,0.003286,0.002629
2020-06-15 00:00:00+00:00,2020,167,,0.002474,0.002343
2020-06-16 00:00:00+00:00,2020,168,0.001661,0.001661,0.002020
2020-06-17 00:00:00+00:00,2020,169,,0.001282,0.001704
2020-06-18 00:00:00+00:00,2020,170,,0.000904,0.001417
2020-06-19 00:00:00+00:00,2020,171,0.000525,0.000525,0.001178
2020-06-20 00:00:00+00:00,2020,172,0.000649,0.000649,0.001008
2020-06-21 00:00:00+00:00,2020,173,,0.000788,0.000907
2020-06-22 00:00:00+00:00,2020,174,,0.000928,0.000850
2020-06-23 00:00:00+00:00,2020,175,0.001068,0.001068,0.000822
2020-06-24 00:00:00+00:00,2020,176,,0.000946,0.000787
2020-06-25 00:00:00+00:00,2020,177,,0.000824,0.000743
2020-06-26 00:00:00+00:00,2020,178,,0.000702,0.000693
2020-06-27 00:00:00+00:00,2020,179,,0.000580,0.000630
2020-06-28 00:00:00+00:00,2020,180,0.000458,0.000458,0.000561
2020-06-29 00:00:00+00:00,2020,181,,,
2020-06-30 00:00:00+00:00,2020,182,0.000283,0.000283,
2020-07-01 00:00:00+00:00,2020,183,0.000302,0.000302,
2020-07-02 00:00:00+00:00,2020,184,,,
2020-07-03 00:00:00+00:00,2020,185,,,
2020-07-04 00:00:00+00:00,2020,186,,,
2020-07-05 00:00:00+00:00,2020,187,,,
2020-07-06 00:00:00+00:00,2020,188,,,
2020-07-07 00:00:00+00:00,2020,189,,,
2020-07-08 00:00:00+00:00,2020,190,0.001308,0.001308,
2020-07-09 00:00:00+00:00,2020,191,,,
2020-07-10 00:00:00+00:00,2020,192,,,
2020-07-11 00:00:00+00:00,2020,193,,,
2020-07-12 00:00:00+00:00,2020,194,,,
2020-07-13 00:00:00+00:00,2020,195,,,
2020-07-14 00:00:00+00:00,2020,196,,,
2020-07-15 00:00:00+00:00,2020,197,,,
2020-07-16 00:00:00+00:00,2020,198,,,
2020-07-17 00:00:00+00:00,2020,199,,,
2020-07-18 00:00:00+00:00,2020,200,,,
2020-07-19 00:00:00+00:00,2020,201,,,
2020-07-20 00:00:00+00:00,2020,202,,,
2020-07-21 00:00:00+00:00,2020,203,,,
2020-07-22 00:00:00+00:00,2020,204,,,
2020-07-23 00:00:00+00:00,2020,205,,,
2020-07-24 00:00:00+00:00,2020,206,,,
2020-07-25 00:00:00+00:00,2020,207,,,
2020-07-26 00:00:00+00:00,2020,208,,,
2020-07-27 00:00:00+00:00,2020,209,,,
2020-07-28 00:00:00+00:00,2020,210,,,
2020-07-29 00:00:00+00:00,2020,211,,,
2020-07-30 00:00:00+00:00,2020,212,,,
2020-07-31 00:00:00+00:00,2020,213,,,
2020-08-01 00:00:00+00:00,2020,214,,,
2020-08-02 00:00:00+00:00,2020,215,,,
2020-08-03 00:00:00+00:00,2020,216,,,
2020-08-04 00:00:00+00:00,2020,217,,,
2020-08-05 00:00:00+00:00,2020,218,,,
2020-08-06 00:00:00+00:00,2020,219,,,
2020-08-07 00:00:00+00:00,2020,220,,,
2020-08-08 00:00:00+00:00,2020,221,,,
2020-08-09 00:00:00+00:00,2020,222,,,
2020-08-10 00:00:00+00:00,2020,223,,,
2020-08-11 00:00:00+00:00,2020,224,,,
2020-08-12 00:00:00+00:00,2020,225,,,
2020-08-13 00:00:00+00:00,2020,226,,,
2020-08-14 00:00:00+00:00,2020,227,,,
2020-08-15 00:00:00+00:00,2020,228,,,
2020-08-16 00:00:00+00:00,2020,229,,,
2020-08-17 00:00:00+00:00,2020,230,,,
2020-08-18 00:00:00+00:00,2020,231,,,
2020-08-19 00:00:00+00:00,2020,232,,,
2020-08-20 00:00:00+00:00,2020,233,,,
2020-08-21 00:00:00+00:00,2020,234,,,
2020-08-22 00:00:00+00:00,2020,235,,,
2020-08-23 00:00:00+00:00,2020,236,,,
2020-08-24 00:00:00+00:00,2020,237,,,
2020-08-25 00:00:00+00:00,2020,238,,,
2020-08-26 00:00:00+00:00,2020,239,,,
2020-08-27 00:00:00+00:00,2020,240,,,
2020-08-28 00:00:00+00:00,2020,241,,,
2020-08-29 00:00:00+00:00,2020,242,,,
2020-08-30 00:00:00+00:00,2020,243,,,
2020-08-31 00:00:00+00:00,2020,244,,,
2020-09-01 00:00:00+00:00,2020,245,,,
2020-09-02 00:00:00+00:00,2020,246,,,
2020-09-03 00:00:00+00:00,2020,247,,,
2020-09-04 00:00:00+00:00,2020,248,,,
2020-09-05 00:00:00+00:00,2020,249,,,
2020-09-06 00:00:00+00:00,2020,250,,,
2020-09-07 00:00:00+00:00,2020,251,,,
2020-09-08 00:00:00+00:00,2020,252,,,
2020-09-09 00:00:00+00:00,2020,253,,,
2020-09-10 00:00:00+00:00,2020,254,,,
2020-09-11 00:00:00+00:00,2020,255,,,
2020-09-12 00:00:00+00:00,2020,256,,,
2020-09-13 00:00:00+00:00,2020,257,,,
2020-09-14 00:00:00+00:00,2020,258,,,
2020-09-15 00:00:00+00:00,2020,259,,,
2020-09-16 00:00:00+00:00,2020,260,,,
2020-09-17 00:00:00+00:00,2020,261,,,
2020-09-18 00:00:00+00:00,2020,262,,,
2020-09-19 00:00:00+00:00,2020,263,,,
2020-09-20 00:00:00+00:00,2020,264,,,
2020-09-21 00:00:00+00:00,2020,265,,,
2020-09-22 00:00:00+00:00,2020,266,,,
2020-09-23 00:00:00+00:00,2020,267,,,
2020-09-24 00:00:00+00:00,2020,268,,,
2020-09-25 00:00:00+00:00,2020,269,,,
2020-09-26 00:00:00+00:00,2020,270,,,
2020-09-27 00:00:00+00:00,2020,271,,,
2020-09-28 00:00:00+00:00,2020,272,,,
2020-09-29 00:00:00+00:00,2020,273,,,
2020-09-30 00:00:00+00:00,2020,274,,,
2020-10-01 00:00:00+00:00,2020,275,,,
2020-10-02 00:00:00+00:00,2020,276,,,
2020-10-03 00:00:00+00:00,2020,277,,,
2020-10-04 00:00:00+00:00,2020,278,,,
2020-10-05 00:00:00+00:00,2020,279,,,
2020-10-06 00:00:00+00:00,2020,280,,,
2020-10-07 00:00:00+00:00,2020,281,,,
2020-10-08 00:00:00+00:00,2020,282,,,
2020-10-09 00:00:00+00:00,2020,283,,,
2020-10-10 00:00:00+00:00,2020,284,,,
2020-10-11 00:00:00+00:00,2020,285,,,
2020-10-12 00:00:00+00:00,2020,286,,,
2020-10-13 00:00:00+00:00,2020,287,,,
2020-10-14 00:00:00+00:00,2020,288,,,
2020-10-15 00:00:00+00:00,2020,289,,,
2020-10-16 00:00:00+00:00,2020,290,,,
2020-10-17 00:00:00+00:00,2020,291,,,
2020-10-18 00:00:00+00:00,2020,292,,,
2020-10-19 00:00:00+00:00,2020,293,,,
2020-10-20 00:00:00+00:00,2020,294,,,
2020-10-21 00:00:00+00:00,2020,295,,,
2020-10-22 00:00:00+00:00,2020,296,,,
2020-10-23 00:00:00+00:00,2020,297,,,
2020-10-24 00:00:00+00:00,2020,298,,,
2020-10-25 00:00:00+00:00,2020,299,,,
2020-10-26 00:00:00+00:00,2020,300,,,
2020-10-27 00:00:00+00:00,2020,301,,,
2020-10-28 00:00:00+00:00,2020,302,,,
2020-10-29 00:00:00+00:00,2020,303,,,
2020-10-30 00:00:00+00:00,2020,304,,,
2020-10-31 00:00:00+00:00,2020,305,,,
2020-11-01 00:00:00+00:00,2020,306,,,
2020-11-02 00:00:00+00:00,2020,307,,,
2020-11-03 00:00:00+00:00,2020,308,,,
2020-11-04 00:00:00+00:00,2020,309,,,
2020-11-05 00:00:00+00:00,2020,310,,,
2020-11-06 00:00:00+00:00,2020,311,,,
2020-11-07 00:00:00+00:00,2020,312,,,
2020-11-08 00:00:00+00:00,2020,313,,,
2020-11-09 00:00:00+00:00,2020,314,,,
2020-11-10 00:00:00+00:00,2020,315,,,
2020-11-11 00:00:00+00:00,2020,316,,,
2020-11-12 00:00:00+00:00,2020,317,,,
2020-11-13 00:00:00+00:00,2020,318,,,
2020-11-14 00:00:00+00:00,2020,319,,,
2020-11-15 00:00:00+00:00,2020,320,,,
2020-11-16 00:00:00+00:00,2020,321,,,
2020-11-17 00:00:00+00:00,2020,322,,,
2020-11-18 00:00:00+00:00,2020,323,,,
2020-11-19 00:00:00+00:00,2020,324,,,
2020-11-20 00:00:00+00:00,2020,325,,,
2020-11-21 00:00:00+00:00,2020,326,,,
2020-11-22 00:00:00+00:00,2020,327,,,
2020-11-23 00:00:00+00:00,2020,328,,,
2020-11-24 00:00:00+00:00,2020,329,,,
2020-11-25 00:00:00+00:00,2020,330,,,
2020-11-26 00:00:00+00:00,2020,331,,,
2020-11-27 00:00:00+00:00,2020,332,,,
2020-11-28 00:00:00+00:00,2020,333,,,
2020-11-29 00:00:00+00:00,2020,334,,,
2020-11-30 00:00:00+00:00,2020,335,,,
2020-12-01 00:00:00+00:00,2020,336,,,
2020-12-02 00:00:00+00:00,2020,337,,,
2020-12-03 00:00:00+00:00,2020,338,,,
2020-12-04 00:00:00+00:00,2020,339,,,
2020-12-05 00:00:00+00:00,2020,340,,,
2020-12-06 00:00:00+00:00,2020,341,,,
2020-12-07 00:00:00+00:00,2020,342,,,
2020-12-08 00:00:00+00:00,2020,343,,,
2020-12-09 00:00:00+00:00,2020,344,,,
2020-12-10 00:00:00+00:00,2020,345,,,
2020-12-11 00:00:00+00:00,2020,346,,,
2020-12-12 00:00:00+00:00,2020,347,,,
2020-12-13 00:00:00+00:00,2020,348,,,
2020-12-14 00:00:00+00:00,2020,349,,,
2020-12-15 00:00:00+00:00,2020,350,,,
2020-12-16 00:00:00+00:00,2020,351,,,
2020-12-17 00:00:00+00:00,2020,352,,,
2020-12-18 00:00:00+00:00,2020,353,,,
2020-12-19 00:00:00+00:00,2020,354,,,
2020-12-20 00:00:00+00:00,2020,355,,,
2020-12-21 00:00:00+00:00,2020,356,,,
2020-12-22 00:00:00+00:00,2020,357,,,
2020-12-23 00:00:00+00:00,2020,358,,,
2020-12-24 00:00:00+00:00,2020,359,,,
2020-12-25 00:00:00+00:00,2020,360,,,
2020-12-26 00:00:00+00:00,2020,361,,,
2020-12-27 00:00:00+00:00,2020,362,,,
2020-12-28 00:00:00+00:00,2020,363,,,
2020-12-29 00:00:00+00:00,2020,364,,,
2020-12-30 00:00:00+00:00,2020,365,,,
2020-12-31 00:00:00+00:00,2020,366,,,
2021-01-01 00:00:00+00:00,2021,1,,,
2021-01-02 00:00:00+00:00,2021,2,,,
2021-01-03 00:00:00+00:00,2021,3,,,
2021-01-04 00:00:00+00:00,2021,4,,,
2021-01-05 00:00:00+00:00,2021,5,,,
2021-01-06 00:00:00+00:00,2021,6,,,
2021-01-07 00:00:00+00:00,2021,7,,,
2021-01-08 00:00:00+00:00,2021,8,,,
2021-01-09 00:00:00+00:00,2021,9,,,
2021-01-10 00:00:00+00:00,2021,10,,,
2021-01-11 00:00:00+00:00,2021,11,,,
2021-01-12 00:00:00+00:00,2021,12,,,
2021-01-13 00:00:00+00:00,2021,13,,,
2021-01-14 00:00:00+00:00,2021,14,,,
2021-01-15 00:00:00+00:00,2021,15,,,
2021-01-16 00:00:00+00:00,2021,16,,,
2021-01-17 00:00:00+00:00,2021,17,,,
2021-01-18 00:00:00+00:00,2021,18,,,
2021-01-19 00:00:00+00:00,2021,19,,,
2021-01-20 00:00:00+00:00,2021,20,,,
2021-01-21 00:00:00+00:00,2021,21,,,
2021-01-22 00:00:00+00:00,2021,22,,,
2021-01-23 00:00:00+00:00,2021,23,,,
2021-01-24 00:00:00+00:00,2021,24,,,
2021-01-25 00:00:00+00:00,2021,25,,,
2021-01-26 00:00:00+00:00,2021,26,,,
2021-01-27 00:00:00+00:00,2021,27,,,
2021-01-28 00:00:00+00:00,2021,28,,,
2021-01-29 00:00:00+00:00,2021,29,,,
2021-01-30 00:00:00+00:00,2021,30,,,
2021-01-31 00:00:00+00:00,2021,31,,,
2021-02-01 00:00:00+00:00,2021,32,,,
2021-02-02 00:00:00+00:00,2021,33,,,
2021-02-03 00:00:00+00:00,2021,34,,,
2021-02-04 00:00:00+00:00,2021,35,,,
2021-02-05 00:00:00+00:00,2021,36,,,
2021-02-06 00:00:00+00:00,2021,37,,,
2021-02-07 00:00:00+00:00,2021,38,,,
2021-02-08 00:00:00+00:00,2021,39,,,
2021-02-09 00:00:00+00:00,2021,40,,,
2021-02-10 00:00:00+00:00,2021,41,0.312657,0.312657,
2021-02-11 00:00:00+00:00,2021,42,,,
2021-02-12 00:00:00+00:00,2021,43,,,
2021-02-13 00:00:00+00:00,2021,44,,,
2021-02-14 00:00:00+00:00,2021,45,,,
2021-02-15 00:00:00+00:00,2021,46,,,
2021-02-16 00:00:00+00:00,2021,47,,,
2021-02-17 00:00:00+00:00,2021,48,,,
2021-02-18 00:00:00+00:00,2021,49,,,
2021-02-19 00:00:00+00:00,2021,50,,,
2021-02-20 00:00:00+00:00,2021,51,,,
2021-02-21 00:00:00+00:00,2021,52,,,
2021-02-22 00:00:00+00:00,2021,53,,0.420452,0.464252
2021-02-23 00:00:00+00:00,2021,54,,0.429435,0.485621
2021-02-24 00:00:00+00:00,2021,55,0.438417,0.438417,0.513251
2021-02-25 00:00:00+00:00,2021,56,0.672537,0.672537,0.547342
2021-02-26 00:00:00+00:00,2021,57,0.403990,0.403990,0.575461
2021-02-27 00:00:00+00:00,2021,58,,0.567002,0.614617
2021-02-28 00:00:00+00:00,2021,59,0.730013,0.730013,0.657166
2021-03-01 00:00:00+00:00,2021,60,,0.748836,0.697477
2021-03-02 00:00:00+00:00,2021,61,,0.767658,0.733776
2021-03-03 00:00:00+00:00,2021,62,,0.786480,0.763932
2021-03-04 00:00:00+00:00,2021,63,,0.805303,0.785814
2021-03-05 00:00:00+00:00,2021,64,,0.824125,0.799947
2021-03-06 00:00:00+00:00,2021,65,,0.842947,0.793910
2021-03-07 00:00:00+00:00,2021,66,,0.861770,0.783338
2021-03-08 00:00:00+00:00,2021,67,0.880592,0.880592,0.771023
2021-03-09 00:00:00+00:00,2021,68,,0.804869,0.756816
2021-03-10 00:00:00+00:00,2021,69,0.729146,0.729146,0.744425
2021-03-11 00:00:00+00:00,2021,70,0.558320,0.558320,0.737561
2021-03-12 00:00:00+00:00,2021,71,0.255982,0.255982,0.743813
2021-03-13 00:00:00+00:00,2021,72,0.896650,0.896650,0.776141
2021-03-14 00:00:00+00:00,2021,73,,0.908133,0.809013
2021-03-15 00:00:00+00:00,2021,74,,0.919616,0.842580
2021-03-16 00:00:00+00:00,2021,75,,0.931100,0.876991
2021-03-17 00:00:00+00:00,2021,76,,0.942583,0.910232
2021-03-18 00:00:00+00:00,2021,77,,0.954067,0.940289
2021-03-19 00:00:00+00:00,2021,78,,0.965550,0.963206
2021-03-20 00:00:00+00:00,2021,79,,0.977033,0.972241
2021-03-21 00:00:00+00:00,2021,80,,0.988517,0.979977
2021-03-22 00:00:00+00:00,2021,81,1.000000,1.000000,0.986179
2021-03-23 00:00:00+00:00,2021,82,,1.000000,0.990654
2021-03-24 00:00:00+00:00,2021,83,,1.000000,0.993680
2021-03-25 00:00:00+00:00,2021,84,1.000000,1.000000,0.995535
2021-03-26 00:00:00+00:00,2021,85,0.994862,0.994862,0.996452
2021-03-27 00:00:00+00:00,2021,86,0.993773,0.993773,0.996876
2021-03-28 00:00:00+00:00,2021,87,0.993702,0.993702,0.996958
2021-03-29 00:00:00+00:00,2021,88,,0.995802,0.996807
2021-03-30 00:00:00+00:00,2021,89,,0.997901,0.996640
2021-03-31 00:00:00+00:00,2021,90,1.000000,1.000000,0.996438
2021-04-01 00:00:00+00:00,2021,91,,1.000000,0.996184
2021-04-02 00:00:00+00:00,2021,92,1.000000,1.000000,0.995882
2021-04-03 00:00:00+00:00,2021,93,,0.993748,0.995433
2021-04-04 00:00:00+00:00,2021,94,0.987495,0.987495,0.995076
2021-04-05 00:00:00+00:00,2021,95,,0.990804,0.995069
2021-04-06 00:00:00+00:00,2021,96,,0.994113,0.995325
2021-04-07 00:00:00+00:00,2021,97,0.997421,0.997421,0.995758
2021-04-08 00:00:00+00:00,2021,98,,0.997679,0.996281
2021-04-09 00:00:00+00:00,2021,99,,0.997937,0.996887
2021-04-10 00:00:00+00:00,2021,100,,0.998195,0.997572
2021-04-11 00:00:00+00:00,2021,101,,0.998453,0.998204
2021-04-12 00:00:00+00:00,2021,102,,0.998711,0.993865
2021-04-13 00:00:00+00:00,2021,103,,0.998969,0.979834
2021-04-14 00:00:00+00:00,2021,104,,0.999226,0.956094
2021-04-15 00:00:00+00:00,2021,105,,0.999484,0.923201
2021-04-16 00:00:00+00:00,2021,106,,0.999742,0.889255
2021-04-17 00:00:00+00:00,2021,107,1.000000,1.000000,0.854764
2021-04-18 00:00:00+00:00,2021,108,,0.765859,0.820236
2021-04-19 00:00:00+00:00,2021,109,0.531717,0.531717,0.782592
2021-04-20 00:00:00+00:00,2021,110,0.528098,0.528098,0.749556
2021-04-21 00:00:00+00:00,2021,111,0.552517,0.552517,0.719442
2021-04-22 00:00:00+00:00,2021,112,0.949674,0.949674,0.689417
2021-04-23 00:00:00+00:00,2021,113,,0.974837,0.641439
2021-04-24 00:00:00+00:00,2021,114,1.000000,1.000000,0.574510
2021-04-25 00:00:00+00:00,2021,115,0.380620,0.380620,0.487768
2021-04-26 00:00:00+00:00,2021,116,,0.290493,0.401301
2021-04-27 00:00:00+00:00,2021,117,,0.200366,0.313963
2021-04-28 00:00:00+00:00,2021,118,,0.110238,0.229312
2021-04-29 00:00:00+00:00,2021,119,0.020111,0.020111,0.151635
2021-04-30 00:00:00+00:00,2021,120,0.021336,0.021336,0.092547
2021-05-01 00:00:00+00:00,2021,121,0.029188,0.029188,0.052502
2021-05-02 00:00:00+00:00,2021,122,0.008869,0.008869,0.031696
2021-05-03 00:00:00+00:00,2021,123,,0.006578,0.018323
2021-05-04 00:00:00+00:00,2021,124,0.004287,0.004287,0.010641
2021-05-05 00:00:00+00:00,2021,125,0.009649,0.009649,0.006908
2021-05-06 00:00:00+00:00,2021,126,0.001460,0.001460,0.005071
2021-05-07 00:00:00+00:00,2021,127,0.000912,0.000912,0.003621
2021-05-08 00:00:00+00:00,2021,128,,0.001117,0.002601
2021-05-09 00:00:00+00:00,2021,129,,0.001321,0.002181
2021-05-10 00:00:00+00:00,2021,130,,0.001526,0.001972
2021-05-11 00:00:00+00:00,2021,131,,0.001731,0.001949
2021-05-12 00:00:00+00:00,2021,132,0.001936,0.001936,0.002361
2021-05-13 00:00:00+00:00,2021,133,,0.001751,0.003610
2021-05-14 00:00:00+00:00,2021,134,0.001567,0.001567,0.005586
2021-05-15 00:00:00+00:00,2021,135,0.002481,0.002481,0.008337
2021-05-16 00:00:00+00:00,2021,136,,0.004067,0.011825
2021-05-17 00:00:00+00:00,2021,137,0.005653,0.005653,0.015984
2021-05-18 00:00:00+00:00,2021,138,,0.020439,0.020748
2021-05-19 00:00:00+00:00,2021,139,0.035224,0.035224,0.025514
2021-05-20 00:00:00+00:00,2021,140,,0.037703,0.029678
2021-05-21 00:00:00+00:00,2021,141,0.040182,0.040182,0.033129
2021-05-22 00:00:00+00:00,2021,142,,0.039942,0.035991
2021-05-23 00:00:00+00:00,2021,143,,0.039701,0.038521
2021-05-24 00:00:00+00:00,2021,144,,0.039461,0.041538
2021-05-25 00:00:00+00:00,2021,145,,0.039220,0.044291
2021-05-26 00:00:00+00:00,2021,146,,0.038979,0.046300
2021-05-27 00:00:00+00:00,2021,147,0.038739,0.038739,0.047755
2021-05-28 00:00:00+00:00,2021,148,,0.049950,0.048595
2021-05-29 00:00:00+00:00,2021,149,0.061162,0.061162,0.048452
2021-05-30 00:00:00+00:00,2021,150,0.099137,0.099137,0.046804
2021-05-31 00:00:00+00:00,2021,151,,0.060354,0.042135
2021-06-01 00:00:00+00:00,2021,152,0.021571,0.021571,0.035996
2021-06-02 00:00:00+00:00,2021,153,,0.015591,0.029938
2021-06-03 00:00:00+00:00,2021,154,0.009612,0.009612,0.024181
2021-06-04 00:00:00+00:00,2021,155,0.011558,0.011558,0.018944
2021-06-05 00:00:00+00:00,2021,156,0.008609,0.008609,0.014362
2021-06-06 00:00:00+00:00,2021,157,0.010585,0.010585,0.010769
2021-06-07 00:00:00+00:00,2021,158,,0.009223,0.008845
2021-06-08 00:00:00+00:00,2021,159,0.007861,0.007861,0.007838
2021-06-09 00:00:00+00:00,2021,160,0.006941,0.006941,0.007026
2021-06-10 00:00:00+00:00,2021,161,0.005988,0.005988,0.006344
2021-06-11 00:00:00+00:00,2021,162,,0.005258,0.005704
2021-06-12 00:00:00+00:00,2021,163,,0.004528,0.005169
2021-06-13 00:00:00+00:00,2021,164,,0.003798,0.004712
2021-06-14 00:00:00+00:00,2021,165,0.003068,0.003068,0.004392
2021-06-15 00:00:00+00:00,2021,166,0.003668,0.003668,0.004219
2021-06-16 00:00:00+00:00,2021,167,0.004664,0.004664,0.004165
2021-06-17 00:00:00+00:00,2021,168,,0.004394,0.004197
2021-06-18 00:00:00+00:00,2021,169,0.004124,0.004124,0.004265
2021-06-19 00:00:00+00:00,2021,170,0.004298,0.004298,0.004360
2021-06-20 00:00:00+00:00,2021,171,0.003686,0.003686,0.004458
2021-06-21 00:00:00+00:00,2021,172,0.004116,0.004116,0.004566
2021-06-22 00:00:00+00:00,2021,173,,0.005347,0.004647
2021-06-23 00:00:00+00:00,2021,174,0.006579,0.006579,0.004659
2021-06-24 00:00:00+00:00,2021,175,0.004535,0.004535,0.004583
2021-06-25 00:00:00+00:00,2021,176,,0.004366,0.004491
2021-06-26 00:00:00+00:00,2021,177,,0.004196,0.004382
2021-06-27 00:00:00+00:00,2021,178,,0.004027,0.004263
2021-06-28 00:00:00+00:00,2021,179,,0.003858,0.004126
2021-06-29 00:00:00+00:00,2021,180,,0.003689,0.003981
2021-06-30 00:00:00+00:00,2021,181,,,
2021-07-01 00:00:00+00:00,2021,182,,,
2021-07-02 00:00:00+00:00,2021,183,,,
2021-07-03 00:00:00+00:00,2021,184,,,
2021-07-04 00:00:00+00:00,2021,185,,,
2021-07-05 00:00:00+00:00,2021,186,,,
2021-07-06 00:00:00+00:00,2021,187,,,
2021-07-07 00:00:00+00:00,2021,188,,,
2021-07-08 00:00:00+00:00,2021,189,,,
2021-07-09 00:00:00+00:00,2021,190,0.001997,0.001997,
2021-07-10 00:00:00+00:00,2021,191,0.002957,0.002957,
2021-07-11 00:00:00+00:00,2021,192,0.003240,0.003240,
2021-07-12 00:00:00+00:00,2021,193,,,
2021-07-13 00:00:00+00:00,2021,194,,,
2021-07-14 00:00:00+00:00,2021,195,,,
2021-07-15 00:00:00+00:00,2021,196,,,
2021-07-16 00:00:00+00:00,2021,197,,,
2021-07-17 00:00:00+00:00,2021,198,,,
2021-07-18 00:00:00+00:00,2021,199,,,
2021-07-19 00:00:00+00:00,2021,200,,,
2021-07-20 00:00:00+00:00,2021,201,,,
2021-07-21 00:00:00+00:00,2021,202,,,
2021-07-22 00:00:00+00:00,2021,203,,,
2021-07-23 00:00:00+00:00,2021,204,,,
2021-07-24 00:00:00+00:00,2021,205,,,
2021-07-25 00:00:00+00:00,2021,206,,,
2021-07-26 00:00:00+00:00,2021,207,,,
2021-07-27 00:00:00+00:00,2021,208,,,
2021-07-28 00:00:00+00:00,2021,209,,,
2021-07-29 00:00:00+00:00,2021,210,,,
2021-07-30 00:00:00+00:00,2021,211,,,
2021-07-31 00:00:00+00:00,2021,212,,,
2021-08-01 00:00:00+00:00,2021,213,,,
2021-08-02 00:00:00+00:00,2021,214,,,
2021-08-03 00:00:00+00:00,2021,215,,,
2021-08-04 00:00:00+00:00,2021,216,,,
2021-08-05 00:00:00+00:00,2021,217,,,
2021-08-06 00:00:00+00:00,2021,218,,,
2021-08-07 00:00:00+00:00,2021,219,,,
2021-08-08 00:00:00+00:00,2021,220,,,
2021-08-09 00:00:00+00:00,2021,221,,,
2021-08-10 00:00:00+00:00,2021,222,,,
2021-08-11 00:00:00+00:00,2021,223,,,
2021-08-12 00:00:00+00:00,2021,224,,,
2021-08-13 00:00:00+00:00,2021,225,,,
2021-08-14 00:00:00+00:00,2021,226,,,
2021-08-15 00:00:00+00:00,2021,227,,,
2021-08-16 00:00:00+00:00,2021,228,,,
2021-08-17 00:00:00+00:00,2021,229,,,
2021-08-18 00:00:00+00:00,2021,230,,,
2021-08-19 00:00:00+00:00,2021,231,,,
2021-08-20 00:00:00+00:00,2021,232,,,
2021-08-21 00:00:00+00:00,2021,233,,,
2021-08-22 00:00:00+00:00,2021,234,,,
2021-08-23 00:00:00+00:00,2021,235,,,
2021-08-24 00:00:00+00:00,2021,236,,,
2021-08-25 00:00:00+00:00,2021,237,,,
2021-08-26 00:00:00+00:00,2021,238,,,
2021-08-27 00:00:00+00:00,2021,239,,,
2021-08-28 00:00:00+00:00,2021,240,,,
2021-08-29 00:00:00+00:00,2021,241,,,
2021-08-30 00:00:00+00:00,2021,242,,,
2021-08-31 00:00:00+00:00,2021,243,,,
2021-09-01 00:00:00+00:00,2021,244,,,
2021-09-02 00:00:00+00:00,2021,245,,,
2021-09-03 00:00:00+00:00,2021,246,,,
2021-09-04 00:00:00+00:00,2021,247,,,
2021-09-05 00:00:00+00:00,2021,248,,,
2021-09-06 00:00:00+00:00,2021,249,,,
2021-09-07 00:00:00+00:00,2021,250,,,
2021-09-08 00:00:00+00:00,2021,251,,,
2021-09-09 00:00:00+00:00,2021,252,,,
2021-09-10 00:00:00+00:00,2021,253,,,
2021-09-11 00:00:00+00:00,2021,254,,,
2021-09-12 00:00:00+00:00,2021,255,,,
2021-09-13 00:00:00+00:00,2021,256,,,
2021-09-14 00:00:00+00:00,2021,257,,,
2021-09-15 00:00:00+00:00,2021,258,,,
2021-09-16 00:00:00+00:00,2021,259,,,
2021-09-17 00:00:00+00:00,2021,260,,,
2021-09-18 00:00:00+00:00,2021,261,,,
2021-09-19 00:00:00+00:00,2021,262,,,
2021-09-20 00:00:00+00:00,2021,263,,,
2021-09-21 00:00:00+00:00,2021,264,,,
2021-09-22 00:00:00+00:00,2021,265,,,
2021-09-23 00:00:00+00:00,2021,266,,,
2021-09-24 00:00:00+00:00,2021,267,,,
2021-09-25 00:00:00+00:00,2021,268,,,
2021-09-26 00:00:00+00:00,2021,269,,,
2021-09-27 00:00:00+00:00,2021,270,,,
2021-09-28 00:00:00+00:00,2021,271,,,
2021-09-29 00:00:00+00:00,2021,272,,,
2021-09-30 00:00:00+00:00,2021,273,,,
2021-10-01 00:00:00+00:00,2021,274,,,
2021-10-02 00:00:00+00:00,2021,275,,,
2021-10-03 00:00:00+00:00,2021,276,,,
2021-10-04 00:00:00+00:00,2021,277,,,
2021-10-05 00:00:00+00:00,2021,278,,,
2021-10-06 00:00:00+00:00,2021,279,,,
2021-10-07 00:00:00+00:00,2021,280,,,
2021-10-08 00:00:00+00:00,2021,281,,,
2021-10-09 00:00:00+00:00,2021,282,,,
2021-10-10 00:00:00+00:00,2021,283,,,
2021-10-11 00:00:00+00:00,2021,284,,,
2021-10-12 00:00:00+00:00,2021,285,,,
2021-10-13 00:00:00+00:00,2021,286,,,
2021-10-14 00:00:00+00:00,2021,287,,,
2021-10-15 00:00:00+00:00,2021,288,,,
2021-10-16 00:00:00+00:00,2021,289,,,
2021-10-17 00:00:00+00:00,2021,290,,,
2021-10-18 00:00:00+00:00,2021,291,,,
2021-10-19 00:00:00+00:00,2021,292,,,
2021-10-20 00:00:00+00:00,2021,293,,,
2021-10-21 00:00:00+00:00,2021,294,,,
2021-10-22 00:00:00+00:00,2021,295,,,
2021-10-23 00:00:00+00:00,2021,296,,,
2021-10-24 00:00:00+00:00,2021,297,,,
2021-10-25 00:00:00+00:00,2021,298,,,
2021-10-26 00:00:00+00:00,2021,299,,,
2021-10-27 00:00:00+00:00,2021,300,,,
2021-10-28 00:00:00+00:00,2021,301,,,
2021-10-29 00:00:00+00:00,2021,302,,,
2021-10-30 00:00:00+00:00,2021,303,,,
2021-10-31 00:00:00+00:00,2021,304,,,
2021-11-01 00:00:00+00:00,2021,305,,,
2021-11-02 00:00:00+00:00,2021,306,,,
2021-11-03 00:00:00+00:00,2021,307,,,
2021-11-04 00:00:00+00:00,2021,308,,,
2021-11-05 00:00:00+00:00,2021,309,,,
2021-11-06 00:00:00+00:00,2021,310,,,
2021-11-07 00:00:00+00:00,2021,311,,,
2021-11-08 00:00:00+00:00,2021,312,,,
2021-11-09 00:00:00+00:00,2021,313,,,
2021-11-10 00:00:00+00:00,2021,314,,,
2021-11-11 00:00:00+00:00,2021,315,,,
2021-11-12 00:00:00+00:00,2021,316,,,
2021-11-13 00:00:00+00:00,2021,317,,,
2021-11-14 00:00:00+00:00,2021,318,,,
2021-11-15 00:00:00+00:00,2021,319,,,
2021-11-16 00:00:00+00:00,2021,320,,,
2021-11-17 00:00:00+00:00,2021,321,,,
2021-11-18 00:00:00+00:00,2021,322,,,
2021-11-19 00:00:00+00:00,2021,323,,,
2021-11-20 00:00:00+00:00,2021,324,,,
2021-11-21 00:00:00+00:00,2021,325,,,
2021-11-22 00:00:00+00:00,2021,326,,,
2021-11-23 00:00:00+00:00,2021,327,,,
2021-11-24 00:00:00+00:00,2021,328,,,
2021-11-25 00:00:00+00:00,2021,329,,,
2021-11-26 00:00:00+00:00,2021,330,,,
2021-11-27 00:00:00+00:00,2021,331,,,
2021-11-28 00:00:00+00:00,2021,332,,,
2021-11-29 00:00:00+00:00,2021,333,,,
2021-11-30 00:00:00+00:00,2021,334,,,
2021-12-01 00:00:00+00:00,2021,335,,,
2021-12-02 00:00:00+00:00,2021,336,,,
2021-12-03 00:00:00+00:00,2021,337,,,
2021-12-04 00:00:00+00:00,2021,338,,,
2021-12-05 00:00:00+00:00,2021,339,,,
2021-12-06 00:00:00+00:00,2021,340,,,
2021-12-07 00:00:00+00:00,2021,341,,,
2021-12-08 00:00:00+00:00,2021,342,,,
2021-12-09 00:00:00+00:00,2021,343,,,
2021-12-10 00:00:00+00:00,2021,344,,,
2021-12-11 00:00:00+00:00,2021,345,,,
2021-12-12 00:00:00+00:00,2021,346,,,
2021-12-13 00:00:00+00:00,2021,347,,,
2021-12-14 00:00:00+00:00,2021,348,,,
2021-12-15 00:00:00+00:00,2021,349,,,
2021-12-16 00:00:00+00:00,2021,350,,,
2021-12-17 00:00:00+00:00,2021,351,,,
2021-12-18 00:00:00+00:00,2021,352,,,
2021-12-19 00:00:00+00:00,2021,353,,,
2021-12-20 00:00:00+00:00,2021,354,,,
2021-12-21 00:00:00+00:00,2021,355,,,
2021-12-22 00:00:00+00:00,2021,356,,,
2021-12-23 00:00:00+00:00,2021,357,,,
2021-12-24 00:00:00+00:00,2021,358,,,
2021-12-25 00:00:00+00:00,2021,359,,,
2021-12-26 00:00:00+00:00,2021,360,,,
2021-12-27 00:00:00+00:00,2021,361,,,
2021-12-28 00:00:00+00:00,2021,362,,,
2021-12-29 00:00:00+00:00,2021,363,,,
2021-12-30 00:00:00+00:00,2021,364,,,
2021-12-31 00:00:00+00:00,2021,365,,,
2022-01-01 00:00:00+00:00,2022,1,,,
2022-01-02 00:00:00+00:00,2022,2,,,
2022-01-03 00:00:00+00:00,2022,3,,,
2022-01-04 00:00:00+00:00,2022,4,,,
2022-01-05 00:00:00+00:00,2022,5,,,
2022-01-06 00:00:00+00:00,2022,6,,,
2022-01-07 00:00:00+00:00,2022,7,,,
2022-01-08 00:00:00+00:00,2022,8,,,
2022-01-09 00:00:00+00:00,2022,9,,,
2022-01-10 00:00:00+00:00,2022,10,,,
2022-01-11 00:00:00+00:00,2022,11,,,
2022-01-12 00:00:00+00:00,2022,12,,,
2022-01-13 00:00:00+00:00,2022,13,,,
2022-01-14 00:00:00+00:00,2022,14,,,
2022-01-15 00:00:00+00:00,2022,15,,,
2022-01-16 00:00:00+00:00,2022,16,,,
2022-01-17 00:00:00+00:00,2022,17,,,
2022-01-18 00:00:00+00:00,2022,18,,,
2022-01-19 00:00:00+00:00,2022,19,,,
2022-01-20 00:00:00+00:00,2022,20,,,
2022-01-21 00:00:00+00:00,2022,21,,,
2022-01-22 00:00:00+00:00,2022,22,,,
2022-01-23 00:00:00+00:00,2022,23,,,
2022-01-24 00:00:00+00:00,2022,24,,,
2022-01-25 00:00:00+00:00,2022,25,,,
2022-01-26 00:00:00+00:00,2022,26,,,
2022-01-27 00:00:00+00:00,2022,27,,,
2022-01-28 00:00:00+00:00,2022,28,,,
2022-01-29 00:00:00+00:00,2022,29,,,
2022-01-30 00:00:00+00:00,2022,30,,,
2022-01-31 00:00:00+00:00,2022,31,,,
2022-02-01 00:00:00+00:00,2022,32,,,
2022-02-02 00:00:00+00:00,2022,33,,,
2022-02-03 00:00:00+00:00,2022,34,,,
2022-02-04 00:00:00+00:00,2022,35,,,
2022-02-05 00:00:00+00:00,2022,36,,,
2022-02-06 00:00:00+00:00,2022,37,,,
2022-02-07 00:00:00+00:00,2022,38,,,
2022-02-08 00:00:00+00:00,2022,39,,,
2022-02-09 00:00:00+00:00,2022,40,,,
2022-02-10 00:00:00+00:00,2022,41,,,
2022-02-11 00:00:00+00:00,2022,42,,,
2022-02-12 00:00:00+00:00,2022,43,,,
2022-02-13 00:00:00+00:00,2022,44,,,
2022-02-14 00:00:00+00:00,2022,45,,,
2022-02-15 00:00:00+00:00,2022,46,,,
2022-02-16 00:00:00+00:00,2022,47,,,
2022-02-17 00:00:00+00:00,2022,48,,,
2022-02-18 00:00:00+00:00,2022,49,0.999602,0.999602,
2022-02-19 00:00:00+00:00,2022,50,,,
2022-02-20 00:00:00+00:00,2022,51,,,
2022-02-21 00:00:00+00:00,2022,52,0.905903,0.905903,
2022-02-22 00:00:00+00:00,2022,53,,0.952951,0.939972
2022-02-23 00:00:00+00:00,2022,54,1.000000,1.000000,0.933375
2022-02-24 00:00:00+00:00,2022,55,0.937847,0.937847,0.924413
2022-02-25 00:00:00+00:00,2022,56,,0.910247,0.917484
2022-02-26 00:00:00+00:00,2022,57,,0.882647,0.912357
2022-02-27 00:00:00+00:00,2022,58,,0.855047,0.905859
2022-02-28 00:00:00+00:00,2022,59,0.827447,0.827447,0.899647
2022-03-01 00:00:00+00:00,2022,60,0.933278,0.933278,0.895253
2022-03-02 00:00:00+00:00,2022,61,,0.966639,0.890249
2022-03-03 00:00:00+00:00,2022,62,1.000000,1.000000,0.884008
2022-03-04 00:00:00+00:00,2022,63,,0.873459,0.873674
2022-03-05 00:00:00+00:00,2022,64,0.746917,0.746917,0.864790
2022-03-06 00:00:00+00:00,2022,65,,0.792507,0.862900
2022-03-07 00:00:00+00:00,2022,66,,0.838096,0.866522
2022-03-08 00:00:00+00:00,2022,67,0.883685,0.883685,0.873230
2022-03-09 00:00:00+00:00,2022,68,,0.872654,0.883323
2022-03-10 00:00:00+00:00,2022,69,0.861623,0.861623,0.897934
2022-03-11 00:00:00+00:00,2022,70,,0.907749,0.917911
2022-03-12 00:00:00+00:00,2022,71,,0.953874,0.939071
2022-03-13 00:00:00+00:00,2022,72,1.000000,1.000000,0.956869
2022-03-14 00:00:00+00:00,2022,73,,1.000000,0.970275
2022-03-15 00:00:00+00:00,2022,74,1.000000,1.000000,0.980132
2022-03-16 00:00:00+00:00,2022,75,1.000000,1.000000,0.987399
2022-03-17 00:00:00+00:00,2022,76,0.986184,0.986184,0.991880
2022-03-18 00:00:00+00:00,2022,77,1.000000,1.000000,0.993975
2022-03-19 00:00:00+00:00,2022,78,,0.996132,0.994126
2022-03-20 00:00:00+00:00,2022,79,0.992264,0.992264,0.993493
2022-03-21 00:00:00+00:00,2022,80,0.987987,0.987987,0.993030
2022-03-22 00:00:00+00:00,2022,81,,0.989407,0.992869
2022-03-23 00:00:00+00:00,2022,82,0.990826,0.990826,0.992993
2022-03-24 00:00:00+00:00,2022,83,,0.993884,0.993383
2022-03-25 00:00:00+00:00,2022,84,,0.996942,0.993536
2022-03-26 00:00:00+00:00,2022,85,1.000000,1.000000,0.993652
2022-03-27 00:00:00+00:00,2022,86,0.992831,0.992831,0.993568
2022-03-28 00:00:00+00:00,2022,87,0.990797,0.990797,0.993504
2022-03-29 00:00:00+00:00,2022,88,,0.992756,0.993463
2022-03-30 00:00:00+00:00,2022,89,0.994714,0.994714,0.993415
2022-03-31 00:00:00+00:00,2022,90,0.989969,0.989969,0.993331
2022-04-01 00:00:00+00:00,2022,91,,0.992029,0.993489
2022-04-02 00:00:00+00:00,2022,92,0.994089,0.994089,0.993888
2022-04-03 00:00:00+00:00,2022,93,,0.994404,0.994528
2022-04-04 00:00:00+00:00,2022,94,0.994719,0.994719,0.995251
2022-04-05 00:00:00+00:00,2022,95,,0.995775,0.995997
2022-04-06 00:00:00+00:00,2022,96,,0.996831,0.996768
2022-04-07 00:00:00+00:00,2022,97,,0.997887,0.997560
2022-04-08 00:00:00+00:00,2022,98,,0.998944,0.998234
2022-04-09 00:00:00+00:00,2022,99,1.000000,1.000000,0.998777
2022-04-10 00:00:00+00:00,2022,100,1.000000,1.000000,0.999177
2022-04-11 00:00:00+00:00,2022,101,0.999808,0.999808,0.999457
2022-04-12 00:00:00+00:00,2022,102,1.000000,1.000000,0.999633
2022-04-13 00:00:00+00:00,2022,103,,0.999993,0.999723
2022-04-14 00:00:00+00:00,2022,104,0.999987,0.999987,0.999731
2022-04-15 00:00:00+00:00,2022,105,0.999489,0.999489,0.999616
2022-04-16 00:00:00+00:00,2022,106,0.998894,0.998894,0.999360
2022-04-17 00:00:00+00:00,2022,107,0.999683,0.999683,0.998948
2022-04-18 00:00:00+00:00,2022,108,,0.999842,0.998285
2022-04-19 00:00:00+00:00,2022,109,1.000000,1.000000,0.997302
2022-04-20 00:00:00+00:00,2022,110,0.999100,0.999100,0.995933
2022-04-21 00:00:00+00:00,2022,111,,0.996106,0.994155
2022-04-22 00:00:00+00:00,2022,112,,0.993113,0.992029
2022-04-23 00:00:00+00:00,2022,113,,0.990119,0.989605
2022-04-24 00:00:00+00:00,2022,114,,0.987125,0.986932
2022-04-25 00:00:00+00:00,2022,115,,0.984131,0.984769
2022-04-26 00:00:00+00:00,2022,116,,0.981137,0.983229
2022-04-27 00:00:00+00:00,2022,117,,0.978143,0.982442
2022-04-28 00:00:00+00:00,2022,118,,0.975149,0.982520
2022-04-29 00:00:00+00:00,2022,119,,0.972155,0.983529
2022-04-30 00:00:00+00:00,2022,120,0.969161,0.969161,0.985527
2022-05-01 00:00:00+00:00,2022,121,0.999547,0.999547,0.988578
2022-05-02 00:00:00+00:00,2022,122,0.998901,0.998901,0.991383
2022-05-03 00:00:00+00:00,2022,123,,0.999223,0.993908
2022-05-04 00:00:00+00:00,2022,124,,0.999545,0.996080
2022-05-05 00:00:00+00:00,2022,125,0.999867,0.999867,0.997818
2022-05-06 00:00:00+00:00,2022,126,0.999588,0.999588,0.998949
2022-05-07 00:00:00+00:00,2022,127,0.999848,0.999848,0.999421
2022-05-08 00:00:00+00:00,2022,128,,0.999899,0.999157
2022-05-09 00:00:00+00:00,2022,129,,0.999949,0.998775
2022-05-10 00:00:00+00:00,2022,130,1.000000,1.000000,0.998365
2022-05-11 00:00:00+00:00,2022,131,0.999684,0.999684,0.997913
2022-05-12 00:00:00+00:00,2022,132,0.994874,0.994874,0.997449
2022-05-13 00:00:00+00:00,2022,133,,0.994681,0.997185
2022-05-14 00:00:00+00:00,2022,134,0.994487,0.994487,0.997058
2022-05-15 00:00:00+00:00,2022,135,0.994519,0.994519,0.996473
2022-05-16 00:00:00+00:00,2022,136,0.999539,0.999539,0.994820
2022-05-17 00:00:00+00:00,2022,137,0.998774,0.998774,0.991284
2022-05-18 00:00:00+00:00,2022,138,,0.999224,0.985288
2022-05-19 00:00:00+00:00,2022,139,0.999673,0.999673,0.976199
2022-05-20 00:00:00+00:00,2022,140,0.996527,0.996527,0.958796
2022-05-21 00:00:00+00:00,2022,141,,0.966652,0.941425
2022-05-22 00:00:00+00:00,2022,142,,0.936777,0.923626
2022-05-23 00:00:00+00:00,2022,143,,0.906901,0.904945
2022-05-24 00:00:00+00:00,2022,144,,0.877026,0.885028
2022-05-25 00:00:00+00:00,2022,145,0.847150,0.847150,0.863404
2022-05-26 00:00:00+00:00,2022,146,0.597148,0.597148,0.840572
2022-05-27 00:00:00+00:00,2022,147,0.999911,0.999911,0.826245
2022-05-28 00:00:00+00:00,2022,148,,0.917848,0.803423
2022-05-29 00:00:00+00:00,2022,149,,0.835786,0.768082
2022-05-30 00:00:00+00:00,2022,150,,0.753723,0.725065
2022-05-31 00:00:00+00:00,2022,151,0.671660,0.671660,0.675813
2022-06-01 00:00:00+00:00,2022,152,0.635844,0.635844,0.620295
2022-06-02 00:00:00+00:00,2022,153,,0.611415,0.556587
2022-06-03 00:00:00+00:00,2022,154,0.586986,0.586986,0.480514
2022-06-04 00:00:00+00:00,2022,155,0.255652,0.255652,0.401223
2022-06-05 00:00:00+00:00,2022,156,0.358647,0.358647,0.330490
2022-06-06 00:00:00+00:00,2022,157,0.295071,0.295071,0.262366
2022-06-07 00:00:00+00:00,2022,158,,0.159181,0.197700
2022-06-08 00:00:00+00:00,2022,159,0.023290,0.023290,0.140293
2022-06-09 00:00:00+00:00,2022,160,,0.019806,0.094958
2022-06-10 00:00:00+00:00,2022,161,,0.016322,0.061307
2022-06-11 00:00:00+00:00,2022,162,,0.012837,0.038991
2022-06-12 00:00:00+00:00,2022,163,,0.009353,0.021398
2022-06-13 00:00:00+00:00,2022,164,,0.005869,0.010777
2022-06-14 00:00:00+00:00,2022,165,0.002385,0.002385,0.005966
2022-06-15 00:00:00+00:00,2022,166,0.002232,0.002232,0.004330
2022-06-16 00:00:00+00:00,2022,167,0.000748,0.000748,0.003102
2022-06-17 00:00:00+00:00,2022,168,,0.001078,0.002270
2022-06-18 00:00:00+00:00,2022,169,,0.001407,0.001749
2022-06-19 00:00:00+00:00,2022,170,0.001737,0.001737,0.001478
2022-06-20 00:00:00+00:00,2022,171,0.001292,0.001292,0.001401
2022-06-21 00:00:00+00:00,2022,172,,0.001224,0.001540
2022-06-22 00:00:00+00:00,2022,173,,0.001156,0.001907
2022-06-23 00:00:00+00:00,2022,174,,0.001089,0.002462
2022-06-24 00:00:00+00:00,2022,175,0.001021,0.001021,0.003107
2022-06-25 00:00:00+00:00,2022,176,,0.002298,0.003867
2022-06-26 00:00:00+00:00,2022,177,0.003575,0.003575,0.004731
2022-06-27 00:00:00+00:00,2022,178,,0.007367,0.005527
2022-06-28 00:00:00+00:00,2022,179,0.011158,0.011158,0.006044
2022-06-29 00:00:00+00:00,2022,180,,0.009370,0.006074
2022-06-30 00:00:00+00:00,2022,181,,,
2022-07-01 00:00:00+00:00,2022,182,0.005792,0.005792,
2022-07-02 00:00:00+00:00,2022,183,,,
2022-07-03 00:00:00+00:00,2022,184,0.002472,0.002472,
2022-07-04 00:00:00+00:00,2022,185,0.001988,0.001988,
2022-07-05 00:00:00+00:00,2022,186,0.001182,0.001182,
2022-07-06 00:00:00+00:00,2022,187,0.000874,0.000874,
2022-07-07 00:00:00+00:00,2022,188,,,
2022-07-08 00:00:00+00:00,2022,189,,,
2022-07-09 00:00:00+00:00,2022,190,0.000765,0.000765,
2022-07-10 00:00:00+00:00,2022,191,,,
2022-07-11 00:00:00+00:00,2022,192,0.000453,0.000453,
2022-07-12 00:00:00+00:00,2022,193,,,
2022-07-13 00:00:00+00:00,2022,194,,,
2022-07-14 00:00:00+00:00,2022,195,0.000476,0.000476,
2022-07-15 00:00:00+00:00,2022,196,0.000414,0.000414,
2022-07-16 00:00:00+00:00,2022,197,,,
2022-07-17 00:00:00+00:00,2022,198,,,
2022-07-18 00:00:00+00:00,2022,199,,,
2022-07-19 00:00:00+00:00,2022,200,,,
2022-07-20 00:00:00+00:00,2022,201,,,
2022-07-21 00:00:00+00:00,2022,202,,,
2022-07-22 00:00:00+00:00,2022,203,,,
2022-07-23 00:00:00+00:00,2022,204,,,
2022-07-24 00:00:00+00:00,2022,205,,,
2022-07-25 00:00:00+00:00,2022,206,,,
2022-07-26 00:00:00+00:00,2022,207,,,
2022-07-27 00:00:00+00:00,2022,208,,,
2022-07-28 00:00:00+00:00,2022,209,,,
2022-07-29 00:00:00+00:00,2022,210,,,
2022-07-30 00:00:00+00:00,2022,211,,,
2022-07-31 00:00:00+00:00,2022,212,,,
2022-08-01 00:00:00+00:00,2022,213,,,
2022-08-02 00:00:00+00:00,2022,214,,,
2022-08-03 00:00:00+00:00,2022,215,,,
2022-08-04 00:00:00+00:00,2022,216,,,
2022-08-05 00:00:00+00:00,2022,217,,,
2022-08-06 00:00:00+00:00,2022,218,,,
2022-08-07 00:00:00+00:00,2022,219,,,
2022-08-08 00:00:00+00:00,2022,220,,,
2022-08-09 00:00:00+00:00,2022,221,,,
2022-08-10 00:00:00+00:00,2022,222,,,
2022-08-11 00:00:00+00:00,2022,223,,,
2022-08-12 00:00:00+00:00,2022,224,,,
2022-08-13 00:00:00+00:00,2022,225,,,
2022-08-14 00:00:00+00:00,2022,226,,,
2022-08-15 00:00:00+00:00,2022,227,,,
2022-08-16 00:00:00+00:00,2022,228,,,
2022-08-17 00:00:00+00:00,2022,229,,,
2022-08-18 00:00:00+00:00,2022,230,,,
2022-08-19 00:00:00+00:00,2022,231,,,
2022-08-20 00:00:00+00:00,2022,232,,,
2022-08-21 00:00:00+00:00,2022,233,,,
2022-08-22 00:00:00+00:00,2022,234,,,
2022-08-23 00:00:00+00:00,2022,235,,,
2022-08-24 00:00:00+00:00,2022,236,,,
2022-08-25 00:00:00+00:00,2022,237,,,
2022-08-26 00:00:00+00:00,2022,238,,,
2022-08-27 00:00:00+00:00,2022,239,,,
2022-08-28 00:00:00+00:00,2022,240,,,
2022-08-29 00:00:00+00:00,2022,241,,,
2022-08-30 00:00:00+00:00,2022,242,,,
2022-08-31 00:00:00+00:00,2022,243,,,
2022-09-01 00:00:00+00:00,2022,244,,,
2022-09-02 00:00:00+00:00,2022,245,,,
2022-09-03 00:00:00+00:00,2022,246,,,
2022-09-04 00:00:00+00:00,2022,247,,,
2022-09-05 00:00:00+00:00,2022,248,,,
2022-09-06 00:00:00+00:00,2022,249,,,
2022-09-07 00:00:00+00:00,2022,250,,,
2022-09-08 00:00:00+00:00,2022,251,,,
2022-09-09 00:00:00+00:00,2022,252,,,
2022-09-10 00:00:00+00:00,2022,253,,,
2022-09-11 00:00:00+00:00,2022,254,,,
2022-09-12 00:00:00+00:00,2022,255,,,
2022-09-13 00:00:00+00:00,2022,256,,,
2022-09-14 00:00:00+00:00,2022,257,,,
2022-09-15 00:00:00+00:00,2022,258,,,
2022-09-16 00:00:00+00:00,2022,259,,,
2022-09-17 00:00:00+00:00,2022,260,,,
2022-09-18 00:00:00+00:00,2022,261,,,
2022-09-19 00:00:00+00:00,2022,262,,,
2022-09-20 00:00:00+00:00,2022,263,,,
2022-09-21 00:00:00+00:00,2022,264,,,
2022-09-22 00:00:00+00:00,2022,265,,,
2022-09-23 00:00:00+00:00,2022,266,,,
2022-09-24 00:00:00+00:00,2022,267,,,
2022-09-25 00:00:00+00:00,2022,268,,,
2022-09-26 00:00:00+00:00,2022,269,,,
2022-09-27 00:00:00+00:00,2022,270,,,
2022-09-28 00:00:00+00:00,2022,271,,,
2022-09-29 00:00:00+00:00,2022,272,,,
2022-09-30 00:00:00+00:00,2022,273,,,
2022-10-01 00:00:00+00:00,2022,274,,,
2022-10-02 00:00:00+00:00,2022,275,,,
2022-10-03 00:00:00+00:00,2022,276,,,
2022-10-04 00:00:00+00:00,2022,277,,,
2022-10-05 00:00:00+00:00,2022,278,,,
2022-10-06 00:00:00+00:00,2022,279,,,
2022-10-07 00:00:00+00:00,2022,280,,,
2022-10-08 00:00:00+00:00,2022,281,,,
2022-10-09 00:00:00+00:00,2022,282,,,
2022-10-10 00:00:00+00:00,2022,283,,,
2022-10-11 00:00:00+00:00,2022,284,,,
2022-10-12 00:00:00+00:00,2022,285,,,
2022-10-13 00:00:00+00:00,2022,286,,,
2022-10-14 00:00:00+00:00,2022,287,,,
2022-10-15 00:00:00+00:00,2022,288,,,
2022-10-16 00:00:00+00:00,2022,289,,,
2022-10-17 00:00:00+00:00,2022,290,,,
2022-10-18 00:00:00+00:00,2022,291,,,
2022-10-19 00:00:00+00:00,2022,292,,,
2022-10-20 00:00:00+00:00,2022,293,,,
2022-10-21 00:00:00+00:00,2022,294,,,
2022-10-22 00:00:00+00:00,2022,295,,,
2022-10-23 00:00:00+00:00,2022,296,,,
2022-10-24 00:00:00+00:00,2022,297,,,
2022-10-25 00:00:00+00:00,2022,298,,,
2022-10-26 00:00:00+00:00,2022,299,,,
2022-10-27 00:00:00+00:00,2022,300,,,
2022-10-28 00:00:00+00:00,2022,301,,,
2022-10-29 00:00:00+00:00,2022,302,,,
2022-10-30 00:00:00+00:00,2022,303,,,
2022-10-31 00:00:00+00:00,2022,304,,,
2022-11-01 00:00:00+00:00,2022,305,,,
2022-11-02 00:00:00+00:00,2022,306,,,
2022-11-03 00:00:00+00:00,2022,307,,,
2022-11-04 00:00:00+00:00,2022,308,,,
2022-11-05 00:00:00+00:00,2022,309,,,
2022-11-06 00:00:00+00:00,2022,310,,,
2022-11-07 00:00:00+00:00,2022,311,,,
2022-11-08 00:00:00+00:00,2022,312,,,
2022-11-09 00:00:00+00:00,2022,313,,,
2022-11-10 00:00:00+00:00,2022,314,,,
2022-11-11 00:00:00+00:00,2022,315,,,
2022-11-12 00:00:00+00:00,2022,316,,,
2022-11-13 00:00:00+00:00,2022,317,,,
2022-11-14 00:00:00+00:00,2022,318,,,
2022-11-15 00:00:00+00:00,2022,319,,,
2022-11-16 00:00:00+00:00,2022,320,,,
2022-11-17 00:00:00+00:00,2022,321,,,
2022-11-18 00:00:00+00:00,2022,322,,,
2022-11-19 00:00:00+00:00,2022,323,,,
2022-11-20 00:00:00+00:00,2022,324,,,
2022-11-21 00:00:00+00:00,2022,325,,,
2022-11-22 00:00:00+00:00,2022,326,,,
2022-11-23 00:00:00+00:00,2022,327,,,
2022-11-24 00:00:00+00:00,2022,328,,,
2022-11-25 00:00:00+00:00,2022,329,,,
2022-11-26 00:00:00+00:00,2022,330,,,
2022-11-27 00:00:00+00:00,2022,331,,,
2022-11-28 00:00:00+00:00,2022,332,,,
2022-11-29 00:00:00+00:00,2022,333,,,
2022-11-30 00:00:00+00:00,2022,334,,,
2022-12-01 00:00:00+00:00,2022,335,,,
2022-12-02 00:00:00+00:00,2022,336,,,
2022-12-03 00:00:00+00:00,2022,337,,,
2022-12-04 00:00:00+00:00,2022,338,,,
2022-12-05 00:00:00+00:00,2022,339,,,
2022-12-06 00:00:00+00:00,2022,340,,,
2022-12-07 00:00:00+00:00,2022,341,,,
2022-12-08 00:00:00+00:00,2022,342,,,
2022-12-09 00:00:00+00:00,2022,343,,,
2022-12-10 00:00:00+00:00,2022,344,,,
2022-12-11 00:00:00+00:00,2022,345,,,
2022-12-12 00:00:00+00:00,2022,346,,,
2022-12-13 00:00:00+00:00,2022,347,,,
2022-12-14 00:00:00+00:00,2022,348,,,
2022-12-15 00:00:00+00:00,2022,349,,,
2022-12-16 00:00:00+00:00,2022,350,,,
2022-12-17 00:00:00+00:00,2022,351,,,
2022-12-18 00:00:00+00:00,2022,352,,,
2022-12-19 00:00:00+00:00,2022,353,,,
2022-12-20 00:00:00+00:00,2022,354,,,
2022-12-21 00:00:00+00:00,2022,355,,,
2022-12-22 00:00:00+00:00,2022,356,,,
2022-12-23 00:00:00+00:00,2022,357,,,
2022-12-24 00:00:00+00:00,2022,358,,,
2022-12-25 00:00:00+00:00,2022,359,,,
2022-12-26 00:00:00+00:00,2022,360,,,
2022-12-27 00:00:00+00:00,2022,361,,,
2022-12-28 00:00:00+00:00,2022,362,,,
2022-12-29 00:00:00+00:00,2022,363,,,
2022-12-30 00:00:00+00:00,2022,364,,,
2022-12-31 00:00:00+00:00,2022,365,,,
2023-01-01 00:00:00+00:00,2023,1,,,
2023-01-02 00:00:00+00:00,2023,2,,,
2023-01-03 00:00:00+00:00,2023,3,,,
2023-01-04 00:00:00+00:00,2023,4,,,
2023-01-05 00:00:00+00:00,2023,5,,,
2023-01-06 00:00:00+00:00,2023,6,,,
2023-01-07 00:00:00+00:00,2023,7,,,
2023-01-08 00:00:00+00:00,2023,8,,,
2023-01-09 00:00:00+00:00,2023,9,,,
2023-01-10 00:00:00+00:00,2023,10,,,
2023-01-11 00:00:00+00:00,2023,11,,,
2023-01-12 00:00:00+00:00,2023,12,,,
2023-01-13 00:00:00+00:00,2023,13,,,
2023-01-14 00:00:00+00:00,2023,14,,,
2023-01-15 00:00:00+00:00,2023,15,,,
2023-01-16 00:00:00+00:00,2023,16,,,
2023-01-17 00:00:00+00:00,2023,17,,,
2023-01-18 00:00:00+00:00,2023,18,,,
2023-01-19 00:00:00+00:00,2023,19,,,
2023-01-20 00:00:00+00:00,2023,20,,,
2023-01-21 00:00:00+00:00,2023,21,,,
2023-01-22 00:00:00+00:00,2023,22,,,
2023-01-23 00:00:00+00:00,2023,23,,,
2023-01-24 00:00:00+00:00,2023,24,,,
2023-01-25 00:00:00+00:00,2023,25,,,
2023-01-26 00:00:00+00:00,2023,26,,,
2023-01-27 00:00:00+00:00,2023,27,,,
2023-01-28 00:00:00+00:00,2023,28,,,
2023-01-29 00:00:00+00:00,2023,29,,,
2023-01-30 00:00:00+00:00,2023,30,,,
2023-01-31 00:00:00+00:00,2023,31,,,
2023-02-01 00:00:00+00:00,2023,32,,,
2023-02-02 00:00:00+00:00,2023,33,,,
2023-02-03 00:00:00+00:00,2023,34,,,
2023-02-04 00:00:00+00:00,2023,35,,,
2023-02-05 00:00:00+00:00,2023,36,,,
2023-02-06 00:00:00+00:00,2023,37,,,
2023-02-07 00:00:00+00:00,2023,38,,,
2023-02-08 00:00:00+00:00,2023,39,,,
2023-02-09 00:00:00+00:00,2023,40,,,
2023-02-10 00:00:00+00:00,2023,41,,,
2023-02-11 00:00:00+00:00,2023,42,,,
2023-02-12 00:00:00+00:00,2023,43,,,
2023-02-13 00:00:00+00:00,2023,44,,,
2023-02-14 00:00:00+00:00,2023,45,,,
2023-02-15 00:00:00+00:00,2023,46,,,
2023-02-16 00:00:00+00:00,2023,47,,,
2023-02-17 00:00:00+00:00,2023,48,,,
2023-02-18 00:00:00+00:00,2023,49,,,
2023-02-19 00:00:00+00:00,2023,50,,,
2023-02-20 00:00:00+00:00,2023,51,,,
2023-02-21 00:00:00+00:00,2023,52,0.935928,0.935928,
2023-02-22 00:00:00+00:00,2023,53,,0.810058,0.745280
2023-02-23 00:00:00+00:00,2023,54,0.684187,0.684187,0.715057
2023-02-24 00:00:00+00:00,2023,55,,0.632561,0.699031
2023-02-25 00:00:00+00:00,2023,56,,0.580935,0.688436
2023-02-26 00:00:00+00:00,2023,57,0.529308,0.529308,0.682498
2023-02-27 00:00:00+00:00,2023,58,,0.631820,0.680973
2023-02-28 00:00:00+00:00,2023,59,,0.734332,0.678076
2023-03-01 00:00:00+00:00,2023,60,,0.836844,0.674286
2023-03-02 00:00:00+00:00,2023,61,0.939356,0.939356,0.661412
2023-03-03 00:00:00+00:00,2023,62,0.588020,0.588020,0.631268
2023-03-04 00:00:00+00:00,2023,63,,0.550470,0.595704
2023-03-05 00:00:00+00:00,2023,64,0.512921,0.512921,0.555039
2023-03-06 00:00:00+00:00,2023,65,,0.500924,0.510103
2023-03-07 00:00:00+00:00,2023,66,0.488927,0.488927,0.463193
2023-03-08 00:00:00+00:00,2023,67,,0.418582,0.418128
2023-03-09 00:00:00+00:00,2023,68,,0.348236,0.381112
2023-03-10 00:00:00+00:00,2023,69,0.277891,0.277891,0.358347
2023-03-11 00:00:00+00:00,2023,70,0.270091,0.270091,0.346772
2023-03-12 00:00:00+00:00,2023,71,0.287272,0.287272,0.345045
2023-03-13 00:00:00+00:00,2023,72,0.273261,0.273261,0.357078
2023-03-14 00:00:00+00:00,2023,73,,0.333972,0.388578
2023-03-15 00:00:00+00:00,2023,74,,0.394684,0.436815
2023-03-16 00:00:00+00:00,2023,75,,0.455395,0.497869
2023-03-17 00:00:00+00:00,2023,76,0.516107,0.516107,0.567669
2023-03-18 00:00:00+00:00,2023,77,0.472268,0.472268,0.642276
2023-03-19 00:00:00+00:00,2023,78,,0.735863,0.723297
2023-03-20 00:00:00+00:00,2023,79,0.999459,0.999459,0.800369
2023-03-21 00:00:00+00:00,2023,80,,0.999143,0.862434
2023-03-22 00:00:00+00:00,2023,81,0.998827,0.998827,0.910732
2023-03-23 00:00:00+00:00,2023,82,0.991079,0.991079,0.946553
2023-03-24 00:00:00+00:00,2023,83,,0.989904,0.971489
2023-03-25 00:00:00+00:00,2023,84,0.988730,0.988730,0.986836
2023-03-26 00:00:00+00:00,2023,85,0.990923,0.990923,0.991769
2023-03-27 00:00:00+00:00,2023,86,,0.990331,0.991584
2023-03-28 00:00:00+00:00,2023,87,0.989739,0.989739,0.991690
2023-03-29 00:00:00+00:00,2023,88,,0.991568,0.992111
2023-03-30 00:00:00+00:00,2023,89,0.993398,0.993398,0.992769
2023-03-31 00:00:00+00:00,2023,90,0.993851,0.993851,0.993444
2023-04-01 00:00:00+00:00,2023,91,0.994903,0.994903,0.994107
2023-04-02 00:00:00+00:00,2023,92,0.995229,0.995229,0.994276
2023-04-03 00:00:00+00:00,2023,93,,0.995470,0.993572
2023-04-04 00:00:00+00:00,2023,94,,0.995711,0.992854
2023-04-05 00:00:00+00:00,2023,95,0.995952,0.995952,0.983841
2023-04-06 00:00:00+00:00,2023,96,,0.996566,0.965039
2023-04-07 00:00:00+00:00,2023,97,0.997181,0.997181,0.940044
2023-04-08 00:00:00+00:00,2023,98,,0.976931,0.912423
2023-04-09 00:00:00+00:00,2023,99,0.956681,0.956681,0.882740
2023-04-10 00:00:00+00:00,2023,100,0.999960,0.999960,0.851542
2023-04-11 00:00:00+00:00,2023,101,0.595212,0.595212,0.816784
2023-04-12 00:00:00+00:00,2023,102,0.520708,0.520708,0.796127
2023-04-13 00:00:00+00:00,2023,103,,0.696266,0.793753
2023-04-14 00:00:00+00:00,2023,104,0.871823,0.871823,0.803645
2023-04-15 00:00:00+00:00,2023,105,,0.857883,0.818522
2023-04-16 00:00:00+00:00,2023,106,,0.843942,0.838410
2023-04-17 00:00:00+00:00,2023,107,0.830001,0.830001,0.863338
2023-04-18 00:00:00+00:00,2023,108,,0.885668,0.894628
2023-04-19 00:00:00+00:00,2023,109,,0.941335,0.921620
2023-04-20 00:00:00+00:00,2023,110,0.997001,0.997001,0.940393
2023-04-21 00:00:00+00:00,2023,111,,0.990706,0.952130
2023-04-22 00:00:00+00:00,2023,112,,0.984410,0.959953
2023-04-23 00:00:00+00:00,2023,113,,0.978115,0.963118
2023-04-24 00:00:00+00:00,2023,114,,0.971820,0.948535
2023-04-25 00:00:00+00:00,2023,115,,0.965524,0.911892
2023-04-26 00:00:00+00:00,2023,116,,0.959229,0.854353
2023-04-27 00:00:00+00:00,2023,117,0.952933,0.952933,0.777687
2023-04-28 00:00:00+00:00,2023,118,,0.917835,0.683659
2023-04-29 00:00:00+00:00,2023,119,0.882737,0.882737,0.573950
2023-04-30 00:00:00+00:00,2023,120,0.242573,0.242573,0.450236
2023-05-01 00:00:00+00:00,2023,121,0.032710,0.032710,0.338893
2023-05-02 00:00:00+00:00,2023,122,0.021507,0.021507,0.248733
2023-05-03 00:00:00+00:00,2023,123,,0.039847,0.180458
2023-05-04 00:00:00+00:00,2023,124,,0.058187,0.133566
2023-05-05 00:00:00+00:00,2023,125,,0.076526,0.107475
2023-05-06 00:00:00+00:00,2023,126,,0.094866,0.101015
2023-05-07 00:00:00+00:00,2023,127,,0.113206,0.113015
2023-05-08 00:00:00+00:00,2023,128,,0.131545,0.129958
2023-05-09 00:00:00+00:00,2023,129,,0.149885,0.147108
2023-05-10 00:00:00+00:00,2023,130,0.168225,0.168225,0.159537
2023-05-11 00:00:00+00:00,2023,131,,0.182676,0.166151
2023-05-12 00:00:00+00:00,2023,132,,0.197128,0.166708
2023-05-13 00:00:00+00:00,2023,133,,0.211579,0.160969
2023-05-14 00:00:00+00:00,2023,134,,0.226031,0.148694
2023-05-15 00:00:00+00:00,2023,135,0.240483,0.240483,0.129643
2023-05-16 00:00:00+00:00,2023,136,0.046991,0.046991,0.103576
2023-05-17 00:00:00+00:00,2023,137,0.011612,0.011612,0.079783
2023-05-18 00:00:00+00:00,2023,138,,0.010415,0.061099
2023-05-19 00:00:00+00:00,2023,139,,0.009219,0.048888
2023-05-20 00:00:00+00:00,2023,140,,0.008022,0.043288
2023-05-21 00:00:00+00:00,2023,141,,0.006826,0.044439
2023-05-22 00:00:00+00:00,2023,142,0.005629,0.005629,0.052481
2023-05-23 00:00:00+00:00,2023,143,,0.055511,0.067553
2023-05-24 00:00:00+00:00,2023,144,,0.105394,0.083466
2023-05-25 00:00:00+00:00,2023,145,0.155276,0.155276,0.097258
2023-05-26 00:00:00+00:00,2023,146,,0.145271,0.106665
2023-05-27 00:00:00+00:00,2023,147,,0.135267,0.111866
2023-05-28 00:00:00+00:00,2023,148,,0.125262,0.113041
2023-05-29 00:00:00+00:00,2023,149,,0.115258,0.110369
2023-05-30 00:00:00+00:00,2023,150,,0.105254,0.104031
2023-05-31 00:00:00+00:00,2023,151,,0.095249,0.095249
2023-06-01 00:00:00+00:00,2023,152,,0.085245,0.085245
2023-06-02 00:00:00+00:00,2023,153,,0.075240,0.075240
2023-06-03 00:00:00+00:00,2023,154,,0.065236,0.065236
2023-06-04 00:00:00+00:00,2023,155,,0.055231,0.055456
2023-06-05 00:00:00+00:00,2023,156,,0.045227,0.046124
2023-06-06 00:00:00+00:00,2023,157,,0.035223,0.037466
2023-06-07 00:00:00+00:00,2023,158,,0.025218,0.029705
2023-06-08 00:00:00+00:00,2023,159,,0.015214,0.023066
2023-06-09 00:00:00+00:00,2023,160,0.005209,0.005209,0.017665
2023-06-10 00:00:00+00:00,2023,161,,0.006198,0.013706
2023-06-11 00:00:00+00:00,2023,162,,0.007186,0.010940
2023-06-12 00:00:00+00:00,2023,163,,0.008175,0.009123
2023-06-13 00:00:00+00:00,2023,164,,0.009163,0.008006
2023-06-14 00:00:00+00:00,2023,165,0.010152,0.010152,0.007344
2023-06-15 00:00:00+00:00,2023,166,0.005883,0.005883,0.006890
2023-06-16 00:00:00+00:00,2023,167,,0.005781,0.006611
2023-06-17 00:00:00+00:00,2023,168,,0.005679,0.006306
2023-06-18 00:00:00+00:00,2023,169,,0.005577,0.005998
2023-06-19 00:00:00+00:00,2023,170,,0.005474,0.005707
2023-06-20 00:00:00+00:00,2023,171,,0.005372,0.005457
2023-06-21 00:00:00+00:00,2023,172,,0.005270,0.005272
2023-06-22 00:00:00+00:00,2023,173,,0.005167,0.005176
2023-06-23 00:00:00+00:00,2023,174,,0.005065,0.005086
2023-06-24 00:00:00+00:00,2023,175,,0.004963,0.005005
2023-06-25 00:00:00+00:00,2023,176,,0.004861,0.004934
2023-06-26 00:00:00+00:00,2023,177,0.004758,0.004758,0.004875
2023-06-27 00:00:00+00:00,2023,178,,0.004756,0.004830
2023-06-28 00:00:00+00:00,2023,179,,0.004754,0.004798
2023-06-29 00:00:00+00:00,2023,180,,0.004751,0.004776
2023-06-30 00:00:00+00:00,2023,181,,,
2023-07-01 00:00:00+00:00,2023,182,,,
2023-07-02 00:00:00+00:00,2023,183,,,
2023-07-03 00:00:00+00:00,2023,184,0.004742,0.004742,
2023-07-04 00:00:00+00:00,2023,185,,,
2023-07-05 00:00:00+00:00,2023,186,,,
2023-07-06 00:00:00+00:00,2023,187,,,
2023-07-07 00:00:00+00:00,2023,188,,,
2023-07-08 00:00:00+00:00,2023,189,,,
2023-07-09 00:00:00+00:00,2023,190,,,
2023-07-10 00:00:00+00:00,2023,191,,,
2023-07-11 00:00:00+00:00,2023,192,,,
2023-07-12 00:00:00+00:00,2023,193,,,
2023-07-13 00:00:00+00:00,2023,194,,,
2023-07-14 00:00:00+00:00,2023,195,,,
2023-07-15 00:00:00+00:00,2023,196,,,
2023-07-16 00:00:00+00:00,2023,197,,,
2023-07-17 00:00:00+00:00,2023,198,,,
2023-07-18 00:00:00+00:00,2023,199,,,
2023-07-19 00:00:00+00:00,2023,200,,,
2023-07-20 00:00:00+00:00,2023,201,,,
2023-07-21 00:00:00+00:00,2023,202,,,
2023-07-22 00:00:00+00:00,2023,203,,,
2023-07-23 00:00:00+00:00,2023,204,,,
2023-07-24 00:00:00+00:00,2023,205,,,
2023-07-25 00:00:00+00:00,2023,206,,,
2023-07-26 00:00:00+00:00,2023,207,,,
2023-07-27 00:00:00+00:00,2023,208,,,
2023-07-28 00:00:00+00:00,2023,209,,,
2023-07-29 00:00:00+00:00,2023,210,,,
2023-07-30 00:00:00+00:00,2023,211,,,
2023-07-31 00:00:00+00:00,2023,212,,,
2023-08-01 00:00:00+00:00,2023,213,,,
2023-08-02 00:00:00+00:00,2023,214,,,
2023-08-03 00:00:00+00:00,2023,215,,,
2023-08-04 00:00:00+00:00,2023,216,,,
2023-08-05 00:00:00+00:00,2023,217,,,
2023-08-06 00:00:00+00:00,2023,218,,,
2023-08-07 00:00:00+00:00,2023,219,,,
2023-08-08 00:00:00+00:00,2023,220,,,
2023-08-09 00:00:00+00:00,2023,221,,,
2023-08-10 00:00:00+00:00,2023,222,,,
2023-08-11 00:00:00+00:00,2023,223,,,
2023-08-12 00:00:00+00:00,2023,224,,,
2023-08-13 00:00:00+00:00,2023,225,,,
2023-08-14 00:00:00+00:00,2023,226,,,
2023-08-15 00:00:00+00:00,2023,227,,,
2023-08-16 00:00:00+00:00,2023,228,,,
2023-08-17 00:00:00+00:00,2023,229,,,
2023-08-18 00:00:00+00:00,2023,230,,,
2023-08-19 00:00:00+00:00,2023,231,,,
2023-08-20 00:00:00+00:00,2023,232,,,
2023-08-21 00:00:00+00:00,2023,233,,,
2023-08-22 00:00:00+00:00,2023,234,,,
2023-08-23 00:00:00+00:00,2023,235,,,
2023-08-24 00:00:00+00:00,2023,236,,,
2023-08-25 00:00:00+00:00,2023,237,,,
2023-08-26 00:00:00+00:00,2023,238,,,
2023-08-27 00:00:00+00:00,2023,239,,,
2023-08-28 00:00:00+00:00,2023,240,,,
2023-08-29 00:00:00+00:00,2023,241,,,
2023-08-30 00:00:00+00:00,2023,242,,,
2023-08-31 00:00:00+00:00,2023,243,,,
2023-09-01 00:00:00+00:00,2023,244,,,
2023-09-02 00:00:00+00:00,2023,245,,,
2023-09-03 00:00:00+00:00,2023,246,,,
2023-09-04 00:00:00+00:00,2023,247,,,
2023-09-05 00:00:00+00:00,2023,248,,,
2023-09-06 00:00:00+00:00,2023,249,,,
2023-09-07 00:00:00+00:00,2023,250,,,
2023-09-08 00:00:00+00:00,2023,251,,,
2023-09-09 00:00:00+00:00,2023,252,,,
2023-09-10 00:00:00+00:00,2023,253,,,
2023-09-11 00:00:00+00:00,2023,254,,,
2023-09-12 00:00:00+00:00,2023,255,,,
2023-09-13 00:00:00+00:00,2023,256,,,
2023-09-14 00:00:00+00:00,2023,257,,,
2023-09-15 00:00:00+00:00,2023,258,,,
2023-09-16 00:00:00+00:00,2023,259,,,
2023-09-17 00:00:00+00:00,2023,260,,,
2023-09-18 00:00:00+00:00,2023,261,,,
2023-09-19 00:00:00+00:00,2023,262,,,
2023-09-20 00:00:00+00:00,2023,263,,,
2023-09-21 00:00:00+00:00,2023,264,,,
2023-09-22 00:00:00+00:00,2023,265,,,
2023-09-23 00:00:00+00:00,2023,266,,,
2023-09-24 00:00:00+00:00,2023,267,,,
2023-09-25 00:00:00+00:00,2023,268,,,
2023-09-26 00:00:00+00:00,2023,269,,,
2023-09-27 00:00:00+00:00,2023,270,,,
2023-09-28 00:00:00+00:00,2023,271,,,
2023-09-29 00:00:00+00:00,2023,272,,,
2023-09-30 00:00:00+00:00,2023,273,,,
2023-10-01 00:00:00+00:00,2023,274,,,
2023-10-02 00:00:00+00:00,2023,275,,,
2023-10-03 00:00:00+00:00,2023,276,,,
2023-10-04 00:00:00+00:00,2023,277,,,
2023-10-05 00:00:00+00:00,2023,278,,,
2023-10-06 00:00:00+00:00,2023,279,,,
2023-10-07 00:00:00+00:00,2023,280,,,
2023-10-08 00:00:00+00:00,2023,281,,,
2023-10-09 00:00:00+00:00,2023,282,,,
2023-10-10 00:00:00+00:00,2023,283,,,
2023-10-11 00:00:00+00:00,2023,284,,,
2023-10-12 00:00:00+00:00,2023,285,,,
2023-10-13 00:00:00+00:00,2023,286,,,
2023-10-14 00:00:00+00:00,2023,287,,,
2023-10-15 00:00:00+00:00,2023,288,,,
2023-10-16 00:00:00+00:00,2023,289,,,
2023-10-17 00:00:00+00:00,2023,290,,,
2023-10-18 00:00:00+00:00,2023,291,,,
2023-10-19 00:00:00+00:00,2023,292,,,
2023-10-20 00:00:00+00:00,2023,293,,,
2023-10-21 00:00:00+00:00,2023,294,,,
2023-10-22 00:00:00+00:00,2023,295,,,
2023-10-23 00:00:00+00:00,2023,296,,,
2023-10-24 00:00:00+00:00,2023,297,,,
2023-10-25 00:00:00+00:00,2023,298,,,
2023-10-26 00:00:00+00:00,2023,299,,,
2023-10-27 00:00:00+00:00,2023,300,,,
2023-10-28 00:00:00+00:00,2023,301,,,
2023-10-29 00:00:00+00:00,2023,302,,,
2023-10-30 00:00:00+00:00,2023,303,,,
2023-10-31 00:00:00+00:00,2023,304,,,
2023-11-01 00:00:00+00:00,2023,305,,,
2023-11-02 00:00:00+00:00,2023,306,,,
2023-11-03 00:00:00+00:00,2023,307,,,
2023-11-04 00:00:00+00:00,2023,308,,,
2023-11-05 00:00:00+00:00,2023,309,,,
2023-11-06 00:00:00+00:00,2023,310,,,
2023-11-07 00:00:00+00:00,2023,311,,,
2023-11-08 00:00:00+00:00,2023,312,,,
2023-11-09 00:00:00+00:00,2023,313,,,
2023-11-10 00:00:00+00:00,2023,314,,,
2023-11-11 00:00:00+00:00,2023,315,,,
2023-11-12 00:00:00+00:00,2023,316,,,
2023-11-13 00:00:00+00:00,2023,317,,,
2023-11-14 00:00:00+00:00,2023,318,,,
2023-11-15 00:00:00+00:00,2023,319,,,
2023-11-16 00:00:00+00:00,2023,320,,,
2023-11-17 00:00:00+00:00,2023,321,,,
2023-11-18 00:00:00+00:00,2023,322,,,
2023-11-19 00:00:00+00:00,2023,323,,,
2023-11-20 00:00:00+00:00,2023,324,,,
2023-11-21 00:00:00+00:00,2023,325,,,
2023-11-22 00:00:00+00:00,2023,326,,,
2023-11-23 00:00:00+00:00,2023,327,,,
2023-11-24 00:00:00+00:00,2023,328,,,
2023-11-25 00:00:00+00:00,2023,329,,,
2023-11-26 00:00:00+00:00,2023,330,,,
2023-11-27 00:00:00+00:00,2023,331,,,
2023-11-28 00:00:00+00:00,2023,332,,,
2023-11-29 00:00:00+00:00,2023,333,,,
2023-11-30 00:00:00+00:00,2023,334,,,
2023-12-01 00:00:00+00:00,2023,335,,,
2023-12-02 00:00:00+00:00,2023,336,,,
2023-12-03 00:00:00+00:00,2023,337,,,
2023-12-04 00:00:00+00:00,2023,338,,,
2023-12-05 00:00:00+00:00,2023,339,,,
2023-12-06 00:00:00+00:00,2023,340,,,
2023-12-07 00:00:00+00:00,2023,341,,,
2023-12-08 00:00:00+00:00,2023,342,,,
2023-12-09 00:00:00+00:00,2023,343,,,
2023-12-10 00:00:00+00:00,2023,344,,,
2023-12-11 00:00:00+00:00,2023,345,,,
2023-12-12 00:00:00+00:00,2023,346,,,
2023-12-13 00:00:00+00:00,2023,347,,,
2023-12-14 00:00:00+00:00,2023,348,,,
2023-12-15 00:00:00+00:00,2023,349,,,
2023-12-16 00:00:00+00:00,2023,350,,,
2023-12-17 00:00:00+00:00,2023,351,,,
2023-12-18 00:00:00+00:00,2023,352,,,
2023-12-19 00:00:00+00:00,2023,353,,,
2023-12-20 00:00:00+00:00,2023,354,,,
2023-12-21 00:00:00+00:00,2023,355,,,
2023-12-22 00:00:00+00:00,2023,356,,,
2023-12-23 00:00:00+00:00,2023,357,,,
2023-12-24 00:00:00+00:00,2023,358,,,
2023-12-25 00:00:00+00:00,2023,359,,,
2023-12-26 00:00:00+00:00,2023,360,,,
2023-12-27 00:00:00+00:00,2023,361,,,
2023-12-28 00:00:00+00:00,2023,362,,,
2023-12-29 00:00:00+00:00,2023,363,,,
2023-12-30 00:00:00+00:00,2023,364,,,
2023-12-31 00:00:00+00:00,2023,365,,,
2024-01-01 00:00:00+00:00,2024,1,,,
2024-01-02 00:00:00+00:00,2024,2,,,
2024-01-03 00:00:00+00:00,2024,3,,,
2024-01-04 00:00:00+00:00,2024,4,,,
2024-01-05 00:00:00+00:00,2024,5,,,
2024-01-06 00:00:00+00:00,2024,6,,,
2024-01-07 00:00:00+00:00,2024,7,,,
2024-01-08 00:00:00+00:00,2024,8,,,
2024-01-09 00:00:00+00:00,2024,9,,,
2024-01-10 00:00:00+00:00,2024,10,,,
2024-01-11 00:00:00+00:00,2024,11,,,
2024-01-12 00:00:00+00:00,2024,12,,,
2024-01-13 00:00:00+00:00,2024,13,,,
2024-01-14 00:00:00+00:00,2024,14,,,
2024-01-15 00:00:00+00:00,2024,15,,,
2024-01-16 00:00:00+00:00,2024,16,,,
2024-01-17 00:00:00+00:00,2024,17,,,
2024-01-18 00:00:00+00:00,2024,18,,,
2024-01-19 00:00:00+00:00,2024,19,,,
2024-01-20 00:00:00+00:00,2024,20,,,
2024-01-21 00:00:00+00:00,2024,21,,,
2024-01-22 00:00:00+00:00,2024,22,,,
2024-01-23 00:00:00+00:00,2024,23,,,
2024-01-24 00:00:00+00:00,2024,24,,,
2024-01-25 00:00:00+00:00,2024,25,,,
2024-01-26 00:00:00+00:00,2024,26,,,
2024-01-27 00:00:00+00:00,2024,27,,,
2024-01-28 00:00:00+00:00,2024,28,,,
2024-01-29 00:00:00+00:00,2024,29,,,
2024-01-30 00:00:00+00:00,2024,30,,,
2024-01-31 00:00:00+00:00,2024,31,,,
2024-02-01 00:00:00+00:00,2024,32,,,
2024-02-02 00:00:00+00:00,2024,33,,,
2024-02-03 00:00:00+00:00,2024,34,,,
2024-02-04 00:00:00+00:00,2024,35,,,
2024-02-05 00:00:00+00:00,2024,36,,,
2024-02-06 00:00:00+00:00,2024,37,,,
2024-02-07 00:00:00+00:00,2024,38,,,
2024-02-08 00:00:00+00:00,2024,39,,,
2024-02-09 00:00:00+00:00,2024,40,,,
2024-02-10 00:00:00+00:00,2024,41,,,
2024-02-11 00:00:00+00:00,2024,42,,,
2024-02-12 00:00:00+00:00,2024,43,,,
2024-02-13 00:00:00+00:00,2024,44,,,
2024-02-14 00:00:00+00:00,2024,45,0.544700,0.544700,
2024-02-15 00:00:00+00:00,2024,46,0.707332,0.707332,
2024-02-16 00:00:00+00:00,2024,47,,,
2024-02-17 00:00:00+00:00,2024,48,,,
2024-02-18 00:00:00+00:00,2024,49,0.611932,0.611932,
2024-02-19 00:00:00+00:00,2024,50,,,
2024-02-20 00:00:00+00:00,2024,51,0.580807,0.580807,
2024-02-21 00:00:00+00:00,2024,52,0.553312,0.553312,
2024-02-22 00:00:00+00:00,2024,53,,0.592814,0.631691
2024-02-23 00:00:00+00:00,2024,54,,0.632316,0.652190
2024-02-24 00:00:00+00:00,2024,55,,0.671818,0.674596
2024-02-25 00:00:00+00:00,2024,56,,0.711320,0.697879
2024-02-26 00:00:00+00:00,2024,57,0.750822,0.750822,0.721280
2024-02-27 00:00:00+00:00,2024,58,,0.767509,0.744330
2024-02-28 00:00:00+00:00,2024,59,0.784196,0.784196,0.766037
2024-02-29 00:00:00+00:00,2024,60,0.779485,0.779485,0.785725
2024-03-01 00:00:00+00:00,2024,61,,0.792400,0.804957
2024-03-02 00:00:00+00:00,2024,62,0.805314,0.805314,0.824579
2024-03-03 00:00:00+00:00,2024,63,,0.833019,0.845434
2024-03-04 00:00:00+00:00,2024,64,,0.860724,0.866541
2024-03-05 00:00:00+00:00,2024,65,,0.888429,0.888244
2024-03-06 00:00:00+00:00,2024,66,,0.916134,0.909600
2024-03-07 00:00:00+00:00,2024,67,,0.943838,0.929898
2024-03-08 00:00:00+00:00,2024,68,,0.971543,0.947987
2024-03-09 00:00:00+00:00,2024,69,0.999248,0.999248,0.962912
2024-03-10 00:00:00+00:00,2024,70,0.967092,0.967092,0.973714
2024-03-11 00:00:00+00:00,2024,71,0.999777,0.999777,0.982182
2024-03-12 00:00:00+00:00,2024,72,0.992397,0.992397,0.987568
2024-03-13 00:00:00+00:00,2024,73,,0.996199,0.990764
2024-03-14 00:00:00+00:00,2024,74,1.000000,1.000000,0.992237
2024-03-15 00:00:00+00:00,2024,75,,0.995590,0.992362
2024-03-16 00:00:00+00:00,2024,76,,0.991181,0.991894
2024-03-17 00:00:00+00:00,2024,77,0.986771,0.986771,0.991587
2024-03-18 00:00:00+00:00,2024,78,,0.987886,0.990971
2024-03-19 00:00:00+00:00,2024,79,0.989001,0.989001,0.990675
2024-03-20 00:00:00+00:00,2024,80,0.991823,0.991823,0.990546
2024-03-21 00:00:00+00:00,2024,81,0.990124,0.990124,0.990551
2024-03-22 00:00:00+00:00,2024,82,0.990598,0.990598,0.990843
2024-03-23 00:00:00+00:00,2024,83,,0.990965,0.991321
2024-03-24 00:00:00+00:00,2024,84,,0.991333,0.991980
2024-03-25 00:00:00+00:00,2024,85,0.991700,0.991700,0.992700
2024-03-26 00:00:00+00:00,2024,86,0.993742,0.993742,0.993468
2024-03-27 00:00:00+00:00,2024,87,,0.994041,0.994206
2024-03-28 00:00:00+00:00,2024,88,,0.994341,0.994941
2024-03-29 00:00:00+00:00,2024,89,0.994640,0.994640,0.995642
2024-03-30 00:00:00+00:00,2024,90,0.999704,0.999704,0.996322
2024-03-31 00:00:00+00:00,2024,91,,0.998807,0.996798
2024-04-01 00:00:00+00:00,2024,92,,0.997910,0.997128
2024-04-02 00:00:00+00:00,2024,93,,0.997013,0.997373
2024-04-03 00:00:00+00:00,2024,94,0.996116,0.996116,0.997567
2024-04-04 00:00:00+00:00,2024,95,,0.996882,0.997792
2024-04-05 00:00:00+00:00,2024,96,,0.997648,0.998029
2024-04-06 00:00:00+00:00,2024,97,,0.998413,0.998244
2024-04-07 00:00:00+00:00,2024,98,,0.999179,0.998500
2024-04-08 00:00:00+00:00,2024,99,0.999945,0.999945,0.998736
2024-04-09 00:00:00+00:00,2024,100,0.997757,0.997757,0.998909
2024-04-10 00:00:00+00:00,2024,101,0.999747,0.999747,0.999092
2024-04-11 00:00:00+00:00,2024,102,1.000000,1.000000,0.999188
2024-04-12 00:00:00+00:00,2024,103,,0.999570,0.999205
2024-04-13 00:00:00+00:00,2024,104,0.999140,0.999140,0.999173
2024-04-14 00:00:00+00:00,2024,105,0.998580,0.998580,0.999144
2024-04-15 00:00:00+00:00,2024,106,0.998878,0.998878,0.994139
2024-04-16 00:00:00+00:00,2024,107,0.998974,0.998974,0.979144
2024-04-17 00:00:00+00:00,2024,108,,0.999122,0.949092
2024-04-18 00:00:00+00:00,2024,109,0.999271,0.999271,0.899001
2024-04-19 00:00:00+00:00,2024,110,0.999094,0.999094,0.829167
2024-04-20 00:00:00+00:00,2024,111,1.000000,1.000000,0.739889
2024-04-21 00:00:00+00:00,2024,112,,0.754143,0.631417
2024-04-22 00:00:00+00:00,2024,113,,0.508287,0.514073
2024-04-23 00:00:00+00:00,2024,114,,0.262430,0.400838
2024-04-24 00:00:00+00:00,2024,115,0.016573,0.016573,0.304685
2024-04-25 00:00:00+00:00,2024,116,,0.031181,0.238590
2024-04-26 00:00:00+00:00,2024,117,,0.045788,0.204900
2024-04-27 00:00:00+00:00,2024,118,,0.060395,0.205951
2024-04-28 00:00:00+00:00,2024,119,0.075003,0.075003,0.244105
2024-04-29 00:00:00+00:00,2024,120,,0.218970,0.313981
2024-04-30 00:00:00+00:00,2024,121,,0.362938,0.405022
2024-05-01 00:00:00+00:00,2024,122,,0.506906,0.506675
2024-05-02 00:00:00+00:00,2024,123,,0.650873,0.608385
2024-05-03 00:00:00+00:00,2024,124,,0.794841,0.704571
2024-05-04 00:00:00+00:00,2024,125,0.938809,0.938809,0.789656
2024-05-05 00:00:00+00:00,2024,126,0.950211,0.950211,0.858063
2024-05-06 00:00:00+00:00,2024,127,,0.966807,0.909278
2024-05-07 00:00:00+00:00,2024,128,,0.983404,0.945213
2024-05-08 00:00:00+00:00,2024,129,1.000000,1.000000,0.967782
2024-05-09 00:00:00+00:00,2024,130,0.999914,0.999914,0.978898
2024-05-10 00:00:00+00:00,2024,131,,0.999957,0.981024
2024-05-11 00:00:00+00:00,2024,132,1.000000,1.000000,0.974864
2024-05-12 00:00:00+00:00,2024,133,,0.982976,0.961125
2024-05-13 00:00:00+00:00,2024,134,,0.965952,0.939815
2024-05-14 00:00:00+00:00,2024,135,,0.948927,0.908436
2024-05-15 00:00:00+00:00,2024,136,0.931903,0.931903,0.871594
2024-05-16 00:00:00+00:00,2024,137,0.908435,0.908435,0.833896
2024-05-17 00:00:00+00:00,2024,138,,0.799100,0.799873
2024-05-18 00:00:00+00:00,2024,139,0.689766,0.689766,0.766252
2024-05-19 00:00:00+00:00,2024,140,0.644815,0.644815,0.738694
2024-05-20 00:00:00+00:00,2024,141,0.471660,0.471660,0.719514
2024-05-21 00:00:00+00:00,2024,142,,0.646776,0.716261
2024-05-22 00:00:00+00:00,2024,143,,0.821892,0.722267
2024-05-23 00:00:00+00:00,2024,144,0.997008,0.997008,0.728729
2024-05-24 00:00:00+00:00,2024,145,0.617945,0.617945,0.726715
2024-05-25 00:00:00+00:00,2024,146,0.676626,0.676626,0.728508
2024-05-26 00:00:00+00:00,2024,147,,0.717191,0.727723
2024-05-27 00:00:00+00:00,2024,148,,0.757756,0.720026
2024-05-28 00:00:00+00:00,2024,149,0.798321,0.798321,0.699504
2024-05-29 00:00:00+00:00,2024,150,,0.734261,0.667532
2024-05-30 00:00:00+00:00,2024,151,0.670202,0.670202,0.628318
2024-05-31 00:00:00+00:00,2024,152,0.623369,0.623369,0.586073
2024-06-01 00:00:00+00:00,2024,153,,0.537144,0.532992
2024-06-02 00:00:00+00:00,2024,154,0.450920,0.450920,0.471814
2024-06-03 00:00:00+00:00,2024,155,0.415401,0.415401,0.406881
2024-06-04 00:00:00+00:00,2024,156,0.388798,0.388798,0.340467
2024-06-05 00:00:00+00:00,2024,157,,0.291816,0.274491
2024-06-06 00:00:00+00:00,2024,158,,0.194835,0.211607
2024-06-07 00:00:00+00:00,2024,159,,0.097854,0.154470
2024-06-08 00:00:00+00:00,2024,160,0.000872,0.000872,0.106087
2024-06-09 00:00:00+00:00,2024,161,,0.000683,0.068660
2024-06-10 00:00:00+00:00,2024,162,0.000494,0.000494,0.040443
2024-06-11 00:00:00+00:00,2024,163,,0.000691,0.020721
2024-06-12 00:00:00+00:00,2024,164,,0.000889,0.008934
2024-06-13 00:00:00+00:00,2024,165,,0.001086,0.003133
2024-06-14 00:00:00+00:00,2024,166,,0.001283,0.001303
2024-06-15 00:00:00+00:00,2024,167,,0.001480,0.001450
2024-06-16 00:00:00+00:00,2024,168,,0.001677,0.001582
2024-06-17 00:00:00+00:00,2024,169,0.001874,0.001874,0.001695
2024-06-18 00:00:00+00:00,2024,170,0.001419,0.001419,0.001789
2024-06-19 00:00:00+00:00,2024,171,0.003262,0.003262,0.001895
2024-06-20 00:00:00+00:00,2024,172,0.001895,0.001895,0.001954
2024-06-21 00:00:00+00:00,2024,173,,0.001600,0.002034
2024-06-22 00:00:00+00:00,2024,174,0.001305,0.001305,0.002162
2024-06-23 00:00:00+00:00,2024,175,,0.001797,0.002329
2024-06-24 00:00:00+00:00,2024,176,,0.002290,0.002575
2024-06-25 00:00:00+00:00,2024,177,,0.002783,0.002850
2024-06-26 00:00:00+00:00,2024,178,,0.003275,0.003137
2024-06-27 00:00:00+00:00,2024,179,,0.003768,0.003455
2024-06-28 00:00:00+00:00,2024,180,,0.004261,0.003680
2024-06-29 00:00:00+00:00,2024,181,,,
2024-06-30 00:00:00+00:00,2024,182,0.005246,0.005246,
2024-07-01 00:00:00+00:00,2024,183,,,
2024-07-02 00:00:00+00:00,2024,184,,,
2024-07-03 00:00:00+00:00,2024,185,0.004170,0.004170,
2024-07-04 00:00:00+00:00,2024,186,0.002241,0.002241,
2024-07-05 00:00:00+00:00,2024,187,0.003036,0.003036,
2024-07-06 00:00:00+00:00,2024,188,,,
2024-07-07 00:00:00+00:00,2024,189,0.004650,0.004650,
2024-07-08 00:00:00+00:00,2024,190,0.004035,0.004035,
2024-07-09 00:00:00+00:00,2024,191,,,
2024-07-10 00:00:00+00:00,2024,192,0.003796,0.003796,
2024-07-11 00:00:00+00:00,2024,193,,,
2024-07-12 00:00:00+00:00,2024,194,0.002717,0.002717,
2024-07-13 00:00:00+00:00,2024,195,0.002653,0.002653,
2024-07-14 00:00:00+00:00,2024,196,,,
2024-07-15 00:00:00+00:00,2024,197,0.001321,0.001321,
2024-07-16 00:00:00+00:00,2024,198,,,
2024-07-17 00:00:00+00:00,2024,199,,,
2024-07-18 00:00:00+00:00,2024,200,,,
2024-07-19 00:00:00+00:00,2024,201,,,
2024-07-20 00:00:00+00:00,2024,202,,,
2024-07-21 00:00:00+00:00,2024,203,,,
2024-07-22 00:00:00+00:00,2024,204,,,
2024-07-23 00:00:00+00:00,2024,205,,,
2024-07-24 00:00:00+00:00,2024,206,,,
2024-07-25 00:00:00+00:00,2024,207,,,
2024-07-26 00:00:00+00:00,2024,208,,,
2024-07-27 00:00:00+00:00,2024,209,,,
2024-07-28 00:00:00+00:00,2024,210,,,
2024-07-29 00:00:00+00:00,2024,211,,,
2024-07-30 00:00:00+00:00,2024,212,,,
2024-07-31 00:00:00+00:00,2024,213,,,
2024-08-01 00:00:00+00:00,2024,214,,,
2024-08-02 00:00:00+00:00,2024,215,,,
2024-08-03 00:00:00+00:00,2024,216,,,
2024-08-04 00:00:00+00:00,2024,217,,,
2024-08-05 00:00:00+00:00,2024,218,,,
2024-08-06 00:00:00+00:00,2024,219,,,
2024-08-07 00:00:00+00:00,2024,220,,,
2024-08-08 00:00:00+00:00,2024,221,,,
2024-08-09 00:00:00+00:00,2024,222,,,
2024-08-10 00:00:00+00:00,2024,223,,,
2024-08-11 00:00:00+00:00,2024,224,,,
2024-08-12 00:00:00+00:00,2024,225,,,
2024-08-13 00:00:00+00:00,2024,226,,,
2024-08-14 00:00:00+00:00,2024,227,,,
2024-08-15 00:00:00+00:00,2024,228,,,
2024-08-16 00:00:00+00:00,2024,229,,,
2024-08-17 00:00:00+00:00,2024,230,,,
2024-08-18 00:00:00+00:00,2024,231,,,
2024-08-19 00:00:00+00:00,2024,232,,,
2024-08-20 00:00:00+00:00,2024,233,,,
2024-08-21 00:00:00+00:00,2024,234,,,
2024-08-22 00:00:00+00:00,2024,235,,,
2024-08-23 00:00:00+00:00,2024,236,,,
2024-08-24 00:00:00+00:00,2024,237,,,
2024-08-25 00:00:00+00:00,2024,238,,,
2024-08-26 00:00:00+00:00,2024,239,,,
2024-08-27 00:00:00+00:00,2024,240,,,
2024-08-28 00:00:00+00:00,2024,241,,,
2024-08-29 00:00:00+00:00,2024,242,,,
2024-08-30 00:00:00+00:00,2024,243,,,
2024-08-31 00:00:00+00:00,2024,244,,,
2024-09-01 00:00:00+00:00,2024,245,,,
2024-09-02 00:00:00+00:00,2024,246,,,
2024-09-03 00:00:00+00:00,2024,247,,,
2024-09-04 00:00:00+00:00,2024,248,,,
2024-09-05 00:00:00+00:00,2024,249,,,
2024-09-06 00:00:00+00:00,2024,250,,,
2024-09-07 00:00:00+00:00,2024,251,,,
2024-09-08 00:00:00+00:00,2024,252,,,
2024-09-09 00:00:00+00:00,2024,253,,,
2024-09-10 00:00:00+00:00,2024,254,,,
2024-09-11 00:00:00+00:00,2024,255,,,
2024-09-12 00:00:00+00:00,2024,256,,,
2024-09-13 00:00:00+00:00,2024,257,,,
2024-09-14 00:00:00+00:00,2024,258,,,
2024-09-15 00:00:00+00:00,2024,259,,,
2024-09-16 00:00:00+00:00,2024,260,,,
2024-09-17 00:00:00+00:00,2024,261,,,
2024-09-18 00:00:00+00:00,2024,262,,,
2024-09-19 00:00:00+00:00,2024,263,,,
2024-09-20 00:00:00+00:00,2024,264,,,
2024-09-21 00:00:00+00:00,2024,265,,,
2024-09-22 00:00:00+00:00,2024,266,,,
2024-09-23 00:00:00+00:00,2024,267,,,
2024-09-24 00:00:00+00:00,2024,268,,,
2024-09-25 00:00:00+00:00,2024,269,,,
2024-09-26 00:00:00+00:00,2024,270,,,
2024-09-27 00:00:00+00:00,2024,271,,,
2024-09-28 00:00:00+00:00,2024,272,,,
2024-09-29 00:00:00+00:00,2024,273,,,
2024-09-30 00:00:00+00:00,2024,274,,,
2024-10-01 00:00:00+00:00,2024,275,,,
2024-10-02 00:00:00+00:00,2024,276,,,
2024-10-03 00:00:00+00:00,2024,277,,,
2024-10-04 00:00:00+00:00,2024,278,,,
2024-10-05 00:00:00+00:00,2024,279,,,
2024-10-06 00:00:00+00:00,2024,280,,,
2024-10-07 00:00:00+00:00,2024,281,,,
2024-10-08 00:00:00+00:00,2024,282,,,
2024-10-09 00:00:00+00:00,2024,283,,,
2024-10-10 00:00:00+00:00,2024,284,,,
2024-10-11 00:00:00+00:00,2024,285,,,
2024-10-12 00:00:00+00:00,2024,286,,,
2024-10-13 00:00:00+00:00,2024,287,,,
2024-10-14 00:00:00+00:00,2024,288,,,
2024-10-15 00:00:00+00:00,2024,289,,,
2024-10-16 00:00:00+00:00,2024,290,,,
2024-10-17 00:00:00+00:00,2024,291,,,
2024-10-18 00:00:00+00:00,2024,292,,,
2024-10-19 00:00:00+00:00,2024,293,,,
2024-10-20 00:00:00+00:00,2024,294,,,
2024-10-21 00:00:00+00:00,2024,295,,,
2024-10-22 00:00:00+00:00,2024,296,,,
2024-10-23 00:00:00+00:00,2024,297,,,
2024-10-24 00:00:00+00:00,2024,298,,,
2024-10-25 00:00:00+00:00,2024,299,,,
2024-10-26 00:00:00+00:00,2024,300,,,
2024-10-27 00:00:00+00:00,2024,301,,,
2024-10-28 00:00:00+00:00,2024,302,,,
2024-10-29 00:00:00+00:00,2024,303,,,
2024-10-30 00:00:00+00:00,2024,304,,,
2024-10-31 00:00:00+00:00,2024,305,,,
2024-11-01 00:00:00+00:00,2024,306,,,
2024-11-02 00:00:00+00:00,2024,307,,,
2024-11-03 00:00:00+00:00,2024,308,,,
2024-11-04 00:00:00+00:00,2024,309,,,
2024-11-05 00:00:00+00:00,2024,310,,,
2024-11-06 00:00:00+00:00,2024,311,,,
2024-11-07 00:00:00+00:00,2024,312,,,
2024-11-08 00:00:00+00:00,2024,313,,,
2024-11-09 00:00:00+00:00,2024,314,,,
2024-11-10 00:00:00+00:00,2024,315,,,
2024-11-11 00:00:00+00:00,2024,316,,,
2024-11-12 00:00:00+00:00,2024,317,,,
2024-11-13 00:00:00+00:00,2024,318,,,
2024-11-14 00:00:00+00:00,2024,319,,,
2024-11-15 00:00:00+00:00,2024,320,,,
2024-11-16 00:00:00+00:00,2024,321,,,
2024-11-17 00:00:00+00:00,2024,322,,,
2024-11-18 00:00:00+00:00,2024,323,,,
2024-11-19 00:00:00+00:00,2024,324,,,
2024-11-20 00:00:00+00:00,2024,325,,,
2024-11-21 00:00:00+00:00,2024,326,,,
2024-11-22 00:00:00+00:00,2024,327,,,
2024-11-23 00:00:00+00:00,2024,328,,,
2024-11-24 00:00:00+00:00,2024,329,,,
2024-11-25 00:00:00+00:00,2024,330,,,
2024-11-26 00:00:00+00:00,2024,331,,,
2024-11-27 00:00:00+00:00,2024,332,,,
2024-11-28 00:00:00+00:00,2024,333,,,
2024-11-29 00:00:00+00:00,2024,334,,,
2024-11-30 00:00:00+00:00,2024,335,,,
2024-12-01 00:00:00+00:00,2024,336,,,
2024-12-02 00:00:00+00:00,2024,337,,,
2024-12-03 00:00:00+00:00,2024,338,,,
2024-12-04 00:00:00+00:00,2024,339,,,
2024-12-05 00:00:00+00:00,2024,340,,,
2024-12-06 00:00:00+00:00,2024,341,,,
2024-12-07 00:00:00+00:00,2024,342,,,
2024-12-08 00:00:00+00:00,2024,343,,,
2024-12-09 00:00:00+00:00,2024,344,,,
2024-12-10 00:00:00+00:00,2024,345,,,
2024-12-11 00:00:00+00:00,2024,346,,,
2024-12-12 00:00:00+00:00,2024,347,,,
2024-12-13 00:00:00+00:00,2024,348,,,
2024-12-14 00:00:00+00:00,2024,349,,,
2024-12-15 00:00:00+00:00,2024,350,,,
2024-12-16 00:00:00+00:00,2024,351,,,
2024-12-17 00:00:00+00:00,2024,352,,,
2024-12-18 00:00:00+00:00,2024,353,,,
2024-12-19 00:00:00+00:00,2024,354,,,
2024-12-20 00:00:00+00:00,2024,355,,,
2024-12-21 00:00:00+00:00,2024,356,,,
2024-12-22 00:00:00+00:00,2024,357,,,
2024-12-23 00:00:00+00:00,2024,358,,,
2024-12-24 00:00:00+00:00,2024,359,,,
2024-12-25 00:00:00+00:00,2024,360,,,
2024-12-26 00:00:00+00:00,2024,361,,,
2024-12-27 00:00:00+00:00,2024,362,,,
2024-12-28 00:00:00+00:00,2024,363,,,
2024-12-29 00:00:00+00:00,2024,364,,,
2024-12-30 00:00:00+00:00,2024,365,,,
2024-12-31 00:00:00+00:00,2024,366,,,
2025-01-01 00:00:00+00:00,2025,1,,,
2025-01-02 00:00:00+00:00,2025,2,,,
2025-01-03 00:00:00+00:00,2025,3,,,
2025-01-04 00:00:00+00:00,2025,4,,,
2025-01-05 00:00:00+00:00,2025,5,,,
2025-01-06 00:00:00+00:00,2025,6,,,
2025-01-07 00:00:00+00:00,2025,7,,,
2025-01-08 00:00:00+00:00,2025,8,,,
2025-01-09 00:00:00+00:00,2025,9,,,
2025-01-10 00:00:00+00:00,2025,10,,,
2025-01-11 00:00:00+00:00,2025,11,,,
2025-01-12 00:00:00+00:00,2025,12,,,
2025-01-13 00:00:00+00:00,2025,13,,,
2025-01-14 00:00:00+00:00,2025,14,,,
2025-01-15 00:00:00+00:00,2025,15,,,
2025-01-16 00:00:00+00:00,2025,16,,,
2025-01-17 00:00:00+00:00,2025,17,,,
2025-01-18 00:00:00+00:00,2025,18,,,
2025-01-19 00:00:00+00:00,2025,19,,,
2025-01-20 00:00:00+00:00,2025,20,,,
2025-01-21 00:00:00+00:00,2025,21,,,
2025-01-22 00:00:00+00:00,2025,22,,,
2025-01-23 00:00:00+00:00,2025,23,,,
2025-01-24 00:00:00+00:00,2025,24,,,
2025-01-25 00:00:00+00:00,2025,25,,,
2025-01-26 00:00:00+00:00,2025,26,,,
2025-01-27 00:00:00+00:00,2025,27,,,
2025-01-28 00:00:00+00:00,2025,28,,,
2025-01-29 00:00:00+00:00,2025,29,,,
2025-01-30 00:00:00+00:00,2025,30,,,
2025-01-31 00:00:00+00:00,2025,31,,,
2025-02-01 00:00:00+00:00,2025,32,,,
2025-02-02 00:00:00+00:00,2025,33,,,
2025-02-03 00:00:00+00:00,2025,34,,,
2025-02-04 00:00:00+00:00,2025,35,,,
2025-02-05 00:00:00+00:00,2025,36,,,
2025-02-06 00:00:00+00:00,2025,37,,,
2025-02-07 00:00:00+00:00,2025,38,,,
2025-02-08 00:00:00+00:00,2025,39,,,
2025-02-09 00:00:00+00:00,2025,40,,,
2025-02-10 00:00:00+00:00,2025,41,,,
2025-02-11 00:00:00+00:00,2025,42,,,
2025-02-12 00:00:00+00:00,2025,43,,,
2025-02-13 00:00:00+00:00,2025,44,,,
2025-02-14 00:00:00+00:00,2025,45,,,
2025-02-15 00:00:00+00:00,2025,46,0.027977,0.027977,
2025-02-16 00:00:00+00:00,2025,47,,,
2025-02-17 00:00:00+00:00,2025,48,,,
2025-02-18 00:00:00+00:00,2025,49,0.012810,0.012810,
2025-02-19 00:00:00+00:00,2025,50,0.013711,0.013711,
2025-02-20 00:00:00+00:00,2025,51,0.013377,0.013377,
2025-02-21 00:00:00+00:00,2025,52,,,
2025-02-22 00:00:00+00:00,2025,53,,0.095805,0.207099
2025-02-23 00:00:00+00:00,2025,54,,0.137019,0.257306
2025-02-24 00:00:00+00:00,2025,55,0.178233,0.178233,0.304341
2025-02-25 00:00:00+00:00,2025,56,0.734491,0.734491,0.348463
2025-02-26 00:00:00+00:00,2025,57,,0.660327,0.365179
2025-02-27 00:00:00+00:00,2025,58,0.586163,0.586163,0.358888
2025-02-28 00:00:00+00:00,2025,59,,0.329174,0.332993
2025-03-01 00:00:00+00:00,2025,60,0.072185,0.072185,0.307065
2025-03-02 00:00:00+00:00,2025,61,,0.125979,0.284688
2025-03-03 00:00:00+00:00,2025,62,,0.179773,0.263780
2025-03-04 00:00:00+00:00,2025,63,,0.233567,0.242258
2025-03-05 00:00:00+00:00,2025,64,0.287361,0.287361,0.228553
2025-03-06 00:00:00+00:00,2025,65,0.293773,0.293773,0.218228
2025-03-07 00:00:00+00:00,2025,66,,0.258147,0.208780
2025-03-08 00:00:00+00:00,2025,67,,0.222521,0.195692
2025-03-09 00:00:00+00:00,2025,68,,0.186894,0.175062
2025-03-10 00:00:00+00:00,2025,69,,0.151268,0.153414
2025-03-11 00:00:00+00:00,2025,70,,0.115642,0.137275
2025-03-12 00:00:00+00:00,2025,71,,0.080016,0.125802
2025-03-13 00:00:00+00:00,2025,72,,0.044389,0.118152
2025-03-14 00:00:00+00:00,2025,73,0.008763,0.008763,0.135094
2025-03-15 00:00:00+00:00,2025,74,0.003244,0.003244,0.177354
2025-03-16 00:00:00+00:00,2025,75,,0.197973,0.241622
2025-03-17 00:00:00+00:00,2025,76,0.392701,0.392701,0.320533
2025-03-18 00:00:00+00:00,2025,77,,0.226347,0.406725
2025-03-19 00:00:00+00:00,2025,78,0.059994,0.059994,0.506447
2025-03-20 00:00:00+00:00,2025,79,1.000000,1.000000,0.625762
2025-03-21 00:00:00+00:00,2025,80,1.000000,1.000000,0.725574
2025-03-22 00:00:00+00:00,2025,81,0.862294,0.862294,0.805157
2025-03-23 00:00:00+00:00,2025,82,,0.926608,0.870019
2025-03-24 00:00:00+00:00,2025,83,0.990922,0.990922,0.921508
2025-03-25 00:00:00+00:00,2025,84,1.000000,1.000000,0.960882
2025-03-26 00:00:00+00:00,2025,85,,1.000000,0.984376
2025-03-27 00:00:00+00:00,2025,86,1.000000,1.000000,0.988599
2025-03-28 00:00:00+00:00,2025,87,,1.000000,0.992735
2025-03-29 00:00:00+00:00,2025,88,,1.000000,0.996789
2025-03-30 00:00:00+00:00,2025,89,1.000000,1.000000,0.997990
2025-03-31 00:00:00+00:00,2025,90,0.995464,0.995464,0.997694
2025-04-01 00:00:00+00:00,2025,91,,0.995576,0.997345
2025-04-02 00:00:00+00:00,2025,92,,0.995688,0.997007
2025-04-03 00:00:00+00:00,2025,93,,0.995800,0.996559
2025-04-04 00:00:00+00:00,2025,94,0.995912,0.995912,0.991116
2025-04-05 00:00:00+00:00,2025,95,,0.997956,0.980786
2025-04-06 00:00:00+00:00,2025,96,1.000000,1.000000,0.965599
2025-04-07 00:00:00+00:00,2025,97,0.997431,0.997431,0.945583
2025-04-08 00:00:00+00:00,2025,98,,0.991703,0.920864
2025-04-09 00:00:00+00:00,2025,99,0.985975,0.985975,0.891790
2025-04-10 00:00:00+00:00,2025,100,0.746844,0.746844,0.863201
2025-04-11 00:00:00+00:00,2025,101,,0.752366,0.838998
2025-04-12 00:00:00+00:00,2025,102,,0.757889,0.821361
2025-04-13 00:00:00+00:00,2025,103,,0.763412,0.812137
2025-04-14 00:00:00+00:00,2025,104,,0.768935,0.805667
2025-04-15 00:00:00+00:00,2025,105,0.774458,0.774458,0.801730
2025-04-16 00:00:00+00:00,2025,106,1.000000,1.000000,0.802591
2025-04-17 00:00:00+00:00,2025,107,0.712831,0.712831,0.801534
2025-04-18 00:00:00+00:00,2025,108,0.830509,0.830509,0.801119
2025-04-19 00:00:00+00:00,2025,109,0.930101,0.930101,0.795815
2025-04-20 00:00:00+00:00,2025,110,0.661771,0.661771,0.782011
2025-04-21 00:00:00+00:00,2025,111,0.664541,0.664541,0.771109
2025-04-22 00:00:00+00:00,2025,112,,0.792300,0.764292
2025-04-23 00:00:00+00:00,2025,113,0.920060,0.920060,0.755743
2025-04-24 00:00:00+00:00,2025,114,0.710263,0.710263,0.744134
2025-04-25 00:00:00+00:00,2025,115,0.669138,0.669138,0.731451
2025-04-26 00:00:00+00:00,2025,116,,0.685753,0.721060
2025-04-27 00:00:00+00:00,2025,117,0.702368,0.702368,0.713599
2025-04-28 00:00:00+00:00,2025,118,0.760310,0.760310,0.702253
2025-04-29 00:00:00+00:00,2025,119,,0.725244,0.689279
2025-04-30 00:00:00+00:00,2025,120,,0.690178,0.683280
2025-05-01 00:00:00+00:00,2025,121,,0.655113,0.682744
2025-05-02 00:00:00+00:00,2025,122,,0.620047,0.679269
2025-05-03 00:00:00+00:00,2025,123,0.584981,0.584981,0.667895
2025-05-04 00:00:00+00:00,2025,124,0.552591,0.552591,0.649953
2025-05-05 00:00:00+00:00,2025,125,,0.776295,0.626668
2025-05-06 00:00:00+00:00,2025,126,1.000000,1.000000,0.589652
2025-05-07 00:00:00+00:00,2025,127,,0.727968,0.528621
2025-05-08 00:00:00+00:00,2025,128,,0.455935,0.455560
2025-05-09 00:00:00+00:00,2025,129,0.183903,0.183903,0.380579
2025-05-10 00:00:00+00:00,2025,130,,0.162429,0.313790
2025-05-11 00:00:00+00:00,2025,131,,0.140956,0.255076
2025-05-12 00:00:00+00:00,2025,132,,0.119483,0.204377
2025-05-13 00:00:00+00:00,2025,133,0.098010,0.098010,0.166858
2025-05-14 00:00:00+00:00,2025,134,0.176265,0.176265,0.147683
2025-05-15 00:00:00+00:00,2025,135,,0.162706,0.137830
2025-05-16 00:00:00+00:00,2025,136,,0.149147,0.132025
2025-05-17 00:00:00+00:00,2025,137,,0.135589,0.124992
2025-05-18 00:00:00+00:00,2025,138,,0.122030,0.116570
2025-05-19 00:00:00+00:00,2025,139,,0.108471,0.106597
2025-05-20 00:00:00+00:00,2025,140,,0.094912,0.094912
2025-05-21 00:00:00+00:00,2025,141,,0.081353,0.081353
2025-05-22 00:00:00+00:00,2025,142,,0.067794,0.068091
2025-05-23 00:00:00+00:00,2025,143,,0.054235,0.055395
2025-05-24 00:00:00+00:00,2025,144,,0.040677,0.043538
2025-05-25 00:00:00+00:00,2025,145,,0.027118,0.032797
2025-05-26 00:00:00+00:00,2025,146,,0.013559,0.023452
2025-05-27 00:00:00+00:00,2025,147,0.000000,0.000000,0.015780
2025-05-28 00:00:00+00:00,2025,148,0.000983,0.000983,0.010067
2025-05-29 00:00:00+00:00,2025,149,0.000634,0.000634,0.005995
2025-05-30 00:00:00+00:00,2025,150,0.000406,0.000406,0.003299
2025-05-31 00:00:00+00:00,2025,151,,0.000487,0.001711
2025-06-01 00:00:00+00:00,2025,152,,0.000569,0.000951
2025-06-02 00:00:00+00:00,2025,153,0.000650,0.000650,0.000736
2025-06-03 00:00:00+00:00,2025,154,0.001065,0.001065,0.000782
2025-06-04 00:00:00+00:00,2025,155,,0.001002,0.000794
2025-06-05 00:00:00+00:00,2025,156,,0.000939,0.000796
2025-06-06 00:00:00+00:00,2025,157,,0.000876,0.000780
2025-06-07 00:00:00+00:00,2025,158,,0.000813,0.000747
2025-06-08 00:00:00+00:00,2025,159,0.000750,0.000750,0.000701
2025-06-09 00:00:00+00:00,2025,160,0.000539,0.000539,0.000648
2025-06-10 00:00:00+00:00,2025,161,,0.000501,0.000599
2025-06-11 00:00:00+00:00,2025,162,,0.000463,0.000565
2025-06-12 00:00:00+00:00,2025,163,0.000425,0.000425,0.000546
2025-06-13 00:00:00+00:00,2025,164,,0.000473,0.000545
2025-06-14 00:00:00+00:00,2025,165,,0.000521,0.000560
2025-06-15 00:00:00+00:00,2025,166,,0.000569,0.000584
2025-06-16 00:00:00+00:00,2025,167,,0.000617,0.000611
2025-06-17 00:00:00+00:00,2025,168,,0.000665,0.000634
2025-06-18 00:00:00+00:00,2025,169,,0.000713,0.000646
2025-06-19 00:00:00+00:00,2025,170,0.000761,0.000761,0.000644
2025-06-20 00:00:00+00:00,2025,171,0.000823,0.000823,0.000627
2025-06-21 00:00:00+00:00,2025,172,,0.000697,0.000595
2025-06-22 00:00:00+00:00,2025,173,,0.000572,0.000555
2025-06-23 00:00:00+00:00,2025,174,,0.000447,0.000516
2025-06-24 00:00:00+00:00,2025,175,0.000321,0.000321,0.000485
2025-06-25 00:00:00+00:00,2025,176,0.000266,0.000266,0.000464
2025-06-26 00:00:00+00:00,2025,177,,0.000349,0.000458
2025-06-27 00:00:00+00:00,2025,178,,0.000431,0.000467
2025-06-28 00:00:00+00:00,2025,179,,0.000514,0.000489
2025-06-29 00:00:00+00:00,2025,180,,0.000597,0.000521
2025-06-30 00:00:00+00:00,2025,181,0.000679,0.000679,
2025-07-01 00:00:00+00:00,2025,182,,,
2025-07-02 00:00:00+00:00,2025,183,,,
2025-07-03 00:00:00+00:00,2025,184,,,
2025-07-04 00:00:00+00:00,2025,185,,,
2025-07-05 00:00:00+00:00,2025,186,,,
2025-07-06 00:00:00+00:00,2025,187,,,
2025-07-07 00:00:00+00:00,2025,188,,,
2025-07-08 00:00:00+00:00,2025,189,,,
2025-07-09 00:00:00+00:00,2025,190,,,
2025-07-10 00:00:00+00:00,2025,191,0.003556,0.003556,
2025-07-11 00:00:00+00:00,2025,192,,,
2025-07-12 00:00:00+00:00,2025,193,,,
2025-07-13 00:00:00+00:00,2025,194,,,
2025-07-14 00:00:00+00:00,2025,195,,,
2025-07-15 00:00:00+00:00,2025,196,0.011836,0.011836,
2025-07-16 00:00:00+00:00,2025,197,,,
2025-07-17 00:00:00+00:00,2025,198,,,
2025-07-18 00:00:00+00:00,2025,199,,,
2025-07-19 00:00:00+00:00,2025,200,,,
2025-07-20 00:00:00+00:00,2025,201,,,
2025-07-21 00:00:00+00:00,2025,202,,,
2025-07-22 00:00:00+00:00,2025,203,,,
2025-07-23 00:00:00+00:00,2025,204,,,
2025-07-24 00:00:00+00:00,2025,205,,,
2025-07-25 00:00:00+00:00,2025,206,,,
2025-07-26 00:00:00+00:00,2025,207,,,
2025-07-27 00:00:00+00:00,2025,208,,,
2025-07-28 00:00:00+00:00,2025,209,,,
2025-07-29 00:00:00+00:00,2025,210,,,
2025-07-30 00:00:00+00:00,2025,211,,,
2025-07-31 00:00:00+00:00,2025,212,,,
2025-08-01 00:00:00+00:00,2025,213,,,
2025-08-02 00:00:00+00:00,2025,214,,,
2025-08-03 00:00:00+00:00,2025,215,,,
2025-08-04 00:00:00+00:00,2025,216,,,
2025-08-05 00:00:00+00:00,2025,217,,,
2025-08-06 00:00:00+00:00,2025,218,,,
2025-08-07 00:00:00+00:00,2025,219,,,
2025-08-08 00:00:00+00:00,2025,220,,,
2025-08-09 00:00:00+00:00,2025,221,,,
2025-08-10 00:00:00+00:00,2025,222,,,
2025-08-11 00:00:00+00:00,2025,223,,,
2025-08-12 00:00:00+00:00,2025,224,,,
2025-08-13 00:00:00+00:00,2025,225,,,
2025-08-14 00:00:00+00:00,2025,226,,,
2025-08-15 00:00:00+00:00,2025,227,,,
2025-08-16 00:00:00+00:00,2025,228,,,
2025-08-17 00:00:00+00:00,2025,229,,,
2025-08-18 00:00:00+00:00,2025,230,,,
2025-08-19 00:00:00+00:00,2025,231,,,
2025-08-20 00:00:00+00:00,2025,232,,,
2025-08-21 00:00:00+00:00,2025,233,,,
2025-08-22 00:00:00+00:00,2025,234,,,
2025-08-23 00:00:00+00:00,2025,235,,,
2025-08-24 00:00:00+00:00,2025,236,,,
2025-08-25 00:00:00+00:00,2025,237,,,
2025-08-26 00:00:00+00:00,2025,238,,,
2025-08-27 00:00:00+00:00,2025,239,,,
2025-08-28 00:00:00+00:00,2025,240,,,
2025-08-29 00:00:00+00:00,2025,241,,,
2025-08-30 00:00:00+00:00,2025,242,,,
2025-08-31 00:00:00+00:00,2025,243,,,
2025-09-01 00:00:00+00:00,2025,244,,,
2025-09-02 00:00:00+00:00,2025,245,,,
2025-09-03 00:00:00+00:00,2025,246,,,
2025-09-04 00:00:00+00:00,2025,247,,,
2025-09-05 00:00:00+00:00,2025,248,,,
2025-09-06 00:00:00+00:00,2025,249,,,
2025-09-07 00:00:00+00:00,2025,250,,,
2025-09-08 00:00:00+00:00,2025,251,,,
2025-09-09 00:00:00+00:00,2025,252,,,
2025-09-10 00:00:00+00:00,2025,253,,,
2025-09-11 00:00:00+00:00,2025,254,,,
2025-09-12 00:00:00+00:00,2025,255,,,
2025-09-13 00:00:00+00:00,2025,256,,,
2025-09-14 00:00:00+00:00,2025,257,,,
2025-09-15 00:00:00+00:00,2025,258,,,
2025-09-16 00:00:00+00:00,2025,259,,,
2025-09-17 00:00:00+00:00,2025,260,,,
2025-09-18 00:00:00+00:00,2025,261,,,
2025-09-19 00:00:00+00:00,2025,262,,,
2025-09-20 00:00:00+00:00,2025,263,,,
2025-09-21 00:00:00+00:00,2025,264,,,
2025-09-22 00:00:00+00:00,2025,265,,,
2025-09-23 00:00:00+00:00,2025,266,,,
2025-09-24 00:00:00+00:00,2025,267,,,
2025-09-25 00:00:00+00:00,2025,268,,,
2025-09-26 00:00:00+00:00,2025,269,,,
2025-09-27 00:00:00+00:00,2025,270,,,
2025-09-28 00:00:00+00:00,2025,271,,,
2025-09-29 00:00:00+00:00,2025,272,,,
2025-09-30 00:00:00+00:00,2025,273,,,
2025-10-01 00:00:00+00:00,2025,274,,,
2025-10-02 00:00:00+00:00,2025,275,,,
2025-10-03 00:00:00+00:00,2025,276,,,
2025-10-04 00:00:00+00:00,2025,277,,,
2025-10-05 00:00:00+00:00,2025,278,,,
2025-10-06 00:00:00+00:00,2025,279,,,
2025-10-07 00:00:00+00:00,2025,280,,,
2025-10-08 00:00:00+00:00,2025,281,,,
2025-10-09 00:00:00+00:00,2025,282,,,
2025-10-10 00:00:00+00:00,2025,283,,,
2025-10-11 00:00:00+00:00,2025,284,,,
2025-10-12 00:00:00+00:00,2025,285,,,
2025-10-13 00:00:00+00:00,2025,286,,,
2025-10-14 00:00:00+00:00,2025,287,,,
2025-10-15 00:00:00+00:00,2025,288,,,
2025-10-16 00:00:00+00:00,2025,289,,,
2025-10-17 00:00:00+00:00,2025,290,,,
2025-10-18 00:00:00+00:00,2025,291,,,
2025-10-19 00:00:00+00:00,2025,292,,,
2025-10-20 00:00:00+00:00,2025,293,,,
2025-10-21 00:00:00+00:00,2025,294,,,
2025-10-22 00:00:00+00:00,2025,295,,,
2025-10-23 00:00:00+00:00,2025,296,,,
2025-10-24 00:00:00+00:00,2025,297,,,
2025-10-25 00:00:00+00:00,2025,298,,,
2025-10-26 00:00:00+00:00,2025,299,,,
2025-10-27 00:00:00+00:00,2025,300,,,
2025-10-28 00:00:00+00:00,2025,301,,,
2025-10-29 00:00:00+00:00,2025,302,,,
2025-10-30 00:00:00+00:00,2025,303,,,
2025-10-31 00:00:00+00:00,2025,304,,,
2025-11-01 00:00:00+00:00,2025,305,,,
2025-11-02 00:00:00+00:00,2025,306,,,
2025-11-03 00:00:00+00:00,2025,307,,,
2025-11-04 00:00:00+00:00,2025,308,,,
2025-11-05 00:00:00+00:00,2025,309,,,
2025-11-06 00:00:00+00:00,2025,310,,,
2025-11-07 00:00:00+00:00,2025,311,,,
2025-11-08 00:00:00+00:00,2025,312,,,
2025-11-09 00:00:00+00:00,2025,313,,,
2025-11-10 00:00:00+00:00,2025,314,,,
2025-11-11 00:00:00+00:00,2025,315,,,
2025-11-12 00:00:00+00:00,2025,316,,,
2025-11-13 00:00:00+00:00,2025,317,,,
2025-11-14 00:00:00+00:00,2025,318,,,
2025-11-15 00:00:00+00:00,2025,319,,,
2025-11-16 00:00:00+00:00,2025,320,,,
2025-11-17 00:00:00+00:00,2025,321,,,
2025-11-18 00:00:00+00:00,2025,322,,,
2025-11-19 00:00:00+00:00,2025,323,,,
2025-11-20 00:00:00+00:00,2025,324,,,
2025-11-21 00:00:00+00:00,2025,325,,,
2025-11-22 00:00:00+00:00,2025,326,,,
2025-11-23 00:00:00+00:00,2025,327,,,
2025-11-24 00:00:00+00:00,2025,328,,,
2025-11-25 00:00:00+00:00,2025,329,,,
2025-11-26 00:00:00+00:00,2025,330,,,
2025-11-27 00:00:00+00:00,2025,331,,,
2025-11-28 00:00:00+00:00,2025,332,,,
2025-11-29 00:00:00+00:00,2025,333,,,
2025-11-30 00:00:00+00:00,2025,334,,,
2025-12-01 00:00:00+00:00,2025,335,,,
2025-12-02 00:00:00+00:00,2025,336,,,
2025-12-03 00:00:00+00:00,2025,337,,,
2025-12-04 00:00:00+00:00,2025,338,,,
2025-12-05 00:00:00+00:00,2025,339,,,
2025-12-06 00:00:00+00:00,2025,340,,,
2025-12-07 00:00:00+00:00,2025,341,,,
2025-12-08 00:00:00+00:00,2025,342,,,
2025-12-09 00:00:00+00:00,2025,343,,,
2025-12-10 00:00:00+00:00,2025,344,,,
2025-12-11 00:00:00+00:00,2025,345,,,
2025-12-12 00:00:00+00:00,2025,346,,,
2025-12-13 00:00:00+00:00,2025,347,,,
2025-12-14 00:00:00+00:00,2025,348,,,
2025-12-15 00:00:00+00:00,2025,349,,,
2025-12-16 00:00:00+00:00,2025,350,,,
2025-12-17 00:00:00+00:00,2025,351,,,
2025-12-18 00:00:00+00:00,2025,352,,,
2025-12-19 00:00:00+00:00,2025,353,,,
2025-12-20 00:00:00+00:00,2025,354,,,
2025-12-21 00:00:00+00:00,2025,355,,,
2025-12-22 00:00:00+00:00,2025,356,,,
2025-12-23 00:00:00+00:00,2025,357,,,
2025-12-24 00:00:00+00:00,2025,358,,,
2025-12-25 00:00:00+00:00,2025,359,,,
2025-12-26 00:00:00+00:00,2025,360,,,
2025-12-27 00:00:00+00:00,2025,361,,,
2025-12-28 00:00:00+00:00,2025,362,,,
2025-12-29 00:00:00+00:00,2025,363,,,
2025-12-30 00:00:00+00:00,2025,364,,,
2025-12-31 00:00:00+00:00,2025,365,,,
2026-01-01 00:00:00+00:00,2026,1,,,
2026-01-02 00:00:00+00:00,2026,2,,,
2026-01-03 00:00:00+00:00,2026,3,,,
2026-01-04 00:00:00+00:00,2026,4,,,
2026-01-05 00:00:00+00:00,2026,5,,,
2026-01-06 00:00:00+00:00,2026,6,,,
2026-01-07 00:00:00+00:00,2026,7,,,
2026-01-08 00:00:00+00:00,2026,8,,,
2026-01-09 00:00:00+00:00,2026,9,,,
2026-01-10 00:00:00+00:00,2026,10,,,
2026-01-11 00:00:00+00:00,2026,11,,,
2026-01-12 00:00:00+00:00,2026,12,,,
2026-01-13 00:00:00+00:00,2026,13,,,
2026-01-14 00:00:00+00:00,2026,14,,,
2026-01-15 00:00:00+00:00,2026,15,,,
2026-01-16 00:00:00+00:00,2026,16,,,
2026-01-17 00:00:00+00:00,2026,17,,,
2026-01-18 00:00:00+00:00,2026,18,,,
2026-01-19 00:00:00+00:00,2026,19,,,
2026-01-20 00:00:00+00:00,2026,20,,,
2026-01-21 00:00:00+00:00,2026,21,,,
2026-01-22 00:00:00+00:00,2026,22,,,
2026-01-23 00:00:00+00:00,2026,23,,,
2026-01-24 00:00:00+00:00,2026,24,,,
2026-01-25 00:00:00+00:00,2026,25,,,
2026-01-26 00:00:00+00:00,2026,26,,,
2026-01-27 00:00:00+00:00,2026,27,,,
2026-01-28 00:00:00+00:00,2026,28,,,
2026-01-29 00:00:00+00:00,2026,29,,,
2026-01-30 00:00:00+00:00,2026,30,,,
2026-01-31 00:00:00+00:00,2026,31,,,
2026-02-01 00:00:00+00:00,2026,32,,,
2026-02-02 00:00:00+00:00,2026,33,,,
2026-02-03 00:00:00+00:00,2026,34,,,
2026-02-04 00:00:00+00:00,2026,35,,,
2026-02-05 00:00:00+00:00,2026,36,,,
2026-02-06 00:00:00+00:00,2026,37,,,
2026-02-07 00:00:00+00:00,2026,38,,,
2026-02-08 00:00:00+00:00,2026,39,,,
2026-02-09 00:00:00+00:00,2026,40,,,
2026-02-10 00:00:00+00:00,2026,41,,,
2026-02-11 00:00:00+00:00,2026,42,,,
2026-02-12 00:00:00+00:00,2026,43,,,
2026-02-13 00:00:00+00:00,2026,44,,,
2026-02-14 00:00:00+00:00,2026,45,0.278912,0.278912,
2026-02-15 00:00:00+00:00,2026,46,,,
2026-02-16 00:00:00+00:00,2026,47,,,
2026-02-17 00:00:00+00:00,2026,48,,,
2026-02-18 00:00:00+00:00,2026,49,,,
2026-02-19 00:00:00+00:00,2026,50,,,
2026-02-20 00:00:00+00:00,2026,51,,,
2026-02-21 00:00:00+00:00,2026,52,,,
2026-02-22 00:00:00+00:00,2026,53,,0.487118,0.522023
2026-02-23 00:00:00+00:00,2026,54,,0.513144,0.524492
2026-02-24 00:00:00+00:00,2026,55,,0.539170,0.518633
2026-02-25 00:00:00+00:00,2026,56,,0.565196,0.502528
2026-02-26 00:00:00+00:00,2026,57,,0.591222,0.474259
2026-02-27 00:00:00+00:00,2026,58,0.617247,0.617247,0.432886
2026-02-28 00:00:00+00:00,2026,59,,0.440693,0.377468
2026-03-01 00:00:00+00:00,2026,60,0.264138,0.264138,0.322408
2026-03-02 00:00:00+00:00,2026,61,,0.196172,0.280248
2026-03-03 00:00:00+00:00,2026,62,,0.128206,0.260959
2026-03-04 00:00:00+00:00,2026,63,0.060240,0.060240,0.257260
2026-03-05 00:00:00+00:00,2026,64,,0.040199,0.270862
2026-03-06 00:00:00+00:00,2026,65,0.020159,0.020159,0.301789
2026-03-07 00:00:00+00:00,2026,66,,0.346724,0.355880
2026-03-08 00:00:00+00:00,2026,67,,0.673290,0.420697
2026-03-09 00:00:00+00:00,2026,68,0.999855,0.999855,0.483799
2026-03-10 00:00:00+00:00,2026,69,0.481150,0.481150,0.529572
2026-03-11 00:00:00+00:00,2026,70,0.403044,0.403044,0.578034
2026-03-12 00:00:00+00:00,2026,71,0.338063,0.338063,0.631217
2026-03-13 00:00:00+00:00,2026,72,,0.558178,0.691597
2026-03-14 00:00:00+00:00,2026,73,,0.778292,0.750015
2026-03-15 00:00:00+00:00,2026,74,0.998406,0.998406,0.804133
2026-03-16 00:00:00+00:00,2026,75,0.954422,0.954422,0.851648
2026-03-17 00:00:00+00:00,2026,76,,0.965817,0.900998
2026-03-18 00:00:00+00:00,2026,77,,0.977211,0.941108
2026-03-19 00:00:00+00:00,2026,78,,0.988606,0.969896
2026-03-20 00:00:00+00:00,2026,79,1.000000,1.000000,0.985547
2026-03-21 00:00:00+00:00,2026,80,0.999198,0.999198,0.992043
2026-03-22 00:00:00+00:00,2026,81,1.000000,1.000000,0.993978
2026-03-23 00:00:00+00:00,2026,82,,0.998864,0.995880
2026-03-24 00:00:00+00:00,2026,83,,0.997728,0.996897
2026-03-25 00:00:00+00:00,2026,84,,0.996592,0.997291
2026-03-26 00:00:00+00:00,2026,85,0.995456,0.995456,0.997322
2026-03-27 00:00:00+00:00,2026,86,0.993240,0.993240,0.997287
2026-03-28 00:00:00+00:00,2026,87,,0.996594,0.997527
2026-03-29 00:00:00+00:00,2026,88,0.999949,0.999949,0.997840
2026-03-30 00:00:00+00:00,2026,89,1.000000,1.000000,0.998052
2026-03-31 00:00:00+00:00,2026,90,,0.999081,0.998242
2026-04-01 00:00:00+00:00,2026,91,0.998162,0.998162,0.998377
2026-04-02 00:00:00+00:00,2026,92,,0.999081,0.998428
2026-04-03 00:00:00+00:00,2026,93,1.000000,1.000000,0.998337
2026-04-04 00:00:00+00:00,2026,94,,0.997507,0.998025
2026-04-05 00:00:00+00:00,2026,95,0.995014,0.995014,0.997664
2026-04-06 00:00:00+00:00,2026,96,1.000000,1.000000,0.997432
2026-04-07 00:00:00+00:00,2026,97,,0.997795,0.997134
2026-04-08 00:00:00+00:00,2026,98,0.995590,0.995590,0.996907
2026-04-09 00:00:00+00:00,2026,99,0.995736,0.995736,0.996822
2026-04-10 00:00:00+00:00,2026,100,,0.995904,0.996892
2026-04-11 00:00:00+00:00,2026,101,0.996072,0.996072,0.997111
2026-04-12 00:00:00+00:00,2026,102,,0.996398,0.997400
2026-04-13 00:00:00+00:00,2026,103,0.996724,0.996724,0.997677
2026-04-14 00:00:00+00:00,2026,104,1.000000,1.000000,0.997702
2026-04-15 00:00:00+00:00,2026,105,1.000000,1.000000,0.996972
2026-04-16 00:00:00+00:00,2026,106,1.000000,1.000000,0.995114
2026-04-17 00:00:00+00:00,2026,107,,0.999053,0.991804
2026-04-18 00:00:00+00:00,2026,108,,0.998107,0.986759
2026-04-19 00:00:00+00:00,2026,109,0.997160,0.997160,0.979694
2026-04-20 00:00:00+00:00,2026,110,,0.981158,0.970327
2026-04-21 00:00:00+00:00,2026,111,,0.965156,0.958992
2026-04-22 00:00:00+00:00,2026,112,,0.949154,0.946081
2026-04-23 00:00:00+00:00,2026,113,,0.933152,0.931923
2026-04-24 00:00:00+00:00,2026,114,,0.917150,0.920492
2026-04-25 00:00:00+00:00,2026,115,,0.901147,0.912423
2026-04-26 00:00:00+00:00,2026,116,,0.885145,0.907980
2026-04-27 00:00:00+00:00,2026,117,,0.869143,0.907427
2026-04-28 00:00:00+00:00,2026,118,,0.853141,0.910720
2026-04-29 00:00:00+00:00,2026,119,0.837139,0.837139,0.913585
2026-04-30 00:00:00+00:00,2026,120,0.999960,0.999960,0.911636
2026-05-01 00:00:00+00:00,2026,121,1.000000,1.000000,0.897322
2026-05-02 00:00:00+00:00,2026,122,,0.981859,0.869738
2026-05-03 00:00:00+00:00,2026,123,,0.963718,0.827323
2026-05-04 00:00:00+00:00,2026,124,0.945577,0.945577,0.768518
2026-05-05 00:00:00+00:00,2026,125,0.720172,0.720172,0.691764
2026-05-06 00:00:00+00:00,2026,126,0.489221,0.489221,0.603961
2026-05-07 00:00:00+00:00,2026,127,,0.460900,0.514457
2026-05-08 00:00:00+00:00,2026,128,0.432579,0.432579,0.427980
2026-05-09 00:00:00+00:00,2026,129,,0.335885,0.345402
2026-05-10 00:00:00+00:00,2026,130,,0.239190,0.270013
2026-05-11 00:00:00+00:00,2026,131,,0.142496,0.205104
2026-05-12 00:00:00+00:00,2026,132,0.045802,0.045802,0.153966
2026-05-13 00:00:00+00:00,2026,133,,0.057982,0.115661
2026-05-14 00:00:00+00:00,2026,134,0.070162,0.070162,0.084977
2026-05-15 00:00:00+00:00,2026,135,,0.056171,0.060841
2026-05-16 00:00:00+00:00,2026,136,,0.042181,0.043249
2026-05-17 00:00:00+00:00,2026,137,,0.028190,0.030800
2026-05-18 00:00:00+00:00,2026,138,,0.014200,0.022092
2026-05-19 00:00:00+00:00,2026,139,0.000209,0.000209,0.015727
2026-05-20 00:00:00+00:00,2026,140,0.000207,0.000207,0.010303
2026-05-21 00:00:00+00:00,2026,141,,0.000296,0.006070
2026-05-22 00:00:00+00:00,2026,142,,0.000386,0.003271
2026-05-23 00:00:00+00:00,2026,143,,0.000475,0.001619
2026-05-24 00:00:00+00:00,2026,144,,0.000564,0.000818
2026-05-25 00:00:00+00:00,2026,145,,0.000653,0.000581
2026-05-26 00:00:00+00:00,2026,146,0.000742,0.000742,0.000620
2026-05-27 00:00:00+00:00,2026,147,,0.000755,0.000648
2026-05-28 00:00:00+00:00,2026,148,0.000768,0.000768,0.000663
2026-05-29 00:00:00+00:00,2026,149,0.000729,0.000729,0.000667
2026-05-30 00:00:00+00:00,2026,150,0.000518,0.000518,0.000664
2026-05-31 00:00:00+00:00,2026,151,,0.000572,0.000666
2026-06-01 00:00:00+00:00,2026,152,,0.000626,0.000677
2026-06-02 00:00:00+00:00,2026,153,,0.000680,0.000695
2026-06-03 00:00:00+00:00,2026,154,0.000734,0.000734,0.000715
2026-06-04 00:00:00+00:00,2026,155,0.000691,0.000691,0.000733
2026-06-05 00:00:00+00:00,2026,156,0.000685,0.000685,0.000749
2026-06-06 00:00:00+00:00,2026,157,,0.000856,0.000761
2026-06-07 00:00:00+00:00,2026,158,0.001028,0.001028,0.000761
2026-06-08 00:00:00+00:00,2026,159,,0.000888,0.000743
2026-06-09 00:00:00+00:00,2026,160,,0.000749,0.000716
2026-06-10 00:00:00+00:00,2026,161,0.000609,0.000609,0.000688
2026-06-11 00:00:00+00:00,2026,162,,0.000529,0.000671
2026-06-12 00:00:00+00:00,2026,163,0.000450,0.000450,0.000658
2026-06-13 00:00:00+00:00,2026,164,0.000583,0.000583,0.000649
2026-06-14 00:00:00+00:00,2026,165,,0.000624,0.000644
2026-06-15 00:00:00+00:00,2026,166,0.000666,0.000666,0.000645
2026-06-16 00:00:00+00:00,2026,167,,0.000828,0.000671
2026-06-17 00:00:00+00:00,2026,168,0.000991,0.000991,0.000701
2026-06-18 00:00:00+00:00,2026,169,0.000534,0.000534,0.000718
2026-06-19 00:00:00+00:00,2026,170,0.000442,0.000442,0.000736
2026-06-20 00:00:00+00:00,2026,171,,0.000500,0.000756
2026-06-21 00:00:00+00:00,2026,172,0.000558,0.000558,0.000776
2026-06-22 00:00:00+00:00,2026,173,0.001604,0.001604,0.000793
2026-06-23 00:00:00+00:00,2026,174,,0.001153,0.000774
2026-06-24 00:00:00+00:00,2026,175,0.000702,0.000702,0.000740
2026-06-25 00:00:00+00:00,2026,176,,0.000609,0.000709
2026-06-26 00:00:00+00:00,2026,177,,0.000516,0.000675
2026-06-27 00:00:00+00:00,2026,178,,0.000423,0.000642
2026-06-28 00:00:00+00:00,2026,179,0.000330,0.000330,0.000617
2026-06-29 00:00:00+00:00,2026,180,0.000789,0.000789,0.000603
2026-06-30 00:00:00+00:00,2026,181,0.000749,0.000749,
2026-07-01 00:00:00+00:00,2026,182,,,
2026-07-02 00:00:00+00:00,2026,183,,,
2026-07-03 00:00:00+00:00,2026,184,,,
2026-07-04 00:00:00+00:00,2026,185,,,
2026-07-05 00:00:00+00:00,2026,186,0.000456,0.000456,
2026-07-06 00:00:00+00:00,2026,187,,,
2026-07-07 00:00:00+00:00,2026,188,0.001584,0.001584,
2026-07-08 00:00:00+00:00,2026,189,,,
2026-07-09 00:00:00+00:00,2026,190,,,
2026-07-10 00:00:00+00:00,2026,191,,,
2026-07-11 00:00:00+00:00,2026,192,0.000769,0.000769,
2026-07-12 00:00:00+00:00,2026,193,,,
2026-07-13 00:00:00+00:00,2026,194,,,
2026-07-14 00:00:00+00:00,2026,195,,,
2026-07-15 00:00:00+00:00,2026,196,0.005522,0.005522,
