id,day,season,doy,hour,instrument,has_swir,sun_elevation,cloud,tier
LM01_L1TP_015010_19730321_20200909_02_T2,1973-03-21,1973,80,15,MSS,False,19.39732928,82.0,T2
LM01_L1TP_014010_19730320_20200909_02_T2,1973-03-20,1973,79,14,MSS,False,19.16132873,74.0,T2
LM02_L1TP_012010_19750528_20200908_02_T2,1975-05-28,1975,148,14,MSS,False,40.56609058,80.0,T2
LM02_L1GS_014010_19760506_20200907_02_T2,1976-05-06,1976,127,14,MSS,False,35.472394,99.0,T2
LM02_L1GS_013010_19760505_20200907_02_T2,1976-05-05,1976,126,14,MSS,False,35.11572305,81.0,T2
LM02_L1TP_012011_19760504_20200907_02_T2,1976-05-04,1976,125,14,MSS,False,35.89874055,85.0,T2
LM02_L1GS_012010_19760504_20200907_02_T2,1976-05-04,1976,125,14,MSS,False,34.81276925,65.0,T2
LM02_L1TP_016010_19760420_20200908_02_T2,1976-04-20,1976,111,14,MSS,False,30.36244854,86.0,T2
LM02_L1TP_014010_19760418_20200908_02_T2,1976-04-18,1976,109,14,MSS,False,29.68469505,96.0,T2
LM02_L1GS_013010_19760417_20200908_02_T2,1976-04-17,1976,108,14,MSS,False,29.34863489,100.0,T2
LM02_L1GS_012011_19760416_20200908_02_T2,1976-04-16,1976,107,14,MSS,False,30.06481489,99.0,T2
LM02_L1GS_012010_19760416_20200908_02_T2,1976-04-16,1976,107,14,MSS,False,28.97854102,100.0,T2
LM02_L1TP_014010_19760331_20200908_02_T2,1976-03-31,1976,91,14,MSS,False,23.31792487,87.0,T2
LM02_L1TP_015010_19780620_20210610_02_T2,1978-06-20,1978,171,14,MSS,False,42.04475022,39.0,T2
LM02_L1GS_014010_19790527_20210616_02_T2,1979-05-27,1979,147,14,MSS,False,40.29943501,59.0,T2
LM02_L1TP_015010_19790404_20210616_02_T2,1979-04-04,1979,94,14,MSS,False,24.55293164,73.0,T2
LM02_L1TP_014010_19790403_20210616_02_T2,1979-04-03,1979,93,14,MSS,False,24.16314775,88.0,T2
LM03_L1GS_014010_19800617_20210719_02_T2,1980-06-17,1980,169,14,MSS,False,42.24496561,64.0,T2
LM03_L1TP_014010_19800406_20210714_02_T2,1980-04-06,1980,97,14,MSS,False,25.59883998,68.0,T2
LM02_L1TP_014010_19810410_20210803_02_T2,1981-04-10,1981,100,14,MSS,False,27.11237195,86.0,T2
LM03_L1GS_012010_19820623_20210820_02_T2,1982-06-23,1982,174,14,MSS,False,42.55551534,95.0,T2
LM04_L1GS_010011_19830627_20210902_02_T2,1983-06-27,1983,178,14,MSS,False,43.14189266,78.0,T2
LM04_L1GS_010010_19830627_20210902_02_T2,1983-06-27,1983,178,14,MSS,False,42.02116081,40.0,T2
LM04_L1GS_012010_19830625_20210902_02_T2,1983-06-25,1983,176,14,MSS,False,42.09195047,28.0,T2
LM04_L1GS_014010_19830623_20210902_02_T2,1983-06-23,1983,174,15,MSS,False,42.13678852,64.0,T2
LM04_L1GS_011010_19830618_20210902_02_T2,1983-06-18,1983,169,14,MSS,False,42.1285683,50.0,T2
LM04_L1TP_013010_19830616_20210902_02_T2,1983-06-16,1983,167,14,MSS,False,42.07612323,13.0,T2
LM04_L1GS_010011_19830611_20210902_02_T2,1983-06-11,1983,162,14,MSS,False,42.96294262,44.0,T2
LM04_L1GS_010010_19830611_20210902_02_T2,1983-06-11,1983,162,14,MSS,False,41.82529921,81.0,T2
LM04_L1TP_012010_19830609_20210902_02_T2,1983-06-09,1983,160,14,MSS,False,41.67826451,32.0,T2
LM04_L1GS_011010_19830602_20210902_02_T2,1983-06-02,1983,153,14,MSS,False,40.94742481,12.0,T2
LM04_L1TP_013010_19830531_20210902_02_T2,1983-05-31,1983,151,14,MSS,False,40.68101356,10.0,T2
LM04_L1GS_010011_19830526_20210902_02_T2,1983-05-26,1983,146,14,MSS,False,41.05054856,19.0,T2
LM04_L1GS_010010_19830526_20210902_02_T2,1983-05-26,1983,146,14,MSS,False,39.89688802,6.0,T2
LM04_L1TP_012010_19830524_20210902_02_T2,1983-05-24,1983,144,14,MSS,False,39.54081725,3.0,T2
LM04_L1TP_013010_19830515_20210902_02_T2,1983-05-15,1983,135,14,MSS,False,37.64486133,67.0,T2
LM04_L1GS_010011_19830510_20210902_02_T2,1983-05-10,1983,130,14,MSS,False,37.55330002,53.0,T2
LM04_L1GS_010010_19830510_20210902_02_T2,1983-05-10,1983,130,14,MSS,False,36.39212414,68.0,T2
LM04_L1TP_012010_19830508_20210902_02_T2,1983-05-08,1983,128,14,MSS,False,35.86021431,50.0,T2
LM04_L1TP_011010_19830501_20210902_02_T2,1983-05-01,1983,121,14,MSS,False,33.85334682,1.0,T2
LM04_L1GS_013010_19830429_20210902_02_T2,1983-04-29,1983,119,14,MSS,False,33.22260088,1.0,T2
LM04_L1GS_010011_19830424_20210831_02_T2,1983-04-24,1983,114,14,MSS,False,32.76419669,1.0,T2
LM04_L1GS_010010_19830424_20210831_02_T2,1983-04-24,1983,114,14,MSS,False,31.60423621,0.0,T2
LM04_L1GS_012010_19830422_20210831_02_T2,1983-04-22,1983,112,14,MSS,False,30.95241935,2.0,T2
LM04_L1TP_011010_19830415_20210831_02_T2,1983-04-15,1983,105,14,MSS,False,28.49679693,2.0,T2
LM04_L1TP_013010_19830413_20210830_02_T2,1983-04-13,1983,103,14,MSS,False,27.75590209,4.0,T2
LM04_L1TP_012010_19830406_20210830_02_T2,1983-04-06,1983,96,14,MSS,False,25.14748128,5.0,T2
LM04_L1GS_010011_19830323_20210830_02_T2,1983-03-23,1983,82,14,MSS,False,20.77777704,39.0,T2
LM04_L1GS_010010_19830323_20210830_02_T2,1983-03-23,1983,82,14,MSS,False,19.63943745,32.0,T2
LM04_L1TP_012010_19830321_20210830_02_T2,1983-03-21,1983,80,14,MSS,False,18.86170677,36.0,T2
LM04_L1TP_013010_19830312_20210827_02_T2,1983-03-12,1983,71,14,MSS,False,15.25360992,51.0,T2
LM04_L1TP_012010_19830305_20210827_02_T2,1983-03-05,1983,64,14,MSS,False,12.5128245,55.0,T2
LM04_L1TP_014010_19830303_20210827_02_T2,1983-03-03,1983,62,15,MSS,False,11.74065091,86.0,T2
LM04_L1TP_011010_19830226_20210827_02_T2,1983-02-26,1983,57,14,MSS,False,9.83137912,18.0,T2
LM05_L1GS_011010_19840628_20210911_02_T2,1984-06-28,1984,180,14,MSS,False,41.93615213,99.0,T2
LM05_L1GS_013010_19840626_20210911_02_T2,1984-06-26,1984,178,14,MSS,False,42.03027228,66.0,T2
LM05_L1GS_010011_19840621_20210911_02_T2,1984-06-21,1984,173,14,MSS,False,43.2707402,52.0,T2
LM05_L1GS_010010_19840621_20210911_02_T2,1984-06-21,1984,173,14,MSS,False,42.14986599,94.0,T2
LM05_L1GS_014010_19840617_20210911_02_T2,1984-06-17,1984,169,14,MSS,False,42.12245239,81.0,T2
LM05_L1GS_013010_19840610_20210911_02_T2,1984-06-10,1984,162,14,MSS,False,41.80662167,38.0,T2
LM05_L1GS_010011_19840605_20210911_02_T2,1984-06-05,1984,157,14,MSS,False,42.51294881,48.0,T2
LM05_L1GS_010010_19840605_20210911_02_T2,1984-06-05,1984,157,14,MSS,False,41.3764177,90.0,T2
LM05_L1GS_012010_19840603_20210911_02_T2,1984-06-03,1984,155,14,MSS,False,41.15805299,79.0,T2
LM05_L1GS_011010_19840527_20210911_02_T2,1984-05-27,1984,148,14,MSS,False,40.18393537,98.0,T2
LM05_L1TP_013010_19840525_20210911_02_T2,1984-05-25,1984,146,14,MSS,False,39.85025911,81.0,T2
LM05_L1GS_010011_19840520_20210911_02_T2,1984-05-20,1984,141,14,MSS,False,40.05273389,98.0,T2
LM05_L1GS_010010_19840520_20210911_02_T2,1984-05-20,1984,141,14,MSS,False,38.90237696,99.0,T2
LM05_L1TP_014010_19840516_20210911_02_T2,1984-05-16,1984,137,14,MSS,False,38.04399147,75.0,T2
LM05_L1GS_011010_19840511_20210911_02_T2,1984-05-11,1984,132,14,MSS,False,36.83987243,92.0,T2
LM05_L1TP_013010_19840509_20210911_02_T2,1984-05-09,1984,130,14,MSS,False,36.32310277,88.0,T2
LM05_L1GS_010011_19840504_20210911_02_T2,1984-05-04,1984,125,14,MSS,False,36.09148217,93.0,T2
LM05_L1GS_010010_19840504_20210911_02_T2,1984-05-04,1984,125,14,MSS,False,34.93899294,90.0,T2
LM05_L1GS_012010_19840502_20210911_02_T2,1984-05-02,1984,123,14,MSS,False,34.35775593,85.0,T2
LM04_L1GS_011010_19840316_20200903_02_T2,1984-03-16,1984,76,14,MSS,False,17.06722025,22.0,T2
LM05_L1GS_013010_19850629_20210919_02_T2,1985-06-29,1985,180,14,MSS,False,41.8954958,20.0,T2
LM05_L1GS_010011_19850624_20210919_02_T2,1985-06-24,1985,175,14,MSS,False,43.23608731,95.0,T2
LT05_L1GS_010010_19850624_20200918_02_T2,1985-06-24,1985,175,14,TM,True,42.08751318,100.0,T2
LM05_L1GS_010010_19850624_20210919_02_T2,1985-06-24,1985,175,14,MSS,False,42.1117504,99.0,T2
LT05_L1TP_012010_19850622_20200918_02_T1,1985-06-22,1985,173,14,TM,True,42.12715176,14.0,T1
LM05_L1TP_012010_19850622_20210919_02_T2,1985-06-22,1985,173,14,MSS,False,42.15008884,26.0,T2
LT05_L1TP_011010_19850615_20200918_02_T1,1985-06-15,1985,166,14,TM,True,42.04230715,0.0,T1
LM05_L1TP_011010_19850615_20210919_02_T2,1985-06-15,1985,166,14,MSS,False,42.06521346,58.0,T2
LM05_L1GS_013010_19850613_20210919_02_T2,1985-06-13,1985,164,14,MSS,False,41.98035874,8.0,T2
LT05_L1TP_010011_19850608_20200918_02_T1,1985-06-08,1985,159,14,TM,True,42.75226028,54.0,T1
LM05_L1GS_010011_19850608_20210919_02_T2,1985-06-08,1985,159,14,MSS,False,42.78774365,53.0,T2
LT05_L1TP_010010_19850608_20200918_02_T1,1985-06-08,1985,159,14,TM,True,41.62400844,79.0,T1
LM05_L1GS_010010_19850608_20210919_02_T2,1985-06-08,1985,159,14,MSS,False,41.64402058,95.0,T2
LT05_L1GS_012010_19850606_20200918_02_T2,1985-06-06,1985,157,14,TM,True,41.43892937,25.0,T2
LM05_L1GS_012010_19850606_20210919_02_T2,1985-06-06,1985,157,14,MSS,False,41.46365208,35.0,T2
LT05_L1TP_011010_19850530_20200918_02_T1,1985-05-30,1985,150,14,TM,True,40.59618435,14.0,T1
LM05_L1GS_011010_19850530_20210918_02_T2,1985-05-30,1985,150,14,MSS,False,40.61886455,74.0,T2
LT05_L1TP_013010_19850528_20200918_02_T1,1985-05-28,1985,148,14,TM,True,40.30044884,18.0,T1
LM05_L1TP_013010_19850528_20210918_02_T2,1985-05-28,1985,148,14,MSS,False,40.32052924,16.0,T2
LT05_L1TP_010011_19850523_20200918_02_T1,1985-05-23,1985,143,14,TM,True,40.58045069,39.0,T1
LM05_L1GS_010011_19850523_20210918_02_T2,1985-05-23,1985,143,14,MSS,False,40.61506271,44.0,T2
LT05_L1TP_010010_19850523_20200918_02_T1,1985-05-23,1985,143,14,TM,True,39.43731176,67.0,T1
LM05_L1GS_010010_19850523_20210918_02_T2,1985-05-23,1985,143,14,MSS,False,39.4573388,84.0,T2
LM05_L1GS_012010_19850521_20210918_02_T2,1985-05-21,1985,141,14,MSS,False,39.07261741,66.0,T2
LM05_L1GS_014010_19850519_20210918_02_T2,1985-05-19,1985,139,15,MSS,False,38.66405245,48.0,T2
LT05_L1TP_011010_19850514_20250430_02_T1,1985-05-14,1985,134,14,TM,True,37.52038562,67.0,T1
LM05_L1GS_011010_19850514_20210918_02_T2,1985-05-14,1985,134,14,MSS,False,37.53572194,98.0,T2
LT05_L1TP_013010_19850512_20200918_02_T1,1985-05-12,1985,132,14,TM,True,37.0340087,38.0,T1
LM05_L1TP_013010_19850512_20210918_02_T2,1985-05-12,1985,132,14,MSS,False,37.04855709,77.0,T2
LT05_L1TP_010011_19850507_20200918_02_T1,1985-05-07,1985,127,14,TM,True,36.86916321,21.0,T1
LM05_L1GS_010011_19850507_20210918_02_T2,1985-05-07,1985,127,14,MSS,False,36.89906861,72.0,T2
LT05_L1TP_010010_19850507_20200918_02_T1,1985-05-07,1985,127,14,TM,True,35.7193991,17.0,T1
LM05_L1GS_010010_19850507_20210918_02_T2,1985-05-07,1985,127,14,MSS,False,35.73480113,85.0,T2
LM05_L1TP_012010_19850505_20210918_02_T2,1985-05-05,1985,125,14,MSS,False,35.17748634,63.0,T2
LT05_L1TP_010011_19850421_20250430_02_T1,1985-04-21,1985,111,14,TM,True,31.91120664,63.0,T1
LM05_L1GS_010011_19850421_20210918_02_T2,1985-04-21,1985,111,14,MSS,False,31.94122937,72.0,T2
LT05_L1TP_010010_19850421_20250430_02_T2,1985-04-21,1985,111,14,TM,True,30.76448462,60.0,T2
LM05_L1GS_010010_19850421_20210918_02_T2,1985-04-21,1985,111,14,MSS,False,30.77948455,70.0,T2
LT05_L1TP_012010_19850419_20200918_02_T1,1985-04-19,1985,109,14,TM,True,30.07808538,49.0,T1
LM05_L1TP_012010_19850419_20210918_02_T2,1985-04-19,1985,109,14,MSS,False,30.09439132,88.0,T2
LM05_L1GS_011010_19850412_20210918_02_T2,1985-04-12,1985,102,14,MSS,False,27.58742358,90.0,T2
LM05_L1GS_010011_19850405_20210917_02_T2,1985-04-05,1985,95,14,MSS,False,26.10979502,39.0,T2
LM05_L1GS_010010_19850405_20210917_02_T2,1985-04-05,1985,95,14,MSS,False,24.95739278,20.0,T2
LT05_L1TP_011010_19850327_20250430_02_T1,1985-03-27,1985,86,14,TM,True,21.43216612,18.0,T1
LM05_L1TP_011010_19850327_20210917_02_T2,1985-03-27,1985,86,14,MSS,False,21.45248338,36.0,T2
LM05_L1GS_011010_19850311_20210917_02_T2,1985-03-11,1985,70,14,MSS,False,15.07829076,85.0,T2
LT05_L1TP_010011_19850304_20200918_02_T1,1985-03-04,1985,63,14,TM,True,13.42952334,44.0,T1
LM05_L1GS_010011_19850304_20210917_02_T2,1985-03-04,1985,63,14,MSS,False,13.45790777,72.0,T2
LT05_L1GS_010010_19850304_20200918_02_T2,1985-03-04,1985,63,14,TM,True,12.31297181,40.0,T2
LM05_L1GS_010010_19850304_20210917_02_T2,1985-03-04,1985,63,14,MSS,False,12.32629871,81.0,T2
LM05_L1GS_010010_19860627_20210923_02_T2,1986-06-27,1986,178,14,MSS,False,41.84751442,98.0,T2
LT05_L1GS_010010_19860627_20200918_02_T2,1986-06-27,1986,178,14,TM,True,41.81392281,95.0,T2
LM05_L1GS_012010_19860625_20210923_02_T2,1986-06-25,1986,176,14,MSS,False,41.92417475,31.0,T2
LM05_L1GS_014010_19860623_20210923_02_T2,1986-06-23,1986,174,14,MSS,False,41.97547737,73.0,T2
LM05_L1TP_011010_19860618_20210923_02_T2,1986-06-18,1986,169,14,MSS,False,41.98221493,62.0,T2
LT05_L1TP_013010_19860616_20200917_02_T1,1986-06-16,1986,167,14,TM,True,41.90538711,63.0,T1
LM05_L1GS_013010_19860616_20210923_02_T2,1986-06-16,1986,167,14,MSS,False,41.93778673,31.0,T2
LT05_L1TP_010010_19860611_20200918_02_T1,1986-06-11,1986,162,14,TM,True,41.66636536,13.0,T1
LM05_L1GS_010010_19860611_20210923_02_T2,1986-06-11,1986,162,14,MSS,False,41.70238585,89.0,T2
LT05_L1TP_011010_19860602_20250430_02_T1,1986-06-02,1986,153,14,TM,True,40.81954676,19.0,T1
LM05_L1GS_011010_19860602_20210923_02_T2,1986-06-02,1986,153,14,MSS,False,40.85138708,91.0,T2
LT05_L1TP_013010_19860531_20250430_02_T1,1986-05-31,1986,151,14,TM,True,40.55617106,74.0,T1
LM05_L1GS_013010_19860531_20210923_02_T2,1986-05-31,1986,151,14,MSS,False,40.58939901,67.0,T2
LM05_L1GS_010011_19860526_20210923_02_T2,1986-05-26,1986,146,14,MSS,False,40.92766711,15.0,T2
LM05_L1GS_010010_19860526_20210923_02_T2,1986-05-26,1986,146,14,MSS,False,39.81979901,74.0,T2
LT05_L1GS_011010_19860517_20200918_02_T2,1986-05-17,1986,137,14,TM,True,38.01529112,100.0,T2
LM05_L1GS_011010_19860517_20210923_02_T2,1986-05-17,1986,137,14,MSS,False,38.04948941,100.0,T2
LM05_L1GS_010011_19860510_20210923_02_T2,1986-05-10,1986,130,14,MSS,False,37.49000656,82.0,T2
LM05_L1GS_010010_19860510_20210923_02_T2,1986-05-10,1986,130,14,MSS,False,36.35335535,95.0,T2
LM05_L1GS_012010_19860508_20210923_02_T2,1986-05-08,1986,128,14,MSS,False,35.82484282,81.0,T2
LM05_L1GS_014010_19860506_20210923_02_T2,1986-05-06,1986,126,14,MSS,False,35.27630835,61.0,T2
LT05_L1TP_011010_19860501_20200918_02_T1,1986-05-01,1986,121,14,TM,True,33.77733336,8.0,T1
LM05_L1GS_011010_19860501_20210923_02_T2,1986-05-01,1986,121,14,MSS,False,33.8128632,60.0,T2
LM05_L1GS_010011_19860424_20210923_02_T2,1986-04-24,1986,114,14,MSS,False,32.72942182,52.0,T2
LM05_L1GS_010010_19860424_20210923_02_T2,1986-04-24,1986,114,14,MSS,False,31.59112432,84.0,T2
LM05_L1GS_012010_19860422_20210923_02_T2,1986-04-22,1986,112,14,MSS,False,30.92580058,84.0,T2
LM05_L1TP_011010_19860415_20210922_02_T2,1986-04-15,1986,105,14,MSS,False,28.47854056,96.0,T2
LM05_L1TP_013010_19860413_20210922_02_T2,1986-04-13,1986,103,14,MSS,False,27.75614921,96.0,T2
LM05_L1GS_010011_19860408_20210922_02_T2,1986-04-08,1986,98,14,MSS,False,27.02399506,54.0,T2
LT05_L1TP_010010_19860408_20241114_02_T1,1986-04-08,1986,98,14,TM,True,25.86769589,14.0,T1
LM05_L1GS_010010_19860408_20210922_02_T2,1986-04-08,1986,98,14,MSS,False,25.89292775,7.0,T2
LM05_L1TP_012010_19860406_20210922_02_T2,1986-04-06,1986,96,14,MSS,False,25.13637147,33.0,T2
LT05_L1TP_012010_19870628_20201014_02_T1,1987-06-28,1987,179,14,TM,True,41.90319062,34.0,T1
LM05_L1GS_012010_19870628_20210928_02_T2,1987-06-28,1987,179,14,MSS,False,41.92454145,41.0,T2
LM05_L1GS_014010_19870626_20210928_02_T2,1987-06-26,1987,177,14,MSS,False,42.0089671,5.0,T2
LT05_L1TP_011010_19870621_20201015_02_T1,1987-06-21,1987,172,14,TM,True,42.07968882,8.0,T1
LM05_L1TP_011010_19870621_20210928_02_T2,1987-06-21,1987,172,14,MSS,False,42.10448314,65.0,T2
LM05_L1GS_013010_19870619_20210928_02_T2,1987-06-19,1987,170,14,MSS,False,42.09399278,48.0,T2
LT05_L1TP_010010_19870614_20201015_02_T1,1987-06-14,1987,165,14,TM,True,41.92095966,40.0,T1
LM05_L1GS_010010_19870614_20210928_02_T2,1987-06-14,1987,165,14,MSS,False,41.94788448,90.0,T2
LM05_L1GS_012010_19870612_20210928_02_T2,1987-06-12,1987,163,14,MSS,False,41.84073017,86.0,T2
LT05_L1GS_014010_19870610_20201014_02_T2,1987-06-10,1987,161,14,TM,True,41.68399251,99.0,T2
LM05_L1GS_014010_19870610_20210928_02_T2,1987-06-10,1987,161,14,MSS,False,41.70681784,97.0,T2
LT05_L1TP_011010_19870605_20201014_02_T1,1987-06-05,1987,156,14,TM,True,41.22364157,45.0,T1
LM05_L1GS_011010_19870605_20210928_02_T2,1987-06-05,1987,156,14,MSS,False,41.25242476,83.0,T2
LM05_L1GS_013010_19870603_20210928_02_T2,1987-06-03,1987,154,14,MSS,False,41.02597037,59.0,T2
LM05_L1GS_010010_19870529_20210928_02_T2,1987-05-29,1987,149,14,MSS,False,40.33844383,94.0,T2
LM05_L1GS_012010_19870527_20210928_02_T2,1987-05-27,1987,147,14,MSS,False,40.02016316,70.0,T2
LM05_L1GS_014010_19870525_20210928_02_T2,1987-05-25,1987,145,14,MSS,False,39.67791479,68.0,T2
LM05_L1GS_011010_19870520_20210928_02_T2,1987-05-20,1987,140,14,MSS,False,38.70790122,99.0,T2
LT05_L1GS_011010_19870520_20201015_02_T2,1987-05-20,1987,140,14,TM,True,38.67576114,100.0,T2
LM05_L1TP_013010_19870518_20210928_02_T2,1987-05-18,1987,138,14,MSS,False,38.28108457,82.0,T2
LT05_L1TP_010010_19870513_20201014_02_T1,1987-05-13,1987,133,14,TM,True,37.08303103,81.0,T1
LM05_L1GS_010010_19870513_20210927_02_T2,1987-05-13,1987,133,14,MSS,False,37.10966093,97.0,T2
LM05_L1TP_012010_19870511_20210927_02_T2,1987-05-11,1987,131,14,MSS,False,36.60780169,90.0,T2
LT05_L1GS_014010_19870509_20201014_02_T2,1987-05-09,1987,129,14,TM,True,36.05738377,96.0,T2
LM05_L1GS_014010_19870509_20210927_02_T2,1987-05-09,1987,129,14,MSS,False,36.08357712,88.0,T2
LM05_L1GS_011010_19870504_20210927_02_T2,1987-05-04,1987,124,14,MSS,False,34.68031626,76.0,T2
LT05_L1TP_013010_19870502_20201014_02_T1,1987-05-02,1987,122,14,TM,True,34.06461903,80.0,T1
LM05_L1GS_013010_19870502_20210927_02_T2,1987-05-02,1987,122,14,MSS,False,34.09012221,63.0,T2
LT05_L1TP_010011_19870427_20201014_02_T2,1987-04-27,1987,117,14,TM,True,33.62230493,39.0,T2
LM05_L1GS_010011_19870427_20210927_02_T2,1987-04-27,1987,117,14,MSS,False,33.64705506,51.0,T2
LT05_L1GS_010010_19870427_20201014_02_T2,1987-04-27,1987,117,14,TM,True,32.50228601,3.0,T2
LM05_L1GS_010010_19870427_20210927_02_T2,1987-04-27,1987,117,14,MSS,False,32.52974844,48.0,T2
LT05_L1TP_014010_19870423_20201014_02_T1,1987-04-23,1987,113,14,TM,True,31.19350747,39.0,T1
LM05_L1TP_014010_19870423_20210927_02_T2,1987-04-23,1987,113,14,MSS,False,31.21908028,90.0,T2
LT05_L1TP_011010_19870418_20201014_02_T1,1987-04-18,1987,108,14,TM,True,29.46508578,38.0,T1
LM05_L1TP_011010_19870418_20210927_02_T2,1987-04-18,1987,108,14,MSS,False,29.49092976,98.0,T2
LT05_L1TP_013010_19870416_20201014_02_T1,1987-04-16,1987,106,14,TM,True,28.75385206,0.0,T1
LM05_L1TP_013010_19870416_20210927_02_T2,1987-04-16,1987,106,14,MSS,False,28.78117888,88.0,T2
LT05_L1TP_010011_19870411_20201014_02_T1,1987-04-11,1987,101,14,TM,True,28.03012607,4.0,T1
LM05_L1GS_010011_19870411_20210927_02_T2,1987-04-11,1987,101,14,MSS,False,28.05618434,95.0,T2
LT05_L1TP_010010_19870411_20201014_02_T1,1987-04-11,1987,101,14,TM,True,26.92663455,50.0,T1
LM05_L1GS_010010_19870411_20210927_02_T2,1987-04-11,1987,101,14,MSS,False,26.94674579,69.0,T2
LT05_L1TP_012010_19870409_20201014_02_T1,1987-04-09,1987,99,14,TM,True,26.17499334,7.0,T1
LM05_L1TP_012010_19870409_20210927_02_T2,1987-04-09,1987,99,14,MSS,False,26.20189942,32.0,T2
LM05_L1GS_011010_19870402_20210927_02_T2,1987-04-02,1987,92,14,MSS,False,23.51427378,37.0,T2
LM05_L1TP_011010_19880623_20211002_02_T2,1988-06-23,1988,175,14,MSS,False,42.14005586,67.0,T2
LT05_L1TP_011010_19880623_20200917_02_T1,1988-06-23,1988,175,14,TM,True,42.12555211,2.0,T1
LM05_L1GS_013010_19880621_20211002_02_T2,1988-06-21,1988,173,14,MSS,False,42.18439256,40.0,T2
LT05_L1TP_010010_19880616_20200917_02_T1,1988-06-16,1988,168,14,TM,True,42.09994335,13.0,T1
LM05_L1TP_010010_19880616_20211002_02_T2,1988-06-16,1988,168,14,MSS,False,42.11619245,88.0,T2
LM05_L1GS_012010_19880614_20211002_02_T2,1988-06-14,1988,166,14,MSS,False,42.04818001,97.0,T2
LT05_L1TP_011010_19880607_20200917_02_T1,1988-06-07,1988,159,14,TM,True,41.57178203,8.0,T1
LM05_L1TP_011010_19880607_20211001_02_T2,1988-06-07,1988,159,14,MSS,False,41.59111524,70.0,T2
LT05_L1TP_010010_19880531_20200917_02_T1,1988-05-31,1988,152,14,TM,True,40.78850443,1.0,T1
LM05_L1GS_010010_19880531_20211001_02_T2,1988-05-31,1988,152,14,MSS,False,40.8193809,87.0,T2
LM05_L1GS_012010_19880529_20211001_02_T2,1988-05-29,1988,150,14,MSS,False,40.51917556,78.0,T2
LT05_L1TP_011010_19880522_20200917_02_T1,1988-05-22,1988,143,14,TM,True,39.31131805,5.0,T1
LM05_L1GS_011010_19880522_20211001_02_T2,1988-05-22,1988,143,14,MSS,False,39.3265631,80.0,T2
LT05_L1TP_010010_19880515_20200917_02_T1,1988-05-15,1988,136,14,TM,True,37.8244137,0.0,T1
LM05_L1GS_010010_19880515_20211001_02_T2,1988-05-15,1988,136,14,MSS,False,37.8559818,91.0,T2
LM05_L1GS_012010_19880513_20211001_02_T2,1988-05-13,1988,134,14,MSS,False,37.38227161,97.0,T2
LT05_L1TP_011010_19880506_20200917_02_T1,1988-05-06,1988,127,14,TM,True,35.5252422,5.0,T1
LM05_L1GS_011010_19880506_20211001_02_T2,1988-05-06,1988,127,14,MSS,False,35.55344302,85.0,T2
LM05_L1TP_013010_19880504_20211001_02_T2,1988-05-04,1988,125,14,MSS,False,34.99036335,68.0,T2
LT05_L1GS_010011_19880429_20200917_02_T2,1988-04-29,1988,120,14,TM,True,34.61216322,0.0,T2
LM05_L1GS_010011_19880429_20211001_02_T2,1988-04-29,1988,120,14,MSS,False,34.64053225,54.0,T2
LM05_L1GS_010010_19880429_20211001_02_T2,1988-04-29,1988,120,14,MSS,False,33.49215874,32.0,T2
LM05_L1TP_012010_19880427_20211001_02_T2,1988-04-27,1988,118,14,MSS,False,32.86806304,60.0,T2
LM05_L1GS_011010_19880420_20211001_02_T2,1988-04-20,1988,111,14,MSS,False,30.5496709,60.0,T2
LT05_L1TP_013010_19880418_20200917_02_T1,1988-04-18,1988,109,14,TM,True,29.8356742,1.0,T1
LM05_L1TP_013010_19880418_20211001_02_T2,1988-04-18,1988,109,14,MSS,False,29.85843658,64.0,T2
LM05_L1GS_010011_19880413_20211001_02_T2,1988-04-13,1988,104,14,MSS,False,29.20767787,88.0,T2
LM05_L1GS_010010_19880413_20211001_02_T2,1988-04-13,1988,104,14,MSS,False,28.06668713,95.0,T2
LT05_L1TP_012010_19880411_20200917_02_T1,1988-04-11,1988,102,14,TM,True,27.31143702,0.0,T1
LM05_L1TP_012010_19880411_20211001_02_T2,1988-04-11,1988,102,14,MSS,False,27.33635211,86.0,T2
LT05_L1TP_011010_19880404_20200917_02_T1,1988-04-04,1988,95,14,TM,True,24.66218331,11.0,T1
LM05_L1TP_011010_19880404_20211001_02_T2,1988-04-04,1988,95,14,MSS,False,24.69375808,31.0,T2
LM05_L1TP_013010_19880402_20211001_02_T2,1988-04-02,1988,93,14,MSS,False,23.92440595,74.0,T2
LM05_L1GS_010011_19880328_20211001_02_T2,1988-03-28,1988,88,14,MSS,False,23.09313284,59.0,T2
LT05_L1TP_010011_19880328_20200917_02_T1,1988-03-28,1988,88,14,TM,True,23.06820922,0.0,T1
LT05_L1TP_010010_19880328_20200917_02_T1,1988-03-28,1988,88,14,TM,True,21.94082321,38.0,T1
LM05_L1GS_010010_19880328_20211001_02_T2,1988-03-28,1988,88,14,MSS,False,21.96389746,39.0,T2
LT05_L1TP_012010_19880326_20200917_02_T1,1988-03-26,1988,86,14,TM,True,21.14997203,3.0,T1
LM05_L1TP_012010_19880326_20211001_02_T2,1988-03-26,1988,86,14,MSS,False,21.17615297,71.0,T2
LT05_L1GS_011010_19880319_20200917_02_T2,1988-03-19,1988,79,14,TM,True,18.35593454,100.0,T2
LM05_L1GS_011010_19880319_20211001_02_T2,1988-03-19,1988,79,14,MSS,False,18.38624904,76.0,T2
LM05_L1TP_013010_19880317_20211001_02_T2,1988-03-17,1988,77,14,MSS,False,17.57637131,64.0,T2
LT05_L1TP_011010_19890626_20200916_02_T1,1989-06-26,1989,177,14,TM,True,41.95221775,4.0,T1
LM05_L1GS_011010_19890626_20211004_02_T2,1989-06-26,1989,177,14,MSS,False,41.97615025,64.0,T2
LT05_L1GS_013010_19890624_20200916_02_T2,1989-06-24,1989,175,14,TM,True,42.01928781,93.0,T2
LM05_L1GS_013010_19890624_20211004_02_T2,1989-06-24,1989,175,14,MSS,False,42.04260066,67.0,T2
LT05_L1TP_010010_19890619_20200916_02_T1,1989-06-19,1989,170,14,TM,True,42.07257475,83.0,T1
LT05_L1TP_012010_19890617_20200916_02_T1,1989-06-17,1989,168,14,TM,True,42.04179461,47.0,T1
LM05_L1TP_012010_19890617_20211004_02_T2,1989-06-17,1989,168,14,MSS,False,42.05994151,61.0,T2
LT05_L1TP_011010_19890610_20200916_02_T1,1989-06-10,1989,161,14,TM,True,41.72092173,67.0,T1
LM05_L1GS_011010_19890610_20211004_02_T2,1989-06-10,1989,161,14,MSS,False,41.74056813,81.0,T2
LT05_L1GS_013010_19890608_20200916_02_T2,1989-06-08,1989,159,14,TM,True,41.56670335,100.0,T2
LM05_L1GS_013010_19890608_20211004_02_T2,1989-06-08,1989,159,14,MSS,False,41.58815727,100.0,T2
LT05_L1TP_010010_19890603_20200916_02_T1,1989-06-03,1989,154,14,TM,True,41.06609139,78.0,T1
LM05_L1GS_010010_19890603_20211004_02_T2,1989-06-03,1989,154,14,MSS,False,41.08598926,99.0,T2
LT05_L1GS_012010_19890601_20200916_02_T2,1989-06-01,1989,152,14,TM,True,40.8160822,93.0,T2
LM05_L1GS_012010_19890601_20211004_02_T2,1989-06-01,1989,152,14,MSS,False,40.84002829,93.0,T2
LT05_L1TP_011010_19890525_20200916_02_T1,1989-05-25,1989,145,14,TM,True,39.75028567,1.0,T1
LM05_L1GS_011010_19890525_20211004_02_T2,1989-05-25,1989,145,14,MSS,False,39.77141969,86.0,T2
LT05_L1TP_010011_19890518_20200916_02_T1,1989-05-18,1989,138,14,TM,True,39.52211613,32.0,T1
LM05_L1GS_010011_19890518_20211004_02_T2,1989-05-18,1989,138,14,MSS,False,39.55304783,82.0,T2
LT05_L1TP_010010_19890518_20200916_02_T1,1989-05-18,1989,138,14,TM,True,38.38544099,18.0,T1
LM05_L1GS_010010_19890518_20211004_02_T2,1989-05-18,1989,138,14,MSS,False,38.40064212,93.0,T2
LT05_L1GS_012010_19890516_20200916_02_T2,1989-05-16,1989,136,14,TM,True,37.94066397,35.0,T2
LM05_L1TP_012010_19890516_20211004_02_T2,1989-05-16,1989,136,14,MSS,False,37.95999953,88.0,T2
LM05_L1GS_011010_19890509_20211004_02_T2,1989-05-09,1989,129,14,MSS,False,36.23356481,92.0,T2
LM05_L1GS_013010_19890507_20211004_02_T2,1989-05-07,1989,127,14,MSS,False,35.69730455,88.0,T2
LT05_L1TP_010010_19890502_20200916_02_T1,1989-05-02,1989,122,14,TM,True,34.24396136,18.0,T1
LM05_L1GS_010010_19890502_20211004_02_T2,1989-05-02,1989,122,14,MSS,False,34.26206357,68.0,T2
LT05_L1TP_012010_19890430_20200916_02_T1,1989-04-30,1989,120,14,TM,True,33.6420297,65.0,T1
LM05_L1GS_012010_19890430_20211004_02_T2,1989-04-30,1989,120,14,MSS,False,33.66080705,80.0,T2
LT05_L1TP_011010_19890423_20200916_02_T1,1989-04-23,1989,113,14,TM,True,31.39780655,4.0,T1
LM05_L1GS_011010_19890423_20211004_02_T2,1989-04-23,1989,113,14,MSS,False,31.41809191,68.0,T2
LT05_L1TP_013010_19890421_20200916_02_T1,1989-04-21,1989,111,14,TM,True,30.72237243,0.0,T1
LM05_L1TP_013010_19890421_20211003_02_T2,1989-04-21,1989,111,14,MSS,False,30.74727966,61.0,T2
LT05_L1GS_010010_19890416_20200916_02_T2,1989-04-16,1989,106,14,TM,True,28.97847362,3.0,T2
LM05_L1GS_010010_19890416_20211003_02_T2,1989-04-16,1989,106,14,MSS,False,28.99951282,96.0,T2
LT05_L1TP_011010_19890407_20200916_02_T1,1989-04-07,1989,97,14,TM,True,25.66739893,2.0,T1
LM05_L1TP_011010_19890407_20211003_02_T2,1989-04-07,1989,97,14,MSS,False,25.68660414,43.0,T2
LM05_L1TP_013010_19890405_20211003_02_T2,1989-04-05,1989,95,14,MSS,False,24.94392092,68.0,T2
LT05_L1TP_010011_19890331_20200916_02_T1,1989-03-31,1989,90,14,TM,True,24.10431049,33.0,T1
LM05_L1GS_010011_19890331_20211003_02_T2,1989-03-31,1989,90,14,MSS,False,24.1303012,53.0,T2
LT05_L1TP_010010_19890331_20200916_02_T1,1989-03-31,1989,90,14,TM,True,22.97598213,50.0,T1
LM05_L1GS_010010_19890331_20211003_02_T2,1989-03-31,1989,90,14,MSS,False,22.98811517,35.0,T2
LM05_L1TP_012010_19890329_20211003_02_T2,1989-03-29,1989,88,14,MSS,False,22.20752249,55.0,T2
LT05_L1TP_011010_19890322_20200916_02_T1,1989-03-22,1989,81,14,TM,True,19.43121936,9.0,T1
LM05_L1TP_011010_19890322_20211003_02_T2,1989-03-22,1989,81,14,MSS,False,19.43246001,62.0,T2
LT05_L1TP_013010_19890320_20200916_02_T1,1989-03-20,1989,79,14,TM,True,18.63165757,15.0,T1
LM05_L1TP_013010_19890320_20211003_02_T2,1989-03-20,1989,79,14,MSS,False,18.63865896,85.0,T2
LM05_L1TP_013010_19900627_20211007_02_T2,1990-06-27,1990,178,14,MSS,False,41.80375357,9.0,T2
LT05_L1TP_013010_19900627_20200916_02_T1,1990-06-27,1990,178,14,TM,True,41.78085747,16.0,T1
LT05_L1TP_010011_19900622_20200915_02_T1,1990-06-22,1990,173,14,TM,True,42.98965436,3.0,T1
LM05_L1GS_010011_19900622_20211007_02_T2,1990-06-22,1990,173,14,MSS,False,43.02450653,31.0,T2
LT05_L1TP_010010_19900622_20200915_02_T1,1990-06-22,1990,173,14,TM,True,41.92455917,2.0,T1
LM05_L1TP_010010_19900622_20211007_02_T2,1990-06-22,1990,173,14,MSS,False,41.94844564,84.0,T2
LM05_L1GS_012010_19900620_20211007_02_T2,1990-06-20,1990,171,14,MSS,False,41.95716261,26.0,T2
LT05_L1TP_013010_19900611_20200915_02_T1,1990-06-11,1990,162,14,TM,True,41.64011208,2.0,T1
LM05_L1TP_013010_19900611_20211007_02_T2,1990-06-11,1990,162,14,MSS,False,41.65949516,23.0,T2
LM05_L1GS_010011_19900606_20211007_02_T2,1990-06-06,1990,157,14,MSS,False,42.34760598,57.0,T2
LT05_L1GS_010010_19900606_20200916_02_T2,1990-06-06,1990,157,14,TM,True,41.23497495,100.0,T2
LM05_L1GS_010010_19900606_20211007_02_T2,1990-06-06,1990,157,14,MSS,False,41.25239032,99.0,T2
LT05_L1TP_012010_19900604_20200915_02_T1,1990-06-04,1990,155,14,TM,True,41.02294894,50.0,T1
LM05_L1GS_012010_19900604_20211007_02_T2,1990-06-04,1990,155,14,MSS,False,41.04440015,63.0,T2
LT05_L1TP_011010_19900528_20200916_02_T1,1990-05-28,1990,148,14,TM,True,40.07835293,49.0,T1
LM05_L1GS_011010_19900528_20211007_02_T2,1990-05-28,1990,148,14,MSS,False,40.10243573,94.0,T2
LT05_L1TP_013010_19900526_20200915_02_T1,1990-05-26,1990,146,14,TM,True,39.75307056,59.0,T1
LM05_L1GS_013010_19900526_20211007_02_T2,1990-05-26,1990,146,14,MSS,False,39.7759837,95.0,T2
LT05_L1TP_010011_19900521_20200916_02_T1,1990-05-21,1990,141,14,TM,True,39.92535201,1.0,T1
LM05_L1GS_010011_19900521_20211007_02_T2,1990-05-21,1990,141,14,MSS,False,39.96061111,66.0,T2
LT05_L1TP_010010_19900521_20200916_02_T1,1990-05-21,1990,141,14,TM,True,38.82751262,27.0,T1
LM05_L1GS_010010_19900521_20211007_02_T2,1990-05-21,1990,141,14,MSS,False,38.8494902,95.0,T2
LT05_L1TP_012010_19900519_20200916_02_T1,1990-05-19,1990,139,14,TM,True,38.41459625,3.0,T1
LM05_L1TP_012010_19900519_20211007_02_T2,1990-05-19,1990,139,14,MSS,False,38.43901271,75.0,T2
LM05_L1GS_011010_19900512_20211007_02_T2,1990-05-12,1990,132,14,MSS,False,36.81806926,90.0,T2
LT05_L1TP_013010_19900510_20200916_02_T1,1990-05-10,1990,130,14,TM,True,36.28638128,75.0,T1
LM05_L1TP_013010_19900510_20211007_02_T2,1990-05-10,1990,130,14,MSS,False,36.30889698,91.0,T2
LM05_L1GS_010011_19900505_20211007_02_T2,1990-05-05,1990,125,14,MSS,False,36.05662658,78.0,T2
LM05_L1GS_010010_19900505_20211007_02_T2,1990-05-05,1990,125,14,MSS,False,34.93890172,79.0,T2
LT05_L1TP_010010_19900505_20200916_02_T1,1990-05-05,1990,125,14,TM,True,34.92111606,64.0,T1
LT05_L1GS_012010_19900503_20200915_02_T2,1990-05-03,1990,123,14,TM,True,34.34383205,100.0,T2
LM05_L1GS_011010_19900426_20211007_02_T2,1990-04-26,1990,116,14,MSS,False,32.19312941,58.0,T2
LT05_L1TP_011010_19900426_20200915_02_T1,1990-04-26,1990,116,14,TM,True,32.17349358,0.0,T1
LM05_L1TP_013010_19900424_20211007_02_T2,1990-04-24,1990,114,14,MSS,False,31.54041896,81.0,T2
LM05_L1GS_010011_19900419_20211007_02_T2,1990-04-19,1990,109,14,MSS,False,30.95086132,74.0,T2
LT05_L1TP_010011_19900419_20200916_02_T1,1990-04-19,1990,109,14,TM,True,30.91352008,93.0,T1
LM05_L1GS_010010_19900419_20211007_02_T2,1990-04-19,1990,109,14,MSS,False,29.83580739,94.0,T2
LT05_L1GS_010010_19900419_20200916_02_T2,1990-04-19,1990,109,14,TM,True,29.81811461,54.0,T2
LM05_L1TP_012010_19900417_20211007_02_T2,1990-04-17,1990,107,14,MSS,False,29.13408905,86.0,T2
LT05_L1TP_012010_19900417_20200916_02_T1,1990-04-17,1990,107,14,TM,True,29.1152539,4.0,T1
LM05_L1GS_011010_19900410_20211007_02_T2,1990-04-10,1990,100,14,MSS,False,26.58007568,48.0,T2
LT05_L1TP_011010_19900410_20200916_02_T1,1990-04-10,1990,100,14,TM,True,26.56063385,10.0,T1
LM05_L1TP_013010_19900408_20211007_02_T2,1990-04-08,1990,98,14,MSS,False,25.83244335,42.0,T2
LT05_L1TP_013010_19900408_20200916_02_T1,1990-04-08,1990,98,14,TM,True,25.81688285,4.0,T1
LM05_L1GS_010010_19900403_20211007_02_T2,1990-04-03,1990,93,14,MSS,False,23.9131964,44.0,T2
LM05_L1GS_012010_19900401_20211007_02_T2,1990-04-01,1990,91,14,MSS,False,23.13808438,72.0,T2
LT05_L1GS_012010_19900401_20200916_02_T2,1990-04-01,1990,91,14,TM,True,23.12614813,100.0,T2
LT05_L1TP_011010_19900325_20241109_02_T1,1990-03-25,1990,84,14,TM,True,20.35388237,68.0,T1
LM05_L1GS_011010_19900325_20211006_02_T2,1990-03-25,1990,84,14,MSS,False,20.37308465,77.0,T2
LM05_L1TP_013010_19900323_20211006_02_T2,1990-03-23,1990,82,14,MSS,False,19.57958098,88.0,T2
LM05_L1GS_010011_19900318_20211006_02_T2,1990-03-18,1990,77,14,MSS,False,18.61856436,83.0,T2
LM05_L1GS_010010_19900318_20211006_02_T2,1990-03-18,1990,77,14,MSS,False,17.5242534,87.0,T2
LM05_L1TP_012010_19900316_20211006_02_T2,1990-03-16,1990,75,14,MSS,False,16.73022164,77.0,T2
LT05_L1TP_012010_19900316_20200916_02_T1,1990-03-16,1990,75,14,TM,True,16.70030741,2.0,T1
LM05_L1GS_011010_19900309_20211006_02_T2,1990-03-09,1990,68,14,MSS,False,13.94960411,87.0,T2
LT05_L1TP_011010_19900309_20200916_02_T1,1990-03-09,1990,68,14,TM,True,13.92254899,40.0,T1
LM05_L1TP_013010_19900307_20211006_02_T2,1990-03-07,1990,66,14,MSS,False,13.16762968,76.0,T2
LT05_L1TP_013010_19900307_20200916_02_T1,1990-03-07,1990,66,14,TM,True,13.1441436,83.0,T1
LT05_L1TP_010011_19900302_20200916_02_T1,1990-03-02,1990,61,14,TM,True,12.27291993,37.0,T1
LM05_L1GS_010011_19900302_20211006_02_T2,1990-03-02,1990,61,14,MSS,False,12.31017797,70.0,T2
LT05_L1TP_010010_19900302_20200916_02_T1,1990-03-02,1990,61,14,TM,True,11.19490756,70.0,T1
LM05_L1GS_010010_19900302_20211006_02_T2,1990-03-02,1990,61,14,MSS,False,11.22038947,85.0,T2
LM05_L1GS_010011_19910625_20211010_02_T2,1991-06-25,1991,176,14,MSS,False,43.04691997,97.0,T2
LT05_L1GS_010011_19910625_20200915_02_T2,1991-06-25,1991,176,14,TM,True,43.04647528,100.0,T2
LT05_L1GS_010010_19910625_20200915_02_T2,1991-06-25,1991,176,14,TM,True,41.9741736,100.0,T2
LM05_L1GS_010010_19910625_20211010_02_T2,1991-06-25,1991,176,14,MSS,False,41.97383743,100.0,T2
LT05_L1TP_012010_19910623_20200915_02_T1,1991-06-23,1991,174,14,TM,True,42.02009533,97.0,T1
LM05_L1GS_012010_19910623_20211010_02_T2,1991-06-23,1991,174,14,MSS,False,42.01983443,95.0,T2
LT05_L1TP_011010_19910616_20200915_02_T1,1991-06-16,1991,167,14,TM,True,41.96616083,7.0,T1
LM05_L1GS_011010_19910616_20211010_02_T2,1991-06-16,1991,167,14,MSS,False,41.96590113,68.0,T2
LT05_L1TP_013010_19910614_20200915_02_T1,1991-06-14,1991,165,14,TM,True,41.88471965,52.0,T1
LM05_L1TP_013010_19910614_20211010_02_T2,1991-06-14,1991,165,14,MSS,False,41.88466344,52.0,T2
LT05_L1TP_010011_19910609_20200915_02_T1,1991-06-09,1991,160,14,TM,True,42.66259575,58.0,T1
LM05_L1GS_010011_19910609_20211010_02_T2,1991-06-09,1991,160,14,MSS,False,42.66259575,60.0,T2
LT05_L1GS_010010_19910609_20200915_02_T2,1991-06-09,1991,160,14,TM,True,41.57230261,98.0,T2
LM05_L1GS_010010_19910609_20211010_02_T2,1991-06-09,1991,160,14,MSS,False,41.57215366,99.0,T2
LT05_L1TP_012010_19910607_20200915_02_T2,1991-06-07,1991,158,14,TM,True,41.40302811,39.0,T2
LT05_L1TP_011010_19910531_20200915_02_T1,1991-05-31,1991,151,14,TM,True,40.58276764,6.0,T1
LM05_L1GS_011010_19910531_20211010_02_T2,1991-05-31,1991,151,14,MSS,False,40.58250672,90.0,T2
LT05_L1TP_013010_19910529_20200915_02_T1,1991-05-29,1991,149,14,TM,True,40.29230745,5.0,T1
LM05_L1TP_013010_19910529_20211010_02_T2,1991-05-29,1991,149,14,MSS,False,40.29220456,86.0,T2
LT05_L1TP_010011_19910524_20200915_02_T1,1991-05-24,1991,144,14,TM,True,40.56944716,39.0,T1
LM05_L1GS_010011_19910524_20211010_02_T2,1991-05-24,1991,144,14,MSS,False,40.56930025,95.0,T2
LT05_L1TP_010010_19910524_20200915_02_T1,1991-05-24,1991,144,14,TM,True,39.44894539,25.0,T1
LM05_L1GS_010010_19910524_20211010_02_T2,1991-05-24,1991,144,14,MSS,False,39.44894539,98.0,T2
LT05_L1GS_012010_19910522_20200915_02_T2,1991-05-22,1991,142,14,TM,True,39.06968072,7.0,T2
LM05_L1GS_012010_19910522_20211010_02_T2,1991-05-22,1991,142,14,MSS,False,39.06962398,92.0,T2
LM05_L1GS_011010_19910515_20211009_02_T2,1991-05-15,1991,135,14,MSS,False,37.55103024,99.0,T2
LT05_L1TP_013010_19910513_20200915_02_T2,1991-05-13,1991,133,14,TM,True,37.0701154,4.0,T2
LM05_L1TP_013010_19910513_20211009_02_T2,1991-05-13,1991,133,14,MSS,False,37.07130949,91.0,T2
LM05_L1GS_010011_19910508_20211009_02_T2,1991-05-08,1991,128,14,MSS,False,36.89560465,100.0,T2
LM05_L1GS_010010_19910508_20211009_02_T2,1991-05-08,1991,128,14,MSS,False,35.76721517,94.0,T2
LM05_L1GS_012010_19910506_20211009_02_T2,1991-05-06,1991,126,14,MSS,False,35.21423508,79.0,T2
LT05_L1TP_011010_19910429_20200915_02_T1,1991-04-29,1991,119,14,TM,True,33.12814783,1.0,T1
LM05_L1TP_011010_19910429_20211009_02_T2,1991-04-29,1991,119,14,MSS,False,33.1278862,30.0,T2
LT05_L1TP_013010_19910427_20200915_02_T2,1991-04-27,1991,117,14,TM,True,32.49667219,9.0,T2
LM05_L1TP_013010_19910427_20211009_02_T2,1991-04-27,1991,117,14,MSS,False,32.49662294,46.0,T2
LT05_L1TP_010011_19910422_20200915_02_T1,1991-04-22,1991,112,14,TM,True,31.93030989,15.0,T1
LM05_L1GS_010011_19910422_20211009_02_T2,1991-04-22,1991,112,14,MSS,False,31.96751859,57.0,T2
LT05_L1TP_010010_19910422_20200915_02_T1,1991-04-22,1991,112,14,TM,True,30.81801333,37.0,T1
LM05_L1GS_010010_19910422_20211009_02_T2,1991-04-22,1991,112,14,MSS,False,30.84250537,74.0,T2
LM05_L1GS_012010_19910420_20211009_02_T2,1991-04-20,1991,110,14,MSS,False,30.15783728,82.0,T2
LM05_L1GS_014010_19910418_20211009_02_T2,1991-04-18,1991,108,14,MSS,False,29.46203578,100.0,T2
LT05_L1TP_011010_19910413_20200915_02_T1,1991-04-13,1991,103,14,TM,True,27.6346929,2.0,T1
LM05_L1TP_011010_19910413_20211009_02_T2,1991-04-13,1991,103,14,MSS,False,27.65363948,90.0,T2
LT05_L1TP_013010_19910411_20200915_02_T1,1991-04-11,1991,101,14,TM,True,26.89726417,0.0,T1
LM05_L1TP_013010_19910411_20211009_02_T2,1991-04-11,1991,101,14,MSS,False,26.9188226,53.0,T2
LT05_L1TP_010011_19910406_20200915_02_T1,1991-04-06,1991,96,14,TM,True,26.10873749,3.0,T1
LM05_L1GS_010011_19910406_20211009_02_T2,1991-04-06,1991,96,14,MSS,False,26.14588496,42.0,T2
LT05_L1TP_010010_19910406_20200915_02_T1,1991-04-06,1991,96,14,TM,True,25.00639535,2.0,T1
LM05_L1GS_010010_19910406_20211009_02_T2,1991-04-06,1991,96,14,MSS,False,25.03043323,15.0,T2
LM05_L1TP_012010_19910404_20211009_02_T2,1991-04-04,1991,94,14,MSS,False,24.25998674,46.0,T2
LT05_L1TP_012010_19910404_20200915_02_T1,1991-04-04,1991,94,14,TM,True,24.24411422,11.0,T1
LM05_L1TP_011010_19910328_20211009_02_T2,1991-03-28,1991,87,14,MSS,False,21.51822456,58.0,T2
LT05_L1GS_011010_19910328_20200915_02_T2,1991-03-28,1991,87,14,TM,True,21.50067281,21.0,T2
LM05_L1TP_013010_19910326_20211009_02_T2,1991-03-26,1991,85,14,MSS,False,20.73031884,67.0,T2
LM05_L1GS_010011_19910321_20211009_02_T2,1991-03-21,1991,80,14,MSS,False,19.83434512,60.0,T2
LT05_L1TP_010011_19910321_20200915_02_T1,1991-03-21,1991,80,14,TM,True,19.79509277,0.0,T1
LM05_L1GS_010010_19910321_20211009_02_T2,1991-03-21,1991,80,14,MSS,False,18.73118415,56.0,T2
LT05_L1GS_010010_19910321_20200915_02_T2,1991-03-21,1991,80,14,TM,True,18.71190344,4.0,T2
LT05_L1TP_012010_19910319_20200915_02_T1,1991-03-19,1991,78,14,TM,True,17.91170655,43.0,T1
LM05_L1TP_012010_19910319_20211009_02_T2,1991-03-19,1991,78,14,MSS,False,17.93269371,76.0,T2
LT05_L1TP_011010_19910312_20200915_02_T2,1991-03-12,1991,71,14,TM,True,15.13375157,2.0,T2
LM05_L1TP_011010_19910312_20211009_02_T2,1991-03-12,1991,71,14,MSS,False,15.13342063,58.0,T2
LT05_L1TP_013010_19910310_20200915_02_T2,1991-03-10,1991,69,14,TM,True,14.34306264,3.0,T2
LM05_L1TP_013010_19910310_20211009_02_T2,1991-03-10,1991,69,14,MSS,False,14.34280018,67.0,T2
LT05_L1TP_010011_19910305_20200915_02_T1,1991-03-05,1991,64,14,TM,True,13.46516716,58.0,T1
LM05_L1GS_010011_19910305_20211009_02_T2,1991-03-05,1991,64,14,MSS,False,13.46516716,71.0,T2
LT05_L1GS_010010_19910305_20200915_02_T2,1991-03-05,1991,64,14,TM,True,12.370343,55.0,T2
LM05_L1GS_010010_19910305_20211009_02_T2,1991-03-05,1991,64,14,MSS,False,12.37000665,76.0,T2
LT05_L1TP_010011_19920627_20241107_02_T1,1992-06-27,1992,179,14,TM,True,42.91346933,1.0,T1
LT05_L1TP_010010_19920627_20241106_02_T1,1992-06-27,1992,179,14,TM,True,41.84319741,0.0,T1
LM05_L1GS_010010_19920627_20211015_02_T2,1992-06-27,1992,179,14,MSS,False,41.84286081,92.0,T2
LT05_L1TP_011010_19920618_20241107_02_T1,1992-06-18,1992,170,14,TM,True,42.00984027,13.0,T1
LM05_L1GS_011010_19920618_20211015_02_T2,1992-06-18,1992,170,14,MSS,False,42.00969944,92.0,T2
LT05_L1TP_010010_19920611_20241107_02_T2,1992-06-11,1992,163,14,TM,True,41.7529352,41.0,T2
LM05_L1GS_010010_19920611_20211014_02_T2,1992-06-11,1992,163,14,MSS,False,41.75252749,90.0,T2
LT05_L1GS_012010_19920609_20200914_02_T2,1992-06-09,1992,161,14,TM,True,41.61787642,25.0,T2
LM05_L1GS_012010_19920609_20211014_02_T2,1992-06-09,1992,161,14,MSS,False,41.61781571,99.0,T2
LM05_L1GS_011010_19920602_20211014_02_T2,1992-06-02,1992,154,14,MSS,False,40.93167247,92.0,T2
LM05_L1GS_010011_19920526_20211014_02_T2,1992-05-26,1992,147,14,MSS,False,41.04354206,100.0,T2
LT05_L1GS_010010_19920526_20241107_02_T2,1992-05-26,1992,147,14,TM,True,39.92189137,5.0,T2
LM05_L1GS_010010_19920526_20211014_02_T2,1992-05-26,1992,147,14,MSS,False,39.92149198,100.0,T2
LM05_L1GS_012010_19920524_20211014_02_T2,1992-05-24,1992,145,14,MSS,False,39.57786454,84.0,T2
LT05_L1TP_011010_19920517_20241107_02_T1,1992-05-17,1992,138,14,TM,True,38.17814131,0.0,T1
LM05_L1GS_011010_19920517_20211014_02_T2,1992-05-17,1992,138,14,MSS,False,38.17781809,96.0,T2
LM05_L1GS_013010_19920515_20211014_02_T2,1992-05-15,1992,136,14,MSS,False,37.7277535,89.0,T2
LT05_L1TP_010011_19920510_20241107_02_T2,1992-05-10,1992,131,14,TM,True,37.61488012,3.0,T2
LM05_L1GS_010011_19920510_20211014_02_T2,1992-05-10,1992,131,14,MSS,False,37.6148103,98.0,T2
LT05_L1TP_010010_19920510_20241107_02_T1,1992-05-10,1992,131,14,TM,True,36.49924205,0.0,T1
LM05_L1GS_010010_19920510_20211014_02_T2,1992-05-10,1992,131,14,MSS,False,36.49891443,98.0,T2
LT05_L1TP_012010_19920508_20200914_02_T2,1992-05-08,1992,129,14,TM,True,35.97544188,0.0,T2
LM05_L1GS_012010_19920508_20211014_02_T2,1992-05-08,1992,129,14,MSS,False,35.97538818,90.0,T2
LT05_L1GS_011010_19920501_20241106_02_T2,1992-05-01,1992,122,14,TM,True,33.97920997,30.0,T2
LM05_L1GS_011010_19920501_20211014_02_T2,1992-05-01,1992,122,14,MSS,False,33.9788876,61.0,T2
LT05_L1TP_010011_19920424_20200914_02_T1,1992-04-24,1992,115,14,TM,True,32.88758125,1.0,T1
LM05_L1GS_010011_19920424_20211014_02_T2,1992-04-24,1992,115,14,MSS,False,32.90369518,61.0,T2
LT05_L1TP_010010_19920424_20200914_02_T1,1992-04-24,1992,115,14,TM,True,31.77101961,1.0,T1
LM05_L1GS_010010_19920424_20211014_02_T2,1992-04-24,1992,115,14,MSS,False,31.77088504,64.0,T2
LT05_L1TP_012010_19920422_20200914_02_T1,1992-04-22,1992,113,14,TM,True,31.10828966,0.0,T1
LM05_L1TP_012010_19920422_20211014_02_T2,1992-04-22,1992,113,14,MSS,False,31.10797209,72.0,T2
LT05_L1TP_011010_19920415_20200914_02_T1,1992-04-15,1992,106,14,TM,True,28.67069439,0.0,T1
LM05_L1TP_011010_19920415_20211014_02_T2,1992-04-15,1992,106,14,MSS,False,28.67006062,92.0,T2
LT05_L1TP_013010_19920413_20200914_02_T2,1992-04-13,1992,104,14,TM,True,27.95040879,16.0,T2
LM05_L1GS_013010_19920413_20211014_02_T2,1992-04-13,1992,104,14,MSS,False,27.95040879,95.0,T2
LT05_L1TP_010011_19920408_20200914_02_T1,1992-04-08,1992,99,14,TM,True,27.2016073,6.0,T1
LM05_L1GS_010011_19920408_20211014_02_T2,1992-04-08,1992,99,14,MSS,False,27.21769019,99.0,T2
LT05_L1TP_010010_19920408_20200914_02_T2,1992-04-08,1992,99,14,TM,True,26.09125125,19.0,T2
LM05_L1GS_010010_19920408_20211014_02_T2,1992-04-08,1992,99,14,MSS,False,26.09085214,22.0,T2
LT05_L1TP_012010_19920406_20200914_02_T2,1992-04-06,1992,97,14,TM,True,25.33796879,0.0,T2
LM05_L1TP_012010_19920406_20211014_02_T2,1992-04-06,1992,97,14,MSS,False,25.33764917,73.0,T2
LT05_L1TP_011010_19920330_20200914_02_T2,1992-03-30,1992,90,14,TM,True,22.62851033,16.0,T2
LM05_L1TP_011010_19920330_20211014_02_T2,1992-03-30,1992,90,14,MSS,False,22.62851033,69.0,T2
LT05_L1TP_013010_19920328_20200914_02_T2,1992-03-28,1992,88,14,TM,True,21.84411827,0.0,T2
LM05_L1GS_010011_19920323_20211014_02_T2,1992-03-23,1992,83,14,MSS,False,20.97168835,93.0,T2
LT05_L1TP_010010_19920323_20200914_02_T1,1992-03-23,1992,83,14,TM,True,19.85682389,25.0,T1
LM05_L1GS_010010_19920323_20211014_02_T2,1992-03-23,1992,83,14,MSS,False,19.8566782,85.0,T2
LT05_L1TP_012010_19920321_20200915_02_T2,1992-03-21,1992,81,14,TM,True,19.06204836,0.0,T2
LT05_L1TP_011010_19920314_20200914_02_T2,1992-03-14,1992,74,14,TM,True,16.26398853,4.0,T2
LM05_L1TP_011010_19920314_20211014_02_T2,1992-03-14,1992,74,14,MSS,False,16.26398853,78.0,T2
LM05_L1TP_013010_19920312_20211014_02_T2,1992-03-12,1992,72,14,MSS,False,15.46826875,63.0,T2
LT05_L1TP_010011_19920307_20241106_02_T1,1992-03-07,1992,67,14,TM,True,14.59159043,3.0,T1
LM05_L1GS_010011_19920307_20211014_02_T2,1992-03-07,1992,67,14,MSS,False,14.59159043,76.0,T2
LT05_L1TP_010010_19920307_20241106_02_T1,1992-03-07,1992,67,14,TM,True,13.48575231,1.0,T1
LM05_L1TP_010010_19920307_20211014_02_T2,1992-03-07,1992,67,14,MSS,False,13.48549422,88.0,T2
LT05_L1TP_012010_19920305_20200915_02_T2,1992-03-05,1992,65,14,TM,True,12.70528578,10.0,T2
LT05_L1GS_012010_19930628_20201029_02_T2,1993-06-28,1993,179,14,TM,True,41.79655435,44.0,T2
LM05_L1GS_012010_19930628_20211017_02_T2,1993-06-28,1993,179,14,MSS,False,41.79622633,41.0,T2
LM05_L1GS_014010_19930626_20211017_02_T2,1993-06-26,1993,177,14,MSS,False,41.89122118,41.0,T2
LT05_L1TP_011010_19930621_20200914_02_T1,1993-06-21,1993,172,14,TM,True,42.00801061,38.0,T1
LM05_L1GS_011010_19930621_20211017_02_T2,1993-06-21,1993,172,14,MSS,False,42.00793829,66.0,T2
LM05_L1GS_013010_19930619_20211017_02_T2,1993-06-19,1993,170,14,MSS,False,42.00792539,63.0,T2
LT05_L1GS_012010_19930612_20200914_02_T2,1993-06-12,1993,163,14,TM,True,41.78672114,92.0,T2
LM05_L1GS_014010_19930610_20211017_02_T2,1993-06-10,1993,161,14,MSS,False,41.66279912,86.0,T2
LT05_L1TP_011010_19930605_20200914_02_T1,1993-06-05,1993,156,14,TM,True,41.22867408,1.0,T1
LM05_L1GS_011010_19930605_20211017_02_T2,1993-06-05,1993,156,14,MSS,False,41.22860688,77.0,T2
LT05_L1TP_013010_19930603_20200914_02_T1,1993-06-03,1993,154,14,TM,True,41.02537891,49.0,T1
LM05_L1TP_013010_19930603_20211017_02_T2,1993-06-03,1993,154,14,MSS,False,41.00914103,63.0,T2
LT05_L1TP_010011_19930529_20250427_02_T1,1993-05-29,1993,149,14,TM,True,41.45783295,29.0,T1
LM05_L1GS_010011_19930529_20211017_02_T2,1993-05-29,1993,149,14,MSS,False,41.45775791,67.0,T2
LT05_L1TP_010010_19930529_20250427_02_T1,1993-05-29,1993,149,14,TM,True,40.34246794,0.0,T1
LM05_L1GS_010010_19930529_20211017_02_T2,1993-05-29,1993,149,14,MSS,False,40.34239607,93.0,T2
LT05_L1TP_012010_19930527_20200914_02_T1,1993-05-27,1993,147,14,TM,True,40.03304738,8.0,T1
LM05_L1TP_012010_19930527_20211017_02_T2,1993-05-27,1993,147,14,MSS,False,40.03304738,50.0,T2
LM05_L1GS_014010_19930525_20211017_02_T2,1993-05-25,1993,145,14,MSS,False,39.69855089,84.0,T2
LT05_L1TP_011010_19930520_20200914_02_T1,1993-05-20,1993,140,14,TM,True,38.74768281,1.0,T1
LM05_L1GS_011010_19930520_20211017_02_T2,1993-05-20,1993,140,14,MSS,False,38.74761951,79.0,T2
LT05_L1TP_013010_19930518_20200914_02_T1,1993-05-18,1993,138,14,TM,True,38.34431996,48.0,T1
LM05_L1GS_013010_19930518_20211017_02_T2,1993-05-18,1993,138,14,MSS,False,38.32802998,79.0,T2
LT05_L1TP_010011_19930513_20200913_02_T1,1993-05-13,1993,133,14,TM,True,38.30193094,0.0,T1
LM05_L1GS_010011_19930513_20211017_02_T2,1993-05-13,1993,133,14,MSS,False,38.30185924,80.0,T2
LT05_L1TP_010010_19930513_20200913_02_T1,1993-05-13,1993,133,14,TM,True,37.17389749,0.0,T1
LM05_L1GS_010010_19930513_20211017_02_T2,1993-05-13,1993,133,14,MSS,False,37.17520783,94.0,T2
LT05_L1TP_012010_19930511_20200914_02_T1,1993-05-11,1993,131,14,TM,True,36.67835334,1.0,T1
LM05_L1TP_012010_19930511_20211017_02_T2,1993-05-11,1993,131,14,MSS,False,36.67835334,90.0,T2
LM05_L1TP_014010_19930509_20211017_02_T2,1993-05-09,1993,129,14,MSS,False,36.17953259,57.0,T2
LT05_L1TP_011010_19930504_20200914_02_T1,1993-05-04,1993,124,14,TM,True,34.7753151,19.0,T1
LT05_L1TP_013010_19930502_20200913_02_T2,1993-05-02,1993,122,14,TM,True,34.20707903,27.0,T2
LM05_L1TP_013010_19930502_20211017_02_T2,1993-05-02,1993,122,14,MSS,False,34.2083137,57.0,T2
LM05_L1GS_010011_19930427_20211017_02_T2,1993-04-27,1993,117,14,MSS,False,33.77395826,63.0,T2
LT05_L1TP_010010_19930427_20200913_02_T2,1993-04-27,1993,117,14,TM,True,32.66179923,0.0,T2
LM05_L1GS_010010_19930427_20211017_02_T2,1993-04-27,1993,117,14,MSS,False,32.64521197,63.0,T2
LT05_L1TP_012010_19930425_20200914_02_T2,1993-04-25,1993,115,14,TM,True,32.01801093,73.0,T2
LM05_L1TP_012010_19930425_20211017_02_T2,1993-04-25,1993,115,14,MSS,False,32.01789961,48.0,T2
LT05_L1TP_011010_19930418_20200914_02_T1,1993-04-18,1993,108,14,TM,True,29.64175356,5.0,T1
LM05_L1GS_011010_19930418_20211016_02_T2,1993-04-18,1993,108,14,MSS,False,29.62541771,94.0,T2
LT05_L1TP_013010_19930416_20200914_02_T2,1993-04-16,1993,106,14,TM,True,28.93712591,1.0,T2
LM05_L1TP_013010_19930416_20211016_02_T2,1993-04-16,1993,106,14,MSS,False,28.93707577,93.0,T2
LM05_L1GS_010011_19930411_20211016_02_T2,1993-04-11,1993,101,14,MSS,False,28.2182251,82.0,T2
LM05_L1GS_010010_19930411_20211016_02_T2,1993-04-11,1993,101,14,MSS,False,27.11275081,77.0,T2
LT05_L1TP_012010_19930409_20200914_02_T2,1993-04-09,1993,99,14,TM,True,26.37056667,72.0,T2
LT05_L1GS_011010_19930402_20200913_02_T2,1993-04-02,1993,92,14,TM,True,23.69500961,100.0,T2
LM05_L1GS_011010_19930402_20211016_02_T2,1993-04-02,1993,92,14,MSS,False,23.69474895,59.0,T2
LM05_L1TP_013010_19930331_20211016_02_T2,1993-03-31,1993,90,14,MSS,False,22.9177337,73.0,T2
LT05_L1TP_010011_19930326_20200914_02_T1,1993-03-26,1993,85,14,TM,True,22.05407344,4.0,T1
LM05_L1GS_010011_19930326_20211016_02_T2,1993-03-26,1993,85,14,MSS,False,22.05566453,63.0,T2
LM05_L1GS_010010_19930326_20211016_02_T2,1993-03-26,1993,85,14,MSS,False,20.94448851,21.0,T2
LT05_L1TP_010010_19930326_20200914_02_T1,1993-03-26,1993,85,14,TM,True,20.94482148,17.0,T1
LT05_L1TP_012010_19930324_20200914_02_T2,1993-03-24,1993,83,14,TM,True,20.14882323,3.0,T2
LM05_L1TP_012010_19930324_20211016_02_T2,1993-03-24,1993,83,14,MSS,False,20.14876147,66.0,T2
LM05_L1TP_011010_19930317_20211016_02_T2,1993-03-17,1993,76,14,MSS,False,17.34724738,78.0,T2
LT05_L1TP_013010_19930315_20200914_02_T2,1993-03-15,1993,74,14,TM,True,16.55194649,1.0,T2
LM05_L1TP_013010_19930315_20211016_02_T2,1993-03-15,1993,74,14,MSS,False,16.55188966,77.0,T2
LT05_L1TP_010011_19930310_20200914_02_T1,1993-03-10,1993,69,14,TM,True,15.63971266,4.0,T1
LT05_L1TP_010010_19930310_20200914_02_T1,1993-03-10,1993,69,14,TM,True,14.55545991,57.0,T1
LT05_L1TP_012010_19930308_20200914_02_T2,1993-03-08,1993,67,14,TM,True,13.767437,4.0,T2
LM05_L1TP_012010_19930308_20211016_02_T2,1993-03-08,1993,67,14,MSS,False,13.76899153,67.0,T2
LM05_L1GS_011010_19930301_20211016_02_T2,1993-03-01,1993,60,14,MSS,False,11.04164605,100.0,T2
LT05_L1GS_011010_19940624_20200913_02_T2,1994-06-24,1994,175,14,TM,True,41.82363922,100.0,T2
LT05_L1GS_010011_19940617_20200913_02_T2,1994-06-17,1994,168,14,TM,True,42.90217313,77.0,T2
LT05_L1GS_010010_19940617_20200913_02_T2,1994-06-17,1994,168,14,TM,True,41.83613394,100.0,T2
LT05_L1GS_012010_19940615_20241103_02_T2,1994-06-15,1994,166,14,TM,True,41.77781701,97.0,T2
LT05_L1TP_011010_19940608_20200913_02_T1,1994-06-08,1994,159,14,TM,True,41.36027261,81.0,T1
LT05_L1TP_013010_19940606_20200913_02_T1,1994-06-06,1994,157,14,TM,True,41.18380509,46.0,T1
LT05_L1TP_010011_19940601_20200913_02_T1,1994-06-01,1994,152,14,TM,True,41.69214601,46.0,T1
LT05_L1TP_010010_19940601_20200913_02_T1,1994-06-01,1994,152,14,TM,True,40.61190277,2.0,T1
LT05_L1GS_012010_19940530_20200913_02_T2,1994-05-30,1994,150,14,TM,True,40.33590492,100.0,T2
LT05_L1TP_011010_19940523_20200913_02_T1,1994-05-23,1994,143,14,TM,True,39.17810595,7.0,T1
LT05_L1TP_013010_19940521_20200913_02_T1,1994-05-21,1994,141,14,TM,True,38.79578646,100.0,T1
LT05_L1TP_010011_19940516_20200913_02_T1,1994-05-16,1994,136,14,TM,True,38.81800556,16.0,T1
LT05_L1TP_010010_19940516_20200913_02_T1,1994-05-16,1994,136,14,TM,True,37.72211709,55.0,T1
LT05_L1GS_012010_19940514_20200913_02_T2,1994-05-14,1994,134,14,TM,True,37.23143909,74.0,T2
LT05_L1TP_011010_19940507_20200913_02_T2,1994-05-07,1994,127,14,TM,True,35.47341539,28.0,T2
LT05_L1TP_013010_19940505_20200913_02_T1,1994-05-05,1994,125,14,TM,True,34.91612019,49.0,T1
LT05_L1GS_011010_19950627_20241101_02_T2,1995-06-27,1995,178,14,TM,True,41.38240178,100.0,T2
LT05_L1TP_010011_19950620_20200912_02_T1,1995-06-20,1995,171,14,TM,True,42.54262428,5.0,T1
LT05_L1TP_010010_19950620_20200913_02_T1,1995-06-20,1995,171,14,TM,True,41.5425212,1.0,T1
LT05_L1TP_012010_19950618_20200913_02_T1,1995-06-18,1995,169,14,TM,True,41.52753018,16.0,T1
LT05_L1TP_013010_19950524_20200913_02_T1,1995-05-24,1995,144,14,TM,True,39.03972704,38.0,T1
LT05_L1TP_010011_19950519_20200912_02_T1,1995-05-19,1995,139,14,TM,True,39.10328686,20.0,T1
LT05_L1GS_010010_19950519_20200912_02_T2,1995-05-19,1995,139,14,TM,True,38.05660254,30.0,T2
LT05_L1GS_012010_19950517_20200913_02_T2,1995-05-17,1995,137,14,TM,True,37.62384876,100.0,T2
LT05_L1TP_011010_19950510_20241101_02_T1,1995-05-10,1995,130,14,TM,True,35.92993127,91.0,T1
LT05_L1GS_013010_19950508_20200913_02_T2,1995-05-08,1995,128,14,TM,True,35.4022564,100.0,T2
LT05_L1GS_010011_19950503_20200912_02_T2,1995-05-03,1995,123,14,TM,True,35.0428922,41.0,T2
LT05_L1GS_010010_19950503_20200913_02_T2,1995-05-03,1995,123,14,TM,True,33.9847516,16.0,T2
LT05_L1TP_012010_19950501_20200912_02_T1,1995-05-01,1995,121,14,TM,True,33.38884285,6.0,T1
LT05_L1TP_011010_19950424_20200913_02_T1,1995-04-24,1995,114,14,TM,True,31.16341671,0.0,T1
LT05_L1TP_013010_19950422_20200913_02_T1,1995-04-22,1995,112,14,TM,True,30.49697301,52.0,T1
LT05_L1TP_010011_19950417_20200912_02_T1,1995-04-17,1995,107,14,TM,True,29.81739541,0.0,T1
LT05_L1TP_010010_19950417_20200912_02_T1,1995-04-17,1995,107,14,TM,True,28.75758671,0.0,T1
LT05_L1TP_012010_19950415_20200913_02_T2,1995-04-15,1995,105,14,TM,True,28.04446167,11.0,T2
LT05_L1TP_011010_19950408_20241103_02_T2,1995-04-08,1995,98,14,TM,True,25.45311589,77.0,T2
LT05_L1TP_013010_19950406_20200912_02_T2,1995-04-06,1995,96,14,TM,True,24.69697227,23.0,T2
LT05_L1TP_010011_19950401_20200912_02_T1,1995-04-01,1995,91,14,TM,True,23.81459184,5.0,T1
LT05_L1TP_010010_19950401_20200912_02_T1,1995-04-01,1995,91,14,TM,True,22.76023053,66.0,T1
LT05_L1TP_012010_19960620_20250425_02_T1,1996-06-20,1996,172,14,TM,True,41.86957254,1.0,T1
LT05_L1TP_012010_19960519_20241101_02_T1,1996-05-19,1996,140,14,TM,True,38.43969276,33.0,T1
LT05_L1TP_014010_19960517_20241101_02_T2,1996-05-17,1996,138,14,TM,True,38.02769074,70.0,T2
LT05_L1GS_011010_19960512_20250425_02_T2,1996-05-12,1996,133,14,TM,True,36.83284664,22.0,T2
LT05_L1GS_010011_19960505_20241101_02_T2,1996-05-05,1996,126,14,TM,True,36.03814396,100.0,T2
LT05_L1TP_014010_19960501_20250425_02_T2,1996-05-01,1996,122,14,TM,True,33.7971142,3.0,T2
LT05_L1GS_013010_19960424_20241101_02_T2,1996-04-24,1996,115,14,TM,True,31.59221808,91.0,T2
LT05_L1TP_014010_19960415_20241101_02_T2,1996-04-15,1996,106,14,TM,True,28.47259381,0.0,T2
LT05_L1TP_013010_19960408_20250425_02_T2,1996-04-08,1996,99,14,TM,True,25.87871809,9.0,T2
LT05_L1GS_010011_19960403_20250425_02_T2,1996-04-03,1996,94,14,TM,True,24.99606007,3.0,T2
LT05_L1GS_010010_19960403_20250425_02_T2,1996-04-03,1996,94,14,TM,True,23.95540362,44.0,T2
LT05_L1TP_012010_19960401_20250425_02_T2,1996-04-01,1996,92,14,TM,True,23.17877595,0.0,T2
LT05_L1TP_010011_19970625_20200910_02_T1,1997-06-25,1997,176,14,TM,True,43.25044378,26.0,T1
LT05_L1TP_010010_19970625_20200910_02_T1,1997-06-25,1997,176,14,TM,True,42.12525155,23.0,T1
LT05_L1TP_012010_19970623_20200910_02_T1,1997-06-23,1997,174,14,TM,True,42.17545673,5.0,T1
LT05_L1TP_012010_19970607_20200910_02_T1,1997-06-07,1997,158,14,TM,True,41.5994528,100.0,T1
LT05_L1TP_010011_19970524_20200910_02_T2,1997-05-24,1997,144,14,TM,True,40.83644519,69.0,T2
LT05_L1GS_010010_19970524_20200910_02_T2,1997-05-24,1997,144,14,TM,True,39.68343678,78.0,T2
LT05_L1TP_014010_19970520_20200910_02_T2,1997-05-20,1997,140,14,TM,True,38.91355241,50.0,T2
LT05_L1TP_011010_19970515_20250425_02_T1,1997-05-15,1997,135,14,TM,True,37.81307179,9.0,T1
LT05_L1TP_013010_19970513_20200910_02_T1,1997-05-13,1997,133,14,TM,True,37.33767093,0.0,T1
LT05_L1GS_010010_19970508_20200910_02_T2,1997-05-08,1997,128,14,TM,True,36.04720011,100.0,T2
LT05_L1GS_012010_19970506_20250425_02_T2,1997-05-06,1997,126,14,TM,True,35.49903164,98.0,T2
LT05_L1TP_010011_19970422_20200910_02_T1,1997-04-22,1997,112,14,TM,True,32.30880102,0.0,T1
LT05_L1TP_010010_19970422_20200910_02_T1,1997-04-22,1997,112,14,TM,True,31.15546483,19.0,T1
LT05_L1TP_014010_19970418_20200910_02_T2,1997-04-18,1997,108,14,TM,True,29.78341653,34.0,T2
LT05_L1TP_011010_19970413_20250425_02_T2,1997-04-13,1997,103,14,TM,True,27.98681464,66.0,T2
LT05_L1TP_010011_19970406_20200910_02_T1,1997-04-06,1997,96,14,TM,True,26.50870211,15.0,T1
LT05_L1TP_010010_19970406_20200910_02_T2,1997-04-06,1997,96,14,TM,True,25.36709707,3.0,T2
LT05_L1TP_014010_19970402_20200910_02_T2,1997-04-02,1997,92,14,TM,True,23.84727542,5.0,T2
LT05_L1TP_010010_19980628_20200909_02_T1,1998-06-28,1998,179,14,TM,True,42.09426389,25.0,T1
LT05_L1TP_012010_19980626_20200909_02_T1,1998-06-26,1998,177,14,TM,True,42.18556958,14.0,T1
LT05_L1TP_011010_19980619_20200909_02_T1,1998-06-19,1998,170,14,TM,True,42.28482663,65.0,T1
LT05_L1TP_010011_19980527_20200909_02_T1,1998-05-27,1998,147,14,TM,True,41.41914927,93.0,T1
LT05_L1TP_010010_19980527_20200909_02_T1,1998-05-27,1998,147,14,TM,True,40.2474829,91.0,T1
LT05_L1GS_012010_19980525_20241030_02_T2,1998-05-25,1998,145,14,TM,True,39.90505052,100.0,T2
LT05_L1GS_014010_19980523_20200909_02_T2,1998-05-23,1998,143,15,TM,True,39.53837462,86.0,T2
LT05_L1TP_011010_19980518_20200909_02_T1,1998-05-18,1998,138,14,TM,True,38.52236925,100.0,T1
LT05_L1GS_013010_19980516_20200909_02_T2,1998-05-16,1998,136,15,TM,True,38.07572652,12.0,T2
LT05_L1GS_010011_19980511_20241030_02_T2,1998-05-11,1998,131,14,TM,True,38.04002179,98.0,T2
LT05_L1GS_010010_19980511_20241030_02_T2,1998-05-11,1998,131,14,TM,True,36.86219188,100.0,T2
LT05_L1GS_014010_19980507_20200909_02_T2,1998-05-07,1998,127,15,TM,True,35.79997291,100.0,T2
LT05_L1TP_011010_19980502_20200909_02_T1,1998-05-02,1998,122,14,TM,True,34.36563841,40.0,T1
LT05_L1TP_010010_19980425_20200909_02_T1,1998-04-25,1998,115,14,TM,True,32.17083126,22.0,T1
LT05_L1TP_012010_19980423_20200909_02_T1,1998-04-23,1998,113,14,TM,True,31.51147502,0.0,T1
LT05_L1TP_011010_19980416_20241030_02_T2,1998-04-16,1998,106,14,TM,True,29.0854904,20.0,T2
LT05_L1TP_013010_19980414_20200909_02_T1,1998-04-14,1998,104,15,TM,True,28.37595745,78.0,T1
LT05_L1TP_010011_19980409_20200909_02_T1,1998-04-09,1998,99,14,TM,True,27.69204935,42.0,T1
LT05_L1TP_010010_19980409_20200909_02_T1,1998-04-09,1998,99,14,TM,True,26.52680356,41.0,T1
LT05_L1GS_012010_19980407_20200909_02_T2,1998-04-07,1998,97,14,TM,True,25.77079851,2.0,T2
LT05_L1TP_014010_19980405_20200909_02_T1,1998-04-05,1998,95,15,TM,True,25.01474291,35.0,T1
LT05_L1GS_011010_19980331_20200909_02_T2,1998-03-31,1998,90,14,TM,True,23.07222112,72.0,T2
LT05_L1TP_013010_19980329_20200909_02_T1,1998-03-29,1998,88,15,TM,True,22.29418365,11.0,T1
LT05_L1GS_014010_19980320_20241030_02_T2,1998-03-20,1998,79,15,TM,True,18.71807139,34.0,T2
LE07_L1TP_010011_20000625_20200918_02_T1,2000-06-25,2000,177,14,ETM+,True,43.56489089,1.0,T1
LE07_L1TP_011010_20000616_20200918_02_T1,2000-06-16,2000,168,15,ETM+,True,42.36845334,2.0,T1
LE07_L1TP_012010_20000607_20200918_02_T1,2000-06-07,2000,159,15,ETM+,True,41.83124013,3.0,T1
LE07_L1TP_010011_20000524_20200918_02_T1,2000-05-24,2000,145,14,ETM+,True,41.17232711,25.0,T1
LE07_L1TP_010010_20000524_20200918_02_T1,2000-05-24,2000,145,14,ETM+,True,39.92834756,5.0,T1
LE07_L1TP_011010_20000515_20200918_02_T1,2000-05-15,2000,136,15,ETM+,True,38.07099133,1.0,T1
LE07_L1TP_013010_20000513_20200918_02_T1,2000-05-13,2000,134,15,ETM+,True,37.59876826,25.0,T1
LE07_L1TP_010011_20000508_20200918_02_T1,2000-05-08,2000,129,14,ETM+,True,37.56597388,54.0,T1
LE07_L1GT_010010_20000508_20200918_02_T2,2000-05-08,2000,129,14,ETM+,True,36.31796585,22.0,T2
LE07_L1TP_011010_20000429_20200918_02_T1,2000-04-29,2000,120,15,ETM+,True,33.71894719,52.0,T1
LE07_L1TP_013010_20000427_20200918_02_T1,2000-04-27,2000,118,15,ETM+,True,33.09730187,22.0,T1
LE07_L1TP_012010_20000420_20200918_02_T1,2000-04-20,2000,111,15,ETM+,True,30.7899255,6.0,T1
LE07_L1TP_011010_20000328_20200918_02_T1,2000-03-28,2000,88,15,ETM+,True,22.2527884,52.0,T1
LE07_L1TP_013010_20000326_20200918_02_T1,2000-03-26,2000,86,15,ETM+,True,21.46855066,1.0,T1
LE07_L1TP_010011_20000321_20200918_02_T1,2000-03-21,2000,81,14,ETM+,True,20.70510829,5.0,T1
LE07_L1TP_010010_20000321_20200918_02_T1,2000-03-21,2000,81,14,ETM+,True,19.48457639,46.0,T1
LE07_L1TP_012010_20000319_20200918_02_T1,2000-03-19,2000,79,15,ETM+,True,18.69512383,77.0,T1
LE07_L1TP_011010_20000312_20200918_02_T1,2000-03-12,2000,72,15,ETM+,True,15.91077815,15.0,T1
LE07_L1TP_011010_20000225_20200918_02_T1,2000-02-25,2000,56,15,ETM+,True,9.72147056,8.0,T1
LE07_L1TP_010010_20000218_20200918_02_T1,2000-02-18,2000,49,14,ETM+,True,7.18477328,28.0,T1
LE07_L1TP_012010_20000216_20200918_02_T1,2000-02-16,2000,47,15,ETM+,True,6.48832246,6.0,T1
LE07_L1TP_010011_20010612_20200917_02_T1,2001-06-12,2001,163,14,ETM+,True,43.3881574,6.0,T1
LE07_L1TP_010010_20010612_20200917_02_T1,2001-06-12,2001,163,14,ETM+,True,42.16550205,14.0,T1
LE07_L1TP_012010_20010610_20200917_02_T1,2001-06-10,2001,161,15,ETM+,True,42.03921253,2.0,T1
LE07_L1TP_013010_20010601_20200917_02_T1,2001-06-01,2001,152,15,ETM+,True,41.12708495,5.0,T1
LE07_L1TP_010011_20010527_20200917_02_T1,2001-05-27,2001,147,14,ETM+,True,41.6217286,65.0,T1
LE07_L1TP_011010_20010518_20200917_02_T1,2001-05-18,2001,138,15,ETM+,True,38.67426033,2.0,T1
LE07_L1TP_012010_20010509_20200917_02_T1,2001-05-09,2001,129,15,ETM+,True,36.50512543,13.0,T1
LE07_L1TP_011010_20010331_20200917_02_T1,2001-03-31,2001,90,15,ETM+,True,23.30922413,4.0,T1
LE07_L1TP_013010_20010329_20200917_02_T1,2001-03-29,2001,88,15,ETM+,True,22.53184185,1.0,T1
LE07_L1TP_010011_20010324_20200917_02_T1,2001-03-24,2001,83,14,ETM+,True,21.77114466,6.0,T1
LE07_L1TP_010010_20010324_20200917_02_T1,2001-03-24,2001,83,14,ETM+,True,20.55848429,31.0,T1
LE07_L1TP_012010_20010322_20200917_02_T1,2001-03-22,2001,81,15,ETM+,True,19.76791595,4.0,T1
LE07_L1TP_011010_20010315_20200917_02_T1,2001-03-15,2001,74,15,ETM+,True,16.98269443,15.0,T1
LE07_L1TP_010011_20010308_20200917_02_T1,2001-03-08,2001,67,14,ETM+,True,15.414506,3.0,T1
LE07_L1TP_010010_20010308_20200917_02_T1,2001-03-08,2001,67,14,ETM+,True,14.20984778,10.0,T1
LE07_L1TP_012010_20020613_20200916_02_T1,2002-06-13,2002,164,15,ETM+,True,42.19767348,50.0,T1
LE07_L1TP_010011_20020530_20200916_02_T1,2002-05-30,2002,150,14,ETM+,True,42.02921103,0.0,T1
LE07_L1TP_012010_20020528_20200916_02_T1,2002-05-28,2002,148,15,ETM+,True,40.49949645,3.0,T1
LE07_L1TP_011010_20020521_20200916_02_T1,2002-05-21,2002,141,15,ETM+,True,39.24082491,8.0,T1
LE07_L1TP_013010_20020519_20200916_02_T1,2002-05-19,2002,139,15,ETM+,True,38.83132837,3.0,T1
LE07_L1TP_013010_20020503_20200916_02_T1,2002-05-03,2002,123,15,ETM+,True,34.75803211,41.0,T1
LE07_L1TP_010011_20020428_20200916_02_T1,2002-04-28,2002,118,14,ETM+,True,34.46249116,0.0,T1
LE07_L1TP_010010_20020428_20200916_02_T1,2002-04-28,2002,118,14,ETM+,True,33.23279206,0.0,T1
LE07_L1TP_012010_20020410_20200916_02_T1,2002-04-10,2002,100,15,ETM+,True,27.01536562,1.0,T1
LE07_L1TP_013010_20020401_20200917_02_T1,2002-04-01,2002,91,15,ETM+,True,23.59417496,1.0,T1
LE07_L1TP_010011_20020327_20200916_02_T1,2002-03-27,2002,86,14,ETM+,True,22.84432129,19.0,T1
LE07_L1TP_010010_20020327_20200916_02_T1,2002-03-27,2002,86,14,ETM+,True,21.63246719,40.0,T1
LE07_L1TP_012010_20020325_20200917_02_T1,2002-03-25,2002,84,15,ETM+,True,20.84908083,29.0,T1
LE07_L1TP_011010_20020318_20200916_02_T1,2002-03-18,2002,77,15,ETM+,True,18.06347805,8.0,T1
LE07_L1TP_012010_20020309_20200916_02_T1,2002-03-09,2002,68,15,ETM+,True,14.49533212,6.0,T1
LE07_L1TP_011010_20030524_20200915_02_T1,2003-05-24,2003,144,15,ETM+,True,39.78777559,25.0,T1
LE07_L1TP_010011_20030517_20200915_02_T1,2003-05-17,2003,137,14,ETM+,True,39.58804204,2.0,T1
LE07_L1TP_010010_20030517_20200916_02_T1,2003-05-17,2003,137,14,ETM+,True,38.35493864,34.0,T1
LE07_L1TP_010011_20030501_20200915_02_T1,2003-05-01,2003,121,14,ETM+,True,35.33716205,1.0,T1
LE07_L1TP_011010_20030422_20200916_02_T1,2003-04-22,2003,112,15,ETM+,True,31.2174505,41.0,T1
LE07_L1TP_012010_20030413_20200916_02_T1,2003-04-13,2003,103,15,ETM+,True,28.05764026,24.0,T1
LE07_L1TP_013010_20030404_20200915_02_T1,2003-04-04,2003,94,15,ETM+,True,24.68207956,1.0,T1
LE07_L1TP_010011_20030330_20200916_02_T1,2003-03-30,2003,89,14,ETM+,True,23.95200102,1.0,T1
LE07_L1TP_010010_20030330_20200916_02_T1,2003-03-30,2003,89,14,ETM+,True,22.73986153,12.0,T1
LE07_L1TP_012010_20030328_20200916_02_T1,2003-03-28,2003,87,15,ETM+,True,21.9591192,2.0,T1
LE07_L1TP_010011_20040620_20200915_02_T1,2004-06-20,2004,172,14,ETM+,True,43.61722294,3.0,T1
LE07_L1TP_013010_20040609_20200915_02_T1,2004-06-09,2004,161,15,ETM+,True,41.99317211,23.0,T1
LE07_L1TP_010011_20040604_20200915_02_T1,2004-06-04,2004,156,14,ETM+,True,42.75131407,35.0,T1
LE07_L1TP_013010_20040524_20200915_02_T1,2004-05-24,2004,145,15,ETM+,True,39.93568517,58.0,T1
LE07_L1TP_010011_20040519_20200915_02_T1,2004-05-19,2004,140,14,ETM+,True,40.19545524,16.0,T1
LE07_L1TP_010010_20040519_20200915_02_T1,2004-05-19,2004,140,14,ETM+,True,38.96083329,2.0,T1
LE07_L1TP_012010_20040517_20200915_02_T1,2004-05-17,2004,138,15,ETM+,True,38.53443006,26.0,T1
LE07_L1TP_011010_20040510_20200915_02_T1,2004-05-10,2004,131,15,ETM+,True,36.85493816,0.0,T1
LE07_L1TP_013010_20040508_20200915_02_T1,2004-05-08,2004,129,15,ETM+,True,36.33229812,21.0,T1
LE07_L1TP_012010_20040501_20200915_02_T1,2004-05-01,2004,122,15,ETM+,True,34.34200049,23.0,T1
LE07_L1TP_011010_20040424_20200915_02_T1,2004-04-24,2004,115,15,ETM+,True,32.14340082,1.0,T1
LE07_L1TP_012010_20040415_20200915_02_T1,2004-04-15,2004,106,15,ETM+,True,29.0600341,13.0,T1
LE07_L1TP_010011_20040401_20200915_02_T1,2004-04-01,2004,92,14,ETM+,True,25.04157479,16.0,T1
LE07_L1TP_012010_20040330_20200915_02_T1,2004-03-30,2004,90,15,ETM+,True,23.04984032,3.0,T1
LE07_L1TP_013010_20040321_20200915_02_T1,2004-03-21,2004,81,15,ETM+,True,19.50040266,3.0,T1
LE07_L1TP_012010_20040314_20200915_02_T1,2004-03-14,2004,74,15,ETM+,True,16.71408957,6.0,T1
LE07_L1GT_011010_20040220_20200915_02_T2,2004-02-20,2004,51,15,ETM+,True,7.89356127,6.0,T2
LE07_L1TP_012010_20050621_20200914_02_T1,2005-06-21,2005,172,15,ETM+,True,42.41446697,35.0,T1
LE07_L1TP_012010_20050605_20200914_02_T1,2005-06-05,2005,156,15,ETM+,True,41.61512763,4.0,T1
LE07_L1TP_012010_20050520_20200914_02_T1,2005-05-20,2005,140,15,ETM+,True,39.12629969,6.0,T1
LE07_L1TP_011010_20050513_20200914_02_T1,2005-05-13,2005,133,15,ETM+,True,37.55309966,18.0,T1
LE07_L1TP_011010_20050427_20200914_02_T1,2005-04-27,2005,117,15,ETM+,True,33.03932821,2.0,T1
LE07_L1TP_013010_20050425_20200914_02_T1,2005-04-25,2005,115,15,ETM+,True,32.40175977,32.0,T1
LE07_L1TP_010010_20050420_20200914_02_T1,2005-04-20,2005,110,14,ETM+,True,30.73061554,56.0,T1
LE07_L1TP_012010_20050418_20200914_02_T1,2005-04-18,2005,108,15,ETM+,True,30.04179737,3.0,T1
LE07_L1TP_013010_20050409_20200915_02_T1,2005-04-09,2005,99,15,ETM+,True,26.79044938,17.0,T1
LE07_L1TP_010011_20060626_20200914_02_T1,2006-06-26,2006,177,14,ETM+,True,43.52037561,1.0,T1
LE07_L1TP_010010_20060626_20200914_02_T1,2006-06-26,2006,177,14,ETM+,True,42.31237426,0.0,T1
LT05_L1TP_012010_20060616_20200901_02_T1,2006-06-16,2006,167,15,TM,True,42.3876261,93.0,T1
LE07_L1TP_013010_20060530_20200914_02_T1,2006-05-30,2006,150,15,ETM+,True,40.8403202,12.0,T1
LE07_L1TP_011010_20060430_20200914_02_T1,2006-04-30,2006,120,15,ETM+,True,33.90852464,27.0,T1
LE07_L1TP_011010_20060414_20200914_02_T1,2006-04-14,2006,104,15,ETM+,True,28.54067894,100.0,T1
LE07_L1TP_010011_20060407_20200914_02_T1,2006-04-07,2006,97,14,ETM+,True,27.17736529,90.0,T1
LE07_L1TP_010010_20060407_20200914_02_T1,2006-04-07,2006,97,14,ETM+,True,25.95218153,2.0,T1
LE07_L1TP_013010_20060327_20200914_02_T1,2006-03-27,2006,86,15,ETM+,True,21.70430454,6.0,T1
LE07_L1TP_013010_20060311_20200914_02_T1,2006-03-11,2006,70,15,ETM+,True,15.3543815,4.0,T1
LE07_L1TP_012010_20070627_20200913_02_T1,2007-06-27,2007,178,15,ETM+,True,42.28411137,1.0,T1
LE07_L1TP_012010_20070611_20200913_02_T1,2007-06-11,2007,162,15,ETM+,True,42.09621155,27.0,T1
LE07_L1TP_011010_20070604_20200913_02_T1,2007-06-04,2007,155,15,ETM+,True,41.45965396,15.0,T1
LE07_L1TP_013010_20070602_20200913_02_T1,2007-06-02,2007,153,15,ETM+,True,41.21941356,3.0,T1
LE07_L1GT_011010_20070519_20200913_02_T2,2007-05-19,2007,139,15,ETM+,True,38.8262804,99.0,T2
LE07_L1TP_013010_20070517_20200913_02_T1,2007-05-17,2007,137,15,ETM+,True,38.39148504,34.0,T1
LE07_L1TP_011010_20070503_20200913_02_T1,2007-05-03,2007,123,15,ETM+,True,34.74066404,1.0,T1
LE07_L1TP_012010_20070424_20200913_02_T1,2007-04-24,2007,114,15,ETM+,True,31.92834931,0.0,T1
LE07_L1TP_011010_20070417_20200913_02_T1,2007-04-17,2007,107,15,ETM+,True,29.53299357,13.0,T1
LE07_L1TP_012010_20070408_20200913_02_T1,2007-04-08,2007,98,15,ETM+,True,26.24983612,1.0,T1
LE07_L1TP_010011_20070325_20200913_02_T1,2007-03-25,2007,84,14,ETM+,True,22.03756013,25.0,T1
LE07_L1TP_010010_20070325_20200913_02_T1,2007-03-25,2007,84,14,ETM+,True,20.82410799,23.0,T1
LE07_L1TP_012010_20070323_20200913_02_T1,2007-03-23,2007,82,15,ETM+,True,20.03327142,16.0,T1
LE07_L1TP_011010_20070316_20200913_02_T1,2007-03-16,2007,75,15,ETM+,True,17.24893524,78.0,T1
LE07_L1TP_010011_20070309_20200913_02_T1,2007-03-09,2007,68,14,ETM+,True,15.672445,38.0,T1
LE07_L1TP_010010_20070309_20200913_02_T1,2007-03-09,2007,68,14,ETM+,True,14.47093008,24.0,T1
LE07_L1TP_012010_20070307_20200913_02_T1,2007-03-07,2007,66,15,ETM+,True,13.688485,2.0,T1
LE07_L1TP_011010_20080622_20200912_02_T1,2008-06-22,2008,174,15,ETM+,True,42.39486466,0.0,T1
LE07_L1TP_013010_20080620_20200912_02_T1,2008-06-20,2008,172,15,ETM+,True,42.40990445,10.0,T1
LE07_L1TP_010011_20080615_20200912_02_T1,2008-06-15,2008,167,14,ETM+,True,43.54206643,1.0,T1
LE07_L1TP_010010_20080615_20200912_02_T1,2008-06-15,2008,167,14,ETM+,True,42.32570485,1.0,T1
LE07_L1TP_013010_20080604_20200912_02_T1,2008-06-04,2008,156,15,ETM+,True,41.53844314,0.0,T1
LE07_L1TP_012010_20080528_20200912_02_T1,2008-05-28,2008,149,15,ETM+,True,40.61534901,15.0,T1
LE07_L1TP_011010_20080521_20200912_02_T1,2008-05-21,2008,142,15,ETM+,True,39.38524388,3.0,T1
LE07_L1TP_010011_20080514_20200912_02_T1,2008-05-14,2008,135,14,ETM+,True,39.10418975,8.0,T1
LE07_L1TP_010010_20080514_20200912_02_T1,2008-05-14,2008,135,14,ETM+,True,37.86945461,8.0,T1
LE07_L1TP_012010_20080512_20200912_02_T1,2008-05-12,2008,133,15,ETM+,True,37.38571428,1.0,T1
LE07_L1TP_013010_20080503_20200912_02_T1,2008-05-03,2008,124,15,ETM+,True,34.96504689,4.0,T1
LE07_L1TP_013010_20080401_20200913_02_T1,2008-04-01,2008,92,15,ETM+,True,23.86852854,4.0,T1
LE07_L1TP_010011_20090618_20200911_02_T1,2009-06-18,2009,169,14,ETM+,True,43.62360707,1.0,T1
LE07_L1TP_010010_20090618_20200911_02_T1,2009-06-18,2009,169,14,ETM+,True,42.40829529,0.0,T1
LT05_L1TP_011010_20090617_20200827_02_T1,2009-06-17,2009,168,15,TM,True,42.38653771,1.0,T1
LE07_L1TP_012010_20090616_20200912_02_T1,2009-06-16,2009,167,15,ETM+,True,42.36240571,0.0,T1
LE07_L1TP_011010_20090524_20200912_02_T1,2009-05-24,2009,144,15,ETM+,True,39.89666858,4.0,T1
LE07_L1TP_013010_20090522_20200912_02_T1,2009-05-22,2009,142,15,ETM+,True,39.52358958,23.0,T1
LE07_L1TP_010011_20090517_20200912_02_T1,2009-05-17,2009,137,14,ETM+,True,39.72402636,84.0,T1
LE07_L1TP_010010_20090517_20200912_02_T1,2009-05-17,2009,137,14,ETM+,True,38.4828972,54.0,T1
LE07_L1TP_011010_20090508_20200912_02_T1,2009-05-08,2009,128,15,ETM+,True,36.27187962,14.0,T1
LE07_L1TP_013010_20090506_20200912_02_T1,2009-05-06,2009,126,15,ETM+,True,35.72508824,0.0,T1
LE07_L1TP_010011_20090501_20200912_02_T1,2009-05-01,2009,121,14,ETM+,True,35.51316274,2.0,T1
LE07_L1TP_010010_20090501_20200912_02_T1,2009-05-01,2009,121,14,ETM+,True,34.27196965,0.0,T1
LE07_L1TP_012010_20090429_20200912_02_T1,2009-04-29,2009,119,15,ETM+,True,33.66297665,16.0,T1
LE07_L1TP_010011_20090415_20200912_02_T1,2009-04-15,2009,105,14,ETM+,True,30.2054213,21.0,T1
LE07_L1TP_010010_20090415_20200912_02_T1,2009-04-15,2009,105,14,ETM+,True,28.97188623,11.0,T1
LE07_L1TP_010011_20090330_20200912_02_T1,2009-03-30,2009,89,14,ETM+,True,24.17478428,0.0,T1
LE07_L1TP_010010_20090330_20200912_02_T1,2009-03-30,2009,89,14,ETM+,True,22.95760266,8.0,T1
LE07_L1TP_010011_20090314_20200912_02_T1,2009-03-14,2009,73,14,ETM+,True,17.82640785,0.0,T1
LE07_L1TP_010011_20100621_20200911_02_T1,2010-06-21,2010,172,14,ETM+,True,43.66888168,1.0,T1
LE07_L1TP_010010_20100621_20200911_02_T1,2010-06-21,2010,172,14,ETM+,True,42.44442192,0.0,T1
LE07_L1TP_014010_20100617_20200911_02_T1,2010-06-17,2010,168,15,ETM+,True,42.40091465,1.0,T1
LE07_L1TP_012010_20100603_20200911_02_T1,2010-06-03,2010,154,15,ETM+,True,41.38391829,25.0,T1
LE07_L1TP_013010_20100525_20200911_02_T1,2010-05-25,2010,145,15,ETM+,True,40.04934663,34.0,T1
LE07_L1TP_010011_20100520_20200911_02_T1,2010-05-20,2010,140,14,ETM+,True,40.33574517,18.0,T1
LE07_L1TP_012010_20100518_20200911_02_T1,2010-05-18,2010,138,15,ETM+,True,38.66703954,0.0,T1
LE07_L1TP_014010_20100516_20200911_02_T1,2010-05-16,2010,136,15,ETM+,True,38.22271118,4.0,T1
LE07_L1TP_013010_20100509_20200911_02_T1,2010-05-09,2010,129,15,ETM+,True,36.48801748,1.0,T1
LE07_L1TP_011010_20100425_20200911_02_T1,2010-04-25,2010,115,15,ETM+,True,32.33190477,0.0,T1
LE07_L1TP_013010_20100423_20200911_02_T1,2010-04-23,2010,113,15,ETM+,True,31.67302281,21.0,T1
LE07_L1TP_010011_20100418_20200911_02_T1,2010-04-18,2010,108,14,ETM+,True,31.20426733,3.0,T1
LE07_L1TP_011010_20100409_20200911_02_T1,2010-04-09,2010,99,15,ETM+,True,26.70596352,1.0,T1
LE07_L1TP_010011_20100402_20200911_02_T1,2010-04-02,2010,92,14,ETM+,True,25.27286449,0.0,T1
LE07_L1TP_010010_20100402_20200911_02_T1,2010-04-02,2010,92,14,ETM+,True,24.04305,0.0,T1
LE07_L1TP_012010_20100331_20200911_02_T1,2010-03-31,2010,90,15,ETM+,True,23.2705768,1.0,T1
LE07_L1TP_013010_20110629_20200910_02_T1,2011-06-29,2011,180,15,ETM+,True,42.22316673,18.0,T1
LE07_L1TP_014010_20110620_20200910_02_T1,2011-06-20,2011,171,15,ETM+,True,42.44933518,77.0,T1
LE07_L1TP_011010_20110615_20200910_02_T1,2011-06-15,2011,166,15,ETM+,True,42.33598861,0.0,T1
LE07_L1TP_013010_20110613_20200910_02_T1,2011-06-13,2011,164,15,ETM+,True,42.24163509,1.0,T1
LE07_L1TP_010011_20110608_20200910_02_T1,2011-06-08,2011,159,15,ETM+,True,43.12554738,86.0,T1
LE07_L1GT_010010_20110608_20200910_02_T2,2011-06-08,2011,159,14,ETM+,True,41.88346723,93.0,T2
LE07_L1TP_012010_20110606_20200910_02_T1,2011-06-06,2011,157,15,ETM+,True,41.69716417,20.0,T1
LE07_L1TP_011010_20110530_20200910_02_T1,2011-05-30,2011,150,15,ETM+,True,40.82595183,9.0,T1
LE07_L1TP_013010_20110528_20200910_02_T1,2011-05-28,2011,148,15,ETM+,True,40.51730426,61.0,T1
LE07_L1TP_010011_20110523_20200910_02_T1,2011-05-23,2011,143,15,ETM+,True,40.89353302,6.0,T1
LE07_L1TP_012010_20110521_20200910_02_T1,2011-05-21,2011,141,15,ETM+,True,39.25136092,12.0,T1
LE07_L1TP_014010_20110519_20200910_02_T1,2011-05-19,2011,139,15,ETM+,True,38.83715532,84.0,T1
LE07_L1TP_013010_20110512_20200910_02_T1,2011-05-12,2011,132,15,ETM+,True,37.20802528,33.0,T1
LE07_L1TP_010011_20110507_20200910_02_T1,2011-05-07,2011,127,15,ETM+,True,37.14077358,86.0,T1
LE07_L1TP_011010_20110428_20200910_02_T1,2011-04-28,2011,118,15,ETM+,True,33.22248585,26.0,T1
LE07_L1TP_010011_20110421_20200910_02_T1,2011-04-21,2011,111,15,ETM+,True,32.17168461,0.0,T1
LE07_L1TP_012010_20110419_20200910_02_T1,2011-04-19,2011,109,15,ETM+,True,30.23823822,7.0,T1
LE07_L1TP_011010_20110412_20200910_02_T1,2011-04-12,2011,102,15,ETM+,True,27.73697912,2.0,T1
LE07_L1TP_013010_20110410_20200910_02_T1,2011-04-10,2011,100,15,ETM+,True,27.00282797,2.0,T1
LE07_L1TP_010011_20110405_20200910_02_T1,2011-04-05,2011,95,15,ETM+,True,26.35248037,4.0,T1
LE07_L1TP_010010_20110405_20200910_02_T1,2011-04-05,2011,95,15,ETM+,True,25.11429259,25.0,T1
LE07_L1TP_012010_20110403_20200910_02_T1,2011-04-03,2011,93,15,ETM+,True,24.35115108,2.0,T1
LE07_L1TP_010011_20120626_20200908_02_T1,2012-06-26,2012,178,15,ETM+,True,43.58634223,1.0,T1
LE07_L1TP_010010_20120626_20200908_02_T1,2012-06-26,2012,178,15,ETM+,True,42.3565369,0.0,T1
LE07_L1TP_012010_20120624_20201020_02_T1,2012-06-24,2012,176,15,ETM+,True,42.42268358,33.0,T1
LE07_L1TP_014010_20120622_20210218_02_T1,2012-06-22,2012,174,15,ETM+,True,42.46207513,19.0,T1
LE07_L1TP_011010_20120617_20200909_02_T1,2012-06-17,2012,169,15,ETM+,True,42.44296761,42.0,T1
LE07_L1TP_010011_20120610_20200908_02_T1,2012-06-10,2012,162,15,ETM+,True,43.36346491,1.0,T1
LE07_L1TP_010010_20120610_20200909_02_T1,2012-06-10,2012,162,15,ETM+,True,42.12382867,0.0,T1
LE07_L1TP_014010_20120606_20200908_02_T1,2012-06-06,2012,158,15,ETM+,True,41.7928776,86.0,T1
LE07_L1TP_011010_20120601_20200909_02_T1,2012-06-01,2012,153,15,ETM+,True,41.22634269,0.0,T1
LE07_L1TP_013010_20120530_20200908_02_T1,2012-05-30,2012,151,15,ETM+,True,40.9559019,1.0,T1
LE07_L1TP_010011_20120525_20201008_02_T1,2012-05-25,2012,146,15,ETM+,True,41.41431373,96.0,T1
LE07_L1GT_012010_20120523_20201008_02_T2,2012-05-23,2012,144,15,ETM+,True,39.8045637,100.0,T2
LE07_L1TP_013010_20120514_20200909_02_T1,2012-05-14,2012,135,15,ETM+,True,37.87844077,0.0,T1
LE07_L1TP_012010_20120507_20201020_02_T1,2012-05-07,2012,128,15,ETM+,True,36.09340717,43.0,T1
LE07_L1TP_013010_20120428_20200909_02_T1,2012-04-28,2012,119,15,ETM+,True,33.46140654,23.0,T1
LE07_L1TP_012010_20120421_20200909_02_T1,2012-04-21,2012,112,15,ETM+,True,31.18200275,7.0,T1
LE07_L1TP_011010_20120414_20200909_02_T1,2012-04-14,2012,105,15,ETM+,True,28.73589031,42.0,T1
LE07_L1TP_011010_20120329_20200909_02_T1,2012-03-29,2012,89,15,ETM+,True,22.70544004,1.0,T1
LE07_L1TP_012010_20130627_20200907_02_T1,2013-06-27,2013,178,15,ETM+,True,42.31192796,50.0,T1
LC08_L1TP_010011_20130621_20200912_02_T1,2013-06-21,2013,172,15,OLI,True,43.75989046,27.77,T1
LC08_L1TP_010010_20130621_20200912_02_T1,2013-06-21,2013,172,15,OLI,True,42.49655546,28.43,T1
LE07_L1GT_011010_20130620_20200907_02_T2,2013-06-20,2013,171,15,ETM+,True,42.46273745,71.0,T2
LE07_L1TP_010011_20130613_20200907_02_T1,2013-06-13,2013,164,15,ETM+,True,43.52228933,19.0,T1
LC08_L1TP_011010_20130612_20200912_02_T1,2013-06-12,2013,163,15,OLI,True,42.25153298,0.04,T1
LC08_L1TP_010010_20130605_20200912_02_T1,2013-06-05,2013,156,15,OLI,True,41.67751248,33.39,T1
LE07_L1TP_013010_20130602_20200907_02_T1,2013-06-02,2013,153,15,ETM+,True,41.31084265,62.0,T1
LC08_L1TP_082234_20130529_20200912_02_T2,2013-05-29,2013,149,0,OLI,True,8.84534621,4.14,T2
LE07_L1TP_010011_20130528_20200907_02_T1,2013-05-28,2013,148,15,ETM+,True,41.86237167,1.0,T1
LC08_L1TP_011010_20130527_20200912_02_T1,2013-05-27,2013,147,15,OLI,True,40.46554916,2.81,T1
LC08_L1GT_084234_20130527_20200913_02_T2,2013-05-27,2013,147,0,OLI,True,8.52121918,68.16,T2
LC08_L1GT_084233_20130527_20200913_02_T2,2013-05-27,2013,147,0,OLI,True,7.16895994,73.63,T2
LC08_L1TP_013010_20130525_20200912_02_T1,2013-05-25,2013,145,15,OLI,True,40.12797532,33.68,T1
LC08_L1TP_010011_20130520_20200913_02_T1,2013-05-20,2013,140,15,OLI,True,40.45725706,48.23,T1
LC08_L1TP_010010_20130520_20200912_02_T1,2013-05-20,2013,140,15,OLI,True,39.17364011,22.05,T1
LE07_L1TP_011010_20130519_20200907_02_T1,2013-05-19,2013,139,15,ETM+,True,38.94892993,9.0,T1
LC08_L1TP_012010_20130518_20200913_02_T1,2013-05-18,2013,138,15,OLI,True,38.75357137,20.1,T1
LE07_L1TP_013010_20130517_20200907_02_T1,2013-05-17,2013,137,15,ETM+,True,38.51833226,64.0,T1
LE07_L1TP_010011_20130512_20200907_02_T1,2013-05-12,2013,132,15,ETM+,True,38.59890548,23.0,T1
LC08_L1TP_011010_20130511_20200912_02_T1,2013-05-11,2013,131,15,OLI,True,37.10447177,40.36,T1
LC08_L1TP_010011_20130504_20200913_02_T1,2013-05-04,2013,124,15,OLI,True,36.49059705,18.48,T1
LC08_L1TP_010010_20130504_20200912_02_T1,2013-05-04,2013,124,15,OLI,True,35.20655031,0.88,T1
LE07_L1TP_012010_20130424_20200907_02_T1,2013-04-24,2013,114,15,ETM+,True,32.10865706,59.0,T1
LC08_L1TP_013010_20130423_20200912_02_T1,2013-04-23,2013,113,15,OLI,True,31.79947782,3.25,T1
LC08_L1TP_010011_20130418_20200913_02_T1,2013-04-18,2013,108,15,OLI,True,31.37273031,8.45,T1
LC08_L1TP_010010_20130418_20200913_02_T1,2013-04-18,2013,108,15,OLI,True,30.09657059,45.4,T1
LE07_L1TP_011010_20130417_20200907_02_T1,2013-04-17,2013,107,15,ETM+,True,29.72574281,2.0,T1
LC08_L1TP_012010_20130416_20200913_02_T1,2013-04-16,2013,106,15,OLI,True,29.39832537,95.19,T1
LC08_L1TP_012010_20130409_20200913_02_T1,2013-04-09,2013,99,15,OLI,True,26.8569425,0.15,T1
LE07_L1TP_012010_20130408_20200907_02_T1,2013-04-08,2013,98,15,ETM+,True,26.45798509,72.0,T1
LC08_L1TP_012010_20130404_20200912_02_T1,2013-04-04,2013,94,15,OLI,True,24.97195933,23.92,T1
LC08_L1TP_013010_20130330_20200913_02_T1,2013-03-30,2013,89,15,OLI,True,23.04425377,0.81,T1
LE07_L1TP_013010_20130330_20200907_02_T1,2013-03-30,2013,89,15,ETM+,True,23.01536288,1.0,T1
LE07_L1TP_012010_20130323_20200908_02_T1,2013-03-23,2013,82,15,ETM+,True,20.26337813,0.0,T1
LC08_L1TP_011010_20130322_20200912_02_T1,2013-03-22,2013,81,15,OLI,True,19.89537121,0.02,T1
LT08_L1GT_011010_20130317_20200925_02_T2,2013-03-17,2013,76,15,TM,True,17.91062785,,T2
LT08_L1GT_012010_20130312_20200925_02_T2,2013-03-12,2013,71,15,TM,True,15.92787641,,T2
LC08_L1TP_013010_20140629_20200911_02_T1,2014-06-29,2014,180,15,OLI,True,42.24762622,77.8,T1
LC08_L1GT_081234_20140625_20200911_02_T2,2014-06-25,2014,176,23,OLI,True,11.00397642,74.29,T2
LC08_L1TP_010011_20140624_20200911_02_T1,2014-06-24,2014,175,15,OLI,True,43.70175129,81.4,T1
LC08_L1TP_010010_20140624_20200911_02_T1,2014-06-24,2014,175,15,OLI,True,42.4488759,84.31,T1
LC08_L1TP_083234_20140624_20200911_02_T1,2014-06-24,2014,175,0,OLI,True,11.02610531,50.36,T1
LC08_L1TP_012010_20140622_20200911_02_T1,2014-06-22,2014,173,15,OLI,True,42.48107936,95.94,T1
LC08_L1TP_082234_20140617_20200911_02_T1,2014-06-17,2014,168,0,OLI,True,10.89266589,60.57,T1
LC08_L1TP_011010_20140615_20200911_02_T1,2014-06-15,2014,166,15,OLI,True,42.37678604,8.28,T1
LC08_L1TP_084233_20140615_20200911_02_T1,2014-06-15,2014,166,0,OLI,True,9.45012984,1.72,T1
LC08_L1TP_013010_20140613_20200911_02_T1,2014-06-13,2014,164,15,OLI,True,42.28548602,49.38,T1
LC08_L1GT_081234_20140609_20200911_02_T2,2014-06-09,2014,160,23,OLI,True,10.44057457,100.0,T2
LC08_L1TP_010011_20140608_20200911_02_T1,2014-06-08,2014,159,15,OLI,True,43.20045037,0.4,T1
LC08_L1TP_010010_20140608_20200911_02_T1,2014-06-08,2014,159,15,OLI,True,41.93484983,0.42,T1
LC08_L1GT_083234_20140608_20200911_02_T2,2014-06-08,2014,159,0,OLI,True,10.25410167,63.71,T2
LC08_L1GT_012010_20140606_20200911_02_T2,2014-06-06,2014,157,15,OLI,True,41.74879159,97.37,T2
LC08_L1TP_082234_20140601_20200911_02_T1,2014-06-01,2014,152,0,OLI,True,9.40777062,2.2,T1
LC08_L1TP_011010_20140530_20200911_02_T1,2014-05-30,2014,150,15,OLI,True,40.88539334,5.9,T1
LC08_L1TP_084233_20140530_20200911_02_T1,2014-05-30,2014,150,0,OLI,True,7.76656679,65.14,T1
LC08_L1TP_013010_20140528_20200911_02_T1,2014-05-28,2014,148,15,OLI,True,40.5825616,10.25,T1
LC08_L1TP_010011_20140523_20200911_02_T1,2014-05-23,2014,143,15,OLI,True,40.9855147,69.13,T1
LC08_L1TP_010010_20140523_20200911_02_T1,2014-05-23,2014,143,15,OLI,True,39.71108158,3.37,T1
LC08_L1GT_012010_20140521_20200911_02_T2,2014-05-21,2014,141,15,OLI,True,39.32295724,71.84,T2
LC08_L1TP_011010_20140514_20200911_02_T1,2014-05-14,2014,134,15,OLI,True,37.77767313,78.58,T1
LC08_L1TP_013010_20140512_20200911_02_T1,2014-05-12,2014,132,15,OLI,True,37.29044043,44.73,T1
LC08_L1TP_010011_20140507_20200911_02_T1,2014-05-07,2014,127,15,OLI,True,37.25025442,21.81,T1
LC08_L1TP_010010_20140507_20200911_02_T1,2014-05-07,2014,127,15,OLI,True,35.97507301,1.17,T1
LC08_L1TP_012010_20140505_20200911_02_T1,2014-05-05,2014,125,15,OLI,True,35.4191611,15.66,T1
LC08_L1TP_011010_20140428_20200911_02_T1,2014-04-28,2014,118,15,OLI,True,33.32389782,7.74,T1
LC08_L1TP_013010_20140426_20200911_02_T1,2014-04-26,2014,116,15,OLI,True,32.69114437,61.8,T1
LC08_L1TP_010011_20140421_20200911_02_T1,2014-04-21,2014,111,15,OLI,True,32.30483511,0.16,T1
LC08_L1TP_010010_20140421_20200911_02_T1,2014-04-21,2014,111,15,OLI,True,31.03467008,0.01,T1
LC08_L1TP_012010_20140419_20200911_02_T1,2014-04-19,2014,109,15,OLI,True,30.35312011,2.05,T1
LC08_L1TP_011010_20140412_20200911_02_T1,2014-04-12,2014,102,15,OLI,True,27.86168167,10.97,T1
LC08_L1TP_013010_20140410_20200911_02_T1,2014-04-10,2014,100,15,OLI,True,27.12956713,32.92,T1
LC08_L1TP_010011_20140405_20200911_02_T1,2014-04-05,2014,95,15,OLI,True,26.50725281,32.32,T1
LC08_L1TP_010010_20140405_20200911_02_T1,2014-04-05,2014,95,15,OLI,True,25.24806997,2.23,T1
LC08_L1TP_012010_20140403_20200911_02_T1,2014-04-03,2014,93,15,OLI,True,24.48700406,0.2,T1
LC08_L1TP_011010_20140327_20200911_02_T1,2014-03-27,2014,86,15,OLI,True,21.76425594,6.47,T1
LC08_L1TP_013010_20140325_20200911_02_T1,2014-03-25,2014,84,15,OLI,True,20.98004925,5.05,T1
LC08_L1TP_010011_20140320_20200911_02_T1,2014-03-20,2014,79,15,OLI,True,20.24187086,4.8,T1
LC08_L1TP_010010_20140320_20200912_02_T1,2014-03-20,2014,79,15,OLI,True,18.99546276,24.94,T1
LC08_L1TP_012010_20140318_20200911_02_T1,2014-03-18,2014,77,15,OLI,True,18.20512751,1.83,T1
LC08_L1TP_011010_20140311_20200911_02_T1,2014-03-11,2014,70,15,OLI,True,15.43071494,8.89,T1
LC08_L1TP_013010_20140309_20200911_02_T1,2014-03-09,2014,68,15,OLI,True,14.64623087,31.68,T1
LC08_L1TP_010011_20140304_20200911_02_T1,2014-03-04,2014,63,15,OLI,True,13.92699575,45.29,T1
LC08_L1TP_010010_20140304_20200911_02_T1,2014-03-04,2014,63,15,OLI,True,12.69079928,15.2,T1
LC08_L1TP_012010_20140302_20200911_02_T1,2014-03-02,2014,61,15,OLI,True,11.92377551,1.93,T1
LC08_L1TP_011010_20140223_20200911_02_T1,2014-02-23,2014,54,15,OLI,True,9.28555432,39.26,T1
LC08_L1TP_013010_20140221_20200911_02_T1,2014-02-21,2014,52,15,OLI,True,8.55623563,46.81,T1
LC08_L1TP_010011_20140216_20200911_02_T1,2014-02-16,2014,47,15,OLI,True,8.00400462,63.0,T1
LC08_L1TP_012010_20140214_20200911_02_T1,2014-02-14,2014,45,15,OLI,True,6.08609144,7.88,T1
LC08_L1TP_010011_20150627_20200909_02_T1,2015-06-27,2015,178,15,OLI,True,43.60634575,15.68,T1
LC08_L1TP_010010_20150627_20200909_02_T1,2015-06-27,2015,178,15,OLI,True,42.3575562,16.45,T1
LC08_L1TP_012010_20150625_20200909_02_T1,2015-06-25,2015,176,15,OLI,True,42.42711731,49.83,T1
LC08_L1TP_011010_20150618_20200909_02_T1,2015-06-18,2015,169,15,OLI,True,42.45606028,1.19,T1
LC08_L1TP_013010_20150616_20201015_02_T1,2015-06-16,2015,167,15,OLI,True,42.40242342,72.55,T1
LC08_L1TP_010011_20150611_20200909_02_T1,2015-06-11,2015,162,15,OLI,True,43.40842809,0.06,T1
LC08_L1TP_010010_20150611_20200909_02_T1,2015-06-11,2015,162,15,OLI,True,42.14684284,0.01,T1
LC08_L1TP_012010_20150609_20200909_02_T1,2015-06-09,2015,160,15,OLI,True,41.99736454,68.37,T1
LC08_L1TP_011010_20150602_20201015_02_T1,2015-06-02,2015,153,15,OLI,True,41.26178108,0.11,T1
LC08_L1TP_013010_20150531_20200909_02_T1,2015-05-31,2015,151,15,OLI,True,40.99392279,27.3,T1
LC08_L1TP_010011_20150526_20201015_02_T1,2015-05-26,2015,146,15,OLI,True,41.47989527,6.33,T1
LC08_L1TP_010010_20150526_20201016_02_T1,2015-05-26,2015,146,15,OLI,True,40.20783199,0.15,T1
LC08_L1TP_012010_20150524_20200909_02_T1,2015-05-24,2015,144,15,OLI,True,39.85251869,1.99,T1
LC08_L1GT_011010_20150517_20201016_02_T2,2015-05-17,2015,137,15,OLI,True,38.41772053,99.98,T2
LC08_L1TP_013010_20150515_20200909_02_T1,2015-05-15,2015,135,15,OLI,True,37.95938517,72.69,T1
LC08_L1TP_010011_20150510_20201015_02_T1,2015-05-10,2015,130,15,OLI,True,37.98508099,35.09,T1
LC08_L1TP_010010_20150510_20201015_02_T1,2015-05-10,2015,130,15,OLI,True,36.71191969,6.68,T1
LC08_L1GT_012010_20150508_20201016_02_T2,2015-05-08,2015,128,15,OLI,True,36.18173358,92.67,T2
LC08_L1TP_011010_20150501_20201015_02_T1,2015-05-01,2015,121,15,OLI,True,34.17187251,1.2,T1
LC08_L1TP_013010_20150429_20200909_02_T1,2015-04-29,2015,119,15,OLI,True,33.56127013,100.0,T1
LC08_L1TP_010011_20150424_20201015_02_T1,2015-04-24,2015,114,15,OLI,True,33.22454574,0.03,T1
LC08_L1TP_010010_20150424_20200909_02_T1,2015-04-24,2015,114,15,OLI,True,31.9557487,0.0,T1
LC08_L1TP_012010_20150422_20200909_02_T1,2015-04-22,2015,112,15,OLI,True,31.29216991,59.86,T1
LC08_L1TP_011010_20150415_20200909_02_T2,2015-04-15,2015,105,15,OLI,True,28.85597703,60.53,T2
LC08_L1TP_013010_20150413_20200909_02_T1,2015-04-13,2015,103,15,OLI,True,28.13707354,24.21,T1
LC08_L1GT_010011_20150408_20200909_02_T2,2015-04-08,2015,98,15,OLI,True,27.54452006,48.96,T2
LC08_L1GT_010010_20150408_20200909_02_T2,2015-04-08,2015,98,15,OLI,True,26.28534087,2.14,T2
LC08_L1TP_012010_20150406_20200909_02_T1,2015-04-06,2015,96,15,OLI,True,25.53455261,31.54,T1
LC08_L1TP_011010_20150330_20200909_02_T1,2015-03-30,2015,89,15,OLI,True,22.83976617,0.01,T1
LC08_L1TP_013010_20150328_20200909_02_T1,2015-03-28,2015,87,15,OLI,True,22.06099761,3.77,T1
LC08_L1TP_010011_20150323_20200909_02_T1,2015-03-23,2015,82,15,OLI,True,21.3307625,9.63,T1
LC08_L1TP_010010_20150323_20201015_02_T1,2015-03-23,2015,82,15,OLI,True,20.08446442,72.88,T1
LC08_L1TP_012010_20150321_20200909_02_T2,2015-03-21,2015,80,15,OLI,True,19.29528122,54.05,T2
LC08_L1TP_013010_20150312_20200910_02_T1,2015-03-12,2015,71,15,OLI,True,15.72590806,2.22,T1
LC08_L1TP_010011_20150307_20200909_02_T1,2015-03-07,2015,66,15,OLI,True,14.9901895,48.72,T1
LC08_L1GT_012010_20150305_20200909_02_T2,2015-03-05,2015,64,15,OLI,True,12.98035485,100.0,T2
LC08_L1TP_011010_20150226_20200909_02_T1,2015-02-26,2015,57,15,OLI,True,10.30489265,7.97,T1
LC08_L1TP_013010_20150224_20200909_02_T1,2015-02-24,2015,55,15,OLI,True,9.56205055,3.31,T1
LC08_L1TP_010011_20150219_20200909_02_T1,2015-02-19,2015,50,15,OLI,True,8.96600918,30.36,T1
LC08_L1TP_010010_20150219_20200909_02_T1,2015-02-19,2015,50,15,OLI,True,7.73691742,70.73,T1
LC08_L1TP_012010_20150217_20200909_02_T1,2015-02-17,2015,48,15,OLI,True,7.0321235,21.5,T1
LC08_L1TP_012010_20160627_20200906_02_T1,2016-06-27,2016,179,15,OLI,True,42.32572484,71.12,T1
LC08_L1TP_082234_20160622_20200906_02_T1,2016-06-22,2016,174,0,OLI,True,11.02081982,18.41,T1
LC08_L1TP_011010_20160620_20200906_02_T1,2016-06-20,2016,172,15,OLI,True,42.48737612,0.09,T1
LC08_L1TP_084234_20160620_20200906_02_T1,2016-06-20,2016,172,0,OLI,True,10.99701662,17.33,T1
LC08_L1TP_084233_20160620_20200906_02_T1,2016-06-20,2016,172,0,OLI,True,9.65247453,2.91,T1
LC08_L1TP_013010_20160618_20200906_02_T1,2016-06-18,2016,170,15,OLI,True,42.47144507,28.75,T1
LC08_L1GT_081234_20160614_20200906_02_T2,2016-06-14,2016,166,23,OLI,True,10.81997129,70.92,T2
LC08_L1TP_010011_20160613_20200906_02_T1,2016-06-13,2016,165,15,OLI,True,43.57197948,45.0,T1
LC08_L1TP_010010_20160613_20200906_02_T1,2016-06-13,2016,165,15,OLI,True,42.31049002,87.98,T1
LC08_L1GT_083234_20160613_20200906_02_T2,2016-06-13,2016,165,0,OLI,True,10.70324112,91.23,T2
LC08_L1TP_012010_20160611_20200906_02_T1,2016-06-11,2016,163,15,OLI,True,42.19847689,45.79,T1
LC08_L1TP_082234_20160606_20200906_02_T1,2016-06-06,2016,158,0,OLI,True,10.09481878,3.95,T1
LC08_L1TP_011010_20160604_20200906_02_T1,2016-06-04,2016,156,15,OLI,True,41.59140604,59.7,T1
LC08_L1GT_084234_20160604_20200906_02_T2,2016-06-04,2016,156,0,OLI,True,9.86632824,80.37,T2
LC08_L1GT_084233_20160604_20200906_02_T2,2016-06-04,2016,156,0,OLI,True,8.51792237,59.59,T2
LC08_L1TP_013010_20160602_20200906_02_T1,2016-06-02,2016,154,15,OLI,True,41.35887893,22.96,T1
LC08_L1TP_081234_20160529_20200906_02_T2,2016-05-29,2016,150,23,OLI,True,9.1859458,42.27,T2
LC08_L1TP_010011_20160528_20200906_02_T1,2016-05-28,2016,149,15,OLI,True,41.93311,53.05,T1
LC08_L1TP_010010_20160528_20200906_02_T1,2016-05-28,2016,149,15,OLI,True,40.66023332,7.21,T1
LC08_L1GT_083234_20160528_20200906_02_T2,2016-05-28,2016,149,0,OLI,True,8.87594053,51.99,T2
LC08_L1TP_012010_20160526_20200906_02_T1,2016-05-26,2016,147,15,OLI,True,40.3390158,67.93,T1
LC08_L1TP_082234_20160521_20200906_02_T1,2016-05-21,2016,142,0,OLI,True,7.6166036,56.55,T1
LC08_L1GT_011010_20160519_20201016_02_T2,2016-05-19,2016,140,15,OLI,True,39.01738971,86.94,T2
LC08_L1GT_084234_20160519_20200906_02_T2,2016-05-19,2016,140,0,OLI,True,7.21185695,63.22,T2
LC08_L1TP_084233_20160519_20200906_02_T1,2016-05-19,2016,140,0,OLI,True,5.86615281,54.37,T1
LC08_L1TP_013010_20160517_20200907_02_T1,2016-05-17,2016,138,15,OLI,True,38.58967221,17.8,T1
LC08_L1GT_010011_20160512_20200907_02_T2,2016-05-12,2016,133,15,OLI,True,38.69308522,100.0,T2
LC08_L1GT_010010_20160512_20200907_02_T2,2016-05-12,2016,133,15,OLI,True,37.41640716,99.99,T2
LC08_L1TP_012010_20160510_20200907_02_T1,2016-05-10,2016,131,15,OLI,True,36.91365903,74.48,T1
LC08_L1TP_011010_20160503_20200907_02_T1,2016-05-03,2016,124,15,OLI,True,34.991414,15.69,T1
LC08_L1GT_013010_20160501_20200907_02_T2,2016-05-01,2016,122,15,OLI,True,34.40270982,95.18,T2
LC08_L1TP_010011_20160426_20200907_02_T1,2016-04-26,2016,117,15,OLI,True,34.12326441,0.0,T1
LC08_L1TP_010010_20160426_20200907_02_T1,2016-04-26,2016,117,15,OLI,True,32.85140459,0.0,T1
LC08_L1GT_012010_20160424_20200907_02_T2,2016-04-24,2016,115,15,OLI,True,32.20780138,96.06,T2
LC08_L1TP_011010_20160417_20200907_02_T1,2016-04-17,2016,108,15,OLI,True,29.8348546,0.76,T1
LC08_L1GT_013010_20160415_20200907_02_T2,2016-04-15,2016,106,15,OLI,True,29.132074,100.0,T2
LC08_L1GT_010011_20160410_20200907_02_T2,2016-04-10,2016,101,15,OLI,True,28.57606898,79.77,T2
LC08_L1TP_010010_20160410_20200907_02_T1,2016-04-10,2016,101,15,OLI,True,27.31405623,76.7,T1
LC08_L1TP_012010_20160408_20200907_02_T2,2016-04-08,2016,99,15,OLI,True,26.57471336,97.98,T2
LC08_L1TP_011010_20160401_20200907_02_T1,2016-04-01,2016,92,15,OLI,True,23.91135075,52.81,T1
LC08_L1TP_013010_20160330_20200907_02_T1,2016-03-30,2016,90,15,OLI,True,23.13955171,11.05,T1
LC08_L1TP_010011_20160325_20200907_02_T1,2016-03-25,2016,85,15,OLI,True,22.42515527,0.11,T1
LC08_L1TP_010010_20160325_20200907_02_T1,2016-03-25,2016,85,15,OLI,True,21.17616653,3.62,T1
LC08_L1TP_012010_20160323_20200907_02_T1,2016-03-23,2016,83,15,OLI,True,20.39015028,16.79,T1
LC08_L1TP_011010_20160316_20200907_02_T1,2016-03-16,2016,76,15,OLI,True,17.61206554,99.99,T1
LC08_L1TP_013010_20160314_20200907_02_T2,2016-03-14,2016,74,15,OLI,True,16.82131009,69.35,T2
LC08_L1TP_010011_20160309_20200907_02_T1,2016-03-09,2016,69,15,OLI,True,16.07722755,40.78,T1
LC08_L1TP_010010_20160309_20200907_02_T1,2016-03-09,2016,69,15,OLI,True,14.83984717,62.99,T1
LC08_L1TP_012010_20160307_20200907_02_T1,2016-03-07,2016,67,15,OLI,True,14.05793268,9.77,T1
LC08_L1TP_011010_20160229_20200907_02_T1,2016-02-29,2016,60,15,OLI,True,11.34917309,1.28,T1
LC08_L1TP_013010_20160227_20200907_02_T1,2016-02-27,2016,58,15,OLI,True,10.59459835,48.27,T1
LC08_L1TP_012010_20160220_20200907_02_T1,2016-02-20,2016,51,15,OLI,True,8.01404341,24.36,T1
LC08_L1TP_011010_20170623_20200903_02_T1,2017-06-23,2017,174,15,OLI,True,42.46368987,29.45,T1
LC08_L1TP_013010_20170621_20201015_02_T1,2017-06-21,2017,172,15,OLI,True,42.48561349,63.15,T1
LC08_L1TP_010011_20170616_20201016_02_T1,2017-06-16,2017,167,15,OLI,True,43.67894015,46.97,T1
LC08_L1TP_010010_20170616_20201015_02_T1,2017-06-16,2017,167,15,OLI,True,42.42032083,0.65,T1
LC08_L1TP_012010_20170614_20201015_02_T1,2017-06-14,2017,165,15,OLI,True,42.34603764,15.48,T1
LC08_L1TP_011010_20170607_20200903_02_T1,2017-06-07,2017,158,15,OLI,True,41.86973468,3.68,T1
LC08_L1TP_013010_20170605_20200903_02_T1,2017-06-05,2017,156,15,OLI,True,41.6739214,47.19,T1
LC08_L1TP_010011_20170531_20201015_02_T1,2017-05-31,2017,151,15,OLI,True,42.33555843,0.0,T1
LC08_L1TP_010010_20170531_20201016_02_T1,2017-05-31,2017,151,15,OLI,True,41.06458342,0.01,T1
LC08_L1GT_012010_20170529_20201016_02_T2,2017-05-29,2017,149,15,OLI,True,40.77758048,87.31,T2
LC08_L1TP_011010_20170522_20201015_02_T1,2017-05-22,2017,142,15,OLI,True,39.57181255,53.11,T1
LC08_L1TP_013010_20170520_20200904_02_T1,2017-05-20,2017,140,15,OLI,True,39.17498619,51.29,T1
LC08_L1TP_010011_20170515_20200904_02_T1,2017-05-15,2017,135,15,OLI,True,39.35403996,0.3,T1
LC08_L1TP_010010_20170515_20201015_02_T1,2017-05-15,2017,135,15,OLI,True,38.07743811,0.01,T1
LC08_L1TP_012010_20170513_20200904_02_T1,2017-05-13,2017,133,15,OLI,True,37.60333357,8.2,T1
LC08_L1TP_014010_20170511_20201015_02_T1,2017-05-11,2017,131,15,OLI,True,37.10863031,64.63,T1
LC08_L1TP_011010_20170506_20201015_02_T1,2017-05-06,2017,126,15,OLI,True,35.77551718,85.66,T1
LC08_L1TP_013010_20170504_20200904_02_T1,2017-05-04,2017,124,15,OLI,True,35.21287006,13.07,T1
LC08_L1TP_010011_20170429_20200904_02_T1,2017-04-29,2017,119,15,OLI,True,34.99205858,0.35,T1
LC08_L1TP_010010_20170429_20200904_02_T1,2017-04-29,2017,119,15,OLI,True,33.71799297,0.0,T1
LC08_L1TP_011010_20170420_20200904_02_T1,2017-04-20,2017,110,15,OLI,True,30.7861985,0.02,T1
LC08_L1GT_013010_20170418_20200904_02_T2,2017-04-18,2017,108,15,OLI,True,30.09943906,99.9,T2
LC08_L1TP_010011_20170413_20200904_02_T1,2017-04-13,2017,103,15,OLI,True,29.58339477,34.99,T1
LC08_L1TP_010010_20170413_20200904_02_T1,2017-04-13,2017,103,15,OLI,True,28.31950173,0.53,T1
LC08_L1TP_012010_20170411_20200904_02_T1,2017-04-11,2017,101,15,OLI,True,27.59388796,0.02,T1
LC08_L1TP_011010_20170404_20200904_02_T1,2017-04-04,2017,94,15,OLI,True,24.96901215,0.0,T1
LC08_L1TP_013010_20170402_20200904_02_T1,2017-04-02,2017,92,15,OLI,True,24.20540128,0.02,T1
LC08_L1TP_010011_20170328_20200904_02_T1,2017-03-28,2017,87,15,OLI,True,23.50861361,4.35,T1
LC08_L1TP_010010_20170328_20200904_02_T1,2017-03-28,2017,87,15,OLI,True,22.25780119,18.21,T1
LC08_L1TP_012010_20170326_20200904_02_T1,2017-03-26,2017,85,15,OLI,True,21.47569107,0.01,T1
LC08_L1GT_011010_20170319_20200904_02_T2,2017-03-19,2017,78,15,OLI,True,18.70380042,100.0,T2
LC08_L1TP_013010_20170317_20200904_02_T1,2017-03-17,2017,76,15,OLI,True,17.91299994,0.07,T1
LC08_L1TP_010011_20170312_20200904_02_T1,2017-03-12,2017,71,15,OLI,True,17.16468727,37.28,T1
LC08_L1TP_010010_20170312_20200904_02_T1,2017-03-12,2017,71,15,OLI,True,15.92571565,20.3,T1
LC08_L1TP_012010_20170310_20200904_02_T1,2017-03-10,2017,69,15,OLI,True,15.13977467,0.23,T1
LC08_L1TP_011010_20170303_20200905_02_T1,2017-03-03,2017,62,15,OLI,True,12.40551801,39.47,T1
LC08_L1TP_013010_20170301_20200905_02_T1,2017-03-01,2017,60,15,OLI,True,11.64057422,8.12,T1
LC08_L1TP_010011_20170224_20200905_02_T1,2017-02-24,2017,55,15,OLI,True,10.97958213,5.64,T1
LC08_L1TP_010010_20170224_20200905_02_T1,2017-02-24,2017,55,15,OLI,True,9.74915419,39.97,T1
LC08_L1TP_012010_20170222_20200905_02_T1,2017-02-22,2017,53,15,OLI,True,9.01320013,8.93,T1
LC08_L1TP_011010_20170215_20200905_02_T1,2017-02-15,2017,46,15,OLI,True,6.51466558,40.11,T1
LE07_L1GT_081234_20180628_20200829_02_T2,2018-06-28,2018,179,23,ETM+,True,10.9131527,0.0,T2
LC08_L1TP_082234_20180627_20200831_02_T1,2018-06-27,2018,178,23,OLI,True,11.00287076,0.1,T1
LC08_L1TP_011010_20180626_20200831_02_T1,2018-06-26,2018,177,15,OLI,True,42.38475591,36.62,T1
LC08_L1GT_084234_20180626_20200831_02_T2,2018-06-26,2018,177,0,OLI,True,11.05270603,98.35,T2
LC08_L1TP_084233_20180626_20200831_02_T2,2018-06-26,2018,177,0,OLI,True,9.71241269,75.0,T2
LC08_L1TP_013010_20180624_20200831_02_T1,2018-06-24,2018,175,15,OLI,True,42.44498224,76.41,T1
LC08_L1TP_081234_20180620_20200831_02_T2,2018-06-20,2018,171,23,OLI,True,11.05907302,40.77,T2
LC08_L1TP_010011_20180619_20200831_02_T1,2018-06-19,2018,170,15,OLI,True,43.72878083,40.26,T1
LC08_L1TP_010010_20180619_20200831_02_T1,2018-06-19,2018,170,15,OLI,True,42.47500154,45.83,T1
LC08_L1TP_083234_20180619_20200831_02_T1,2018-06-19,2018,170,0,OLI,True,11.01488209,95.47,T1
LC08_L1TP_012010_20180617_20200831_02_T1,2018-06-17,2018,168,15,OLI,True,42.43859345,58.85,T1
LC08_L1TP_014010_20180615_20200831_02_T1,2018-06-15,2018,166,15,OLI,True,42.37482092,67.62,T1
LC08_L1TP_082234_20180611_20200831_02_T1,2018-06-11,2018,162,23,OLI,True,10.65452955,0.05,T1
LC08_L1TP_011010_20180610_20200831_02_T1,2018-06-10,2018,161,15,OLI,True,42.09420649,1.6,T1
LC08_L1GT_084234_20180610_20200831_02_T2,2018-06-10,2018,161,0,OLI,True,10.49398714,33.26,T2
LC08_L1TP_084233_20180610_20200831_02_T1,2018-06-10,2018,161,0,OLI,True,9.14772421,19.19,T1
LC08_L1GT_013010_20180608_20200831_02_T2,2018-06-08,2018,159,15,OLI,True,41.93522536,99.14,T2
LC08_L1GT_081234_20180604_20200831_02_T2,2018-06-04,2018,155,23,OLI,True,9.98017146,100.0,T2
LC08_L1TP_010011_20180603_20200831_02_T1,2018-06-03,2018,154,15,OLI,True,42.68370522,63.43,T1
LC08_L1GT_010010_20180603_20200831_02_T2,2018-06-03,2018,154,15,OLI,True,41.41754069,99.68,T2
LC08_L1GT_083234_20180603_20200831_02_T2,2018-06-03,2018,154,0,OLI,True,9.73454206,65.47,T2
LC08_L1TP_012010_20180601_20200831_02_T1,2018-06-01,2018,152,15,OLI,True,41.16616789,96.26,T1
LE07_L1GT_081234_20180527_20200829_02_T2,2018-05-27,2018,147,23,ETM+,True,8.74978663,1.0,T2
LC08_L1GT_082234_20180526_20200901_02_T2,2018-05-26,2018,146,23,OLI,True,8.64455542,55.81,T2
LC08_L1TP_011010_20180525_20201015_02_T1,2018-05-25,2018,145,15,OLI,True,40.07926196,32.21,T1
LC08_L1GT_084234_20180525_20200901_02_T2,2018-05-25,2018,145,0,OLI,True,8.29395285,80.42,T2
LC08_L1GT_084233_20180525_20201015_02_T2,2018-05-25,2018,145,0,OLI,True,6.94953831,62.5,T2
LC08_L1TP_013010_20180523_20200901_02_T1,2018-05-23,2018,143,15,OLI,True,39.7153394,16.26,T1
LC08_L1TP_081234_20180519_20200901_02_T1,2018-05-19,2018,139,23,OLI,True,7.31893656,35.57,T1
LC08_L1TP_010011_20180518_20200901_02_T1,2018-05-18,2018,138,15,OLI,True,39.96866629,60.44,T1
LC08_L1TP_010010_20180518_20200901_02_T1,2018-05-18,2018,138,15,OLI,True,38.69630808,12.03,T1
LC08_L1TP_083234_20180518_20200901_02_T1,2018-05-18,2018,138,0,OLI,True,6.89636153,24.69,T1
LC08_L1TP_012010_20180516_20200901_02_T1,2018-05-16,2018,136,15,OLI,True,38.25174334,0.23,T1
LC08_L1TP_082234_20180510_20201015_02_T1,2018-05-10,2018,130,23,OLI,True,5.26437835,0.78,T1
LC08_L1TP_011010_20180509_20200901_02_T1,2018-05-09,2018,129,15,OLI,True,36.52125315,0.0,T1
LC08_L1TP_013010_20180507_20200901_02_T1,2018-05-07,2018,127,15,OLI,True,35.98412407,12.28,T1
LC08_L1TP_010011_20180502_20200901_02_T1,2018-05-02,2018,122,15,OLI,True,35.82336093,100.0,T1
LC08_L1TP_010010_20180502_20201015_02_T2,2018-05-02,2018,122,15,OLI,True,34.55082179,23.47,T2
LC08_L1TP_012010_20180430_20200901_02_T1,2018-04-30,2018,120,15,OLI,True,33.95144875,0.36,T1
LE07_L1GT_081234_20180425_20200829_02_T2,2018-04-25,2018,115,23,ETM+,True,1.03309222,2.0,T2
LC08_L1TP_011010_20180423_20201015_02_T1,2018-04-23,2018,113,15,OLI,True,31.71592572,0.0,T1
LC08_L1TP_013010_20180421_20201016_02_T1,2018-04-21,2018,111,15,OLI,True,31.0472419,35.93,T1
LC08_L1TP_010011_20180416_20201015_02_T1,2018-04-16,2018,106,15,OLI,True,30.57225204,0.1,T1
LC08_L1TP_010010_20180416_20200901_02_T1,2018-04-16,2018,106,15,OLI,True,29.30736336,0.0,T1
LC08_L1TP_012010_20180414_20200901_02_T1,2018-04-14,2018,104,15,OLI,True,28.59541632,33.27,T1
LC08_L1TP_011010_20180407_20200901_02_T1,2018-04-07,2018,97,15,OLI,True,26.01276895,43.32,T1
LC08_L1TP_013010_20180405_20200901_02_T1,2018-04-05,2018,95,15,OLI,True,25.25886483,16.39,T1
LC08_L1TP_010011_20180331_20200901_02_T1,2018-03-31,2018,90,15,OLI,True,24.58504185,8.25,T1
LC08_L1TP_010010_20180331_20200901_02_T1,2018-03-31,2018,90,15,OLI,True,23.33232792,14.5,T1
LC08_L1TP_012010_20180329_20200901_02_T1,2018-03-29,2018,88,15,OLI,True,22.55655546,36.44,T1
LC08_L1TP_011010_20180322_20200901_02_T1,2018-03-22,2018,81,15,OLI,True,19.79764793,0.03,T1
LC08_L1TP_013010_20180320_20200901_02_T2,2018-03-20,2018,79,15,OLI,True,19.00737557,74.86,T2
LC08_L1TP_010011_20180315_20200901_02_T1,2018-03-15,2018,74,15,OLI,True,18.25678209,45.99,T1
LC08_L1GT_010010_20180315_20200901_02_T2,2018-03-15,2018,74,15,OLI,True,17.01667997,100.0,T2
LC08_L1TP_012010_20180313_20200901_02_T1,2018-03-13,2018,72,15,OLI,True,16.22727947,9.59,T1
LC08_L1TP_011010_20180306_20200901_02_T1,2018-03-06,2018,65,15,OLI,True,13.47256068,3.97,T1
LC08_L1TP_013010_20180304_20200902_02_T1,2018-03-04,2018,63,15,OLI,True,12.69962077,39.14,T1
LC08_L1TP_010011_20180227_20200902_02_T1,2018-02-27,2018,58,15,OLI,True,12.0131839,0.61,T1
LC08_L1TP_010010_20180227_20200902_02_T1,2018-02-27,2018,58,15,OLI,True,10.78183231,12.16,T1
LC08_L1TP_012010_20180225_20200902_02_T1,2018-02-25,2018,56,15,OLI,True,10.03356349,36.25,T1
LC08_L1TP_011010_20180218_20200902_02_T1,2018-02-18,2018,49,15,OLI,True,7.47940835,40.88,T1
LC08_L1TP_013010_20180216_20200902_02_T1,2018-02-16,2018,47,15,OLI,True,6.77945513,100.0,T1
LC08_L1TP_011010_20190629_20201015_02_T1,2019-06-29,2019,180,15,OLI,True,42.26143502,19.39,T1
LC08_L1TP_084234_20190629_20200827_02_T1,2019-06-29,2019,180,0,OLI,True,10.92438851,59.62,T1
LC08_L1TP_084233_20190629_20200827_02_T1,2019-06-29,2019,180,0,OLI,True,9.58412454,31.96,T1
LC08_L1TP_013010_20190627_20200829_02_T1,2019-06-27,2019,178,15,OLI,True,42.35881912,56.06,T1
LC08_L1TP_081234_20190623_20200827_02_T2,2019-06-23,2019,174,23,OLI,True,11.02278663,48.92,T2
LC08_L1GT_010011_20190622_20200827_02_T2,2019-06-22,2019,173,15,OLI,True,43.73851183,97.73,T2
LC08_L1GT_010010_20190622_20200827_02_T2,2019-06-22,2019,173,15,OLI,True,42.48404033,99.99,T2
LC08_L1GT_083234_20190622_20200827_02_T2,2019-06-22,2019,173,0,OLI,True,11.01533244,99.99,T2
LC08_L1TP_012010_20190620_20200827_02_T1,2019-06-20,2019,171,15,OLI,True,42.48605861,88.0,T1
LC08_L1GT_082234_20190615_20200828_02_T2,2019-06-15,2019,166,0,OLI,True,10.7825579,49.11,T2
LC08_L1TP_011010_20190613_20200830_02_T1,2019-06-13,2019,164,15,OLI,True,42.27495693,62.43,T1
LC08_L1TP_084234_20190613_20200828_02_T1,2019-06-13,2019,164,0,OLI,True,10.65709455,2.99,T1
LC08_L1TP_084233_20190613_20200828_02_T1,2019-06-13,2019,164,0,OLI,True,9.30988029,0.68,T1
LC08_L1TP_013010_20190611_20200828_02_T1,2019-06-11,2019,162,15,OLI,True,42.15322167,0.41,T1
LC08_L1GT_081234_20190607_20200828_02_T2,2019-06-07,2019,158,23,OLI,True,10.22902248,90.45,T2
LE07_L1GT_082234_20190606_20200825_02_T2,2019-06-06,2019,157,23,ETM+,True,10.67862756,0.0,T2
LC08_L1TP_010011_20190606_20200828_02_T1,2019-06-06,2019,157,15,OLI,True,42.99504886,67.32,T1
LC08_L1TP_010010_20190606_20200828_02_T1,2019-06-06,2019,157,15,OLI,True,41.72765308,31.49,T1
LC08_L1TP_083234_20190606_20200828_02_T1,2019-06-06,2019,157,0,OLI,True,10.01603665,1.23,T1
LC08_L1TP_012010_20190604_20200829_02_T1,2019-06-04,2019,155,15,OLI,True,41.51201391,78.44,T1
LC08_L1TP_082234_20190530_20200828_02_T1,2019-05-30,2019,150,0,OLI,True,9.07847516,0.05,T1
LC08_L1TP_011010_20190528_20200828_02_T1,2019-05-28,2019,148,15,OLI,True,40.54843763,0.24,T1
LC08_L1TP_084234_20190528_20200828_02_T1,2019-05-28,2019,148,0,OLI,True,8.75995791,16.53,T1
LC08_L1TP_084233_20190528_20200828_02_T1,2019-05-28,2019,148,0,OLI,True,7.41166344,12.94,T1
LC08_L1TP_013010_20190526_20200829_02_T1,2019-05-26,2019,146,15,OLI,True,40.21785509,48.78,T1
LC08_L1TP_081234_20190522_20200828_02_T1,2019-05-22,2019,142,23,OLI,True,7.86424814,0.01,T1
LC08_L1TP_010011_20190521_20200829_02_T1,2019-05-21,2019,141,15,OLI,True,40.55534215,28.28,T1
LC08_L1TP_010010_20190521_20200828_02_T1,2019-05-21,2019,141,15,OLI,True,39.27981455,5.78,T1
LC08_L1TP_083234_20190521_20200828_02_T1,2019-05-21,2019,141,0,OLI,True,7.4723397,17.64,T1
LC08_L1TP_012010_20190519_20200828_02_T1,2019-05-19,2019,139,15,OLI,True,38.86680466,27.43,T1
LC08_L1TP_082234_20190514_20200828_02_T1,2019-05-14,2019,134,0,OLI,True,5.94045208,0.01,T1
LC08_L1TP_011010_20190512_20200829_02_T1,2019-05-12,2019,132,15,OLI,True,37.23838941,0.03,T1
LC08_L1TP_084234_20190512_20200828_02_T1,2019-05-12,2019,132,0,OLI,True,5.4628418,19.29,T1
LC08_L1TP_013010_20190510_20200829_02_T1,2019-05-10,2019,130,15,OLI,True,36.72859562,18.12,T1
LE07_L1GT_082234_20190505_20200825_02_T2,2019-05-05,2019,125,23,ETM+,True,4.39279769,0.0,T2
LC08_L1TP_010011_20190505_20200828_02_T1,2019-05-05,2019,125,15,OLI,True,36.6344973,27.34,T1
LC08_L1TP_010010_20190505_20200829_02_T1,2019-05-05,2019,125,15,OLI,True,35.35846785,23.32,T1
LC08_L1TP_012010_20190503_20200829_02_T1,2019-05-03,2019,123,15,OLI,True,34.78227512,0.59,T1
LC08_L1TP_014010_20190501_20200829_02_T1,2019-05-01,2019,121,15,OLI,True,34.18843397,1.13,T1
LC08_L1TP_011010_20190426_20200828_02_T1,2019-04-26,2019,116,15,OLI,True,32.62198022,26.12,T1
LC08_L1GT_013010_20190424_20200829_02_T2,2019-04-24,2019,114,15,OLI,True,31.9713037,100.0,T2
LC08_L1TP_010011_20190419_20200828_02_T1,2019-04-19,2019,109,15,OLI,True,31.54458856,0.27,T1
LC08_L1TP_010010_20190419_20200828_02_T1,2019-04-19,2019,109,15,OLI,True,30.27734862,2.21,T1
LC08_L1TP_012010_20190417_20200829_02_T1,2019-04-17,2019,107,15,OLI,True,29.58170822,22.24,T1
LC08_L1TP_011010_20190410_20200829_02_T1,2019-04-10,2019,100,15,OLI,True,27.04718442,0.15,T1
LC08_L1TP_013010_20190408_20200829_02_T1,2019-04-08,2019,98,15,OLI,True,26.30457721,39.56,T1
LC08_L1GT_010011_20190403_20200829_02_T2,2019-04-03,2019,93,15,OLI,True,25.6557923,99.94,T2
LC08_L1GT_010010_20190403_20200829_02_T2,2019-04-03,2019,93,15,OLI,True,24.40033203,63.14,T2
LC08_L1TP_012010_20190401_20200829_02_T1,2019-04-01,2019,91,15,OLI,True,23.63157158,24.21,T1
LC08_L1GT_011010_20190325_20200829_02_T2,2019-03-25,2019,84,15,OLI,True,20.89044366,95.67,T2
LC08_L1TP_013010_20190323_20200829_02_T1,2019-03-23,2019,82,15,OLI,True,20.10302103,44.06,T1
LC08_L1TP_010011_20190318_20200829_02_T1,2019-03-18,2019,77,15,OLI,True,19.35724857,12.86,T1
LC08_L1TP_010010_20190318_20200829_02_T1,2019-03-18,2019,77,15,OLI,True,18.11506595,35.33,T1
LC08_L1TP_012010_20190316_20200829_02_T1,2019-03-16,2019,75,15,OLI,True,17.32422825,2.96,T1
LC08_L1TP_011010_20190309_20200829_02_T1,2019-03-09,2019,68,15,OLI,True,14.55436246,0.64,T1
LC08_L1TP_013010_20190307_20200829_02_T1,2019-03-07,2019,66,15,OLI,True,13.7739939,99.98,T1
LC08_L1TP_010011_20190302_20200829_02_T1,2019-03-02,2019,61,15,OLI,True,13.06490292,62.03,T1
LC08_L1TP_010010_20190302_20200829_02_T1,2019-03-02,2019,61,15,OLI,True,11.83255734,46.75,T1
LC08_L1TP_012010_20190228_20200829_02_T1,2019-02-28,2019,59,15,OLI,True,11.07297858,0.23,T1
LC08_L1TP_011010_20190221_20200829_02_T1,2019-02-21,2019,52,15,OLI,True,8.46977189,62.77,T1
LC08_L1TP_013010_20190219_20200829_02_T1,2019-02-19,2019,50,15,OLI,True,7.75310287,63.28,T1
LC08_L1TP_010011_20190214_20200829_02_T1,2019-02-14,2019,45,15,OLI,True,7.23303975,42.48,T1
LC08_L1GT_010010_20190214_20200829_02_T2,2019-02-14,2019,45,15,OLI,True,6.00353115,53.77,T2
LC08_L1TP_081234_20200625_20200823_02_T1,2020-06-25,2020,177,23,OLI,True,10.99959451,26.61,T1
LC08_L1TP_010011_20200624_20200824_02_T1,2020-06-24,2020,176,15,OLI,True,43.68894181,47.57,T1
LC08_L1TP_010010_20200624_20200823_02_T1,2020-06-24,2020,176,15,OLI,True,42.43678146,81.52,T1
LC08_L1TP_083234_20200624_20200823_02_T1,2020-06-24,2020,176,0,OLI,True,11.0291675,40.94,T1
LC08_L1TP_012010_20200622_20200823_02_T1,2020-06-22,2020,174,15,OLI,True,42.47646788,38.83,T1
LC08_L1TP_082234_20200617_20200823_02_T1,2020-06-17,2020,169,0,OLI,True,10.92259124,41.49,T1
LC08_L1GT_011010_20200615_20200823_02_T2,2020-06-15,2020,167,15,OLI,True,42.39809624,63.4,T2
LC08_L1GT_084234_20200615_20200823_02_T2,2020-06-15,2020,167,0,OLI,True,10.83234154,83.83,T2
LC08_L1GT_084233_20200615_20200823_02_T2,2020-06-15,2020,167,0,OLI,True,9.48618738,80.18,T2
LC08_L1TP_013010_20200613_20200823_02_T1,2020-06-13,2020,165,15,OLI,True,42.31401373,6.5,T1
LC08_L1GT_081234_20200609_20200824_02_T2,2020-06-09,2020,161,23,OLI,True,10.49273148,95.27,T2
LC08_L1GT_010011_20200608_20200825_02_T2,2020-06-08,2020,160,15,OLI,True,43.24751574,90.9,T2
LC08_L1GT_010010_20200608_20200825_02_T2,2020-06-08,2020,160,15,OLI,True,41.98242457,94.02,T2
LC08_L1GT_083234_20200608_20200824_02_T2,2020-06-08,2020,160,0,OLI,True,10.31425802,63.82,T2
LC08_L1GT_012010_20200606_20200824_02_T2,2020-06-06,2020,158,15,OLI,True,41.80352354,100.0,T2
LC08_L1TP_014010_20200604_20200825_02_T1,2020-06-04,2020,156,15,OLI,True,41.59828944,1.72,T1
LC08_L1TP_082234_20200601_20200825_02_T2,2020-06-01,2020,153,0,OLI,True,9.49328837,54.35,T2
LC08_L1TP_011010_20200530_20200820_02_T1,2020-05-30,2020,151,15,OLI,True,40.96596755,3.17,T1
LC08_L1GT_084234_20200530_20200820_02_T2,2020-05-30,2020,151,0,OLI,True,9.20626356,69.37,T2
LC08_L1TP_084233_20200530_20200820_02_T1,2020-05-30,2020,151,0,OLI,True,7.85798231,45.26,T1
LC08_L1TP_013010_20200528_20200820_02_T1,2020-05-28,2020,149,15,OLI,True,40.66987874,90.04,T1
LC08_L1GT_081234_20200524_20200820_02_T2,2020-05-24,2020,145,23,OLI,True,8.38527245,4.94,T2
LC08_L1TP_010011_20200523_20200820_02_T1,2020-05-23,2020,144,15,OLI,True,41.08890399,4.21,T1
LC08_L1TP_010010_20200523_20200820_02_T1,2020-05-23,2020,144,15,OLI,True,39.81485265,5.54,T1
LC08_L1TP_083234_20200523_20200820_02_T1,2020-05-23,2020,144,0,OLI,True,8.02151132,13.21,T1
LC08_L1TP_012010_20200521_20200820_02_T1,2020-05-21,2020,142,15,OLI,True,39.43295344,0.18,T1
LC08_L1TP_014010_20200519_20200820_02_T1,2020-05-19,2020,140,15,OLI,True,39.02813932,69.94,T1
LC08_L1TP_082234_20200516_20200820_02_T2,2020-05-16,2020,137,0,OLI,True,6.58079939,0.06,T2
LC08_L1TP_011010_20200514_20200820_02_T1,2020-05-14,2020,135,15,OLI,True,37.91034429,22.25,T1
LC08_L1TP_084234_20200514_20200820_02_T2,2020-05-14,2020,135,0,OLI,True,6.1281189,55.62,T2
LC08_L1TP_013010_20200512_20200820_02_T1,2020-05-12,2020,133,15,OLI,True,37.42850553,0.46,T1
LC08_L1TP_010011_20200507_20200820_02_T1,2020-05-07,2020,128,15,OLI,True,37.3993692,6.58,T1
LC08_L1TP_010010_20200507_20200820_02_T1,2020-05-07,2020,128,15,OLI,True,36.12535907,1.63,T1
LC08_L1TP_012010_20200505_20200820_02_T1,2020-05-05,2020,126,15,OLI,True,35.57474821,1.23,T1
LC08_L1TP_011010_20200428_20200820_02_T1,2020-04-28,2020,119,15,OLI,True,33.49589489,97.84,T1
LC08_L1TP_013010_20200426_20200822_02_T1,2020-04-26,2020,117,15,OLI,True,32.86762881,56.29,T1
LC08_L1TP_010011_20200421_20200822_02_T1,2020-04-21,2020,112,15,OLI,True,32.4895011,0.77,T1
LC08_L1TP_010010_20200421_20200822_02_T1,2020-04-21,2020,112,15,OLI,True,31.22031948,3.27,T1
LC08_L1TP_012010_20200419_20200822_02_T1,2020-04-19,2020,110,15,OLI,True,30.54175683,70.88,T1
LC08_L1GT_011010_20200412_20200822_02_T2,2020-04-12,2020,103,15,OLI,True,28.05998912,100.0,T2
LC08_L1TP_013010_20200410_20200822_02_T1,2020-04-10,2020,101,15,OLI,True,27.33030169,0.03,T1
LC08_L1TP_010011_20200405_20200822_02_T1,2020-04-05,2020,96,15,OLI,True,26.71330126,0.01,T1
LC08_L1TP_010010_20200405_20200822_02_T1,2020-04-05,2020,96,15,OLI,True,25.45507101,0.0,T1
LC08_L1TP_012010_20200403_20200822_02_T1,2020-04-03,2020,94,15,OLI,True,24.69576679,1.07,T1
LC08_L1TP_011010_20200327_20200822_02_T2,2020-03-27,2020,87,15,OLI,True,21.97727965,100.0,T2
LC08_L1GT_013010_20200325_20200822_02_T2,2020-03-25,2020,85,15,OLI,True,21.1938052,100.0,T2
LC08_L1TP_010011_20200320_20200822_02_T1,2020-03-20,2020,80,15,OLI,True,20.45519439,57.08,T1
LC08_L1TP_010010_20200320_20200822_02_T1,2020-03-20,2020,80,15,OLI,True,19.20965014,12.03,T1
LC08_L1TP_012010_20200318_20200822_02_T1,2020-03-18,2020,78,15,OLI,True,18.41884487,0.71,T1
LC08_L1TP_011010_20200311_20200822_02_T1,2020-03-11,2020,71,15,OLI,True,15.64183741,20.46,T1
LC08_L1TP_013010_20200309_20200822_02_T1,2020-03-09,2020,69,15,OLI,True,14.85667936,15.12,T1
LC08_L1TP_010011_20200304_20200822_02_T1,2020-03-04,2020,64,15,OLI,True,14.1321115,1.26,T1
LC08_L1TP_010010_20200304_20200822_02_T1,2020-03-04,2020,64,15,OLI,True,12.89802216,20.11,T1
LC08_L1TP_012010_20200302_20200822_02_T1,2020-03-02,2020,62,15,OLI,True,12.12892084,1.68,T1
LC08_L1TP_011010_20200224_20200822_02_T1,2020-02-24,2020,55,15,OLI,True,9.48182563,19.58,T1
LC08_L1TP_013010_20200222_20200822_02_T1,2020-02-22,2020,53,15,OLI,True,8.74964609,34.9,T1
LC08_L1TP_010011_20200217_20200823_02_T1,2020-02-17,2020,48,15,OLI,True,8.18583309,7.92,T1
LC08_L1TP_010010_20200217_20200823_02_T1,2020-02-17,2020,48,15,OLI,True,6.95608253,22.16,T1
LC08_L1TP_012010_20200215_20200823_02_T1,2020-02-15,2020,46,15,OLI,True,6.26565363,37.05,T1
LC08_L1GT_081234_20210628_20210707_02_T2,2021-06-28,2021,179,23,OLI,True,10.9070195,83.79,T2
LC08_L1TP_010011_20210627_20210707_02_T1,2021-06-27,2021,178,15,OLI,True,43.5886425,81.69,T1
LC08_L1TP_010010_20210627_20210707_02_T1,2021-06-27,2021,178,15,OLI,True,42.33863379,27.8,T1
LC08_L1GT_083234_20210627_20210707_02_T2,2021-06-27,2021,178,0,OLI,True,10.97408696,78.64,T2
LC08_L1GT_012010_20210625_20210707_02_T2,2021-06-25,2021,176,15,OLI,True,42.41550774,99.68,T2
LC08_L1TP_082234_20210620_20210628_02_T1,2021-06-20,2021,171,0,OLI,True,10.99745197,10.11,T1
LC08_L1TP_011010_20210618_20210628_02_T1,2021-06-18,2021,169,15,OLI,True,42.47082739,0.17,T1
LC08_L1TP_084234_20210618_20210628_02_T2,2021-06-18,2021,169,0,OLI,True,10.94333492,68.53,T2
LC08_L1TP_084233_20210618_20210628_02_T2,2021-06-18,2021,169,0,OLI,True,9.5979667,69.23,T2
LC08_L1TP_013010_20210616_20210622_02_T1,2021-06-16,2021,167,15,OLI,True,42.42492818,60.74,T1
LC08_L1TP_081234_20210612_20210621_02_T1,2021-06-12,2021,163,23,OLI,True,10.69316567,37.3,T1
LC08_L1TP_010011_20210611_20210622_02_T1,2021-06-11,2021,162,15,OLI,True,43.4504879,65.22,T1
LC08_L1TP_010010_20210611_20210622_02_T1,2021-06-11,2021,162,15,OLI,True,42.18750083,17.76,T1
LC08_L1TP_083234_20210611_20210621_02_T1,2021-06-11,2021,162,0,OLI,True,10.54880229,16.07,T1
LC08_L1TP_012010_20210609_20210615_02_T1,2021-06-09,2021,160,15,OLI,True,42.04560998,1.4,T1
LC08_L1TP_082234_20210604_20210614_02_T1,2021-06-04,2021,155,0,OLI,True,9.84318762,11.88,T1
LC08_L1TP_011010_20210602_20210608_02_T1,2021-06-02,2021,153,15,OLI,True,41.33431933,0.03,T1
LC08_L1TP_084234_20210602_20210607_02_T1,2021-06-02,2021,153,0,OLI,True,9.58754474,12.14,T1
LC08_L1TP_084233_20210602_20210607_02_T1,2021-06-02,2021,153,0,OLI,True,8.23940587,1.56,T1
LC08_L1GT_013010_20210531_20210608_02_T2,2021-05-31,2021,151,15,OLI,True,41.0734153,99.99,T2
LC08_L1TP_081234_20210527_20210607_02_T1,2021-05-27,2021,147,23,OLI,True,8.84547349,56.29,T1
LC08_L1TP_010011_20210526_20210529_02_T1,2021-05-26,2021,146,15,OLI,True,41.57811766,93.57,T1
LC08_L1TP_010010_20210526_20210529_02_T1,2021-05-26,2021,146,15,OLI,True,40.30473689,73.28,T1
LC08_L1TP_083234_20210526_20210529_02_T1,2021-05-26,2021,146,0,OLI,True,8.51199539,29.05,T1
LC08_L1TP_012010_20210524_20210529_02_T1,2021-05-24,2021,144,15,OLI,True,39.95646906,74.58,T1
LC08_L1TP_082234_20210519_20210529_02_T1,2021-05-19,2021,139,0,OLI,True,7.1694782,21.41,T1
LC08_L1TP_011010_20210517_20210525_02_T1,2021-05-17,2021,137,15,OLI,True,38.54368803,12.08,T1
LC08_L1GT_084234_20210517_20210524_02_T2,2021-05-17,2021,137,0,OLI,True,6.74245058,50.2,T2
LC08_L1TP_084233_20210517_20210524_02_T2,2021-05-17,2021,137,0,OLI,True,5.39764634,24.51,T2
LC08_L1TP_013010_20210515_20210525_02_T1,2021-05-15,2021,135,15,OLI,True,38.09125964,13.14,T1
LC08_L1GT_081234_20210511_20210524_02_T2,2021-05-11,2021,131,23,OLI,True,5.58659742,36.38,T2
LC08_L1TP_010011_20210510_20210518_02_T1,2021-05-10,2021,130,15,OLI,True,38.13557752,58.73,T1
LC08_L1GT_010010_20210510_20210518_02_T2,2021-05-10,2021,130,15,OLI,True,36.85862653,64.85,T2
LC08_L1GT_083234_20210510_20210517_02_T2,2021-05-10,2021,130,0,OLI,True,5.09677665,58.71,T2
LC08_L1TP_012010_20210508_20210518_02_T1,2021-05-08,2021,128,15,OLI,True,36.33362604,8.78,T1
LC08_L1TP_011010_20210501_20210508_02_T1,2021-05-01,2021,121,15,OLI,True,34.3387279,0.0,T1
LC08_L1TP_013010_20210429_20210508_02_T1,2021-04-29,2021,119,15,OLI,True,33.73255178,3.91,T1
LC08_L1TP_010011_20210424_20210501_02_T1,2021-04-24,2021,114,15,OLI,True,33.40896947,11.39,T1
LC08_L1TP_010010_20210424_20210501_02_T1,2021-04-24,2021,114,15,OLI,True,32.13814926,55.04,T1
LC08_L1TP_012010_20210422_20210430_02_T1,2021-04-22,2021,112,15,OLI,True,31.47872475,46.6,T1
LC08_L1TP_011010_20210415_20210424_02_T1,2021-04-15,2021,105,15,OLI,True,29.05448768,12.51,T1
LC08_L1GT_013010_20210413_20210423_02_T2,2021-04-13,2021,103,15,OLI,True,28.33875513,92.49,T2
LC08_L1TP_010011_20210408_20210416_02_T1,2021-04-08,2021,98,15,OLI,True,27.75330479,100.0,T1
LC08_L1TP_010010_20210408_20210416_02_T1,2021-04-08,2021,98,15,OLI,True,26.49243519,29.14,T1
LC08_L1GT_012010_20210406_20210415_02_T2,2021-04-06,2021,96,15,OLI,True,25.74378626,100.0,T2
LC08_L1GT_011010_20210330_20210409_02_T2,2021-03-30,2021,89,15,OLI,True,23.05422404,100.0,T2
LC08_L1TP_013010_20210328_20210402_02_T1,2021-03-28,2021,87,15,OLI,True,22.27703653,1.07,T1
LC08_L1TP_010011_20210323_20210402_02_T1,2021-03-23,2021,82,15,OLI,True,21.55120102,61.65,T1
LC08_L1GT_010010_20210323_20210402_02_T2,2021-03-23,2021,82,15,OLI,True,20.30368095,100.0,T2
LC08_L1TP_012010_20210321_20210401_02_T1,2021-03-21,2021,80,15,OLI,True,19.51444039,39.47,T1
LC08_L1TP_011010_20210314_20210328_02_T1,2021-03-14,2021,73,15,OLI,True,16.73343613,3.84,T1
LC08_L1TP_013010_20210312_20210317_02_T1,2021-03-12,2021,71,15,OLI,True,15.9442858,14.72,T1
LC08_L1TP_010011_20210307_20210317_02_T1,2021-03-07,2021,66,15,OLI,True,15.20682728,26.62,T1
LC08_L1GT_010010_20210307_20210317_02_T2,2021-03-07,2021,66,15,OLI,True,13.97051584,99.99,T2
LC08_L1TP_012010_20210305_20210311_02_T1,2021-03-05,2021,64,15,OLI,True,13.19363949,11.54,T1
LC08_L1TP_011010_20210226_20210303_02_T1,2021-02-26,2021,57,15,OLI,True,10.51148104,29.64,T1
LC08_L1TP_013010_20210224_20210303_02_T1,2021-02-24,2021,55,15,OLI,True,9.76617904,29.77,T1
LC08_L1TP_010011_20210219_20210219_02_T1,2021-02-19,2021,50,15,OLI,True,9.16377687,20.02,T1
LC08_L1GT_010010_20210219_20220825_02_T2,2021-02-19,2021,50,15,OLI,True,7.9339602,5.14,T2
LC08_L1TP_012010_20210217_20210301_02_T1,2021-02-17,2021,48,15,OLI,True,7.22538061,5.77,T1
LC09_L1TP_011010_20220629_20230409_02_T1,2022-06-29,2022,180,15,OLI,True,42.24611547,95.15,T1
LC09_L1TP_084234_20220629_20230409_02_T1,2022-06-29,2022,180,0,OLI,True,10.92047877,0.14,T1
LC09_L1TP_084233_20220629_20230409_02_T1,2022-06-29,2022,180,0,OLI,True,9.58130705,0.49,T1
LC08_L1TP_012010_20220628_20220706_02_T1,2022-06-28,2022,179,15,OLI,True,42.30344607,0.59,T1
LC09_L1TP_013010_20220627_20230409_02_T1,2022-06-27,2022,178,15,OLI,True,42.34761761,10.12,T1
LC09_L1GT_081234_20220623_20230410_02_T2,2022-06-23,2022,174,23,OLI,True,11.02943367,79.86,T2
LC08_L1GT_082234_20220623_20220705_02_T2,2022-06-23,2022,174,0,OLI,True,11.00902301,99.95,T2
LC09_L1GT_010011_20220622_20230411_02_T2,2022-06-22,2022,173,15,OLI,True,43.73596169,96.97,T2
LC09_L1GT_010010_20220622_20230411_02_T2,2022-06-22,2022,173,15,OLI,True,42.48231969,62.08,T2
LC09_L1GT_083234_20220622_20230410_02_T2,2022-06-22,2022,173,0,OLI,True,11.02515099,99.97,T2
LC08_L1GT_011010_20220621_20220705_02_T2,2022-06-21,2022,172,15,OLI,True,42.49114225,90.21,T2
LC08_L1TP_084234_20220621_20220701_02_T1,2022-06-21,2022,172,0,OLI,True,10.99134353,2.25,T1
LC08_L1TP_084233_20220621_20220701_02_T2,2022-06-21,2022,172,0,OLI,True,9.64668111,47.73,T2
LC09_L1TP_012010_20220620_20230411_02_T1,2022-06-20,2022,171,15,OLI,True,42.48802107,7.02,T1
LC08_L1TP_013010_20220619_20220630_02_T1,2022-06-19,2022,170,15,OLI,True,42.48318718,13.26,T1
LC08_L1TP_081234_20220615_20220627_02_T1,2022-06-15,2022,166,23,OLI,True,10.83282025,0.01,T1
LC09_L1TP_082234_20220615_20230412_02_T2,2022-06-15,2022,166,0,OLI,True,10.80437253,9.42,T2
LC08_L1TP_010011_20220614_20220617_02_T1,2022-06-14,2022,165,15,OLI,True,43.60337718,54.59,T1
LC08_L1TP_010010_20220614_20220617_02_T1,2022-06-14,2022,165,15,OLI,True,42.3412531,70.0,T1
LC08_L1TP_083234_20220614_20220616_02_T1,2022-06-14,2022,165,0,OLI,True,10.7242325,49.39,T1
LC09_L1TP_011010_20220613_20230412_02_T1,2022-06-13,2022,164,15,OLI,True,42.29017077,81.54,T1
LC09_L1GT_084234_20220613_20230412_02_T2,2022-06-13,2022,164,0,OLI,True,10.68314631,89.02,T2
LC09_L1GT_084233_20220613_20230412_02_T2,2022-06-13,2022,164,0,OLI,True,9.33714789,89.8,T2
LC08_L1TP_012010_20220612_20220617_02_T1,2022-06-12,2022,163,15,OLI,True,42.23678841,91.01,T1
LC09_L1TP_013010_20220611_20230413_02_T1,2022-06-11,2022,162,15,OLI,True,42.17221055,65.74,T1
LC09_L1TP_081234_20220607_20230414_02_T2,2022-06-07,2022,158,23,OLI,True,10.26524401,0.0,T2
LC08_L1TP_082234_20220607_20220609_02_T1,2022-06-07,2022,158,0,OLI,True,10.1392463,0.02,T1
LC09_L1TP_010011_20220606_20230414_02_T1,2022-06-06,2022,157,15,OLI,True,43.02282099,1.31,T1
LC09_L1TP_010010_20220606_20230414_02_T1,2022-06-06,2022,157,15,OLI,True,41.75679429,0.03,T1
LC09_L1TP_083234_20220606_20230414_02_T1,2022-06-06,2022,157,0,OLI,True,10.05532306,0.74,T1
LC08_L1TP_011010_20220605_20220610_02_T1,2022-06-05,2022,156,15,OLI,True,41.65609753,0.02,T1
LC08_L1TP_084234_20220605_20220609_02_T1,2022-06-05,2022,156,0,OLI,True,9.91719756,0.25,T1
LC08_L1TP_084233_20220605_20220609_02_T1,2022-06-05,2022,156,0,OLI,True,8.56852016,0.3,T1
LC09_L1TP_012010_20220604_20230414_02_T1,2022-06-04,2022,155,15,OLI,True,41.54484074,1.12,T1
LC08_L1TP_013010_20220603_20220610_02_T1,2022-06-03,2022,154,15,OLI,True,41.43109748,65.31,T1
LC08_L1GT_081234_20220530_20220609_02_T2,2022-05-30,2022,150,23,OLI,True,9.2538447,67.37,T2
LC09_L1TP_082234_20220530_20230415_02_T2,2022-05-30,2022,150,0,OLI,True,9.12965983,18.17,T2
LC08_L1TP_010011_20220529_20220603_02_T1,2022-05-29,2022,149,15,OLI,True,42.02301328,52.0,T1
LC08_L1TP_010010_20220529_20220603_02_T1,2022-05-29,2022,149,15,OLI,True,40.7497649,65.0,T1
LC08_L1GT_083234_20220529_20220602_02_T2,2022-05-29,2022,149,0,OLI,True,8.9498829,81.76,T2
LC09_L1TP_011010_20220528_20230415_02_T1,2022-05-28,2022,148,15,OLI,True,40.59344204,75.52,T1
LC09_L1GT_084234_20220528_20230415_02_T2,2022-05-28,2022,148,0,OLI,True,8.81463037,61.74,T2
LC09_L1GT_084233_20220528_20230415_02_T2,2022-05-28,2022,148,0,OLI,True,7.46734332,36.35,T2
LC08_L1TP_012010_20220527_20220603_02_T1,2022-05-27,2022,147,15,OLI,True,40.43476308,73.35,T1
LC09_L1TP_013010_20220526_20230415_02_T1,2022-05-26,2022,146,15,OLI,True,40.26468318,14.9,T1
LC09_L1TP_081234_20220522_20230415_02_T1,2022-05-22,2022,142,23,OLI,True,7.88919036,55.85,T1
LC08_L1GT_082234_20220522_20220524_02_T2,2022-05-22,2022,142,0,OLI,True,7.70644179,91.27,T2
LC09_L1TP_010011_20220521_20230415_02_T1,2022-05-21,2022,141,15,OLI,True,40.60784834,73.57,T1
LC09_L1TP_010010_20220521_20230415_02_T1,2022-05-21,2022,141,15,OLI,True,39.33477919,23.13,T1
LC09_L1TP_083234_20220521_20230415_02_T1,2022-05-21,2022,141,0,OLI,True,7.49696264,24.03,T1
LC08_L1TP_011010_20220520_20220525_02_T1,2022-05-20,2022,140,15,OLI,True,39.13547161,0.18,T1
LC08_L1TP_084234_20220520_20220524_02_T2,2022-05-20,2022,140,0,OLI,True,7.30689983,0.03,T2
LC08_L1TP_084233_20220520_20220524_02_T2,2022-05-20,2022,140,0,OLI,True,5.96016031,0.75,T2
LC09_L1TP_012010_20220519_20230416_02_T1,2022-05-19,2022,139,15,OLI,True,38.92421132,10.76,T1
LC08_L1TP_013010_20220518_20220525_02_T1,2022-05-18,2022,138,15,OLI,True,38.71358092,30.75,T1
LC08_L1TP_081234_20220514_20220519_02_T1,2022-05-14,2022,134,23,OLI,True,6.21696244,14.21,T1
LC09_L1TP_082234_20220514_20230416_02_T2,2022-05-14,2022,134,0,OLI,True,5.96700899,33.93,T2
LC08_L1TP_010011_20220513_20220519_02_T1,2022-05-13,2022,133,15,OLI,True,38.83351091,80.7,T1
LC08_L1TP_010010_20220513_20220519_02_T1,2022-05-13,2022,133,15,OLI,True,37.55577595,7.43,T1
LC09_L1TP_011010_20220512_20230416_02_T1,2022-05-12,2022,132,15,OLI,True,37.30723715,2.6,T1
LC08_L1TP_012010_20220511_20220519_02_T1,2022-05-11,2022,131,15,OLI,True,37.0586584,0.04,T1
LC09_L1TP_013010_20220510_20230417_02_T1,2022-05-10,2022,130,15,OLI,True,36.80025201,19.01,T1
LC09_L1TP_010011_20220505_20230417_02_T1,2022-05-05,2022,125,15,OLI,True,36.71195509,1.14,T1
LC09_L1TP_010010_20220505_20230417_02_T1,2022-05-05,2022,125,15,OLI,True,35.43731225,0.0,T1
LC08_L1GT_011010_20220504_20220511_02_T2,2022-05-04,2022,124,15,OLI,True,35.15465384,41.72,T2
LC09_L1TP_012010_20220503_20230418_02_T1,2022-05-03,2022,123,15,OLI,True,34.86338086,0.84,T1
LC08_L1TP_013010_20220502_20220511_02_T1,2022-05-02,2022,122,15,OLI,True,34.57160608,2.25,T1
LC08_L1GT_010011_20220427_20220503_02_T2,2022-04-27,2022,117,15,OLI,True,34.30442171,100.0,T2
LC08_L1GT_010010_20220427_20220503_02_T2,2022-04-27,2022,117,15,OLI,True,33.03001735,100.0,T2
LC09_L1GT_011010_20220426_20230418_02_T2,2022-04-26,2022,116,15,OLI,True,32.71012893,99.97,T2
LC08_L1TP_012010_20220425_20220503_02_T1,2022-04-25,2022,115,15,OLI,True,32.39016804,55.57,T1
LC09_L1TP_013010_20220424_20230419_02_T1,2022-04-24,2022,114,15,OLI,True,32.06287783,46.93,T1
LC09_L1TP_010011_20220419_20230421_02_T1,2022-04-19,2022,109,15,OLI,True,31.64080022,48.64,T1
LC09_L1TP_010010_20220419_20230421_02_T1,2022-04-19,2022,109,15,OLI,True,30.37234468,59.35,T1
LC08_L1TP_011010_20220418_20220427_02_T2,2022-04-18,2022,108,15,OLI,True,30.02896369,88.65,T2
LC09_L1TP_012010_20220417_20230421_02_T1,2022-04-17,2022,107,15,OLI,True,29.67888842,7.53,T1
LC08_L1TP_013010_20220416_20220420_02_T1,2022-04-16,2022,106,15,OLI,True,29.32891279,0.56,T1
LC08_L1TP_010011_20220411_20220419_02_T1,2022-04-11,2022,101,15,OLI,True,28.77917948,44.25,T1
LC08_L1TP_010010_20220411_20220419_02_T1,2022-04-11,2022,101,15,OLI,True,27.51626743,21.35,T1
LC09_L1TP_011010_20220410_20230422_02_T1,2022-04-10,2022,100,15,OLI,True,27.14989405,42.69,T1
LC08_L1TP_012010_20220409_20220419_02_T1,2022-04-09,2022,99,15,OLI,True,26.77972097,32.82,T1
LC09_L1TP_013010_20220408_20230422_02_T1,2022-04-08,2022,98,15,OLI,True,26.40826699,26.54,T1
LC09_L1TP_010011_20220403_20230423_02_T1,2022-04-03,2022,93,15,OLI,True,25.76261305,29.04,T1
LC09_L1TP_010010_20220403_20230423_02_T1,2022-04-03,2022,93,15,OLI,True,24.50598909,22.78,T1
LC08_L1TP_011010_20220402_20220411_02_T1,2022-04-02,2022,92,15,OLI,True,24.12246571,0.0,T1
LC09_L1TP_012010_20220401_20230423_02_T1,2022-04-01,2022,91,15,OLI,True,23.738175,24.36,T1
LC08_L1TP_013010_20220331_20220406_02_T1,2022-03-31,2022,90,15,OLI,True,23.35162402,36.22,T1
LC08_L1TP_010011_20220326_20220330_02_T1,2022-03-26,2022,85,15,OLI,True,22.63960055,53.5,T1
LC08_L1TP_010010_20220326_20220330_02_T1,2022-03-26,2022,85,15,OLI,True,21.38988355,99.99,T1
LC09_L1TP_011010_20220325_20230424_02_T1,2022-03-25,2022,84,15,OLI,True,20.99761208,100.0,T1
LC08_L1TP_012010_20220324_20220330_02_T2,2022-03-24,2022,83,15,OLI,True,20.6042143,100.0,T2
LC09_L1TP_013010_20220323_20230424_02_T1,2022-03-23,2022,82,15,OLI,True,20.2107016,10.21,T1
LO09_L1TP_010011_20220318_20230424_02_T1,2022-03-18,2022,77,15,?,False,19.4661251,100.0,T1
LO09_L1TP_010010_20220318_20230424_02_T1,2022-03-18,2022,77,15,?,False,18.22233089,100.0,T1
LC08_L1TP_011010_20220317_20220322_02_T1,2022-03-17,2022,76,15,OLI,True,17.82658149,0.28,T1
LO09_L1TP_012010_20220316_20230424_02_T1,2022-03-16,2022,75,15,?,False,17.43163837,96.87,T1
LC08_L1TP_013010_20220315_20220322_02_T1,2022-03-15,2022,74,15,OLI,True,17.03626607,45.83,T1
LC08_L1TP_010011_20220310_20220321_02_T1,2022-03-10,2022,69,15,OLI,True,16.29068354,7.25,T1
LC08_L1TP_010010_20220310_20220321_02_T1,2022-03-10,2022,69,15,OLI,True,15.05318462,33.78,T1
LC09_L1TP_011010_20220309_20230425_02_T1,2022-03-09,2022,68,15,OLI,True,14.66132173,74.39,T1
LC08_L1TP_012010_20220308_20220315_02_T1,2022-03-08,2022,67,15,OLI,True,14.2701988,6.15,T1
LC09_L1TP_013010_20220307_20230425_02_T1,2022-03-07,2022,66,15,OLI,True,13.88027223,57.25,T1
LC09_L1TP_010011_20220302_20230426_02_T1,2022-03-02,2022,61,15,OLI,True,13.16992349,100.0,T1
LC09_L1TP_010010_20220302_20230426_02_T1,2022-03-02,2022,61,15,OLI,True,11.93655024,100.0,T1
LC08_L1TP_011010_20220301_20220308_02_T1,2022-03-01,2022,60,15,OLI,True,11.55508295,0.7,T1
LC09_L1TP_012010_20220228_20230426_02_T1,2022-02-28,2022,59,15,OLI,True,11.17566548,16.63,T1
LC08_L1TP_013010_20220227_20220308_02_T1,2022-02-27,2022,58,15,OLI,True,10.7976928,26.57,T1
LC08_L1TP_010011_20220222_20220301_02_T2,2022-02-22,2022,53,15,OLI,True,10.16082581,100.0,T2
LC08_L1TP_010010_20220222_20220301_02_T1,2022-02-22,2022,53,15,OLI,True,8.93046068,100.0,T1
LC09_L1TP_011010_20220221_20230427_02_T1,2022-02-21,2022,52,15,OLI,True,8.56711961,11.09,T1
LC08_L1TP_012010_20220220_20220301_02_T1,2022-02-20,2022,51,15,OLI,True,8.20615367,100.0,T1
LC09_L1TP_013010_20220219_20230427_02_T1,2022-02-19,2022,50,15,OLI,True,7.84855067,99.95,T1
LC09_L1TP_010011_20220214_20230427_02_T1,2022-02-14,2022,45,15,OLI,True,7.32558419,78.41,T1
LC09_L1TP_081234_20230626_20230627_02_T1,2023-06-26,2023,177,23,OLI,True,11.01427537,12.56,T1
LC08_L1TP_082234_20230626_20230630_02_T2,2023-06-26,2023,177,0,OLI,True,11.02870119,1.79,T2
LC09_L1TP_010011_20230625_20230625_02_T1,2023-06-25,2023,176,15,OLI,True,43.67777862,15.22,T1
LC09_L1TP_010010_20230625_20230625_02_T1,2023-06-25,2023,176,15,OLI,True,42.42824519,6.32,T1
LC09_L1TP_083234_20230625_20230625_02_T1,2023-06-25,2023,176,0,OLI,True,11.0474729,25.3,T1
LC08_L1TP_011010_20230624_20230630_02_T1,2023-06-24,2023,175,15,OLI,True,42.45503502,57.98,T1
LC08_L1TP_084234_20230624_20230630_02_T2,2023-06-24,2023,175,0,OLI,True,11.04843394,62.39,T2
LC08_L1TP_084233_20230624_20230630_02_T2,2023-06-24,2023,175,0,OLI,True,9.70636832,49.52,T2
LC09_L1TP_012010_20230623_20230623_02_T1,2023-06-23,2023,174,15,OLI,True,42.47178636,63.92,T1
LC08_L1TP_013010_20230622_20230630_02_T1,2023-06-22,2023,173,15,OLI,True,42.48470173,86.42,T1
LC08_L1TP_081234_20230618_20230623_02_T1,2023-06-18,2023,169,23,OLI,True,10.98201002,40.25,T1
LC09_L1GT_082234_20230618_20230618_02_T2,2023-06-18,2023,169,0,OLI,True,10.95479056,69.27,T2
LC08_L1TP_010011_20230617_20230623_02_T1,2023-06-17,2023,168,15,OLI,True,43.69600867,85.74,T1
LC08_L1GT_010010_20230617_20230623_02_T2,2023-06-17,2023,168,15,OLI,True,42.43881718,55.8,T2
LC08_L1GT_083234_20230617_20230623_02_T2,2023-06-17,2023,168,0,OLI,True,10.90879811,83.64,T2
LC09_L1GT_011010_20230616_20230616_02_T2,2023-06-16,2023,167,15,OLI,True,42.40739044,99.99,T2
LC09_L1GT_084234_20230616_20230616_02_T2,2023-06-16,2023,167,0,OLI,True,10.8688845,88.64,T2
LC09_L1GT_084233_20230616_20230616_02_T2,2023-06-16,2023,167,0,OLI,True,9.52391137,55.31,T2
LC08_L1TP_012010_20230615_20230622_02_T1,2023-06-15,2023,166,15,OLI,True,42.37192181,21.7,T1
LC09_L1TP_013010_20230614_20230615_02_T1,2023-06-14,2023,165,15,OLI,True,42.32434408,42.47,T1
LC09_L1GT_081234_20230610_20230611_02_T2,2023-06-10,2023,161,23,OLI,True,10.49773627,63.85,T2
LC08_L1GT_082234_20230610_20230614_02_T2,2023-06-10,2023,161,0,OLI,True,10.44607197,100.0,T2
LC09_L1TP_010011_20230609_20230610_02_T1,2023-06-09,2023,160,15,OLI,True,43.26422518,39.29,T1
LC09_L1TP_010010_20230609_20230610_02_T1,2023-06-09,2023,160,15,OLI,True,42.00296674,0.43,T1
LC09_L1TP_083234_20230609_20230610_02_T2,2023-06-09,2023,160,0,OLI,True,10.3192068,13.66,T2
LC08_L1TP_011010_20230608_20230614_02_T1,2023-06-08,2023,159,15,OLI,True,41.92169663,30.35,T1
LC08_L1GT_084234_20230608_20230614_02_T2,2023-06-08,2023,159,0,OLI,True,10.25776947,40.56,T2
LC08_L1TP_084233_20230608_20230614_02_T2,2023-06-08,2023,159,0,OLI,True,8.91044506,45.36,T2
LC09_L1TP_012010_20230607_20230607_02_T1,2023-06-07,2023,158,15,OLI,True,41.82785526,92.11,T1
LC08_L1TP_013010_20230606_20230613_02_T1,2023-06-06,2023,157,15,OLI,True,41.7333146,80.16,T1
LC08_L1GT_081234_20230602_20230607_02_T2,2023-06-02,2023,153,23,OLI,True,9.67922803,98.6,T2
LC09_L1GT_082234_20230602_20230602_02_T2,2023-06-02,2023,153,0,OLI,True,9.50229729,79.35,T2
LC08_L1TP_010011_20230601_20230607_02_T1,2023-06-01,2023,152,15,OLI,True,42.41214902,87.11,T1
LC08_L1GT_010010_20230601_20230607_02_T2,2023-06-01,2023,152,15,OLI,True,41.14282309,78.38,T2
LC08_L1GT_083234_20230601_20230607_02_T2,2023-06-01,2023,152,0,OLI,True,9.40706756,99.94,T2
LC09_L1GT_011010_20230531_20230531_02_T2,2023-05-31,2023,151,15,OLI,True,41.00385074,98.66,T2
LC09_L1GT_084234_20230531_20230531_02_T2,2023-05-31,2023,151,0,OLI,True,9.21627769,100.0,T2
LC09_L1GT_084233_20230531_20230531_02_T2,2023-05-31,2023,151,0,OLI,True,7.87025401,100.0,T2
LC08_L1GT_012010_20230530_20230607_02_T2,2023-05-30,2023,150,15,OLI,True,40.86285842,97.62,T2
LC09_L1TP_013010_20230529_20230601_02_T1,2023-05-29,2023,149,15,OLI,True,40.71138584,25.22,T1
LC09_L1TP_081234_20230525_20230526_02_T2,2023-05-25,2023,145,23,OLI,True,8.39705506,23.91,T2
LC08_L1TP_082234_20230525_20230602_02_T2,2023-05-25,2023,145,0,OLI,True,8.27052556,41.29,T2
LC09_L1TP_010011_20230524_20230524_02_T1,2023-05-24,2023,144,15,OLI,True,41.13774554,29.26,T1
LC09_L1TP_010010_20230524_20230524_02_T1,2023-05-24,2023,144,15,OLI,True,39.86568483,8.55,T1
LC09_L1GT_083234_20230524_20230524_02_T2,2023-05-24,2023,144,0,OLI,True,8.03342804,80.92,T2
LC08_L1GT_011010_20230523_20230602_02_T2,2023-05-23,2023,143,15,OLI,True,39.68085939,99.26,T2
LC08_L1TP_084234_20230523_20230602_02_T1,2023-05-23,2023,143,0,OLI,True,7.89903253,25.85,T1
LC08_L1TP_084233_20230523_20230602_02_T2,2023-05-23,2023,143,0,OLI,True,6.55315885,8.74,T2
LC09_L1TP_012010_20230522_20230522_02_T1,2023-05-22,2023,142,15,OLI,True,39.48770685,3.82,T1
LC08_L1GT_013010_20230521_20230602_02_T2,2023-05-21,2023,141,15,OLI,True,39.29061662,95.02,T2
LC08_L1TP_081234_20230517_20230524_02_T1,2023-05-17,2023,137,23,OLI,True,6.87495945,57.17,T1
LC09_L1TP_082234_20230517_20230517_02_T1,2023-05-17,2023,137,0,OLI,True,6.59401332,10.23,T1
LC08_L1TP_010011_20230516_20230523_02_T1,2023-05-16,2023,136,15,OLI,True,39.4798558,12.69,T1
LC08_L1TP_010010_20230516_20230523_02_T1,2023-05-16,2023,136,15,OLI,True,38.2059875,36.32,T1
LC08_L1TP_083234_20230516_20230523_02_T1,2023-05-16,2023,136,0,OLI,True,6.3959484,43.45,T1
LC09_L1TP_011010_20230515_20230515_02_T1,2023-05-15,2023,135,15,OLI,True,37.97516807,0.69,T1
LC09_L1GT_084234_20230515_20230515_02_T2,2023-05-15,2023,135,0,OLI,True,6.14123608,66.92,T2
LC09_L1TP_084233_20230515_20230515_02_T1,2023-05-15,2023,135,0,OLI,True,4.79914681,33.05,T1
LC08_L1TP_012010_20230514_20230523_02_T1,2023-05-14,2023,134,15,OLI,True,37.73777931,70.54,T1
LC09_L1TP_013010_20230513_20230513_02_T2,2023-05-13,2023,133,15,OLI,True,37.49627936,66.38,T2
LC09_L1GT_081234_20230509_20230510_02_T2,2023-05-09,2023,129,23,OLI,True,4.92311056,15.63,T2
LC09_L1GT_010011_20230508_20230508_02_T2,2023-05-08,2023,128,15,OLI,True,37.47600571,68.57,T2
LC09_L1GT_010010_20230508_20230508_02_T2,2023-05-08,2023,128,15,OLI,True,36.20119648,93.35,T2
LC08_L1TP_011010_20230507_20230517_02_T1,2023-05-07,2023,127,15,OLI,True,35.92822919,63.11,T1
LC09_L1TP_012010_20230506_20230506_02_T1,2023-05-06,2023,126,15,OLI,True,35.65280283,76.88,T1
LC08_L1TP_013010_20230505_20230509_02_T1,2023-05-05,2023,125,15,OLI,True,35.37093296,54.01,T1
LC08_L1TP_010011_20230430_20230509_02_T1,2023-04-30,2023,120,15,OLI,True,35.16132614,0.01,T1
LC08_L1TP_010010_20230430_20230509_02_T1,2023-04-30,2023,120,15,OLI,True,33.88869439,0.0,T1
LC09_L1TP_011010_20230429_20230429_02_T1,2023-04-29,2023,119,15,OLI,True,33.58259916,0.01,T1
LC08_L1TP_012010_20230428_20230508_02_T1,2023-04-28,2023,118,15,OLI,True,33.27066494,0.16,T1
LC09_L1TP_013010_20230427_20230427_02_T1,2023-04-27,2023,117,15,OLI,True,32.95634619,11.38,T1
LC09_L1TP_010011_20230422_20230422_02_T1,2023-04-22,2023,112,15,OLI,True,32.58364601,40.92,T1
LC09_L1TP_010010_20230422_20230422_02_T1,2023-04-22,2023,112,15,OLI,True,31.31372922,24.98,T1
LO08_L1TP_011010_20230421_20230425_02_T1,2023-04-21,2023,111,15,?,False,30.97608828,57.03,T1
LC09_L1TP_012010_20230420_20230420_02_T1,2023-04-20,2023,110,15,OLI,True,30.63662154,0.23,T1
LC08_L1GT_013010_20230419_20230429_02_T2,2023-04-19,2023,109,15,OLI,True,30.2925683,99.96,T2
LC08_L1TP_010011_20230414_20230428_02_T1,2023-04-14,2023,104,15,OLI,True,29.78332217,0.98,T1
LC08_L1TP_010010_20230414_20230428_02_T1,2023-04-14,2023,104,15,OLI,True,28.51883922,0.07,T1
LC09_L1TP_011010_20230413_20230413_02_T1,2023-04-13,2023,103,15,OLI,True,28.15923954,1.22,T1
LC08_L1TP_012010_20230412_20230421_02_T1,2023-04-12,2023,102,15,OLI,True,27.79529841,2.86,T1
LC09_L1TP_013010_20230411_20230411_02_T1,2023-04-11,2023,101,15,OLI,True,27.43082739,1.42,T1
LC09_L1TP_010011_20230406_20230406_02_T1,2023-04-06,2023,96,15,OLI,True,26.81674562,0.51,T1
LC09_L1TP_010010_20230406_20230406_02_T1,2023-04-06,2023,96,15,OLI,True,25.55769915,11.29,T1
LC08_L1TP_011010_20230405_20230412_02_T1,2023-04-05,2023,95,15,OLI,True,25.17850602,10.35,T1
LC09_L1TP_012010_20230404_20230404_02_T1,2023-04-04,2023,94,15,OLI,True,24.799412,10.17,T1
LC08_L1TP_013010_20230403_20230412_02_T1,2023-04-03,2023,93,15,OLI,True,24.41688255,0.18,T1
LC08_L1TP_010011_20230329_20230405_02_T1,2023-03-29,2023,88,15,OLI,True,23.7249577,0.1,T1
LC08_L1TP_010010_20230329_20230405_02_T1,2023-03-29,2023,88,15,OLI,True,22.47292609,1.23,T1
LC09_L1TP_011010_20230328_20230328_02_T1,2023-03-28,2023,87,15,OLI,True,22.08408726,0.0,T1
LC08_L1TP_012010_20230327_20230405_02_T1,2023-03-27,2023,86,15,OLI,True,21.69211666,0.02,T1
LC09_L1TP_013010_20230326_20230326_02_T1,2023-03-26,2023,85,15,OLI,True,21.30103447,0.02,T1
LC09_L1TP_010011_20230321_20230321_02_T1,2023-03-21,2023,80,15,OLI,True,20.56306621,13.65,T1
LC09_L1TP_010010_20230321_20230321_02_T1,2023-03-21,2023,80,15,OLI,True,19.31717727,1.98,T1
LC08_L1TP_011010_20230320_20230324_02_T1,2023-03-20,2023,79,15,OLI,True,18.92070578,19.08,T1
LC09_L1TP_012010_20230319_20230319_02_T1,2023-03-19,2023,78,15,OLI,True,18.5261446,26.52,T1
LC08_L1TP_013010_20230318_20230324_02_T1,2023-03-18,2023,77,15,OLI,True,18.1296503,5.87,T1
LC08_L1TP_010011_20230313_20230321_02_T1,2023-03-13,2023,72,15,OLI,True,17.37980818,0.01,T1
LC08_L1TP_010010_20230313_20230321_02_T1,2023-03-13,2023,72,15,OLI,True,16.14012977,9.05,T1
LC09_L1TP_011010_20230312_20230312_02_T1,2023-03-12,2023,71,15,OLI,True,15.74730643,0.02,T1
LC08_L1TP_012010_20230311_20230320_02_T1,2023-03-11,2023,70,15,OLI,True,15.3530751,0.02,T1
LC09_L1TP_013010_20230310_20230310_02_T1,2023-03-10,2023,69,15,OLI,True,14.96163228,0.13,T1
LC09_L1TP_010011_20230305_20230307_02_T1,2023-03-05,2023,64,15,OLI,True,14.23658514,0.79,T1
LC09_L1TP_010010_20230305_20230307_02_T1,2023-03-05,2023,64,15,OLI,True,13.00140629,36.98,T1
LC08_L1TP_011010_20230304_20230316_02_T1,2023-03-04,2023,63,15,OLI,True,12.6151888,100.0,T1
LC09_L1TP_012010_20230303_20230307_02_T1,2023-03-03,2023,62,15,OLI,True,12.23166232,3.21,T1
LC08_L1TP_013010_20230302_20230316_02_T1,2023-03-02,2023,61,15,OLI,True,11.84844866,5.01,T1
LC08_L1TP_010011_20230225_20230301_02_T1,2023-02-25,2023,56,15,OLI,True,11.18219584,17.75,T1
LC08_L1TP_010010_20230225_20230301_02_T1,2023-02-25,2023,56,15,OLI,True,9.95044404,57.28,T1
LC09_L1GT_011010_20230224_20230308_02_T2,2023-02-24,2023,55,15,OLI,True,9.58063031,100.0,T2
LC08_L1TP_012010_20230223_20230301_02_T1,2023-02-23,2023,54,15,OLI,True,9.21208886,15.41,T1
LC09_L1GT_013010_20230222_20230308_02_T2,2023-02-22,2023,53,15,OLI,True,8.8469352,68.47,T2
LC09_L1TP_010011_20230217_20230310_02_T1,2023-02-17,2023,48,15,OLI,True,8.27988404,20.42,T1
LC09_L1TP_010010_20230217_20230310_02_T1,2023-02-17,2023,48,15,OLI,True,7.04936702,74.22,T1
LC08_L1TP_011010_20230216_20230223_02_T2,2023-02-16,2023,47,15,OLI,True,6.70062598,73.52,T2
LC09_L1TP_012010_20230215_20230310_02_T1,2023-02-15,2023,46,15,OLI,True,6.3568008,36.68,T1
LC08_L1TP_013010_20230214_20230222_02_T1,2023-02-14,2023,45,15,OLI,True,6.01544387,4.48,T1
LC09_L1TP_081234_20240628_20240629_02_T1,2024-06-28,2024,180,23,OLI,True,10.94047015,38.81,T1
LC08_L1GT_082234_20240627_20240709_02_T2,2024-06-27,2024,179,23,OLI,True,10.97642717,74.03,T2
LC09_L1GT_010011_20240627_20240627_02_T2,2024-06-27,2024,179,15,OLI,True,43.56840994,98.78,T2
LC09_L1GT_010010_20240627_20240627_02_T2,2024-06-27,2024,179,15,OLI,True,42.32179674,70.95,T2
LC09_L1TP_083234_20240627_20240627_02_T1,2024-06-27,2024,179,0,OLI,True,10.97551994,10.54,T1
LC08_L1TP_011010_20240626_20240709_02_T1,2024-06-26,2024,178,15,OLI,True,42.36746663,54.84,T1
LC08_L1TP_084234_20240626_20240709_02_T1,2024-06-26,2024,178,0,OLI,True,11.03326216,65.54,T1
LC08_L1GT_084233_20240626_20240709_02_T2,2024-06-26,2024,178,0,OLI,True,9.69300287,68.87,T2
LC09_L1TP_012010_20240625_20240625_02_T1,2024-06-25,2024,177,15,OLI,True,42.39980642,72.85,T1
LC08_L1TP_013010_20240624_20240708_02_T1,2024-06-24,2024,176,15,OLI,True,42.43463421,68.43,T1
LC08_L1TP_081234_20240620_20240706_02_T2,2024-06-20,2024,172,23,OLI,True,11.06005935,0.02,T2
LC09_L1TP_082234_20240619_20240620_02_T1,2024-06-19,2024,171,23,OLI,True,11.00475671,1.83,T1
LC08_L1TP_010011_20240619_20240706_02_T1,2024-06-19,2024,171,15,OLI,True,43.73819092,52.99,T1
LC08_L1TP_010010_20240619_20240706_02_T1,2024-06-19,2024,171,15,OLI,True,42.48388041,3.64,T1
LC08_L1TP_083234_20240619_20240706_02_T1,2024-06-19,2024,171,0,OLI,True,11.02397261,17.37,T1
LC09_L1TP_011010_20240618_20240618_02_T1,2024-06-18,2024,170,15,OLI,True,42.46966264,10.4,T1
LC09_L1TP_084234_20240618_20240618_02_T2,2024-06-18,2024,170,0,OLI,True,10.95270629,72.57,T2
LC09_L1GT_084233_20240618_20240618_02_T2,2024-06-18,2024,170,0,OLI,True,9.61031568,98.23,T2
LC08_L1TP_012010_20240617_20240705_02_T1,2024-06-17,2024,169,15,OLI,True,42.4553487,12.82,T1
LC09_L1TP_013010_20240616_20240616_02_T1,2024-06-16,2024,168,15,OLI,True,42.42796018,0.38,T1
LC08_L1GT_014010_20240615_20240705_02_T2,2024-06-15,2024,167,15,OLI,True,42.3994995,99.99,T2
LC09_L1GT_081234_20240612_20240613_02_T2,2024-06-12,2024,164,23,OLI,True,10.7059783,99.96,T2
LC08_L1GT_082234_20240611_20240628_02_T2,2024-06-11,2024,163,23,OLI,True,10.68725919,99.06,T2
LC09_L1TP_010011_20240611_20240611_02_T1,2024-06-11,2024,163,15,OLI,True,43.4603633,81.9,T1
LC09_L1GT_010010_20240611_20240611_02_T2,2024-06-11,2024,163,15,OLI,True,42.20134446,99.99,T2
LC09_L1TP_083234_20240611_20240611_02_T1,2024-06-11,2024,163,0,OLI,True,10.56284101,7.26,T1
LC08_L1TP_011010_20240610_20240628_02_T1,2024-06-10,2024,162,15,OLI,True,42.13793528,55.88,T1
LC08_L1GT_084234_20240610_20240627_02_T2,2024-06-10,2024,162,0,OLI,True,10.5340919,94.44,T2
LC08_L1TP_084233_20240610_20240627_02_T2,2024-06-10,2024,162,0,OLI,True,9.18746602,64.92,T2
LC09_L1TP_012010_20240609_20240609_02_T1,2024-06-09,2024,161,15,OLI,True,42.063646,65.85,T1
LC08_L1TP_013010_20240608_20240627_02_T1,2024-06-08,2024,160,15,OLI,True,41.98658239,25.49,T1
LC08_L1TP_081234_20240604_20240627_02_T2,2024-06-04,2024,156,23,OLI,True,10.03861341,13.55,T2
LC09_L1TP_082234_20240604_20240604_02_T1,2024-06-04,2024,156,0,OLI,True,9.86209537,0.6,T1
LC08_L1TP_010011_20240603_20240626_02_T1,2024-06-03,2024,155,15,OLI,True,42.75346022,1.01,T1
LC08_L1TP_010010_20240603_20240626_02_T1,2024-06-03,2024,155,15,OLI,True,41.48686803,0.03,T1
LC08_L1GT_083234_20240603_20240611_02_T2,2024-06-03,2024,155,0,OLI,True,9.79831192,65.31,T2
LC09_L1TP_011010_20240602_20240602_02_T1,2024-06-02,2024,154,15,OLI,True,41.36635673,44.45,T1
LC09_L1GT_084234_20240602_20240602_02_T2,2024-06-02,2024,154,0,OLI,True,9.60797513,73.27,T2
LC09_L1TP_084233_20240602_20240602_02_T2,2024-06-02,2024,154,0,OLI,True,8.2618024,66.4,T2
LC08_L1TP_012010_20240601_20240611_02_T1,2024-06-01,2024,153,15,OLI,True,41.24247268,14.5,T1
LC09_L1TP_013010_20240531_20240531_02_T1,2024-05-31,2024,152,15,OLI,True,41.10925286,45.36,T1
LC09_L1TP_081234_20240527_20240528_02_T2,2024-05-27,2024,148,23,OLI,True,8.86626333,66.01,T2
LC08_L1TP_082234_20240526_20240610_02_T2,2024-05-26,2024,147,23,OLI,True,8.73171102,47.35,T2
LC09_L1TP_010011_20240526_20240526_02_T1,2024-05-26,2024,147,15,OLI,True,41.61984498,84.63,T1
LC09_L1GT_010010_20240526_20240526_02_T2,2024-05-26,2024,147,15,OLI,True,40.34931906,82.69,T2
LC09_L1TP_083234_20240526_20240526_02_T1,2024-05-26,2024,147,0,OLI,True,8.53292449,4.47,T1
LC08_L1TP_011010_20240525_20240610_02_T1,2024-05-25,2024,146,15,OLI,True,40.17873518,0.02,T1
LC08_L1TP_084234_20240525_20240610_02_T2,2024-05-25,2024,146,0,OLI,True,8.38756665,59.98,T2
LC08_L1TP_084233_20240525_20240610_02_T2,2024-05-25,2024,146,0,OLI,True,7.04274125,30.09,T2
LC09_L1TP_012010_20240524_20240524_02_T1,2024-05-24,2024,145,15,OLI,True,40.00415992,23.06,T1
LC08_L1TP_013010_20240523_20240605_02_T1,2024-05-23,2024,144,15,OLI,True,39.82161008,72.79,T1
LC08_L1TP_081234_20240519_20240605_02_T1,2024-05-19,2024,140,23,OLI,True,7.42854919,10.85,T1
LC09_L1TP_082234_20240519_20240519_02_T1,2024-05-19,2024,140,0,OLI,True,7.19400851,4.22,T1
LC08_L1TP_010011_20240518_20240605_02_T1,2024-05-18,2024,139,15,OLI,True,40.09194342,19.19,T1
LC08_L1TP_010010_20240518_20240605_02_T1,2024-05-18,2024,139,15,OLI,True,38.81913993,0.0,T1
LC08_L1TP_083234_20240518_20240604_02_T1,2024-05-18,2024,139,0,OLI,True,7.01179747,60.2,T1
LC09_L1TP_011010_20240517_20240517_02_T1,2024-05-17,2024,138,15,OLI,True,38.60406118,0.01,T1
LC09_L1TP_084234_20240517_20240517_02_T1,2024-05-17,2024,138,0,OLI,True,6.76749631,2.91,T1
LC09_L1TP_084233_20240517_20240517_02_T1,2024-05-17,2024,138,0,OLI,True,5.42472676,5.06,T1
LC08_L1TP_012010_20240516_20240521_02_T1,2024-05-16,2024,137,15,OLI,True,38.38126463,17.2,T1
LC09_L1TP_013010_20240515_20240516_02_T1,2024-05-15,2024,136,15,OLI,True,38.15478792,17.57,T1
LC09_L1TP_081234_20240511_20240512_02_T2,2024-05-11,2024,132,23,OLI,True,5.61203056,100.0,T2
LC08_L1TP_082234_20240510_20240520_02_T1,2024-05-10,2024,131,23,OLI,True,5.39709707,12.6,T1
LC09_L1TP_010011_20240510_20240510_02_T1,2024-05-10,2024,131,15,OLI,True,38.20472779,29.11,T1
LC09_L1TP_010010_20240510_20240510_02_T1,2024-05-10,2024,131,15,OLI,True,36.92961613,20.16,T1
LC09_L1TP_083234_20240510_20240510_02_T1,2024-05-10,2024,131,0,OLI,True,5.12212866,27.46,T1
LC08_L1TP_011010_20240509_20240514_02_T1,2024-05-09,2024,130,15,OLI,True,36.67035242,61.28,T1
LC08_L1GT_084234_20240509_20240514_02_T2,2024-05-09,2024,130,0,OLI,True,4.89873232,22.88,T2
LC09_L1GT_012010_20240508_20240508_02_T2,2024-05-08,2024,129,15,OLI,True,36.4077253,91.78,T2
LC08_L1TP_013010_20240507_20240514_02_T1,2024-05-07,2024,128,15,OLI,True,36.13830063,99.92,T1
LC08_L1GT_010011_20240502_20240513_02_T2,2024-05-02,2024,123,15,OLI,True,35.98992584,98.18,T2
LC08_L1GT_010010_20240502_20240513_02_T2,2024-05-02,2024,123,15,OLI,True,34.7163416,100.0,T2
LC09_L1GT_011010_20240501_20240501_02_T2,2024-05-01,2024,122,15,OLI,True,34.42186054,75.33,T2
LC08_L1GT_012010_20240430_20240511_02_T2,2024-04-30,2024,121,15,OLI,True,34.12081873,94.17,T2
LC09_L1GT_013010_20240429_20240429_02_T2,2024-04-29,2024,120,15,OLI,True,33.81760381,100.0,T2
LC09_L1TP_010011_20240424_20240424_02_T1,2024-04-24,2024,115,15,OLI,True,33.49904824,82.25,T1
LC09_L1TP_010010_20240424_20240424_02_T1,2024-04-24,2024,115,15,OLI,True,32.22791338,55.15,T1
LC08_L1TP_011010_20240423_20240430_02_T1,2024-04-23,2024,114,15,OLI,True,31.90006697,83.47,T1
LC09_L1TP_012010_20240422_20240422_02_T1,2024-04-22,2024,113,15,OLI,True,31.57026951,88.4,T1
LC08_L1TP_013010_20240421_20240430_02_T1,2024-04-21,2024,112,15,OLI,True,31.23549936,92.3,T1
LC08_L1TP_010011_20240416_20240423_02_T1,2024-04-16,2024,107,15,OLI,True,30.77081939,0.01,T1
LC08_L1TP_010010_20240416_20240423_02_T1,2024-04-16,2024,107,15,OLI,True,29.50471937,0.05,T1
LC09_L1TP_011010_20240415_20240415_02_T1,2024-04-15,2024,106,15,OLI,True,29.15295607,0.01,T1
LC08_L1TP_012010_20240414_20240423_02_T1,2024-04-14,2024,105,15,OLI,True,28.79592486,16.85,T1
LC09_L1TP_013010_20240413_20240413_02_T1,2024-04-13,2024,104,15,OLI,True,28.43834522,4.26,T1
LC09_L1TP_010011_20240408_20240408_02_T1,2024-04-08,2024,99,15,OLI,True,27.85644226,4.68,T1
LC09_L1TP_010010_20240408_20240408_02_T1,2024-04-08,2024,99,15,OLI,True,26.59523047,0.0,T1
LC08_L1TP_011010_20240407_20240418_02_T1,2024-04-07,2024,98,15,OLI,True,26.22115103,0.01,T1
LC09_L1TP_012010_20240406_20240406_02_T1,2024-04-06,2024,97,15,OLI,True,25.84733331,21.1,T1
LC08_L1TP_013010_20240405_20240412_02_T1,2024-04-05,2024,96,15,OLI,True,25.46936387,13.72,T1
LC08_L1TP_010011_20240331_20240410_02_T1,2024-03-31,2024,91,15,OLI,True,24.79916916,33.38,T1
LC08_L1TP_010010_20240331_20240410_02_T1,2024-03-31,2024,91,15,OLI,True,23.54554994,19.67,T1
LC09_L1TP_011010_20240330_20240330_02_T1,2024-03-30,2024,90,15,OLI,True,23.16006491,0.03,T1
LC08_L1TP_012010_20240329_20240410_02_T1,2024-03-29,2024,89,15,OLI,True,22.77103964,0.02,T1
LC09_L1TP_013010_20240328_20240328_02_T1,2024-03-28,2024,88,15,OLI,True,22.38318823,0.76,T1
LC09_L1TP_010011_20240323_20240323_02_T1,2024-03-23,2024,83,15,OLI,True,21.65887493,0.05,T1
LC09_L1TP_010010_20240323_20240323_02_T1,2024-03-23,2024,83,15,OLI,True,20.41063402,2.57,T1
LC08_L1TP_011010_20240322_20240403_02_T1,2024-03-22,2024,82,15,OLI,True,20.01578353,0.01,T1
LC09_L1TP_012010_20240321_20240321_02_T1,2024-03-21,2024,81,15,OLI,True,19.62222163,0.29,T1
LC08_L1TP_013010_20240320_20240402_02_T1,2024-03-20,2024,80,15,OLI,True,19.22625157,15.74,T1
LC08_L1TP_010011_20240315_20240401_02_T1,2024-03-15,2024,75,15,OLI,True,18.47631559,0.21,T1
LC08_L1TP_010010_20240315_20240401_02_T1,2024-03-15,2024,75,15,OLI,True,17.23540522,29.19,T1
LC09_L1TP_011010_20240314_20240315_02_T1,2024-03-14,2024,74,15,OLI,True,16.84128776,75.4,T1
LC08_L1TP_012010_20240313_20240401_02_T1,2024-03-13,2024,73,15,OLI,True,16.44508842,0.39,T1
LC09_L1TP_013010_20240312_20240312_02_T1,2024-03-12,2024,72,15,OLI,True,16.05177404,0.78,T1
LC09_L1TP_010011_20240307_20240307_02_T1,2024-03-07,2024,67,15,OLI,True,15.31296342,94.74,T1
LC09_L1TP_010010_20240307_20240307_02_T1,2024-03-07,2024,67,15,OLI,True,14.07649186,90.79,T1
LC08_L1GT_011010_20240306_20240315_02_T2,2024-03-06,2024,66,15,OLI,True,13.68592676,71.72,T2
LC09_L1TP_012010_20240305_20240305_02_T1,2024-03-05,2024,65,15,OLI,True,13.29879851,59.07,T1
LC08_L1TP_013010_20240304_20240315_02_T1,2024-03-04,2024,64,15,OLI,True,12.91049614,16.66,T1
LC08_L1TP_010011_20240228_20240313_02_T1,2024-02-28,2024,59,15,OLI,True,12.2193028,7.05,T1
LC08_L1TP_010010_20240228_20240313_02_T1,2024-02-28,2024,59,15,OLI,True,10.98725102,61.85,T1
LC09_L1TP_011010_20240227_20240227_02_T1,2024-02-27,2024,58,15,OLI,True,10.61199327,41.12,T1
LC08_L1TP_012010_20240226_20240313_02_T1,2024-02-26,2024,57,15,OLI,True,10.23678337,33.54,T1
LC09_L1GT_013010_20240225_20240225_02_T2,2024-02-25,2024,56,15,OLI,True,9.86568707,54.28,T2
LC09_L1TP_010011_20240220_20240220_02_T1,2024-02-20,2024,51,15,OLI,True,9.26066595,0.08,T1
LC09_L1TP_010010_20240220_20240220_02_T1,2024-02-20,2024,51,15,OLI,True,8.03058932,16.19,T1
LC08_L1TP_011010_20240219_20240228_02_T1,2024-02-19,2024,50,15,OLI,True,7.67288343,56.62,T1
LC09_L1TP_012010_20240218_20240218_02_T1,2024-02-18,2024,49,15,OLI,True,7.32068956,55.71,T1
LC08_L1TP_013010_20240217_20240223_02_T2,2024-02-17,2024,48,15,OLI,True,6.96912183,57.55,T2
LC08_L1TP_011010_20250629_20250711_02_T1,2025-06-29,2025,180,15,OLI,True,42.23120402,87.87,T1
LC08_L1GT_084234_20250629_20250711_02_T2,2025-06-29,2025,180,0,OLI,True,10.91778305,63.06,T2
LC08_L1GT_084233_20250629_20250711_02_T2,2025-06-29,2025,180,0,OLI,True,9.57821557,99.92,T2
LC09_L1TP_012010_20250628_20250628_02_T1,2025-06-28,2025,179,15,OLI,True,42.28601987,95.09,T1
LC08_L1TP_013010_20250627_20250710_02_T1,2025-06-27,2025,178,15,OLI,True,42.33610105,58.04,T1
LC08_L1TP_081234_20250623_20250701_02_T1,2025-06-23,2025,174,23,OLI,True,11.03685423,9.51,T1
LC09_L1TP_082234_20250623_20250623_02_T1,2025-06-23,2025,174,0,OLI,True,11.034686,60.27,T1
LC08_L1TP_010011_20250622_20250630_02_T1,2025-06-22,2025,173,15,OLI,True,43.73440027,50.5,T1
LC08_L1TP_010010_20250622_20250630_02_T1,2025-06-22,2025,173,15,OLI,True,42.48090093,76.86,T1
LC08_L1GT_083234_20250622_20250630_02_T2,2025-06-22,2025,173,0,OLI,True,11.03649185,90.86,T2
LC09_L1TP_011010_20250621_20250621_02_T1,2025-06-21,2025,172,15,OLI,True,42.48803196,28.22,T1
LC09_L1TP_084234_20250621_20250621_02_T1,2025-06-21,2025,172,0,OLI,True,11.02082529,49.0,T1
LC09_L1TP_084233_20250621_20250621_02_T1,2025-06-21,2025,172,0,OLI,True,9.67757285,37.85,T1
LC08_L1TP_012010_20250620_20250627_02_T1,2025-06-20,2025,171,15,OLI,True,42.49005149,13.13,T1
LC09_L1TP_013010_20250619_20250619_02_T1,2025-06-19,2025,170,15,OLI,True,42.48350234,8.19,T1
LC09_L1TP_081234_20250615_20250616_02_T1,2025-06-15,2025,166,23,OLI,True,10.87027515,1.93,T1
LC08_L1GT_082234_20250615_20250626_02_T2,2025-06-15,2025,166,0,OLI,True,10.82539833,93.45,T2
LC09_L1TP_010011_20250614_20250614_02_T1,2025-06-14,2025,165,15,OLI,True,43.61052835,68.33,T1
LC09_L1TP_010010_20250614_20250614_02_T1,2025-06-14,2025,165,15,OLI,True,42.35080572,74.8,T1
LC09_L1GT_083234_20250614_20250614_02_T2,2025-06-14,2025,165,0,OLI,True,10.7654029,100.0,T2
LC08_L1TP_011010_20250613_20250626_02_T1,2025-06-13,2025,164,15,OLI,True,42.30473907,76.32,T1
LC08_L1TP_084234_20250613_20250626_02_T1,2025-06-13,2025,164,0,OLI,True,10.70763198,0.37,T1
LC08_L1TP_084233_20250613_20250626_02_T1,2025-06-13,2025,164,0,OLI,True,9.36087371,43.01,T1
LC09_L1TP_012010_20250612_20250612_02_T1,2025-06-12,2025,163,15,OLI,True,42.25050837,3.81,T1
LC08_L1TP_013010_20250611_20250618_02_T1,2025-06-11,2025,162,15,OLI,True,42.19064635,83.45,T1
LC09_L1GT_014010_20250610_20250610_02_T2,2025-06-10,2025,161,15,OLI,True,42.12290892,94.77,T2
LC08_L1TP_081234_20250607_20250617_02_T1,2025-06-07,2025,158,23,OLI,True,10.2990031,73.11,T1
LC09_L1GT_082234_20250607_20250607_02_T2,2025-06-07,2025,158,0,OLI,True,10.19465674,95.39,T2
LC08_L1GT_010011_20250606_20250617_02_T2,2025-06-06,2025,157,15,OLI,True,43.05060868,95.24,T2
LC08_L1GT_010010_20250606_20250617_02_T2,2025-06-06,2025,157,15,OLI,True,41.78430736,100.0,T2
LC08_L1GT_083234_20250606_20250617_02_T2,2025-06-06,2025,157,0,OLI,True,10.09229284,82.57,T2
LC09_L1TP_011010_20250605_20250605_02_T1,2025-06-05,2025,156,15,OLI,True,41.68240423,81.87,T1
LC09_L1TP_084234_20250605_20250605_02_T2,2025-06-05,2025,156,0,OLI,True,9.97579764,70.78,T2
LC09_L1TP_084233_20250605_20250605_02_T1,2025-06-05,2025,156,0,OLI,True,8.62821434,76.12,T1
LC08_L1TP_012010_20250604_20250607_02_T1,2025-06-04,2025,155,15,OLI,True,41.57558402,52.12,T1
LC09_L1TP_013010_20250603_20250603_02_T1,2025-06-03,2025,154,15,OLI,True,41.46136228,3.26,T1
LC08_L1TP_014010_20250602_20250607_02_T1,2025-06-02,2025,153,15,OLI,True,41.34118185,36.62,T1
LC09_L1TP_081234_20250530_20250531_02_T1,2025-05-30,2025,150,23,OLI,True,9.32065484,44.15,T1
LC08_L1TP_082234_20250530_20250606_02_T1,2025-05-30,2025,150,0,OLI,True,9.17673996,0.01,T1
LC09_L1TP_010011_20250529_20250529_02_T1,2025-05-29,2025,149,15,OLI,True,42.05654514,0.57,T1
LC09_L1TP_010010_20250529_20250529_02_T1,2025-05-29,2025,149,15,OLI,True,40.78733376,0.01,T1
LC09_L1TP_083234_20250529_20250529_02_T1,2025-05-29,2025,149,0,OLI,True,8.98989789,0.39,T1
LC08_L1TP_011010_20250528_20250603_02_T1,2025-05-28,2025,148,15,OLI,True,40.63690834,0.01,T1
LC08_L1TP_084234_20250528_20250603_02_T1,2025-05-28,2025,148,0,OLI,True,8.86513587,9.06,T1
LC08_L1TP_084233_20250528_20250603_02_T1,2025-05-28,2025,148,0,OLI,True,7.51689789,4.4,T1
LC09_L1TP_012010_20250527_20250527_02_T1,2025-05-27,2025,147,15,OLI,True,40.47608814,42.24,T1
LC08_L1TP_013010_20250526_20250603_02_T1,2025-05-26,2025,146,15,OLI,True,40.31318784,77.69,T1
LC08_L1GT_081234_20250522_20250602_02_T2,2025-05-22,2025,142,23,OLI,True,7.98267155,0.01,T2
LC09_L1TP_082234_20250522_20250522_02_T2,2025-05-22,2025,142,0,OLI,True,7.75023958,5.06,T2
LC08_L1TP_010011_20250521_20250529_02_T1,2025-05-21,2025,141,15,OLI,True,40.66560423,81.68,T1
LC08_L1GT_010010_20250521_20250529_02_T2,2025-05-21,2025,141,15,OLI,True,39.39067222,42.68,T2
LC08_L1GT_083234_20250521_20250529_02_T2,2025-05-21,2025,141,0,OLI,True,7.59510075,68.68,T2
LC09_L1TP_011010_20250520_20250520_02_T1,2025-05-20,2025,140,15,OLI,True,39.18826493,60.59,T1
LC09_L1GT_084234_20250520_20250520_02_T2,2025-05-20,2025,140,0,OLI,True,7.3508954,48.96,T2
LC09_L1TP_084233_20250520_20250520_02_T2,2025-05-20,2025,140,0,OLI,True,6.00640454,29.35,T2
LC08_L1TP_012010_20250519_20250529_02_T1,2025-05-19,2025,139,15,OLI,True,38.98319932,92.71,T1
LC09_L1TP_013010_20250518_20250518_02_T1,2025-05-18,2025,138,15,OLI,True,38.76960994,98.02,T1
LC09_L1TP_081234_20250514_20250515_02_T1,2025-05-14,2025,134,23,OLI,True,6.26086691,57.27,T1
LC08_L1TP_082234_20250514_20250528_02_T1,2025-05-14,2025,134,0,OLI,True,6.08031573,14.85,T1
LC09_L1TP_010011_20250513_20250513_02_T1,2025-05-13,2025,133,15,OLI,True,38.89394576,30.2,T1
LC09_L1TP_010010_20250513_20250513_02_T1,2025-05-13,2025,133,15,OLI,True,37.61883673,32.71,T1
LC09_L1TP_083234_20250513_20250513_02_T1,2025-05-13,2025,133,0,OLI,True,5.79585869,6.4,T1
LC08_L1TP_011010_20250512_20250515_02_T1,2025-05-12,2025,132,15,OLI,True,37.37544325,0.01,T1
LC08_L1GT_084234_20250512_20250515_02_T2,2025-05-12,2025,132,0,OLI,True,5.60806239,54.29,T2
LC09_L1TP_012010_20250511_20250511_02_T1,2025-05-11,2025,131,15,OLI,True,37.1246293,98.6,T1
LC08_L1TP_013010_20250510_20250514_02_T2,2025-05-10,2025,130,15,OLI,True,36.87094375,93.27,T2
LC08_L1TP_010011_20250505_20250512_02_T1,2025-05-05,2025,125,15,OLI,True,36.78723112,44.21,T1
LC08_L1TP_010010_20250505_20250512_02_T1,2025-05-05,2025,125,15,OLI,True,35.51354436,48.65,T1
LC09_L1TP_011010_20250504_20250504_02_T1,2025-05-04,2025,124,15,OLI,True,35.23053473,50.96,T1
LC08_L1TP_012010_20250503_20250512_02_T1,2025-05-03,2025,123,15,OLI,True,34.94179097,80.51,T1
LC09_L1TP_013010_20250502_20250502_02_T1,2025-05-02,2025,122,15,OLI,True,34.65012327,71.29,T1
LC09_L1TP_010011_20250427_20250427_02_T1,2025-04-27,2025,117,15,OLI,True,34.38685934,65.36,T1
LC09_L1TP_010010_20250427_20250427_02_T1,2025-04-27,2025,117,15,OLI,True,33.11470966,16.93,T1
LC08_L1TP_011010_20250426_20250507_02_T1,2025-04-26,2025,116,15,OLI,True,32.79686418,52.06,T1
LC09_L1TP_012010_20250425_20250425_02_T1,2025-04-25,2025,115,15,OLI,True,32.47671318,13.19,T1
LC08_L1TP_013010_20250424_20250429_02_T1,2025-04-24,2025,114,15,OLI,True,32.15118823,7.42,T1
LC08_L1TP_010011_20250419_20250425_02_T1,2025-04-19,2025,109,15,OLI,True,31.73293929,11.07,T1
LC08_L1TP_010010_20250419_20250425_02_T1,2025-04-19,2025,109,15,OLI,True,30.46521454,44.27,T1
LC09_L1TP_011010_20250418_20250418_02_T1,2025-04-18,2025,108,15,OLI,True,30.12102247,7.82,T1
LC08_L1TP_012010_20250417_20250425_02_T1,2025-04-17,2025,107,15,OLI,True,29.77257791,0.08,T1
LC09_L1TP_013010_20250416_20250416_02_T1,2025-04-16,2025,106,15,OLI,True,29.42278943,99.95,T1
LC09_L1GT_010011_20250411_20250411_02_T2,2025-04-11,2025,101,15,OLI,True,28.87905731,88.86,T2
LC09_L1TP_010010_20250411_20250411_02_T1,2025-04-11,2025,101,15,OLI,True,27.61625246,75.5,T1
LC08_L1TP_011010_20250410_20250416_02_T1,2025-04-10,2025,100,15,OLI,True,27.24888912,41.74,T1
LC09_L1TP_012010_20250409_20250410_02_T1,2025-04-09,2025,99,15,OLI,True,26.88092319,12.46,T1
LC08_L1TP_013010_20250408_20250416_02_T1,2025-04-08,2025,98,15,OLI,True,26.50913336,39.76,T1
LC08_L1TP_010011_20250403_20250411_02_T1,2025-04-03,2025,93,15,OLI,True,25.86625264,6.84,T1
LC08_L1TP_010010_20250403_20250411_02_T1,2025-04-03,2025,93,15,OLI,True,24.6099564,32.94,T1
LC09_L1TP_011010_20250402_20250402_02_T1,2025-04-02,2025,92,15,OLI,True,24.22823415,0.75,T1
LC08_L1TP_012010_20250401_20250411_02_T1,2025-04-01,2025,91,15,OLI,True,23.84290579,26.25,T1
LC09_L1TP_013010_20250331_20250331_02_T1,2025-03-31,2025,90,15,OLI,True,23.4581257,13.21,T1
LC09_L1TP_010011_20250326_20250326_02_T1,2025-03-26,2025,85,15,OLI,True,22.74804202,29.29,T1
LC09_L1TP_010010_20250326_20250326_02_T1,2025-03-26,2025,85,15,OLI,True,21.49754904,40.31,T1
LC08_L1TP_011010_20250325_20250401_02_T1,2025-03-25,2025,84,15,OLI,True,21.10440951,33.54,T1
LC09_L1TP_012010_20250324_20250324_02_T1,2025-03-24,2025,83,15,OLI,True,20.71230197,7.75,T1
LC08_L1TP_013010_20250323_20250331_02_T1,2025-03-23,2025,82,15,OLI,True,20.31763452,9.94,T1
LC08_L1TP_010011_20250318_20250327_02_T1,2025-03-18,2025,77,15,OLI,True,19.57242422,42.47,T1
LC08_L1TP_010010_20250318_20250327_02_T1,2025-03-18,2025,77,15,OLI,True,18.32924093,83.16,T1
LC09_L1TP_011010_20250317_20250317_02_T1,2025-03-17,2025,76,15,OLI,True,17.93480419,4.37,T1
LC08_L1TP_012010_20250316_20250327_02_T1,2025-03-16,2025,75,15,OLI,True,17.53849726,94.91,T1
LC09_L1TP_013010_20250315_20250315_02_T1,2025-03-15,2025,74,15,OLI,True,17.14409943,3.89,T1
LC09_L1TP_010011_20250310_20250310_02_T1,2025-03-10,2025,69,15,OLI,True,16.39878659,100.0,T1
LC09_L1TP_010010_20250310_20250310_02_T1,2025-03-10,2025,69,15,OLI,True,15.16081116,100.0,T1
LC08_L1TP_011010_20250309_20250324_02_T1,2025-03-09,2025,68,15,OLI,True,14.76796445,84.47,T1
LC09_L1TP_012010_20250308_20250308_02_T1,2025-03-08,2025,67,15,OLI,True,14.3776002,2.51,T1
LC08_L1TP_013010_20250307_20250312_02_T1,2025-03-07,2025,66,15,OLI,True,13.98669109,6.23,T1
LC08_L1GT_010011_20250302_20250311_02_T2,2025-03-02,2025,61,15,OLI,True,13.27396549,100.0,T2
LC08_L1GT_010010_20250302_20250311_02_T2,2025-03-02,2025,61,15,OLI,True,12.04093608,99.91,T2
LC09_L1TP_011010_20250301_20250301_02_T1,2025-03-01,2025,60,15,OLI,True,11.65989049,20.35,T1
LC08_L1TP_012010_20250228_20250304_02_T1,2025-02-28,2025,59,15,OLI,True,11.27932324,89.0,T1
LC09_L1TP_013010_20250227_20250227_02_T1,2025-02-27,2025,58,15,OLI,True,10.90176822,9.26,T1
LC09_L1TP_010011_20250222_20250222_02_T1,2025-02-22,2025,53,15,OLI,True,10.26120366,76.54,T1
LC09_L1GT_010010_20250222_20250222_02_T2,2025-02-22,2025,53,15,OLI,True,9.03088239,100.0,T2
LC08_L1GT_011010_20250221_20250303_02_T2,2025-02-21,2025,52,15,OLI,True,8.66552885,48.57,T2
LC09_L1TP_012010_20250220_20250220_02_T1,2025-02-20,2025,51,15,OLI,True,8.30491087,0.26,T1
LC08_L1TP_013010_20250219_20250226_02_T1,2025-02-19,2025,50,15,OLI,True,7.94554341,0.43,T1
LC08_L1TP_010011_20250214_20250226_02_T1,2025-02-14,2025,45,15,OLI,True,7.4171282,98.76,T1
LC08_L1GT_010010_20250214_20250226_02_T2,2025-02-14,2025,45,15,OLI,True,6.1873941,100.0,T2
LC08_L1TP_081234_20260626_20260707_02_T2,2026-06-26,2026,177,23,OLI,True,11.02115206,39.16,T2
LC09_L1TP_082234_20260626_20260626_02_T1,2026-06-26,2026,177,0,OLI,True,11.02305061,43.54,T1
LC08_L1TP_010011_20260625_20260707_02_T1,2026-06-25,2026,176,15,OLI,True,43.66972005,86.06,T1
LC08_L1GT_010010_20260625_20260707_02_T2,2026-06-25,2026,176,15,OLI,True,42.42012281,82.3,T2
LC08_L1TP_083234_20260625_20260706_02_T1,2026-06-25,2026,176,0,OLI,True,11.05818727,17.64,T1
LC09_L1TP_011010_20260624_20260624_02_T1,2026-06-24,2026,175,15,OLI,True,42.44679188,1.6,T1
LC09_L1TP_084234_20260624_20260624_02_T1,2026-06-24,2026,175,0,OLI,True,11.04650099,60.39,T1
LC09_L1TP_084233_20260624_20260624_02_T1,2026-06-24,2026,175,0,OLI,True,9.70502602,28.2,T1
LC08_L1TP_012010_20260623_20260706_02_T1,2026-06-23,2026,174,15,OLI,True,42.46729377,72.81,T1
LC09_L1TP_013010_20260622_20260622_02_T1,2026-06-22,2026,173,15,OLI,True,42.48069812,66.79,T1
LC09_L1TP_081234_20260618_20260619_02_T2,2026-06-18,2026,169,23,OLI,True,10.98786881,14.35,T2
LC08_L1GT_082234_20260617_20260627_02_T2,2026-06-17,2026,168,23,OLI,True,10.97689705,96.73,T2
LC09_L1TP_010011_20260617_20260617_02_T1,2026-06-17,2026,168,15,OLI,True,43.70058218,16.71,T1
LC09_L1TP_010010_20260617_20260617_02_T1,2026-06-17,2026,168,15,OLI,True,42.44413055,22.02,T1
LC09_L1TP_083234_20260617_20260617_02_T1,2026-06-17,2026,168,0,OLI,True,10.91883992,4.38,T1
LC08_L1TP_011010_20260616_20260626_02_T1,2026-06-16,2026,167,15,OLI,True,42.4162155,14.01,T1
LC08_L1TP_084234_20260616_20260626_02_T1,2026-06-16,2026,167,0,OLI,True,10.89501625,0.78,T1
LC08_L1TP_084233_20260616_20260626_02_T1,2026-06-16,2026,167,0,OLI,True,9.54980293,0.45,T1
LC09_L1TP_012010_20260615_20260615_02_T1,2026-06-15,2026,166,15,OLI,True,42.38160963,1.26,T1
LC08_L1TP_013010_20260614_20260619_02_T1,2026-06-14,2026,165,15,OLI,True,42.33984237,36.96,T1
LC09_L1TP_014010_20260613_20260613_02_T1,2026-06-13,2026,164,15,OLI,True,42.29151071,29.27,T1
LC08_L1TP_081234_20260610_20260618_02_T1,2026-06-10,2026,161,23,OLI,True,10.57321833,5.03,T1
LC09_L1TP_082234_20260609_20260610_02_T2,2026-06-09,2026,160,23,OLI,True,10.46924532,20.06,T2
LC08_L1TP_010011_20260609_20260613_02_T1,2026-06-09,2026,160,15,OLI,True,43.28976357,39.7,T1
LC08_L1TP_010010_20260609_20260613_02_T2,2026-06-09,2026,160,15,OLI,True,42.02711833,13.51,T2
LC08_L1GT_083234_20260609_20260613_02_T2,2026-06-09,2026,160,0,OLI,True,10.40043282,85.86,T2
LC09_L1TP_011010_20260608_20260608_02_T1,2026-06-08,2026,159,15,OLI,True,41.94468651,74.55,T1
LC09_L1GT_084234_20260608_20260608_02_T2,2026-06-08,2026,159,0,OLI,True,10.2841547,65.5,T2
LC09_L1GT_084233_20260608_20260608_02_T2,2026-06-08,2026,159,0,OLI,True,8.93756551,53.09,T2
LC08_L1TP_012010_20260607_20260613_02_T1,2026-06-07,2026,158,15,OLI,True,41.85539109,20.74,T1
LC09_L1TP_013010_20260606_20260606_02_T1,2026-06-06,2026,157,15,OLI,True,41.75955276,16.67,T1
LC08_L1TP_014010_20260605_20260613_02_T1,2026-06-05,2026,156,15,OLI,True,41.65702197,5.01,T1
LC09_L1GT_081234_20260602_20260603_02_T2,2026-06-02,2026,153,23,OLI,True,9.6777699,79.89,T2
LC08_L1GT_082234_20260601_20260612_02_T2,2026-06-01,2026,152,23,OLI,True,9.60236373,54.19,T2
LC09_L1TP_010011_20260601_20260601_02_T1,2026-06-01,2026,152,15,OLI,True,42.44261178,90.08,T1
LC09_L1GT_010010_20260601_20260601_02_T2,2026-06-01,2026,152,15,OLI,True,41.17567719,66.31,T2
LC09_L1TP_083234_20260601_20260601_02_T1,2026-06-01,2026,152,0,OLI,True,9.40700018,13.3,T1
LC08_L1TP_011010_20260531_20260605_02_T1,2026-05-31,2026,151,15,OLI,True,41.04230282,14.76,T1
LC08_L1TP_084234_20260531_20260604_02_T1,2026-05-31,2026,151,0,OLI,True,9.32233005,14.18,T1
LC08_L1TP_084233_20260531_20260604_02_T1,2026-05-31,2026,151,0,OLI,True,7.97525237,8.37,T1
LC09_L1TP_012010_20260530_20260530_02_T1,2026-05-30,2026,150,15,OLI,True,40.89964046,0.18,T1
LC08_L1TP_013010_20260529_20260604_02_T1,2026-05-29,2026,149,15,OLI,True,40.75325229,0.07,T1
LC08_L1TP_081234_20260525_20260604_02_T2,2026-05-25,2026,145,23,OLI,True,8.47814739,75.99,T2
LC09_L1GT_082234_20260525_20260525_02_T2,2026-05-25,2026,145,0,OLI,True,8.27405681,66.0,T2
LC08_L1GT_010011_20260524_20260603_02_T2,2026-05-24,2026,144,15,OLI,True,41.1847733,99.33,T2
LC08_L1GT_010010_20260524_20260603_02_T2,2026-05-24,2026,144,15,OLI,True,39.914084,100.0,T2
LC08_L1TP_083234_20260524_20260529_02_T2,2026-05-24,2026,144,0,OLI,True,8.11734575,51.59,T2
LC09_L1TP_011010_20260523_20260523_02_T1,2026-05-23,2026,143,15,OLI,True,39.73033438,4.37,T1
LC09_L1GT_084234_20260523_20260523_02_T2,2026-05-23,2026,143,0,OLI,True,7.90276922,29.38,T2
LC09_L1TP_084233_20260523_20260523_02_T1,2026-05-23,2026,143,0,OLI,True,6.55812318,7.18,T1
LC08_L1TP_012010_20260522_20260529_02_T1,2026-05-22,2026,142,15,OLI,True,39.53936086,29.52,T1
LC09_L1TP_013010_20260521_20260521_02_T1,2026-05-21,2026,141,15,OLI,True,39.34343641,67.05,T1
LC09_L1TP_081234_20260517_20260518_02_T2,2026-05-17,2026,137,23,OLI,True,6.87936489,21.23,T2
LC08_L1GT_082234_20260516_20260521_02_T2,2026-05-16,2026,136,23,OLI,True,6.68745671,80.91,T2
LC09_L1TP_010011_20260516_20260516_02_T1,2026-05-16,2026,136,15,OLI,True,39.54297974,50.06,T1
LC09_L1TP_010010_20260516_20260516_02_T1,2026-05-16,2026,136,15,OLI,True,38.26896411,13.18,T1
LC09_L1GT_083234_20260516_20260516_02_T2,2026-05-16,2026,136,0,OLI,True,6.43868996,40.69,T2
LC08_L1TP_011010_20260515_20260520_02_T1,2026-05-15,2026,135,15,OLI,True,38.03827028,52.32,T1
LC08_L1TP_084234_20260515_20260520_02_T2,2026-05-15,2026,135,0,OLI,True,6.23726374,2.76,T2
LC08_L1TP_084233_20260515_20260520_02_T1,2026-05-15,2026,135,0,OLI,True,4.89598111,4.24,T1
LC09_L1TP_012010_20260514_20260514_02_T1,2026-05-14,2026,134,15,OLI,True,37.80346506,8.24,T1
LC08_L1TP_013010_20260513_20260520_02_T1,2026-05-13,2026,133,15,OLI,True,37.56207399,75.9,T1
LC08_L1TP_081234_20260509_20260515_02_T1,2026-05-09,2026,129,23,OLI,True,5.02402394,56.93,T1
LC08_L1TP_010011_20260508_20260515_02_T1,2026-05-08,2026,128,15,OLI,True,37.5470002,0.0,T1
LC08_L1TP_010010_20260508_20260515_02_T1,2026-05-08,2026,128,15,OLI,True,36.2730382,34.94,T1
LC09_L1TP_011010_20260507_20260507_02_T1,2026-05-07,2026,127,15,OLI,True,36.00334048,19.98,T1
LC08_L1TP_012010_20260506_20260515_02_T1,2026-05-06,2026,126,15,OLI,True,35.72732127,42.95,T1
LC09_L1TP_013010_20260505_20260505_02_T1,2026-05-05,2026,125,15,OLI,True,35.44773393,0.84,T1
LC09_L1TP_010011_20260430_20260430_02_T1,2026-04-30,2026,120,15,OLI,True,35.2449248,0.15,T1
LC09_L1TP_010010_20260430_20260430_02_T1,2026-04-30,2026,120,15,OLI,True,33.97171616,0.23,T1
LC08_L1TP_011010_20260429_20260506_02_T1,2026-04-29,2026,119,15,OLI,True,33.66544934,21.25,T1
LC09_L1TP_012010_20260428_20260428_02_T1,2026-04-28,2026,118,15,OLI,True,33.35597906,77.45,T1
LC08_L1TP_013010_20260427_20260506_02_T1,2026-04-27,2026,117,15,OLI,True,33.04135792,74.55,T1
LC08_L1GT_010011_20260422_20260501_02_T2,2026-04-22,2026,112,15,OLI,True,32.67366823,100.0,T2
LC08_L1GT_010010_20260422_20260501_02_T2,2026-04-22,2026,112,15,OLI,True,31.40446081,100.0,T2
LC09_L1GT_011010_20260421_20260421_02_T2,2026-04-21,2026,111,15,OLI,True,31.0693045,100.0,T2
LC08_L1GT_012010_20260420_20260501_02_T2,2026-04-20,2026,110,15,OLI,True,30.72920181,100.0,T2
LC09_L1TP_013010_20260419_20260419_02_T1,2026-04-19,2026,109,15,OLI,True,30.38777624,16.75,T1
LC09_L1TP_010011_20260414_20260414_02_T1,2026-04-14,2026,104,15,OLI,True,29.88289094,20.61,T1
LC09_L1TP_010010_20260414_20260414_02_T1,2026-04-14,2026,104,15,OLI,True,28.61815633,6.69,T1
LC08_L1TP_011010_20260413_20260423_02_T1,2026-04-13,2026,103,15,OLI,True,28.25744439,0.8,T1
LC09_L1TP_012010_20260412_20260412_02_T1,2026-04-12,2026,102,15,OLI,True,27.8957988,7.07,T1
LC08_L1TP_013010_20260411_20260423_02_T1,2026-04-11,2026,101,15,OLI,True,27.52999254,6.69,T1
LC08_L1TP_010011_20260406_20260416_02_T1,2026-04-06,2026,96,15,OLI,True,26.91734303,35.93,T1
LC08_L1TP_010010_20260406_20260416_02_T1,2026-04-06,2026,96,15,OLI,True,25.65924733,5.6,T1
LC09_L1TP_011010_20260405_20260405_02_T1,2026-04-05,2026,95,15,OLI,True,25.28211563,7.35,T1
LC08_L1TP_012010_20260404_20260415_02_T1,2026-04-04,2026,94,15,OLI,True,24.90198133,10.67,T1
LC09_L1TP_013010_20260403_20260403_02_T1,2026-04-03,2026,93,15,OLI,True,24.52155046,79.79,T1
LC09_L1TP_010011_20260329_20260329_02_T1,2026-03-29,2026,88,15,OLI,True,23.83291922,74.46,T1
LC09_L1TP_010010_20260329_20260329_02_T1,2026-03-29,2026,88,15,OLI,True,22.58031332,73.18,T1
LC08_L1TP_011010_20260328_20260406_02_T1,2026-03-28,2026,87,15,OLI,True,22.18992062,8.92,T1
LC09_L1TP_012010_20260327_20260327_02_T1,2026-03-27,2026,86,15,OLI,True,21.80001265,0.31,T1
LC08_L1TP_013010_20260326_20260330_02_T1,2026-03-26,2026,85,15,OLI,True,21.40770799,22.17,T1
LC08_L1TP_010011_20260321_20260329_02_T1,2026-03-21,2026,80,15,OLI,True,20.67036607,8.25,T1
LC08_L1TP_010010_20260321_20260329_02_T1,2026-03-21,2026,80,15,OLI,True,19.42524011,43.17,T1
LC09_L1TP_011010_20260320_20260320_02_T1,2026-03-20,2026,79,15,OLI,True,19.03074134,12.07,T1
LC08_L1GT_012010_20260319_20260329_02_T2,2026-03-19,2026,78,15,OLI,True,18.63446406,100.0,T2
LC09_L1TP_013010_20260318_20260318_02_T2,2026-03-18,2026,77,15,OLI,True,18.23979034,99.91,T2
LC09_L1TP_010011_20260313_20260313_02_T1,2026-03-13,2026,72,15,OLI,True,17.48946457,64.68,T1
LC09_L1TP_010010_20260313_20260313_02_T1,2026-03-13,2026,72,15,OLI,True,16.24966186,46.19,T1
LC08_L1TP_011010_20260312_20260328_02_T1,2026-03-12,2026,71,15,OLI,True,15.85438476,0.84,T1
LC09_L1TP_012010_20260311_20260311_02_T1,2026-03-11,2026,70,15,OLI,True,15.46197263,0.46,T1
LC08_L1TP_013010_20260310_20260314_02_T1,2026-03-10,2026,69,15,OLI,True,15.06799391,24.51,T1
LC08_L1TP_010011_20260305_20260313_02_T1,2026-03-05,2026,64,15,OLI,True,14.34035713,16.3,T1
LC08_L1TP_010010_20260305_20260313_02_T1,2026-03-05,2026,64,15,OLI,True,13.10609373,91.99,T1
LC09_L1TP_011010_20260304_20260304_02_T1,2026-03-04,2026,63,15,OLI,True,12.7210849,14.61,T1
LC08_L1TP_012010_20260303_20260307_02_T1,2026-03-03,2026,62,15,OLI,True,12.33569519,83.29,T1
LC09_L1TP_013010_20260302_20260302_02_T2,2026-03-02,2026,61,15,OLI,True,11.95376967,77.82,T2
LC09_L1TP_010011_20260225_20260225_02_T1,2026-02-25,2026,56,15,OLI,True,11.28558264,54.77,T1
LC09_L1TP_010010_20260225_20260225_02_T1,2026-02-25,2026,56,15,OLI,True,10.05432027,37.04,T1
LC08_L1GT_011010_20260224_20260306_02_T2,2026-02-24,2026,55,15,OLI,True,9.68207562,100.0,T2
LC09_L1GT_012010_20260223_20260223_02_T2,2026-02-23,2026,54,15,OLI,True,9.31466527,100.0,T2
LC08_L1GT_013010_20260222_20260227_02_T2,2026-02-22,2026,53,15,OLI,True,8.94719056,90.79,T2
LC08_L1TP_010011_20260217_20260226_02_T1,2026-02-17,2026,48,15,OLI,True,8.3748709,56.59,T1
LC08_L1TP_010010_20260217_20260226_02_T1,2026-02-17,2026,48,15,OLI,True,7.14545636,99.94,T1
LC09_L1TP_011010_20260216_20260216_02_T1,2026-02-16,2026,47,15,OLI,True,6.7977838,72.23,T1
LC08_L1TP_012010_20260215_20260221_02_T1,2026-02-15,2026,46,15,OLI,True,6.45135042,33.14,T1
LC09_L1TP_013010_20260214_20260214_02_T1,2026-02-14,2026,45,15,OLI,True,6.11021059,7.01,T1
