id,datetime,platform,sun_elevation,cloud,day,doy,hour,month
LC08_L1TP_011010_20170623_20200903_02_T1,2017-06-23 15:12:19.348233+00:00,LANDSAT_8,42.46368987,29.45,2017-06-23,174,15,6
LC08_L1TP_013010_20170621_20201015_02_T1,2017-06-21 15:24:40.414346+00:00,LANDSAT_8,42.48561349,63.15,2017-06-21,172,15,6
LC08_L1TP_010011_20170616_20201016_02_T1,2017-06-16 15:06:30.256884+00:00,LANDSAT_8,43.67894015,46.97,2017-06-16,167,15,6
LC08_L1TP_010010_20170616_20201015_02_T1,2017-06-16 15:06:06.374318+00:00,LANDSAT_8,42.42032083,0.65,2017-06-16,167,15,6
LC08_L1TP_012010_20170614_20201015_02_T1,2017-06-14 15:18:27.317634+00:00,LANDSAT_8,42.34603764,15.48,2017-06-14,165,15,6
LC08_L1TP_011010_20170607_20200903_02_T1,2017-06-07 15:12:13.666797+00:00,LANDSAT_8,41.86973468,3.68,2017-06-07,158,15,6
LC08_L1TP_013010_20170605_20200903_02_T1,2017-06-05 15:24:34.415560+00:00,LANDSAT_8,41.6739214,47.19,2017-06-05,156,15,6
LC08_L1TP_010011_20170531_20201015_02_T1,2017-05-31 15:06:23.432590+00:00,LANDSAT_8,42.33555843,0.0,2017-05-31,151,15,5
LC08_L1TP_010010_20170531_20201016_02_T1,2017-05-31 15:05:59.537315+00:00,LANDSAT_8,41.06458342,0.01,2017-05-31,151,15,5
LC08_L1GT_012010_20170529_20201016_02_T2,2017-05-29 15:18:20.158906+00:00,LANDSAT_8,40.77758048,87.31,2017-05-29,149,15,5
LC08_L1TP_011010_20170522_20201015_02_T1,2017-05-22 15:12:05.216077+00:00,LANDSAT_8,39.57181255,53.11,2017-05-22,142,15,5
LC08_L1TP_013010_20170520_20200904_02_T1,2017-05-20 15:24:25.575094+00:00,LANDSAT_8,39.17498619,51.29,2017-05-20,140,15,5
LC08_L1TP_010011_20170515_20200904_02_T1,2017-05-15 15:06:13.579319+00:00,LANDSAT_8,39.35403996,0.3,2017-05-15,135,15,5
LC08_L1TP_010010_20170515_20201015_02_T1,2017-05-15 15:05:49.684045+00:00,LANDSAT_8,38.07743811,0.01,2017-05-15,135,15,5
LC08_L1TP_012010_20170513_20200904_02_T1,2017-05-13 15:18:09.884686+00:00,LANDSAT_8,37.60333357,8.2,2017-05-13,133,15,5
LC08_L1TP_014010_20170511_20201015_02_T1,2017-05-11 15:30:30.034503+00:00,LANDSAT_8,37.10863031,64.63,2017-05-11,131,15,5
LC08_L1TP_011010_20170506_20201015_02_T1,2017-05-06 15:11:53.646209+00:00,LANDSAT_8,35.77551718,85.66,2017-05-06,126,15,5
LC08_L1TP_013010_20170504_20200904_02_T1,2017-05-04 15:24:13.668893+00:00,LANDSAT_8,35.21287006,13.07,2017-05-04,124,15,5
LC08_L1TP_010011_20170429_20200904_02_T1,2017-04-29 15:06:05.136480+00:00,LANDSAT_8,34.99205858,0.35,2017-04-29,119,15,4
LC08_L1TP_010010_20170429_20200904_02_T1,2017-04-29 15:05:41.241205+00:00,LANDSAT_8,33.71799297,0.0,2017-04-29,119,15,4
LC08_L1TP_011010_20170420_20200904_02_T1,2017-04-20 15:11:58.572879+00:00,LANDSAT_8,30.7861985,0.02,2017-04-20,110,15,4
LC08_L1GT_013010_20170418_20200904_02_T2,2017-04-18 15:24:21.527198+00:00,LANDSAT_8,30.09943906,99.9,2017-04-18,108,15,4
LC08_L1TP_010011_20170413_20200904_02_T1,2017-04-13 15:06:16.011997+00:00,LANDSAT_8,29.58339477,34.99,2017-04-13,103,15,4
LC08_L1TP_010010_20170413_20200904_02_T1,2017-04-13 15:05:52.142140+00:00,LANDSAT_8,28.31950173,0.53,2017-04-13,103,15,4
LC08_L1TP_012010_20170411_20200904_02_T1,2017-04-11 15:18:14.918879+00:00,LANDSAT_8,27.59388796,0.02,2017-04-11,101,15,4
LC08_L1TP_011010_20170404_20200904_02_T1,2017-04-04 15:12:07.658826+00:00,LANDSAT_8,24.96901215,0.0,2017-04-04,94,15,4
LC08_L1TP_013010_20170402_20200904_02_T1,2017-04-02 15:24:30.202705+00:00,LANDSAT_8,24.20540128,0.02,2017-04-02,92,15,4
LC08_L1TP_010011_20170328_20200904_02_T1,2017-03-28 15:06:23.608076+00:00,LANDSAT_8,23.50861361,4.35,2017-03-28,87,15,3
LC08_L1TP_010010_20170328_20200904_02_T1,2017-03-28 15:05:59.746690+00:00,LANDSAT_8,22.25780119,18.21,2017-03-28,87,15,3
LC08_L1TP_012010_20170326_20200904_02_T1,2017-03-26 15:18:22.053370+00:00,LANDSAT_8,21.47569107,0.01,2017-03-26,85,15,3
LC08_L1GT_011010_20170319_20200904_02_T2,2017-03-19 15:12:15.052269+00:00,LANDSAT_8,18.70380042,100.0,2017-03-19,78,15,3
LC08_L1TP_013010_20170317_20200904_02_T1,2017-03-17 15:24:38.070747+00:00,LANDSAT_8,17.91299994,0.07,2017-03-17,76,15,3
LC08_L1TP_010011_20170312_20200904_02_T1,2017-03-12 15:06:32.730250+00:00,LANDSAT_8,17.16468727,37.28,2017-03-12,71,15,3
LC08_L1TP_010010_20170312_20200904_02_T1,2017-03-12 15:06:08.856156+00:00,LANDSAT_8,15.92571565,20.3,2017-03-12,71,15,3
LC08_L1TP_012010_20170310_20200904_02_T1,2017-03-10 15:18:31.705240+00:00,LANDSAT_8,15.13977467,0.23,2017-03-10,69,15,3
LC08_L1TP_011010_20170303_20200905_02_T1,2017-03-03 15:12:24.742801+00:00,LANDSAT_8,12.40551801,39.47,2017-03-03,62,15,3
LC08_L1TP_013010_20170301_20200905_02_T1,2017-03-01 15:24:47.354804+00:00,LANDSAT_8,11.64057422,8.12,2017-03-01,60,15,3
LC08_L1TP_010011_20170224_20200905_02_T1,2017-02-24 15:06:40.879416+00:00,LANDSAT_8,10.97958213,5.64,2017-02-24,55,15,2
LC08_L1TP_010010_20170224_20200905_02_T1,2017-02-24 15:06:17.013795+00:00,LANDSAT_8,9.74915419,39.97,2017-02-24,55,15,2
LC08_L1TP_012010_20170222_20200905_02_T1,2017-02-22 15:18:39.392693+00:00,LANDSAT_8,9.01320013,8.93,2017-02-22,53,15,2
LC08_L1TP_011010_20170215_20200905_02_T1,2017-02-15 15:12:30.774300+00:00,LANDSAT_8,6.51466558,40.11,2017-02-15,46,15,2
LC08_L1TP_082234_20180627_20200831_02_T1,2018-06-27 23:59:44.460114+00:00,LANDSAT_8,11.00287076,0.1,2018-06-27,178,23,6
LC08_L1TP_011010_20180626_20200831_02_T1,2018-06-26 15:11:35.100541+00:00,LANDSAT_8,42.38475591,36.62,2018-06-26,177,15,6
LC08_L1GT_084234_20180626_20200831_02_T2,2018-06-26 00:12:04.930398+00:00,LANDSAT_8,11.05270603,98.35,2018-06-26,177,0,6
LC08_L1TP_084233_20180626_20200831_02_T2,2018-06-26 00:11:41.035123+00:00,LANDSAT_8,9.71241269,75.0,2018-06-26,177,0,6
LC08_L1TP_013010_20180624_20200831_02_T1,2018-06-24 15:23:55.553974+00:00,LANDSAT_8,42.44498224,76.41,2018-06-24,175,15,6
LC08_L1TP_081234_20180620_20200831_02_T2,2018-06-20 23:53:29.379573+00:00,LANDSAT_8,11.05907302,40.77,2018-06-20,171,23,6
LC08_L1TP_010011_20180619_20200831_02_T1,2018-06-19 15:05:43.822194+00:00,LANDSAT_8,43.72878083,40.26,2018-06-19,170,15,6
LC08_L1TP_010010_20180619_20200831_02_T1,2018-06-19 15:05:19.931157+00:00,LANDSAT_8,42.47500154,45.83,2018-06-19,170,15,6
LC08_L1TP_083234_20180619_20200831_02_T1,2018-06-19 00:05:49.718645+00:00,LANDSAT_8,11.01488209,95.47,2018-06-19,170,0,6
LC08_L1TP_012010_20180617_20200831_02_T1,2018-06-17 15:17:40.257532+00:00,LANDSAT_8,42.43859345,58.85,2018-06-17,168,15,6
LC08_L1TP_014010_20180615_20200831_02_T1,2018-06-15 15:30:00.528820+00:00,LANDSAT_8,42.37482092,67.62,2018-06-15,166,15,6
LC08_L1TP_082234_20180611_20200831_02_T1,2018-06-11 23:59:34.062202+00:00,LANDSAT_8,10.65452955,0.05,2018-06-11,162,23,6
LC08_L1TP_011010_20180610_20200831_02_T1,2018-06-10 15:11:24.457145+00:00,LANDSAT_8,42.09420649,1.6,2018-06-10,161,15,6
LC08_L1GT_084234_20180610_20200831_02_T2,2018-06-10 00:11:54.223497+00:00,LANDSAT_8,10.49398714,33.26,2018-06-10,161,0,6
LC08_L1TP_084233_20180610_20200831_02_T1,2018-06-10 00:11:30.328222+00:00,LANDSAT_8,9.14772421,19.19,2018-06-10,161,0,6
LC08_L1GT_013010_20180608_20200831_02_T2,2018-06-08 15:23:44.614249+00:00,LANDSAT_8,41.93522536,99.14,2018-06-08,159,15,6
LC08_L1GT_081234_20180604_20200831_02_T2,2018-06-04 23:53:18.635088+00:00,LANDSAT_8,9.98017146,100.0,2018-06-04,155,23,6
LC08_L1TP_010011_20180603_20200831_02_T1,2018-06-03 15:05:34.242846+00:00,LANDSAT_8,42.68370522,63.43,2018-06-03,154,15,6
LC08_L1GT_010010_20180603_20200831_02_T2,2018-06-03 15:05:10.351807+00:00,LANDSAT_8,41.41754069,99.68,2018-06-03,154,15,6
LC08_L1GT_083234_20180603_20200831_02_T2,2018-06-03 00:05:40.723971+00:00,LANDSAT_8,9.73454206,65.47,2018-06-03,154,0,6
LC08_L1TP_012010_20180601_20200831_02_T1,2018-06-01 15:17:32.419445+00:00,LANDSAT_8,41.16616789,96.26,2018-06-01,152,15,6
LC08_L1GT_082234_20180526_20200901_02_T2,2018-05-26 23:59:34.107789+00:00,LANDSAT_8,8.64455542,55.81,2018-05-26,146,23,5
LC08_L1TP_011010_20180525_20201015_02_T1,2018-05-25 15:11:27.391772+00:00,LANDSAT_8,40.07926196,32.21,2018-05-25,145,15,5
LC08_L1GT_084234_20180525_20200901_02_T2,2018-05-25 00:11:57.408113+00:00,LANDSAT_8,8.29395285,80.42,2018-05-25,145,0,5
LC08_L1GT_084233_20180525_20201015_02_T2,2018-05-25 00:11:33.542490+00:00,LANDSAT_8,6.94953831,62.5,2018-05-25,145,0,5
LC08_L1TP_013010_20180523_20200901_02_T1,2018-05-23 15:23:50.683645+00:00,LANDSAT_8,39.7153394,16.26,2018-05-23,143,15,5
LC08_L1TP_081234_20180519_20200901_02_T1,2018-05-19 23:53:29.025444+00:00,LANDSAT_8,7.31893656,35.57,2018-05-19,139,23,5
LC08_L1TP_010011_20180518_20200901_02_T1,2018-05-18 15:05:46.090531+00:00,LANDSAT_8,39.96866629,60.44,2018-05-18,138,15,5
LC08_L1TP_010010_20180518_20200901_02_T1,2018-05-18 15:05:22.224908+00:00,LANDSAT_8,38.69630808,12.03,2018-05-18,138,15,5
LC08_L1TP_083234_20180518_20200901_02_T1,2018-05-18 00:05:52.198987+00:00,LANDSAT_8,6.89636153,24.69,2018-05-18,138,0,5
LC08_L1TP_012010_20180516_20200901_02_T1,2018-05-16 15:17:45.377220+00:00,LANDSAT_8,38.25174334,0.23,2018-05-16,136,15,5
LC08_L1TP_082234_20180510_20201015_02_T1,2018-05-10 23:59:46.439090+00:00,LANDSAT_8,5.26437835,0.78,2018-05-10,130,23,5
LC08_L1TP_011010_20180509_20200901_02_T1,2018-05-09 15:11:39.485912+00:00,LANDSAT_8,36.52125315,0.0,2018-05-09,129,15,5
LC08_L1TP_013010_20180507_20200901_02_T1,2018-05-07 15:24:02.430524+00:00,LANDSAT_8,35.98412407,12.28,2018-05-07,127,15,5
LC08_L1TP_010011_20180502_20200901_02_T1,2018-05-02 15:05:56.896667+00:00,LANDSAT_8,35.82336093,100.0,2018-05-02,122,15,5
LC08_L1TP_010010_20180502_20201015_02_T2,2018-05-02 15:05:33.031045+00:00,LANDSAT_8,34.55082179,23.47,2018-05-02,122,15,5
LC08_L1TP_012010_20180430_20200901_02_T1,2018-04-30 15:17:55.827314+00:00,LANDSAT_8,33.95144875,0.36,2018-04-30,120,15,4
LC08_L1TP_011010_20180423_20201015_02_T1,2018-04-23 15:11:48.707548+00:00,LANDSAT_8,31.71592572,0.0,2018-04-23,113,15,4
LC08_L1TP_013010_20180421_20201016_02_T1,2018-04-21 15:24:11.317431+00:00,LANDSAT_8,31.0472419,35.93,2018-04-21,111,15,4
LC08_L1TP_010011_20180416_20201015_02_T1,2018-04-16 15:06:05.677622+00:00,LANDSAT_8,30.57225204,0.1,2018-04-16,106,15,4
LC08_L1TP_010010_20180416_20200901_02_T1,2018-04-16 15:05:41.816236+00:00,LANDSAT_8,29.30736336,0.0,2018-04-16,106,15,4
LC08_L1TP_012010_20180414_20200901_02_T1,2018-04-14 15:18:04.743747+00:00,LANDSAT_8,28.59541632,33.27,2018-04-14,104,15,4
LC08_L1TP_011010_20180407_20200901_02_T1,2018-04-07 15:11:58.102393+00:00,LANDSAT_8,26.01276895,43.32,2018-04-07,97,15,4
LC08_L1TP_013010_20180405_20200901_02_T1,2018-04-05 15:24:20.839448+00:00,LANDSAT_8,25.25886483,16.39,2018-04-05,95,15,4
LC08_L1TP_010011_20180331_20200901_02_T1,2018-03-31 15:06:14.814474+00:00,LANDSAT_8,24.58504185,8.25,2018-03-31,90,15,3
LC08_L1TP_010010_20180331_20200901_02_T1,2018-03-31 15:05:50.953087+00:00,LANDSAT_8,23.33232792,14.5,2018-03-31,90,15,3
LC08_L1TP_012010_20180329_20200901_02_T1,2018-03-29 15:18:13.533484+00:00,LANDSAT_8,22.55655546,36.44,2018-03-29,88,15,3
LC08_L1TP_011010_20180322_20200901_02_T1,2018-03-22 15:12:05.727819+00:00,LANDSAT_8,19.79764793,0.03,2018-03-22,81,15,3
LC08_L1TP_013010_20180320_20200901_02_T2,2018-03-20 15:24:28.126062+00:00,LANDSAT_8,19.00737557,74.86,2018-03-20,79,15,3
LC08_L1TP_010011_20180315_20200901_02_T1,2018-03-15 15:06:21.224586+00:00,LANDSAT_8,18.25678209,45.99,2018-03-15,74,15,3
LC08_L1GT_010010_20180315_20200901_02_T2,2018-03-15 15:05:57.358963+00:00,LANDSAT_8,17.01667997,100.0,2018-03-15,74,15,3
LC08_L1TP_012010_20180313_20200901_02_T1,2018-03-13 15:18:20.316414+00:00,LANDSAT_8,16.22727947,9.59,2018-03-13,72,15,3
LC08_L1TP_011010_20180306_20200901_02_T1,2018-03-06 15:12:13.802876+00:00,LANDSAT_8,13.47256068,3.97,2018-03-06,65,15,3
LC08_L1TP_013010_20180304_20200902_02_T1,2018-03-04 15:24:36.586620+00:00,LANDSAT_8,12.69962077,39.14,2018-03-04,63,15,3
LC08_L1TP_010011_20180227_20200902_02_T1,2018-02-27 15:06:30.638036+00:00,LANDSAT_8,12.0131839,0.61,2018-02-27,58,15,2
LC08_L1TP_010010_20180227_20200902_02_T1,2018-02-27 15:06:06.763940+00:00,LANDSAT_8,10.78183231,12.16,2018-02-27,58,15,2
LC08_L1TP_012010_20180225_20200902_02_T1,2018-02-25 15:18:29.386820+00:00,LANDSAT_8,10.03356349,36.25,2018-02-25,56,15,2
LC08_L1TP_011010_20180218_20200902_02_T1,2018-02-18 15:12:21.718166+00:00,LANDSAT_8,7.47940835,40.88,2018-02-18,49,15,2
LC08_L1TP_013010_20180216_20200902_02_T1,2018-02-16 15:24:44.146692+00:00,LANDSAT_8,6.77945513,100.0,2018-02-16,47,15,2
LC08_L1TP_011010_20190629_20201015_02_T1,2019-06-29 15:12:28.217566+00:00,LANDSAT_8,42.26143502,19.39,2019-06-29,180,15,6
LC08_L1TP_084234_20190629_20200827_02_T1,2019-06-29 00:12:58.173727+00:00,LANDSAT_8,10.92438851,59.62,2019-06-29,180,0,6
LC08_L1TP_084233_20190629_20200827_02_T1,2019-06-29 00:12:34.282686+00:00,LANDSAT_8,9.58412454,31.96,2019-06-29,180,0,6
LC08_L1TP_013010_20190627_20200829_02_T1,2019-06-27 15:24:49.350536+00:00,LANDSAT_8,42.35881912,56.06,2019-06-27,178,15,6
LC08_L1TP_081234_20190623_20200827_02_T2,2019-06-23 23:54:24.366377+00:00,LANDSAT_8,11.02278663,48.92,2019-06-23,174,23,6
LC08_L1GT_010011_20190622_20200827_02_T2,2019-06-22 15:06:39.379249+00:00,LANDSAT_8,43.73851183,97.73,2019-06-22,173,15,6
LC08_L1GT_010010_20190622_20200827_02_T2,2019-06-22 15:06:15.492447+00:00,LANDSAT_8,42.48404033,99.99,2019-06-22,173,15,6
LC08_L1GT_083234_20190622_20200827_02_T2,2019-06-22 00:06:45.406276+00:00,LANDSAT_8,11.01533244,99.99,2019-06-22,173,0,6
LC08_L1TP_012010_20190620_20200827_02_T1,2019-06-20 15:18:36.532308+00:00,LANDSAT_8,42.48605861,88.0,2019-06-20,171,15,6
LC08_L1GT_082234_20190615_20200828_02_T2,2019-06-15 00:00:32.274286+00:00,LANDSAT_8,10.7825579,49.11,2019-06-15,166,0,6
LC08_L1TP_011010_20190613_20200830_02_T1,2019-06-13 15:12:23.286026+00:00,LANDSAT_8,42.27495693,62.43,2019-06-13,164,15,6
LC08_L1TP_084234_20190613_20200828_02_T1,2019-06-13 00:12:53.161777+00:00,LANDSAT_8,10.65709455,2.99,2019-06-13,164,0,6
LC08_L1TP_084233_20190613_20200828_02_T1,2019-06-13 00:12:29.266502+00:00,LANDSAT_8,9.30988029,0.68,2019-06-13,164,0,6
LC08_L1TP_013010_20190611_20200828_02_T1,2019-06-11 15:24:44.173455+00:00,LANDSAT_8,42.15322167,0.41,2019-06-11,162,15,6
LC08_L1GT_081234_20190607_20200828_02_T2,2019-06-07 23:54:18.736084+00:00,LANDSAT_8,10.22902248,90.45,2019-06-07,158,23,6
LC08_L1TP_010011_20190606_20200828_02_T1,2019-06-06 15:06:33.575246+00:00,LANDSAT_8,42.99504886,67.32,2019-06-06,157,15,6
LC08_L1TP_010010_20190606_20200828_02_T1,2019-06-06 15:06:09.684207+00:00,LANDSAT_8,41.72765308,31.49,2019-06-06,157,15,6
LC08_L1TP_083234_20190606_20200828_02_T1,2019-06-06 00:06:39.526055+00:00,LANDSAT_8,10.01603665,1.23,2019-06-06,157,0,6
LC08_L1TP_012010_20190604_20200829_02_T1,2019-06-04 15:18:30.453053+00:00,LANDSAT_8,41.51201391,78.44,2019-06-04,155,15,6
LC08_L1TP_082234_20190530_20200828_02_T1,2019-05-30 00:00:25.437418+00:00,LANDSAT_8,9.07847516,0.05,2019-05-30,150,0,5
LC08_L1TP_011010_20190528_20200828_02_T1,2019-05-28 15:12:16.250193+00:00,LANDSAT_8,40.54843763,0.24,2019-05-28,148,15,5
LC08_L1TP_084234_20190528_20200828_02_T1,2019-05-28 00:12:46.053988+00:00,LANDSAT_8,8.75995791,16.53,2019-05-28,148,0,5
LC08_L1TP_084233_20190528_20200828_02_T1,2019-05-28 00:12:22.158713+00:00,LANDSAT_8,7.41166344,12.94,2019-05-28,148,0,5
LC08_L1TP_013010_20190526_20200829_02_T1,2019-05-26 15:24:36.862442+00:00,LANDSAT_8,40.21785509,48.78,2019-05-26,146,15,5
LC08_L1TP_081234_20190522_20200828_02_T1,2019-05-22 23:54:10.942444+00:00,LANDSAT_8,7.86424814,0.01,2019-05-22,142,23,5
LC08_L1TP_010011_20190521_20200829_02_T1,2019-05-21 15:06:25.553089+00:00,LANDSAT_8,40.55534215,28.28,2019-05-21,141,15,5
LC08_L1TP_010010_20190521_20200828_02_T1,2019-05-21 15:06:01.662050+00:00,LANDSAT_8,39.27981455,5.78,2019-05-21,141,15,5
LC08_L1TP_083234_20190521_20200828_02_T1,2019-05-21 00:06:31.453177+00:00,LANDSAT_8,7.4723397,17.64,2019-05-21,141,0,5
LC08_L1TP_012010_20190519_20200828_02_T1,2019-05-19 15:18:22.160012+00:00,LANDSAT_8,38.86680466,27.43,2019-05-19,139,15,5
LC08_L1TP_082234_20190514_20200828_02_T1,2019-05-14 00:00:16.394576+00:00,LANDSAT_8,5.94045208,0.01,2019-05-14,134,0,5
LC08_L1TP_011010_20190512_20200829_02_T1,2019-05-12 15:12:06.974398+00:00,LANDSAT_8,37.23838941,0.03,2019-05-12,132,15,5
LC08_L1TP_084234_20190512_20200828_02_T1,2019-05-12 00:12:36.718901+00:00,LANDSAT_8,5.4628418,19.29,2019-05-12,132,0,5
LC08_L1TP_013010_20190510_20200829_02_T1,2019-05-10 15:24:27.294511+00:00,LANDSAT_8,36.72859562,18.12,2019-05-10,130,15,5
LC08_L1TP_010011_20190505_20200828_02_T1,2019-05-05 15:06:15.176528+00:00,LANDSAT_8,36.6344973,27.34,2019-05-05,125,15,5
LC08_L1TP_010010_20190505_20200829_02_T1,2019-05-05 15:05:51.281253+00:00,LANDSAT_8,35.35846785,23.32,2019-05-05,125,15,5
LC08_L1TP_012010_20190503_20200829_02_T1,2019-05-03 15:18:11.567686+00:00,LANDSAT_8,34.78227512,0.59,2019-05-03,123,15,5
LC08_L1TP_014010_20190501_20200829_02_T1,2019-05-01 15:30:32.383541+00:00,LANDSAT_8,34.18843397,1.13,2019-05-01,121,15,5
LC08_L1TP_011010_20190426_20200828_02_T1,2019-04-26 15:11:57.717649+00:00,LANDSAT_8,32.62198022,26.12,2019-04-26,116,15,4
LC08_L1GT_013010_20190424_20200829_02_T2,2019-04-24 15:24:19.732355+00:00,LANDSAT_8,31.9713037,100.0,2019-04-24,114,15,4
LC08_L1TP_010011_20190419_20200828_02_T1,2019-04-19 15:06:13.549246+00:00,LANDSAT_8,31.54458856,0.27,2019-04-19,109,15,4
LC08_L1TP_010010_20190419_20200828_02_T1,2019-04-19 15:05:49.683623+00:00,LANDSAT_8,30.27734862,2.21,2019-04-19,109,15,4
LC08_L1TP_012010_20190417_20200829_02_T1,2019-04-17 15:18:12.206611+00:00,LANDSAT_8,29.58170822,22.24,2019-04-17,107,15,4
LC08_L1TP_011010_20190410_20200829_02_T1,2019-04-10 15:12:04.210604+00:00,LANDSAT_8,27.04718442,0.15,2019-04-10,100,15,4
LC08_L1TP_013010_20190408_20200829_02_T1,2019-04-08 15:24:26.559876+00:00,LANDSAT_8,26.30457721,39.56,2019-04-08,98,15,4
LC08_L1GT_010011_20190403_20200829_02_T2,2019-04-03 15:06:19.520710+00:00,LANDSAT_8,25.6557923,99.94,2019-04-03,93,15,4
LC08_L1GT_010010_20190403_20200829_02_T2,2019-04-03 15:05:55.655087+00:00,LANDSAT_8,24.40033203,63.14,2019-04-03,93,15,4
LC08_L1TP_012010_20190401_20200829_02_T1,2019-04-01 15:18:17.834923+00:00,LANDSAT_8,23.63157158,24.21,2019-04-01,91,15,4
LC08_L1GT_011010_20190325_20200829_02_T2,2019-03-25 15:12:08.665116+00:00,LANDSAT_8,20.89044366,95.67,2019-03-25,84,15,3
LC08_L1TP_013010_20190323_20200829_02_T1,2019-03-23 15:24:30.692533+00:00,LANDSAT_8,20.10302103,44.06,2019-03-23,82,15,3
LC08_L1TP_010011_20190318_20200829_02_T1,2019-03-18 15:06:22.882931+00:00,LANDSAT_8,19.35724857,12.86,2019-03-18,77,15,3
LC08_L1TP_010010_20190318_20200829_02_T1,2019-03-18 15:05:59.017309+00:00,LANDSAT_8,18.11506595,35.33,2019-03-18,77,15,3
LC08_L1TP_012010_20190316_20200829_02_T1,2019-03-16 15:18:20.904879+00:00,LANDSAT_8,17.32422825,2.96,2019-03-16,75,15,3
LC08_L1TP_011010_20190309_20200829_02_T1,2019-03-09 15:12:12.456399+00:00,LANDSAT_8,14.55436246,0.64,2019-03-09,68,15,3
LC08_L1TP_013010_20190307_20200829_02_T1,2019-03-07 15:24:34.882463+00:00,LANDSAT_8,13.7739939,99.98,2019-03-07,66,15,3
LC08_L1TP_010011_20190302_20200829_02_T1,2019-03-02 15:06:28.072735+00:00,LANDSAT_8,13.06490292,62.03,2019-03-02,61,15,3
LC08_L1TP_010010_20190302_20200829_02_T1,2019-03-02 15:06:04.198640+00:00,LANDSAT_8,11.83255734,46.75,2019-03-02,61,15,3
LC08_L1TP_012010_20190228_20200829_02_T1,2019-02-28 15:18:26.488953+00:00,LANDSAT_8,11.07297858,0.23,2019-02-28,59,15,2
LC08_L1TP_011010_20190221_20200829_02_T1,2019-02-21 15:12:17.642532+00:00,LANDSAT_8,8.46977189,62.77,2019-02-21,52,15,2
LC08_L1TP_013010_20190219_20200829_02_T1,2019-02-19 15:24:39.750717+00:00,LANDSAT_8,7.75310287,63.28,2019-02-19,50,15,2
LC08_L1TP_010011_20190214_20200829_02_T1,2019-02-14 15:06:32.153383+00:00,LANDSAT_8,7.23303975,42.48,2019-02-14,45,15,2
LC08_L1GT_010010_20190214_20200829_02_T2,2019-02-14 15:06:08.270816+00:00,LANDSAT_8,6.00353115,53.77,2019-02-14,45,15,2
LC08_L1TP_081234_20200625_20200823_02_T1,2020-06-25 23:54:16.492252+00:00,LANDSAT_8,10.99959451,26.61,2020-06-25,177,23,6
LC08_L1TP_010011_20200624_20200824_02_T1,2020-06-24 15:06:31.224275+00:00,LANDSAT_8,43.68894181,47.57,2020-06-24,176,15,6
LC08_L1TP_010010_20200624_20200823_02_T1,2020-06-24 15:06:07.328999+00:00,LANDSAT_8,42.43678146,81.52,2020-06-24,176,15,6
LC08_L1TP_083234_20200624_20200823_02_T1,2020-06-24 00:06:37.144855+00:00,LANDSAT_8,11.0291675,40.94,2020-06-24,176,0,6
LC08_L1TP_012010_20200622_20200823_02_T1,2020-06-22 15:18:27.968912+00:00,LANDSAT_8,42.47646788,38.83,2020-06-22,174,15,6
LC08_L1TP_082234_20200617_20200823_02_T1,2020-06-17 00:00:22.621320+00:00,LANDSAT_8,10.92259124,41.49,2020-06-17,169,0,6
LC08_L1GT_011010_20200615_20200823_02_T2,2020-06-15 15:12:13.347954+00:00,LANDSAT_8,42.39809624,63.4,2020-06-15,167,15,6
LC08_L1GT_084234_20200615_20200823_02_T2,2020-06-15 00:12:43.121469+00:00,LANDSAT_8,10.83234154,83.83,2020-06-15,167,0,6
LC08_L1GT_084233_20200615_20200823_02_T2,2020-06-15 00:12:19.226194+00:00,LANDSAT_8,9.48618738,80.18,2020-06-15,167,0,6
LC08_L1TP_013010_20200613_20200823_02_T1,2020-06-13 15:24:33.852330+00:00,LANDSAT_8,42.31401373,6.5,2020-06-13,165,15,6
LC08_L1GT_081234_20200609_20200824_02_T2,2020-06-09 23:54:07.721210+00:00,LANDSAT_8,10.49273148,95.27,2020-06-09,161,23,6
LC08_L1GT_010011_20200608_20200825_02_T2,2020-06-08 15:06:22.275355+00:00,LANDSAT_8,43.24751574,90.9,2020-06-08,160,15,6
LC08_L1GT_010010_20200608_20200825_02_T2,2020-06-08 15:05:58.380080+00:00,LANDSAT_8,41.98242457,94.02,2020-06-08,160,15,6
LC08_L1GT_083234_20200608_20200824_02_T2,2020-06-08 00:06:28.119710+00:00,LANDSAT_8,10.31425802,63.82,2020-06-08,160,0,6
LC08_L1GT_012010_20200606_20200824_02_T2,2020-06-06 15:18:18.757499+00:00,LANDSAT_8,41.80352354,100.0,2020-06-06,158,15,6
LC08_L1TP_014010_20200604_20200825_02_T1,2020-06-04 15:30:39.088473+00:00,LANDSAT_8,41.59828944,1.72,2020-06-04,156,15,6
LC08_L1TP_082234_20200601_20200825_02_T2,2020-06-01 00:00:12.652707+00:00,LANDSAT_8,9.49328837,54.35,2020-06-01,153,0,6
LC08_L1TP_011010_20200530_20200820_02_T1,2020-05-30 15:12:03.193170+00:00,LANDSAT_8,40.96596755,3.17,2020-05-30,151,15,5
LC08_L1GT_084234_20200530_20200820_02_T2,2020-05-30 00:12:32.882069+00:00,LANDSAT_8,9.20626356,69.37,2020-05-30,151,0,5
LC08_L1TP_084233_20200530_20200820_02_T1,2020-05-30 00:12:08.986794+00:00,LANDSAT_8,7.85798231,45.26,2020-05-30,151,0,5
LC08_L1TP_013010_20200528_20200820_02_T1,2020-05-28 15:24:23.503096+00:00,LANDSAT_8,40.66987874,90.04,2020-05-28,149,15,5
LC08_L1GT_081234_20200524_20200820_02_T2,2020-05-24 23:53:59.037302+00:00,LANDSAT_8,8.38527245,4.94,2020-05-24,145,23,5
LC08_L1TP_010011_20200523_20200820_02_T1,2020-05-23 15:06:14.189056+00:00,LANDSAT_8,41.08890399,4.21,2020-05-23,144,15,5
LC08_L1TP_010010_20200523_20200820_02_T1,2020-05-23 15:05:50.298017+00:00,LANDSAT_8,39.81485265,5.54,2020-05-23,144,15,5
LC08_L1TP_083234_20200523_20200820_02_T1,2020-05-23 00:06:20.338540+00:00,LANDSAT_8,8.02151132,13.21,2020-05-23,144,0,5
LC08_L1TP_012010_20200521_20200820_02_T1,2020-05-21 15:18:11.573845+00:00,LANDSAT_8,39.43295344,0.18,2020-05-21,142,15,5
LC08_L1TP_014010_20200519_20200820_02_T1,2020-05-19 15:30:32.811515+00:00,LANDSAT_8,39.02813932,69.94,2020-05-19,140,15,5
LC08_L1TP_082234_20200516_20200820_02_T2,2020-05-16 00:00:08.066389+00:00,LANDSAT_8,6.58079939,0.06,2020-05-16,137,0,5
LC08_L1TP_011010_20200514_20200820_02_T1,2020-05-14 15:11:59.212859+00:00,LANDSAT_8,37.91034429,22.25,2020-05-14,135,15,5
LC08_L1TP_084234_20200514_20200820_02_T2,2020-05-14 00:12:29.211041+00:00,LANDSAT_8,6.1281189,55.62,2020-05-14,135,0,5
LC08_L1TP_013010_20200512_20200820_02_T1,2020-05-12 15:24:20.348900+00:00,LANDSAT_8,37.42850553,0.46,2020-05-12,133,15,5
LC08_L1TP_010011_20200507_20200820_02_T1,2020-05-07 15:06:11.572760+00:00,LANDSAT_8,37.3993692,6.58,2020-05-07,128,15,5
LC08_L1TP_010010_20200507_20200820_02_T1,2020-05-07 15:05:47.711373+00:00,LANDSAT_8,36.12535907,1.63,2020-05-07,128,15,5
LC08_L1TP_012010_20200505_20200820_02_T1,2020-05-05 15:18:10.626375+00:00,LANDSAT_8,35.57474821,1.23,2020-05-05,126,15,5
LC08_L1TP_011010_20200428_20200820_02_T1,2020-04-28 15:12:04.000172+00:00,LANDSAT_8,33.49589489,97.84,2020-04-28,119,15,4
LC08_L1TP_013010_20200426_20200822_02_T1,2020-04-26 15:24:26.749985+00:00,LANDSAT_8,32.86762881,56.29,2020-04-26,117,15,4
LC08_L1TP_010011_20200421_20200822_02_T1,2020-04-21 15:06:20.739843+00:00,LANDSAT_8,32.4895011,0.77,2020-04-21,112,15,4
LC08_L1TP_010010_20200421_20200822_02_T1,2020-04-21 15:05:56.874220+00:00,LANDSAT_8,31.22031948,3.27,2020-04-21,112,15,4
LC08_L1TP_012010_20200419_20200822_02_T1,2020-04-19 15:18:19.471386+00:00,LANDSAT_8,30.54175683,70.88,2020-04-19,110,15,4
LC08_L1GT_011010_20200412_20200822_02_T2,2020-04-12 15:12:11.722811+00:00,LANDSAT_8,28.05998912,100.0,2020-04-12,103,15,4
LC08_L1TP_013010_20200410_20200822_02_T1,2020-04-10 15:24:34.150865+00:00,LANDSAT_8,27.33030169,0.03,2020-04-10,101,15,4
LC08_L1TP_010011_20200405_20200822_02_T1,2020-04-05 15:06:27.336414+00:00,LANDSAT_8,26.71330126,0.01,2020-04-05,96,15,4
LC08_L1TP_010010_20200405_20200822_02_T1,2020-04-05 15:06:03.470791+00:00,LANDSAT_8,25.45507101,0.0,2020-04-05,96,15,4
LC08_L1TP_012010_20200403_20200822_02_T1,2020-04-03 15:18:25.750698+00:00,LANDSAT_8,24.69576679,1.07,2020-04-03,94,15,4
LC08_L1TP_011010_20200327_20200822_02_T2,2020-03-27 15:12:19.239617+00:00,LANDSAT_8,21.97727965,100.0,2020-03-27,87,15,3
LC08_L1GT_013010_20200325_20200822_02_T2,2020-03-25 15:24:42.099707+00:00,LANDSAT_8,21.1938052,100.0,2020-03-25,85,15,3
LC08_L1TP_010011_20200320_20200822_02_T1,2020-03-20 15:06:36.386624+00:00,LANDSAT_8,20.45519439,57.08,2020-03-20,80,15,3
LC08_L1TP_010010_20200320_20200822_02_T1,2020-03-20 15:06:12.512529+00:00,LANDSAT_8,19.20965014,12.03,2020-03-20,80,15,3
LC08_L1TP_012010_20200318_20200822_02_T1,2020-03-18 15:18:35.232932+00:00,LANDSAT_8,18.41884487,0.71,2020-03-18,78,15,3
LC08_L1TP_011010_20200311_20200822_02_T1,2020-03-11 15:12:27.929672+00:00,LANDSAT_8,15.64183741,20.46,2020-03-11,71,15,3
LC08_L1TP_013010_20200309_20200822_02_T1,2020-03-09 15:24:50.472163+00:00,LANDSAT_8,14.85667936,15.12,2020-03-09,69,15,3
LC08_L1TP_010011_20200304_20200822_02_T1,2020-03-04 15:06:43.971822+00:00,LANDSAT_8,14.1321115,1.26,2020-03-04,64,15,3
LC08_L1TP_010010_20200304_20200822_02_T1,2020-03-04 15:06:20.106199+00:00,LANDSAT_8,12.89802216,20.11,2020-03-04,64,15,3
LC08_L1TP_012010_20200302_20200822_02_T1,2020-03-02 15:18:42.530326+00:00,LANDSAT_8,12.12892084,1.68,2020-03-02,62,15,3
LC08_L1TP_011010_20200224_20200822_02_T1,2020-02-24 15:12:34.135497+00:00,LANDSAT_8,9.48182563,19.58,2020-02-24,55,15,2
LC08_L1TP_013010_20200222_20200822_02_T1,2020-02-22 15:24:56.364571+00:00,LANDSAT_8,8.74964609,34.9,2020-02-22,53,15,2
LC08_L1TP_010011_20200217_20200823_02_T1,2020-02-17 15:06:49.059196+00:00,LANDSAT_8,8.18583309,7.92,2020-02-17,48,15,2
LC08_L1TP_010010_20200217_20200823_02_T1,2020-02-17 15:06:25.189337+00:00,LANDSAT_8,6.95608253,22.16,2020-02-17,48,15,2
LC08_L1TP_012010_20200215_20200823_02_T1,2020-02-15 15:18:47.282877+00:00,LANDSAT_8,6.26565363,37.05,2020-02-15,46,15,2
LC08_L1GT_081234_20210628_20210707_02_T2,2021-06-28 23:54:25.508994+00:00,LANDSAT_8,10.9070195,83.79,2021-06-28,179,23,6
LC08_L1TP_010011_20210627_20210707_02_T1,2021-06-27 15:06:40.672280+00:00,LANDSAT_8,43.5886425,81.69,2021-06-27,178,15,6
LC08_L1TP_010010_20210627_20210707_02_T1,2021-06-27 15:06:16.785476+00:00,LANDSAT_8,42.33863379,27.8,2021-06-27,178,15,6
LC08_L1GT_083234_20210627_20210707_02_T2,2021-06-27 00:06:46.804330+00:00,LANDSAT_8,10.97408696,78.64,2021-06-27,178,0,6
LC08_L1GT_012010_20210625_20210707_02_T2,2021-06-25 15:18:38.047022+00:00,LANDSAT_8,42.41550774,99.68,2021-06-25,176,15,6
LC08_L1TP_082234_20210620_20210628_02_T1,2021-06-20 00:00:34.411909+00:00,LANDSAT_8,10.99745197,10.11,2021-06-20,171,0,6
LC08_L1TP_011010_20210618_20210628_02_T1,2021-06-18 15:12:25.552897+00:00,LANDSAT_8,42.47082739,0.17,2021-06-18,169,15,6
LC08_L1TP_084234_20210618_20210628_02_T2,2021-06-18 00:12:55.499702+00:00,LANDSAT_8,10.94333492,68.53,2021-06-18,169,0,6
LC08_L1TP_084233_20210618_20210628_02_T2,2021-06-18 00:12:31.604427+00:00,LANDSAT_8,9.5979667,69.23,2021-06-18,169,0,6
LC08_L1TP_013010_20210616_20210622_02_T1,2021-06-16 15:24:46.644941+00:00,LANDSAT_8,42.42492818,60.74,2021-06-16,167,15,6
LC08_L1TP_081234_20210612_20210621_02_T1,2021-06-12 23:54:21.511381+00:00,LANDSAT_8,10.69316567,37.3,2021-06-12,163,23,6
LC08_L1TP_010011_20210611_20210622_02_T1,2021-06-11 15:06:36.429130+00:00,LANDSAT_8,43.4504879,65.22,2021-06-11,162,15,6
LC08_L1TP_010010_20210611_20210622_02_T1,2021-06-11 15:06:12.542326+00:00,LANDSAT_8,42.18750083,17.76,2021-06-11,162,15,6
LC08_L1TP_083234_20210611_20210621_02_T1,2021-06-11 00:06:42.438354+00:00,LANDSAT_8,10.54880229,16.07,2021-06-11,162,0,6
LC08_L1TP_012010_20210609_20210615_02_T1,2021-06-09 15:18:33.448158+00:00,LANDSAT_8,42.04560998,1.4,2021-06-09,160,15,6
LC08_L1TP_082234_20210604_20210614_02_T1,2021-06-04 00:00:28.797351+00:00,LANDSAT_8,9.84318762,11.88,2021-06-04,155,0,6
LC08_L1TP_011010_20210602_20210608_02_T1,2021-06-02 15:12:19.701422+00:00,LANDSAT_8,41.33431933,0.03,2021-06-02,153,15,6
LC08_L1TP_084234_20210602_20210607_02_T1,2021-06-02 00:12:49.525522+00:00,LANDSAT_8,9.58754474,12.14,2021-06-02,153,0,6
LC08_L1TP_084233_20210602_20210607_02_T1,2021-06-02 00:12:25.638719+00:00,LANDSAT_8,8.23940587,1.56,2021-06-02,153,0,6
LC08_L1GT_013010_20210531_20210608_02_T2,2021-05-31 15:24:40.433800+00:00,LANDSAT_8,41.0734153,99.99,2021-05-31,151,15,5
LC08_L1TP_081234_20210527_20210607_02_T1,2021-05-27 23:54:14.673885+00:00,LANDSAT_8,8.84547349,56.29,2021-05-27,147,23,5
LC08_L1TP_010011_20210526_20210529_02_T1,2021-05-26 15:06:29.346092+00:00,LANDSAT_8,41.57811766,93.57,2021-05-26,146,15,5
LC08_L1TP_010010_20210526_20210529_02_T1,2021-05-26 15:06:05.455053+00:00,LANDSAT_8,40.30473689,73.28,2021-05-26,146,15,5
LC08_L1TP_083234_20210526_20210529_02_T1,2021-05-26 00:06:35.253741+00:00,LANDSAT_8,8.51199539,29.05,2021-05-26,146,0,5
LC08_L1TP_012010_20210524_20210529_02_T1,2021-05-24 15:18:26.009532+00:00,LANDSAT_8,39.95646906,74.58,2021-05-24,144,15,5
LC08_L1TP_082234_20210519_20210529_02_T1,2021-05-19 00:00:20.363893+00:00,LANDSAT_8,7.1694782,21.41,2021-05-19,139,0,5
LC08_L1TP_011010_20210517_20210525_02_T1,2021-05-17 15:12:11.009647+00:00,LANDSAT_8,38.54368803,12.08,2021-05-17,137,15,5
LC08_L1GT_084234_20210517_20210524_02_T2,2021-05-17 00:12:40.727911+00:00,LANDSAT_8,6.74245058,50.2,2021-05-17,137,0,5
LC08_L1TP_084233_20210517_20210524_02_T2,2021-05-17 00:12:16.832637+00:00,LANDSAT_8,5.39764634,24.51,2021-05-17,137,0,5
LC08_L1TP_013010_20210515_20210525_02_T1,2021-05-15 15:24:31.352556+00:00,LANDSAT_8,38.09125964,13.14,2021-05-15,135,15,5
LC08_L1GT_081234_20210511_20210524_02_T2,2021-05-11 23:54:04.885541+00:00,LANDSAT_8,5.58659742,36.38,2021-05-11,131,23,5
LC08_L1TP_010011_20210510_20210518_02_T1,2021-05-10 15:06:19.269856+00:00,LANDSAT_8,38.13557752,58.73,2021-05-10,130,15,5
LC08_L1GT_010010_20210510_20210518_02_T2,2021-05-10 15:05:55.370345+00:00,LANDSAT_8,36.85862653,64.85,2021-05-10,130,15,5
LC08_L1GT_083234_20210510_20210517_02_T2,2021-05-10 00:06:25.075846+00:00,LANDSAT_8,5.09677665,58.71,2021-05-10,130,0,5
LC08_L1TP_012010_20210508_20210518_02_T1,2021-05-08 15:18:15.535153+00:00,LANDSAT_8,36.33362604,8.78,2021-05-08,128,15,5
LC08_L1TP_011010_20210501_20210508_02_T1,2021-05-01 15:12:06.914433+00:00,LANDSAT_8,34.3387279,0.0,2021-05-01,121,15,5
LC08_L1TP_013010_20210429_20210508_02_T1,2021-04-29 15:24:29.862296+00:00,LANDSAT_8,33.73255178,3.91,2021-04-29,119,15,4
LC08_L1TP_010011_20210424_20210501_02_T1,2021-04-24 15:06:24.307459+00:00,LANDSAT_8,33.40896947,11.39,2021-04-24,114,15,4
LC08_L1TP_010010_20210424_20210501_02_T1,2021-04-24 15:06:00.441836+00:00,LANDSAT_8,32.13814926,55.04,2021-04-24,114,15,4
LC08_L1TP_012010_20210422_20210430_02_T1,2021-04-22 15:18:23.199362+00:00,LANDSAT_8,31.47872475,46.6,2021-04-22,112,15,4
LC08_L1TP_011010_20210415_20210424_02_T1,2021-04-15 15:12:15.875538+00:00,LANDSAT_8,29.05448768,12.51,2021-04-15,105,15,4
LC08_L1GT_013010_20210413_20210423_02_T2,2021-04-13 15:24:38.382984+00:00,LANDSAT_8,28.33875513,92.49,2021-04-13,103,15,4
LC08_L1TP_010011_20210408_20210416_02_T1,2021-04-08 15:06:31.743997+00:00,LANDSAT_8,27.75330479,100.0,2021-04-08,98,15,4
LC08_L1TP_010010_20210408_20210416_02_T1,2021-04-08 15:06:07.874138+00:00,LANDSAT_8,26.49243519,29.14,2021-04-08,98,15,4
LC08_L1GT_012010_20210406_20210415_02_T2,2021-04-06 15:18:30.229311+00:00,LANDSAT_8,25.74378626,100.0,2021-04-06,96,15,4
LC08_L1GT_011010_20210330_20210409_02_T2,2021-03-30 15:12:21.570891+00:00,LANDSAT_8,23.05422404,100.0,2021-03-30,89,15,3
LC08_L1TP_013010_20210328_20210402_02_T1,2021-03-28 15:24:43.714115+00:00,LANDSAT_8,22.27703653,1.07,2021-03-28,87,15,3
LC08_L1TP_010011_20210323_20210402_02_T1,2021-03-23 15:06:36.151186+00:00,LANDSAT_8,21.55120102,61.65,2021-03-23,82,15,3
LC08_L1GT_010010_20210323_20210402_02_T2,2021-03-23 15:06:12.285563+00:00,LANDSAT_8,20.30368095,100.0,2021-03-23,82,15,3
LC08_L1TP_012010_20210321_20210401_02_T1,2021-03-21 15:18:34.250834+00:00,LANDSAT_8,19.51444039,39.47,2021-03-21,80,15,3
LC08_L1TP_011010_20210314_20210328_02_T1,2021-03-14 15:12:26.054330+00:00,LANDSAT_8,16.73343613,3.84,2021-03-14,73,15,3
LC08_L1TP_013010_20210312_20210317_02_T1,2021-03-12 15:24:48.968600+00:00,LANDSAT_8,15.9442858,14.72,2021-03-12,71,15,3
LC08_L1TP_010011_20210307_20210317_02_T1,2021-03-07 15:06:43.363286+00:00,LANDSAT_8,15.20682728,26.62,2021-03-07,66,15,3
LC08_L1GT_010010_20210307_20210317_02_T2,2021-03-07 15:06:19.489190+00:00,LANDSAT_8,13.97051584,99.99,2021-03-07,66,15,3
LC08_L1TP_012010_20210305_20210311_02_T1,2021-03-05 15:18:42.251130+00:00,LANDSAT_8,13.19363949,11.54,2021-03-05,64,15,3
LC08_L1TP_011010_20210226_20210303_02_T1,2021-02-26 15:12:34.941345+00:00,LANDSAT_8,10.51148104,29.64,2021-02-26,57,15,2
LC08_L1TP_013010_20210224_20210303_02_T1,2021-02-24 15:24:57.444968+00:00,LANDSAT_8,9.76617904,29.77,2021-02-24,55,15,2
LC08_L1TP_010011_20210219_20210219_02_T1,2021-02-19 15:06:50.798041+00:00,LANDSAT_8,9.16377687,20.02,2021-02-19,50,15,2
LC08_L1GT_010010_20210219_20220825_02_T2,2021-02-19 15:06:26.932418+00:00,LANDSAT_8,7.9339602,5.14,2021-02-19,50,15,2
LC08_L1TP_012010_20210217_20210301_02_T1,2021-02-17 15:18:49.258214+00:00,LANDSAT_8,7.22538061,5.77,2021-02-17,48,15,2
LC09_L1TP_011010_20220629_20230409_02_T1,2022-06-29 15:12:27.071601+00:00,LANDSAT_9,42.24611547,95.15,2022-06-29,180,15,6
LC09_L1TP_084234_20220629_20230409_02_T1,2022-06-29 00:12:57.115347+00:00,LANDSAT_9,10.92047877,0.14,2022-06-29,180,0,6
LC09_L1TP_084233_20220629_20230409_02_T1,2022-06-29 00:12:33.232803+00:00,LANDSAT_9,9.58130705,0.49,2022-06-29,180,0,6
LC08_L1TP_012010_20220628_20220706_02_T1,2022-06-28 15:18:59.692413+00:00,LANDSAT_8,42.30344607,0.59,2022-06-28,179,15,6
LC09_L1TP_013010_20220627_20230409_02_T1,2022-06-27 15:24:48.964542+00:00,LANDSAT_9,42.34761761,10.12,2022-06-27,178,15,6
LC09_L1GT_081234_20220623_20230410_02_T2,2022-06-23 23:54:23.670688+00:00,LANDSAT_9,11.02943367,79.86,2022-06-23,174,23,6
LC08_L1GT_082234_20220623_20220705_02_T2,2022-06-23 00:00:56.327230+00:00,LANDSAT_8,11.00902301,99.95,2022-06-23,174,0,6
LC09_L1GT_010011_20220622_20230411_02_T2,2022-06-22 15:06:36.488029+00:00,LANDSAT_9,43.73596169,96.97,2022-06-22,173,15,6
LC09_L1GT_010010_20220622_20230411_02_T2,2022-06-22 15:06:12.592778+00:00,LANDSAT_9,42.48231969,62.08,2022-06-22,173,15,6
LC09_L1GT_083234_20220622_20230410_02_T2,2022-06-22 00:06:41.264052+00:00,LANDSAT_9,11.02515099,99.97,2022-06-22,173,0,6
LC08_L1GT_011010_20220621_20220705_02_T2,2022-06-21 15:12:47.471118+00:00,LANDSAT_8,42.49114225,90.21,2022-06-21,172,15,6
LC08_L1TP_084234_20220621_20220701_02_T1,2022-06-21 00:13:17.370659+00:00,LANDSAT_8,10.99134353,2.25,2022-06-21,172,0,6
LC08_L1TP_084233_20220621_20220701_02_T2,2022-06-21 00:12:53.479619+00:00,LANDSAT_8,9.64668111,47.73,2022-06-21,172,0,6
LC09_L1TP_012010_20220620_20230411_02_T1,2022-06-20 15:18:30.122624+00:00,LANDSAT_9,42.48802107,7.02,2022-06-20,171,15,6
LC08_L1TP_013010_20220619_20220630_02_T1,2022-06-19 15:25:08.450920+00:00,LANDSAT_8,42.48318718,13.26,2022-06-19,170,15,6
LC08_L1TP_081234_20220615_20220627_02_T1,2022-06-15 23:54:42.838710+00:00,LANDSAT_8,10.83282025,0.01,2022-06-15,166,23,6
LC09_L1TP_082234_20220615_20230412_02_T2,2022-06-15 00:00:19.727964+00:00,LANDSAT_9,10.80437253,9.42,2022-06-15,166,0,6
LC08_L1TP_010011_20220614_20220617_02_T1,2022-06-14 15:06:57.496452+00:00,LANDSAT_8,43.60337718,54.59,2022-06-14,165,15,6
LC08_L1TP_010010_20220614_20220617_02_T1,2022-06-14 15:06:33.605413+00:00,LANDSAT_8,42.3412531,70.0,2022-06-14,165,15,6
LC08_L1TP_083234_20220614_20220616_02_T1,2022-06-14 00:07:03.348210+00:00,LANDSAT_8,10.7242325,49.39,2022-06-14,165,0,6
LC09_L1TP_011010_20220613_20230412_02_T1,2022-06-13 15:12:10.242754+00:00,LANDSAT_9,42.29017077,81.54,2022-06-13,164,15,6
LC09_L1GT_084234_20220613_20230412_02_T2,2022-06-13 00:12:39.680720+00:00,LANDSAT_9,10.68314631,89.02,2022-06-13,164,0,6
LC09_L1GT_084233_20220613_20230412_02_T2,2022-06-13 00:12:15.798178+00:00,LANDSAT_9,9.33714789,89.8,2022-06-13,164,0,6
LC08_L1TP_012010_20220612_20220617_02_T1,2022-06-12 15:18:54.017652+00:00,LANDSAT_8,42.23678841,91.01,2022-06-12,163,15,6
LC09_L1TP_013010_20220611_20230413_02_T1,2022-06-11 15:24:30.093852+00:00,LANDSAT_9,42.17221055,65.74,2022-06-11,162,15,6
LC09_L1TP_081234_20220607_20230414_02_T2,2022-06-07 23:54:04.003489+00:00,LANDSAT_9,10.26524401,0.0,2022-06-07,158,23,6
LC08_L1TP_082234_20220607_20220609_02_T1,2022-06-07 00:00:47.568521+00:00,LANDSAT_8,10.1392463,0.02,2022-06-07,158,0,6
LC09_L1TP_010011_20220606_20230414_02_T1,2022-06-06 15:06:19.514883+00:00,LANDSAT_9,43.02282099,1.31,2022-06-06,157,15,6
LC09_L1TP_010010_20220606_20230414_02_T1,2022-06-06 15:05:55.628103+00:00,LANDSAT_9,41.75679429,0.03,2022-06-06,157,15,6
LC09_L1TP_083234_20220606_20230414_02_T1,2022-06-06 00:06:25.591328+00:00,LANDSAT_9,10.05532306,0.74,2022-06-06,157,0,6
LC08_L1TP_011010_20220605_20220610_02_T1,2022-06-05 15:12:37.996580+00:00,LANDSAT_8,41.65609753,0.02,2022-06-05,156,15,6
LC08_L1TP_084234_20220605_20220609_02_T1,2022-06-05 00:13:07.557340+00:00,LANDSAT_8,9.91719756,0.25,2022-06-05,156,0,6
LC08_L1TP_084233_20220605_20220609_02_T1,2022-06-05 00:12:43.670536+00:00,LANDSAT_8,8.56852016,0.3,2022-06-05,156,0,6
LC09_L1TP_012010_20220604_20230414_02_T1,2022-06-04 15:18:17.160863+00:00,LANDSAT_9,41.54484074,1.12,2022-06-04,155,15,6
LC08_L1TP_013010_20220603_20220610_02_T1,2022-06-03 15:24:57.938848+00:00,LANDSAT_8,41.43109748,65.31,2022-06-03,154,15,6
LC08_L1GT_081234_20220530_20220609_02_T2,2022-05-30 23:54:30.569248+00:00,LANDSAT_8,9.2538447,67.37,2022-05-30,150,23,5
LC09_L1TP_082234_20220530_20230415_02_T2,2022-05-30 00:00:13.844257+00:00,LANDSAT_9,9.12965983,18.17,2022-05-30,150,0,5
LC08_L1TP_010011_20220529_20220603_02_T1,2022-05-29 15:06:44.612958+00:00,LANDSAT_8,42.02301328,52.0,2022-05-29,149,15,5
LC08_L1TP_010010_20220529_20220603_02_T1,2022-05-29 15:06:20.721918+00:00,LANDSAT_8,40.7497649,65.0,2022-05-29,149,15,5
LC08_L1GT_083234_20220529_20220602_02_T2,2022-05-29 00:06:50.189505+00:00,LANDSAT_8,8.9498829,81.76,2022-05-29,149,0,5
LC09_L1TP_011010_20220528_20230415_02_T1,2022-05-28 15:12:05.083354+00:00,LANDSAT_9,40.59344204,75.52,2022-05-28,148,15,5
LC09_L1GT_084234_20220528_20230415_02_T2,2022-05-28 00:12:34.919482+00:00,LANDSAT_9,8.81463037,61.74,2022-05-28,148,0,5
LC09_L1GT_084233_20220528_20230415_02_T2,2022-05-28 00:12:11.036937+00:00,LANDSAT_9,7.46734332,36.35,2022-05-28,148,0,5
LC08_L1TP_012010_20220527_20220603_02_T1,2022-05-27 15:18:40.350678+00:00,LANDSAT_8,40.43476308,73.35,2022-05-27,147,15,5
LC09_L1TP_013010_20220526_20230415_02_T1,2022-05-26 15:24:26.416968+00:00,LANDSAT_9,40.26468318,14.9,2022-05-26,146,15,5
LC09_L1TP_081234_20220522_20230415_02_T1,2022-05-22 23:54:02.257965+00:00,LANDSAT_9,7.88919036,55.85,2022-05-22,142,23,5
LC08_L1GT_082234_20220522_20220524_02_T2,2022-05-22 00:00:39.434112+00:00,LANDSAT_8,7.70644179,91.27,2022-05-22,142,0,5
LC09_L1TP_010011_20220521_20230415_02_T1,2022-05-21 15:06:18.341121+00:00,LANDSAT_9,40.60784834,73.57,2022-05-21,141,15,5
LC09_L1TP_010010_20220521_20230415_02_T1,2022-05-21 15:05:54.479757+00:00,LANDSAT_9,39.33477919,23.13,2022-05-21,141,15,5
LC09_L1TP_083234_20220521_20230415_02_T1,2022-05-21 00:06:23.837199+00:00,LANDSAT_9,7.49696264,24.03,2022-05-21,141,0,5
LC08_L1TP_011010_20220520_20220525_02_T1,2022-05-20 15:12:31.056725+00:00,LANDSAT_8,39.13547161,0.18,2022-05-20,140,15,5
LC08_L1TP_084234_20220520_20220524_02_T2,2022-05-20 00:13:01.125808+00:00,LANDSAT_8,7.30689983,0.03,2022-05-20,140,0,5
LC08_L1TP_084233_20220520_20220524_02_T2,2022-05-20 00:12:37.230533+00:00,LANDSAT_8,5.96016031,0.75,2022-05-20,140,0,5
LC09_L1TP_012010_20220519_20230416_02_T1,2022-05-19 15:18:16.308911+00:00,LANDSAT_9,38.92421132,10.76,2022-05-19,139,15,5
LC08_L1TP_013010_20220518_20220525_02_T1,2022-05-18 15:24:52.566219+00:00,LANDSAT_8,38.71358092,30.75,2022-05-18,138,15,5
LC08_L1TP_081234_20220514_20220519_02_T1,2022-05-14 23:54:27.695943+00:00,LANDSAT_8,6.21696244,14.21,2022-05-14,134,23,5
LC09_L1TP_082234_20220514_20230416_02_T2,2022-05-14 00:00:19.083444+00:00,LANDSAT_9,5.96700899,33.93,2022-05-14,134,0,5
LC08_L1TP_010011_20220513_20220519_02_T1,2022-05-13 15:06:42.578424+00:00,LANDSAT_8,38.83351091,80.7,2022-05-13,133,15,5
LC08_L1TP_010010_20220513_20220519_02_T1,2022-05-13 15:06:18.687385+00:00,LANDSAT_8,37.55577595,7.43,2022-05-13,133,15,5
LC09_L1TP_011010_20220512_20230416_02_T1,2022-05-12 15:12:12.398121+00:00,LANDSAT_9,37.30723715,2.6,2022-05-12,132,15,5
LC08_L1TP_012010_20220511_20220519_02_T1,2022-05-11 15:18:39.425748+00:00,LANDSAT_8,37.0586584,0.04,2022-05-11,131,15,5
LC09_L1TP_013010_20220510_20230417_02_T1,2022-05-10 15:24:35.561551+00:00,LANDSAT_9,36.80025201,19.01,2022-05-10,130,15,5
LC09_L1TP_010011_20220505_20230417_02_T1,2022-05-05 15:06:30.162668+00:00,LANDSAT_9,36.71195509,1.14,2022-05-05,125,15,5
LC09_L1TP_010010_20220505_20230417_02_T1,2022-05-05 15:06:06.301304+00:00,LANDSAT_9,35.43731225,0.0,2022-05-05,125,15,5
LC08_L1GT_011010_20220504_20220511_02_T2,2022-05-04 15:12:24.328109+00:00,LANDSAT_8,35.15465384,41.72,2022-05-04,124,15,5
LC09_L1TP_012010_20220503_20230418_02_T1,2022-05-03 15:18:28.952197+00:00,LANDSAT_9,34.86338086,0.84,2022-05-03,123,15,5
LC08_L1TP_013010_20220502_20220511_02_T1,2022-05-02 15:24:44.418597+00:00,LANDSAT_8,34.57160608,2.25,2022-05-02,122,15,5
LC08_L1GT_010011_20220427_20220503_02_T2,2022-04-27 15:06:33.160036+00:00,LANDSAT_8,34.30442171,100.0,2022-04-27,117,15,4
LC08_L1GT_010010_20220427_20220503_02_T2,2022-04-27 15:06:09.264760+00:00,LANDSAT_8,33.03001735,100.0,2022-04-27,117,15,4
LC09_L1GT_011010_20220426_20230418_02_T2,2022-04-26 15:12:20.068231+00:00,LANDSAT_9,32.71012893,99.97,2022-04-26,116,15,4
LC08_L1TP_012010_20220425_20220503_02_T1,2022-04-25 15:18:32.112664+00:00,LANDSAT_8,32.39016804,55.57,2022-04-25,115,15,4
LC09_L1TP_013010_20220424_20230419_02_T1,2022-04-24 15:24:41.727942+00:00,LANDSAT_9,32.06287783,46.93,2022-04-24,114,15,4
LC09_L1TP_010011_20220419_20230421_02_T1,2022-04-19 15:06:34.872085+00:00,LANDSAT_9,31.64080022,48.64,2022-04-19,109,15,4
LC09_L1TP_010010_20220419_20230421_02_T1,2022-04-19 15:06:11.010720+00:00,LANDSAT_9,30.37234468,59.35,2022-04-19,109,15,4
LC08_L1TP_011010_20220418_20220427_02_T2,2022-04-18 15:12:24.064492+00:00,LANDSAT_8,30.02896369,88.65,2022-04-18,108,15,4
LC09_L1TP_012010_20220417_20230421_02_T1,2022-04-17 15:18:34.453773+00:00,LANDSAT_9,29.67888842,7.53,2022-04-17,107,15,4
LC08_L1TP_013010_20220416_20220420_02_T1,2022-04-16 15:24:46.116480+00:00,LANDSAT_8,29.32891279,0.56,2022-04-16,106,15,4
LC08_L1TP_010011_20220411_20220419_02_T1,2022-04-11 15:06:37.040082+00:00,LANDSAT_8,28.77917948,44.25,2022-04-11,101,15,4
LC08_L1TP_010010_20220411_20220419_02_T1,2022-04-11 15:06:13.165985+00:00,LANDSAT_8,27.51626743,21.35,2022-04-11,101,15,4
LC09_L1TP_011010_20220410_20230422_02_T1,2022-04-10 15:12:28.640942+00:00,LANDSAT_9,27.14989405,42.69,2022-04-10,100,15,4
LC08_L1TP_012010_20220409_20220419_02_T1,2022-04-09 15:18:33.926069+00:00,LANDSAT_8,26.77972097,32.82,2022-04-09,99,15,4
LC09_L1TP_013010_20220408_20230422_02_T1,2022-04-08 15:24:51.304531+00:00,LANDSAT_9,26.40826699,26.54,2022-04-08,98,15,4
LC09_L1TP_010011_20220403_20230423_02_T1,2022-04-03 15:06:44.367968+00:00,LANDSAT_9,25.76261305,29.04,2022-04-03,93,15,4
LC09_L1TP_010010_20220403_20230423_02_T1,2022-04-03 15:06:20.506605+00:00,LANDSAT_9,24.50598909,22.78,2022-04-03,93,15,4
LC08_L1TP_011010_20220402_20220411_02_T1,2022-04-02 15:12:18.482500+00:00,LANDSAT_8,24.12246571,0.0,2022-04-02,92,15,4
LC09_L1TP_012010_20220401_20230423_02_T1,2022-04-01 15:18:42.416191+00:00,LANDSAT_9,23.738175,24.36,2022-04-01,91,15,4
LC08_L1TP_013010_20220331_20220406_02_T1,2022-03-31 15:24:40.433158+00:00,LANDSAT_8,23.35162402,36.22,2022-03-31,90,15,3
LC08_L1TP_010011_20220326_20220330_02_T1,2022-03-26 15:06:34.856084+00:00,LANDSAT_8,22.63960055,53.5,2022-03-26,85,15,3
LC08_L1TP_010010_20220326_20220330_02_T1,2022-03-26 15:06:10.990460+00:00,LANDSAT_8,21.38988355,99.99,2022-03-26,85,15,3
LC09_L1TP_011010_20220325_20230424_02_T1,2022-03-25 15:12:31.969090+00:00,LANDSAT_9,20.99761208,100.0,2022-03-25,84,15,3
LC08_L1TP_012010_20220324_20220330_02_T2,2022-03-24 15:18:34.436285+00:00,LANDSAT_8,20.6042143,100.0,2022-03-24,83,15,3
LC09_L1TP_013010_20220323_20230424_02_T1,2022-03-23 15:24:54.598677+00:00,LANDSAT_9,20.2107016,10.21,2022-03-23,82,15,3
LO09_L1TP_010011_20220318_20230424_02_T1,2022-03-18 15:06:47.971156+00:00,LANDSAT_9,19.4661251,100.0,2022-03-18,77,15,3
LO09_L1TP_010010_20220318_20230424_02_T1,2022-03-18 15:06:24.101320+00:00,LANDSAT_9,18.22233089,100.0,2022-03-18,77,15,3
LC08_L1TP_011010_20220317_20220322_02_T1,2022-03-17 15:12:29.091920+00:00,LANDSAT_8,17.82658149,0.28,2022-03-17,76,15,3
LO09_L1TP_012010_20220316_20230424_02_T1,2022-03-16 15:18:46.337033+00:00,LANDSAT_9,17.43163837,96.87,2022-03-16,75,15,3
LC08_L1TP_013010_20220315_20220322_02_T1,2022-03-15 15:24:52.063342+00:00,LANDSAT_8,17.03626607,45.83,2022-03-15,74,15,3
LC08_L1TP_010011_20220310_20220321_02_T1,2022-03-10 15:06:46.151673+00:00,LANDSAT_8,16.29068354,7.25,2022-03-10,69,15,3
LC08_L1TP_010010_20220310_20220321_02_T1,2022-03-10 15:06:22.286049+00:00,LANDSAT_8,15.05318462,33.78,2022-03-10,69,15,3
LC09_L1TP_011010_20220309_20230425_02_T1,2022-03-09 15:12:36.431736+00:00,LANDSAT_9,14.66132173,74.39,2022-03-09,68,15,3
LC08_L1TP_012010_20220308_20220315_02_T1,2022-03-08 15:18:44.736456+00:00,LANDSAT_8,14.2701988,6.15,2022-03-08,67,15,3
LC09_L1TP_013010_20220307_20230425_02_T1,2022-03-07 15:24:58.002275+00:00,LANDSAT_9,13.88027223,57.25,2022-03-07,66,15,3
LC09_L1TP_010011_20220302_20230426_02_T1,2022-03-02 15:06:48.600009+00:00,LANDSAT_9,13.16992349,100.0,2022-03-02,61,15,3
LC09_L1TP_010010_20220302_20230426_02_T1,2022-03-02 15:06:24.730173+00:00,LANDSAT_9,11.93655024,100.0,2022-03-02,61,15,3
LC08_L1TP_011010_20220301_20220308_02_T1,2022-03-01 15:12:35.744989+00:00,LANDSAT_8,11.55508295,0.7,2022-03-01,60,15,3
LC09_L1TP_012010_20220228_20230426_02_T1,2022-02-28 15:18:47.308877+00:00,LANDSAT_9,11.17566548,16.63,2022-02-28,59,15,2
LC08_L1TP_013010_20220227_20220308_02_T1,2022-02-27 15:24:57.657387+00:00,LANDSAT_8,10.7976928,26.57,2022-02-27,58,15,2
LC08_L1TP_010011_20220222_20220301_02_T2,2022-02-22 15:06:49.386108+00:00,LANDSAT_8,10.16082581,100.0,2022-02-22,53,15,2
LC08_L1TP_010010_20220222_20220301_02_T1,2022-02-22 15:06:25.520484+00:00,LANDSAT_8,8.93046068,100.0,2022-02-22,53,15,2
LC09_L1TP_011010_20220221_20230427_02_T1,2022-02-21 15:12:42.202541+00:00,LANDSAT_9,8.56711961,11.09,2022-02-21,52,15,2
LC08_L1TP_012010_20220220_20220301_02_T1,2022-02-20 15:18:47.131956+00:00,LANDSAT_8,8.20615367,100.0,2022-02-20,51,15,2
LC09_L1TP_013010_20220219_20230427_02_T1,2022-02-19 15:25:05.251309+00:00,LANDSAT_9,7.84855067,99.95,2022-02-19,50,15,2
LC09_L1TP_010011_20220214_20230427_02_T1,2022-02-14 15:06:59.720332+00:00,LANDSAT_9,7.32558419,78.41,2022-02-14,45,15,2
LC09_L1TP_081234_20230626_20230627_02_T1,2023-06-26 23:53:53.230621+00:00,LANDSAT_9,11.01427537,12.56,2023-06-26,177,23,6
LC08_L1TP_082234_20230626_20230630_02_T2,2023-06-26 00:00:14.638371+00:00,LANDSAT_8,11.02870119,1.79,2023-06-26,177,0,6
LC09_L1TP_010011_20230625_20230625_02_T1,2023-06-25 15:06:06.107523+00:00,LANDSAT_9,43.67777862,15.22,2023-06-25,176,15,6
LC09_L1TP_010010_20230625_20230625_02_T1,2023-06-25 15:05:42.224980+00:00,LANDSAT_9,42.42824519,6.32,2023-06-25,176,15,6
LC09_L1TP_083234_20230625_20230625_02_T1,2023-06-25 00:06:12.484877+00:00,LANDSAT_9,11.0474729,25.3,2023-06-25,176,0,6
LC08_L1TP_011010_20230624_20230630_02_T1,2023-06-24 15:12:04.595323+00:00,LANDSAT_8,42.45503502,57.98,2023-06-24,175,15,6
LC08_L1TP_084234_20230624_20230630_02_T2,2023-06-24 00:12:33.969244+00:00,LANDSAT_8,11.04843394,62.39,2023-06-24,175,0,6
LC08_L1TP_084233_20230624_20230630_02_T2,2023-06-24 00:12:10.078204+00:00,LANDSAT_8,9.70636832,49.52,2023-06-24,175,0,6
LC09_L1TP_012010_20230623_20230623_02_T1,2023-06-23 15:18:04.491040+00:00,LANDSAT_9,42.47178636,63.92,2023-06-23,174,15,6
LC08_L1TP_013010_20230622_20230630_02_T1,2023-06-22 15:24:23.828671+00:00,LANDSAT_8,42.48470173,86.42,2023-06-22,173,15,6
LC08_L1TP_081234_20230618_20230623_02_T1,2023-06-18 23:54:00.205510+00:00,LANDSAT_8,10.98201002,40.25,2023-06-18,169,23,6
LC09_L1GT_082234_20230618_20230618_02_T2,2023-06-18 00:00:02.158757+00:00,LANDSAT_9,10.95479056,69.27,2023-06-18,169,0,6
LC08_L1TP_010011_20230617_20230623_02_T1,2023-06-17 15:06:15.464071+00:00,LANDSAT_8,43.69600867,85.74,2023-06-17,168,15,6
LC08_L1GT_010010_20230617_20230623_02_T2,2023-06-17 15:05:51.577266+00:00,LANDSAT_8,42.43881718,55.8,2023-06-17,168,15,6
LC08_L1GT_083234_20230617_20230623_02_T2,2023-06-17 00:06:21.637404+00:00,LANDSAT_8,10.90879811,83.64,2023-06-17,168,0,6
LC09_L1GT_011010_20230616_20230616_02_T2,2023-06-16 15:11:53.428023+00:00,LANDSAT_9,42.40739044,99.99,2023-06-16,167,15,6
LC09_L1GT_084234_20230616_20230616_02_T2,2023-06-16 00:12:23.285566+00:00,LANDSAT_9,10.8688845,88.64,2023-06-16,167,0,6
LC09_L1GT_084233_20230616_20230616_02_T2,2023-06-16 00:11:59.394552+00:00,LANDSAT_9,9.52391137,55.31,2023-06-16,167,0,6
LC08_L1TP_012010_20230615_20230622_02_T1,2023-06-15 15:18:12.826872+00:00,LANDSAT_8,42.37192181,21.7,2023-06-15,166,15,6
LC09_L1TP_013010_20230614_20230615_02_T1,2023-06-14 15:24:16.024678+00:00,LANDSAT_9,42.32434408,42.47,2023-06-14,165,15,6
LC09_L1GT_081234_20230610_20230611_02_T2,2023-06-10 23:53:54.781327+00:00,LANDSAT_9,10.49773627,63.85,2023-06-10,161,23,6
LC08_L1GT_082234_20230610_20230614_02_T2,2023-06-10 00:00:08.051302+00:00,LANDSAT_8,10.44607197,100.0,2023-06-10,161,0,6
LC09_L1TP_010011_20230609_20230610_02_T1,2023-06-09 15:06:12.000170+00:00,LANDSAT_9,43.26422518,39.29,2023-06-09,160,15,6
LC09_L1TP_010010_20230609_20230610_02_T1,2023-06-09 15:05:48.143044+00:00,LANDSAT_9,42.00296674,0.43,2023-06-09,160,15,6
LC09_L1TP_083234_20230609_20230610_02_T2,2023-06-09 00:06:17.953941+00:00,LANDSAT_9,10.3192068,13.66,2023-06-09,160,0,6
LC08_L1TP_011010_20230608_20230614_02_T1,2023-06-08 15:11:58.664705+00:00,LANDSAT_8,41.92169663,30.35,2023-06-08,159,15,6
LC08_L1GT_084234_20230608_20230614_02_T2,2023-06-08 00:12:28.352064+00:00,LANDSAT_8,10.25776947,40.56,2023-06-08,159,0,6
LC08_L1TP_084233_20230608_20230614_02_T2,2023-06-08 00:12:04.461023+00:00,LANDSAT_8,8.91044506,45.36,2023-06-08,159,0,6
LC09_L1TP_012010_20230607_20230607_02_T1,2023-06-07 15:18:11.163155+00:00,LANDSAT_9,41.82785526,92.11,2023-06-07,158,15,6
LC08_L1TP_013010_20230606_20230613_02_T1,2023-06-06 15:24:18.812994+00:00,LANDSAT_8,41.7333146,80.16,2023-06-06,157,15,6
LC08_L1GT_081234_20230602_20230607_02_T2,2023-06-02 23:53:51.474889+00:00,LANDSAT_8,9.67922803,98.6,2023-06-02,153,23,6
LC09_L1GT_082234_20230602_20230602_02_T2,2023-06-02 00:00:10.546412+00:00,LANDSAT_9,9.50229729,79.35,2023-06-02,153,0,6
LC08_L1TP_010011_20230601_20230607_02_T1,2023-06-01 15:06:05.729534+00:00,LANDSAT_8,42.41214902,87.11,2023-06-01,152,15,6
LC08_L1GT_010010_20230601_20230607_02_T2,2023-06-01 15:05:41.838493+00:00,LANDSAT_8,41.14282309,78.38,2023-06-01,152,15,6
LC08_L1GT_083234_20230601_20230607_02_T2,2023-06-01 00:06:12.110527+00:00,LANDSAT_8,9.40706756,99.94,2023-06-01,152,0,6
LC09_L1GT_011010_20230531_20230531_02_T2,2023-05-31 15:12:03.111707+00:00,LANDSAT_9,41.00385074,98.66,2023-05-31,151,15,5
LC09_L1GT_084234_20230531_20230531_02_T2,2023-05-31 00:12:32.570995+00:00,LANDSAT_9,9.21627769,100.0,2023-05-31,151,0,5
LC09_L1GT_084233_20230531_20230531_02_T2,2023-05-31 00:12:08.709632+00:00,LANDSAT_9,7.87025401,100.0,2023-05-31,151,0,5
LC08_L1GT_012010_20230530_20230607_02_T2,2023-05-30 15:18:03.783174+00:00,LANDSAT_8,40.86285842,97.62,2023-05-30,150,15,5
LC09_L1TP_013010_20230529_20230601_02_T1,2023-05-29 15:24:24.979584+00:00,LANDSAT_9,40.71138584,25.22,2023-05-29,149,15,5
LC09_L1TP_081234_20230525_20230526_02_T2,2023-05-25 23:54:00.114182+00:00,LANDSAT_9,8.39705506,23.91,2023-05-25,145,23,5
LC08_L1TP_082234_20230525_20230602_02_T2,2023-05-25 00:00:01.164587+00:00,LANDSAT_8,8.27052556,41.29,2023-05-25,145,0,5
LC09_L1TP_010011_20230524_20230524_02_T1,2023-05-24 15:06:16.002862+00:00,LANDSAT_9,41.13774554,29.26,2023-05-24,144,15,5
LC09_L1TP_010010_20230524_20230524_02_T1,2023-05-24 15:05:52.141499+00:00,LANDSAT_9,39.86568483,8.55,2023-05-24,144,15,5
LC09_L1GT_083234_20230524_20230524_02_T2,2023-05-24 00:06:22.168399+00:00,LANDSAT_9,8.03342804,80.92,2023-05-24,144,0,5
LC08_L1GT_011010_20230523_20230602_02_T2,2023-05-23 15:11:52.337366+00:00,LANDSAT_8,39.68085939,99.26,2023-05-23,143,15,5
LC08_L1TP_084234_20230523_20230602_02_T1,2023-05-23 00:12:22.291706+00:00,LANDSAT_8,7.89903253,25.85,2023-05-23,143,0,5
LC08_L1TP_084233_20230523_20230602_02_T2,2023-05-23 00:11:58.404902+00:00,LANDSAT_8,6.55315885,8.74,2023-05-23,143,0,5
LC09_L1TP_012010_20230522_20230522_02_T1,2023-05-22 15:18:16.055337+00:00,LANDSAT_9,39.48770685,3.82,2023-05-22,142,15,5
LC08_L1GT_013010_20230521_20230602_02_T2,2023-05-21 15:24:13.295132+00:00,LANDSAT_8,39.29061662,95.02,2023-05-21,141,15,5
LC08_L1TP_081234_20230517_20230524_02_T1,2023-05-17 23:53:47.342801+00:00,LANDSAT_8,6.87495945,57.17,2023-05-17,137,23,5
LC09_L1TP_082234_20230517_20230517_02_T1,2023-05-17 00:00:18.056368+00:00,LANDSAT_9,6.59401332,10.23,2023-05-17,137,0,5
LC08_L1TP_010011_20230516_20230523_02_T1,2023-05-16 15:06:03.372448+00:00,LANDSAT_8,39.4798558,12.69,2023-05-16,136,15,5
LC08_L1TP_010010_20230516_20230523_02_T1,2023-05-16 15:05:39.502588+00:00,LANDSAT_8,38.2059875,36.32,2023-05-16,136,15,5
LC08_L1TP_083234_20230516_20230523_02_T1,2023-05-16 00:06:09.359453+00:00,LANDSAT_8,6.3959484,43.45,2023-05-16,136,0,5
LC09_L1TP_011010_20230515_20230515_02_T1,2023-05-15 15:12:11.252874+00:00,LANDSAT_9,37.97516807,0.69,2023-05-15,135,15,5
LC09_L1GT_084234_20230515_20230515_02_T2,2023-05-15 00:12:41.012921+00:00,LANDSAT_9,6.14123608,66.92,2023-05-15,135,0,5
LC09_L1TP_084233_20230515_20230515_02_T1,2023-05-15 00:12:17.143087+00:00,LANDSAT_9,4.79914681,33.05,2023-05-15,135,0,5
LC08_L1TP_012010_20230514_20230523_02_T1,2023-05-14 15:18:02.294342+00:00,LANDSAT_8,37.73777931,70.54,2023-05-14,134,15,5
LC09_L1TP_013010_20230513_20230513_02_T2,2023-05-13 15:24:34.048452+00:00,LANDSAT_9,37.49627936,66.38,2023-05-13,133,15,5
LC09_L1GT_081234_20230509_20230510_02_T2,2023-05-09 23:54:10.585266+00:00,LANDSAT_9,4.92311056,15.63,2023-05-09,129,23,5
LC09_L1GT_010011_20230508_20230508_02_T2,2023-05-08 15:06:26.872152+00:00,LANDSAT_9,37.47600571,68.57,2023-05-08,128,15,5
LC09_L1GT_010010_20230508_20230508_02_T2,2023-05-08 15:06:03.015023+00:00,LANDSAT_9,36.20119648,93.35,2023-05-08,128,15,5
LC08_L1TP_011010_20230507_20230517_02_T1,2023-05-07 15:11:57.787196+00:00,LANDSAT_8,35.92822919,63.11,2023-05-07,127,15,5
LC09_L1TP_012010_20230506_20230506_02_T1,2023-05-06 15:18:24.599075+00:00,LANDSAT_9,35.65280283,76.88,2023-05-06,126,15,5
LC08_L1TP_013010_20230505_20230509_02_T1,2023-05-05 15:24:21.404973+00:00,LANDSAT_8,35.37093296,54.01,2023-05-05,125,15,5
LC08_L1TP_010011_20230430_20230509_02_T1,2023-04-30 15:06:16.505814+00:00,LANDSAT_8,35.16132614,0.01,2023-04-30,120,15,4
LC08_L1TP_010010_20230430_20230509_02_T1,2023-04-30 15:05:52.640190+00:00,LANDSAT_8,33.88869439,0.0,2023-04-30,120,15,4
LC09_L1TP_011010_20230429_20230429_02_T1,2023-04-29 15:12:19.521150+00:00,LANDSAT_9,33.58259916,0.01,2023-04-29,119,15,4
LC08_L1TP_012010_20230428_20230508_02_T1,2023-04-28 15:18:15.317714+00:00,LANDSAT_8,33.27066494,0.16,2023-04-28,118,15,4
LC09_L1TP_013010_20230427_20230427_02_T1,2023-04-27 15:24:43.172359+00:00,LANDSAT_9,32.95634619,11.38,2023-04-27,117,15,4
LC09_L1TP_010011_20230422_20230422_02_T1,2023-04-22 15:06:38.101355+00:00,LANDSAT_9,32.58364601,40.92,2023-04-22,112,15,4
LC09_L1TP_010010_20230422_20230422_02_T1,2023-04-22 15:06:14.239992+00:00,LANDSAT_9,31.31372922,24.98,2023-04-22,112,15,4
LO08_L1TP_011010_20230421_20230425_02_T1,2023-04-21 15:12:05.511035+00:00,LANDSAT_8,30.97608828,57.03,2023-04-21,111,15,4
LC09_L1TP_012010_20230420_20230420_02_T1,2023-04-20 15:18:36.497617+00:00,LANDSAT_9,30.63662154,0.23,2023-04-20,110,15,4
LC08_L1GT_013010_20230419_20230429_02_T2,2023-04-19 15:24:26.710094+00:00,LANDSAT_8,30.2925683,99.96,2023-04-19,109,15,4
LC08_L1TP_010011_20230414_20230428_02_T1,2023-04-14 15:06:20.946620+00:00,LANDSAT_8,29.78332217,0.98,2023-04-14,104,15,4
LC08_L1TP_010010_20230414_20230428_02_T1,2023-04-14 15:05:57.080996+00:00,LANDSAT_8,28.51883922,0.07,2023-04-14,104,15,4
LC09_L1TP_011010_20230413_20230413_02_T1,2023-04-13 15:12:26.251940+00:00,LANDSAT_9,28.15923954,1.22,2023-04-13,103,15,4
LC08_L1TP_012010_20230412_20230421_02_T1,2023-04-12 15:18:19.131436+00:00,LANDSAT_8,27.79529841,2.86,2023-04-12,102,15,4
LC09_L1TP_013010_20230411_20230411_02_T1,2023-04-11 15:24:49.729499+00:00,LANDSAT_9,27.43082739,1.42,2023-04-11,101,15,4
LC09_L1TP_010011_20230406_20230406_02_T1,2023-04-06 15:06:44.243434+00:00,LANDSAT_9,26.81674562,0.51,2023-04-06,96,15,4
LC09_L1TP_010010_20230406_20230406_02_T1,2023-04-06 15:06:20.382069+00:00,LANDSAT_9,25.55769915,11.29,2023-04-06,96,15,4
LC08_L1TP_011010_20230405_20230412_02_T1,2023-04-05 15:12:16.119259+00:00,LANDSAT_8,25.17850602,10.35,2023-04-05,95,15,4
LC09_L1TP_012010_20230404_20230404_02_T1,2023-04-04 15:18:42.673617+00:00,LANDSAT_9,24.799412,10.17,2023-04-04,94,15,4
LC08_L1TP_013010_20230403_20230412_02_T1,2023-04-03 15:24:40.211490+00:00,LANDSAT_8,24.41688255,0.18,2023-04-03,93,15,4
LC08_L1TP_010011_20230329_20230405_02_T1,2023-03-29 15:06:36.019838+00:00,LANDSAT_8,23.7249577,0.1,2023-03-29,88,15,3
LC08_L1TP_010010_20230329_20230405_02_T1,2023-03-29 15:06:12.154215+00:00,LANDSAT_8,22.47292609,1.23,2023-03-29,88,15,3
LC09_L1TP_011010_20230328_20230328_02_T1,2023-03-28 15:12:32.813491+00:00,LANDSAT_9,22.08408726,0.0,2023-03-28,87,15,3
LC08_L1TP_012010_20230327_20230405_02_T1,2023-03-27 15:18:34.764046+00:00,LANDSAT_8,21.69211666,0.02,2023-03-27,86,15,3
LC09_L1TP_013010_20230326_20230326_02_T1,2023-03-26 15:24:57.426335+00:00,LANDSAT_9,21.30103447,0.02,2023-03-26,85,15,3
LC09_L1TP_010011_20230321_20230321_02_T1,2023-03-21 15:06:54.109158+00:00,LANDSAT_9,20.56306621,13.65,2023-03-21,80,15,3
LC09_L1TP_010010_20230321_20230321_02_T1,2023-03-21 15:06:30.247795+00:00,LANDSAT_9,19.31717727,1.98,2023-03-21,80,15,3
LC08_L1TP_011010_20230320_20230324_02_T1,2023-03-20 15:12:28.068103+00:00,LANDSAT_8,18.92070578,19.08,2023-03-20,79,15,3
LC09_L1TP_012010_20230319_20230319_02_T1,2023-03-19 15:18:53.106931+00:00,LANDSAT_9,18.5261446,26.52,2023-03-19,78,15,3
LC08_L1TP_013010_20230318_20230324_02_T1,2023-03-18 15:24:51.580327+00:00,LANDSAT_8,18.1296503,5.87,2023-03-18,77,15,3
LC08_L1TP_010011_20230313_20230321_02_T1,2023-03-13 15:06:46.059456+00:00,LANDSAT_8,17.37980818,0.01,2023-03-13,72,15,3
LC08_L1TP_010010_20230313_20230321_02_T1,2023-03-13 15:06:22.189597+00:00,LANDSAT_8,16.14012977,9.05,2023-03-13,72,15,3
LC09_L1TP_011010_20230312_20230312_02_T1,2023-03-12 15:12:43.488186+00:00,LANDSAT_9,15.74730643,0.02,2023-03-12,71,15,3
LC08_L1TP_012010_20230311_20230320_02_T1,2023-03-11 15:18:44.244893+00:00,LANDSAT_8,15.3530751,0.02,2023-03-11,70,15,3
LC09_L1TP_013010_20230310_20230310_02_T1,2023-03-10 15:25:04.377563+00:00,LANDSAT_9,14.96163228,0.13,2023-03-10,69,15,3
LC09_L1TP_010011_20230305_20230307_02_T1,2023-03-05 15:07:00.433351+00:00,LANDSAT_9,14.23658514,0.79,2023-03-05,64,15,3
LC09_L1TP_010010_20230305_20230307_02_T1,2023-03-05 15:06:36.563516+00:00,LANDSAT_9,13.00140629,36.98,2023-03-05,64,15,3
LC08_L1TP_011010_20230304_20230316_02_T1,2023-03-04 15:12:36.643191+00:00,LANDSAT_8,12.6151888,100.0,2023-03-04,63,15,3
LC09_L1TP_012010_20230303_20230307_02_T1,2023-03-03 15:18:59.803890+00:00,LANDSAT_9,12.23166232,3.21,2023-03-03,62,15,3
LC08_L1TP_013010_20230302_20230316_02_T1,2023-03-02 15:24:59.228027+00:00,LANDSAT_8,11.84844866,5.01,2023-03-02,61,15,3
LC08_L1TP_010011_20230225_20230301_02_T1,2023-02-25 15:06:50.958688+00:00,LANDSAT_8,11.18219584,17.75,2023-02-25,56,15,2
LC08_L1TP_010010_20230225_20230301_02_T1,2023-02-25 15:06:27.080356+00:00,LANDSAT_8,9.95044404,57.28,2023-02-25,56,15,2
LC09_L1GT_011010_20230224_20230308_02_T2,2023-02-24 15:12:50.566439+00:00,LANDSAT_9,9.58063031,100.0,2023-02-24,55,15,2
LC08_L1TP_012010_20230223_20230301_02_T1,2023-02-23 15:18:50.609831+00:00,LANDSAT_8,9.21208886,15.41,2023-02-23,54,15,2
LC09_L1GT_013010_20230222_20230308_02_T2,2023-02-22 15:25:13.925445+00:00,LANDSAT_9,8.8469352,68.47,2023-02-22,53,15,2
LC09_L1TP_010011_20230217_20230310_02_T1,2023-02-17 15:07:12.641425+00:00,LANDSAT_9,8.27988404,20.42,2023-02-17,48,15,2
LC09_L1TP_010010_20230217_20230310_02_T1,2023-02-17 15:06:48.771590+00:00,LANDSAT_9,7.04936702,74.22,2023-02-17,48,15,2
LC08_L1TP_011010_20230216_20230223_02_T2,2023-02-16 15:12:49.133134+00:00,LANDSAT_8,6.70062598,73.52,2023-02-16,47,15,2
LC09_L1TP_012010_20230215_20230310_02_T1,2023-02-15 15:19:12.672729+00:00,LANDSAT_9,6.3568008,36.68,2023-02-15,46,15,2
LC08_L1TP_013010_20230214_20230222_02_T1,2023-02-14 15:25:12.518625+00:00,LANDSAT_8,6.01544387,4.48,2023-02-14,45,15,2
LC09_L1TP_081234_20240628_20240629_02_T1,2024-06-28 23:53:38.255713+00:00,LANDSAT_9,10.94047015,38.81,2024-06-28,180,23,6
LC08_L1GT_082234_20240627_20240709_02_T2,2024-06-27 23:59:59.984538+00:00,LANDSAT_8,10.97642717,74.03,2024-06-27,179,23,6
LC09_L1GT_010011_20240627_20240627_02_T2,2024-06-27 15:05:50.861104+00:00,LANDSAT_9,43.56840994,98.78,2024-06-27,179,15,6
LC09_L1GT_010010_20240627_20240627_02_T2,2024-06-27 15:05:26.974324+00:00,LANDSAT_9,42.32179674,70.95,2024-06-27,179,15,6
LC09_L1TP_083234_20240627_20240627_02_T1,2024-06-27 00:05:56.450352+00:00,LANDSAT_9,10.97551994,10.54,2024-06-27,179,0,6
LC08_L1TP_011010_20240626_20240709_02_T1,2024-06-26 15:11:51.011868+00:00,LANDSAT_8,42.36746663,54.84,2024-06-26,178,15,6
LC08_L1TP_084234_20240626_20240709_02_T1,2024-06-26 00:12:20.885067+00:00,LANDSAT_8,11.03326216,65.54,2024-06-26,178,0,6
LC08_L1GT_084233_20240626_20240709_02_T2,2024-06-26 00:11:56.989792+00:00,LANDSAT_8,9.69300287,68.87,2024-06-26,178,0,6
LC09_L1TP_012010_20240625_20240625_02_T1,2024-06-25 15:17:48.362896+00:00,LANDSAT_9,42.39980642,72.85,2024-06-25,177,15,6
LC08_L1TP_013010_20240624_20240708_02_T1,2024-06-24 15:24:11.671034+00:00,LANDSAT_8,42.43463421,68.43,2024-06-24,176,15,6
LC08_L1TP_081234_20240620_20240706_02_T2,2024-06-20 23:53:45.198108+00:00,LANDSAT_8,11.06005935,0.02,2024-06-20,172,23,6
LC09_L1TP_082234_20240619_20240620_02_T1,2024-06-19 23:59:48.947227+00:00,LANDSAT_9,11.00475671,1.83,2024-06-19,171,23,6
LC08_L1TP_010011_20240619_20240706_02_T1,2024-06-19 15:05:59.371015+00:00,LANDSAT_8,43.73819092,52.99,2024-06-19,171,15,6
LC08_L1TP_010010_20240619_20240706_02_T1,2024-06-19 15:05:35.471501+00:00,LANDSAT_8,42.48388041,3.64,2024-06-19,171,15,6
LC08_L1TP_083234_20240619_20240706_02_T1,2024-06-19 00:06:05.077868+00:00,LANDSAT_8,11.02397261,17.37,2024-06-19,171,0,6
LC09_L1TP_011010_20240618_20240618_02_T1,2024-06-18 15:11:43.392850+00:00,LANDSAT_9,42.46966264,10.4,2024-06-18,170,15,6
LC09_L1TP_084234_20240618_20240618_02_T2,2024-06-18 00:12:13.711840+00:00,LANDSAT_9,10.95270629,72.57,2024-06-18,170,0,6
LC09_L1GT_084233_20240618_20240618_02_T2,2024-06-18 00:11:49.842005+00:00,LANDSAT_9,9.61031568,98.23,2024-06-18,170,0,6
LC08_L1TP_012010_20240617_20240705_02_T1,2024-06-17 15:17:55.177592+00:00,LANDSAT_8,42.4553487,12.82,2024-06-17,169,15,6
LC09_L1TP_013010_20240616_20240616_02_T1,2024-06-16 15:24:07.988049+00:00,LANDSAT_9,42.42796018,0.38,2024-06-16,168,15,6
LC08_L1GT_014010_20240615_20240705_02_T2,2024-06-15 15:30:14.604205+00:00,LANDSAT_8,42.3994995,99.99,2024-06-15,167,15,6
LC09_L1GT_081234_20240612_20240613_02_T2,2024-06-12 23:53:47.831880+00:00,LANDSAT_9,10.7059783,99.96,2024-06-12,164,23,6
LC08_L1GT_082234_20240611_20240628_02_T2,2024-06-11 23:59:47.161541+00:00,LANDSAT_8,10.68725919,99.06,2024-06-11,163,23,6
LC09_L1TP_010011_20240611_20240611_02_T1,2024-06-11 15:06:05.410249+00:00,LANDSAT_9,43.4603633,81.9,2024-06-11,163,15,6
LC09_L1GT_010010_20240611_20240611_02_T2,2024-06-11 15:05:41.548885+00:00,LANDSAT_9,42.20134446,99.99,2024-06-11,163,15,6
LC09_L1TP_083234_20240611_20240611_02_T1,2024-06-11 00:06:11.503549+00:00,LANDSAT_9,10.56284101,7.26,2024-06-11,163,0,6
LC08_L1TP_011010_20240610_20240628_02_T1,2024-06-10 15:11:39.167594+00:00,LANDSAT_8,42.13793528,55.88,2024-06-10,162,15,6
LC08_L1GT_084234_20240610_20240627_02_T2,2024-06-10 00:12:09.532259+00:00,LANDSAT_8,10.5340919,94.44,2024-06-10,162,0,6
LC08_L1TP_084233_20240610_20240627_02_T2,2024-06-10 00:11:45.632748+00:00,LANDSAT_8,9.18746602,64.92,2024-06-10,162,0,6
LC09_L1TP_012010_20240609_20240609_02_T1,2024-06-09 15:18:04.966454+00:00,LANDSAT_9,42.063646,65.85,2024-06-09,161,15,6
LC08_L1TP_013010_20240608_20240627_02_T1,2024-06-08 15:24:01.275604+00:00,LANDSAT_8,41.98658239,25.49,2024-06-08,160,15,6
LC08_L1TP_081234_20240604_20240627_02_T2,2024-06-04 23:53:37.056244+00:00,LANDSAT_8,10.03861341,13.55,2024-06-04,156,23,6
LC09_L1TP_082234_20240604_20240604_02_T1,2024-06-04 00:00:04.432273+00:00,LANDSAT_9,9.86209537,0.6,2024-06-04,156,0,6
LC08_L1TP_010011_20240603_20240626_02_T1,2024-06-03 15:05:51.885819+00:00,LANDSAT_8,42.75346022,1.01,2024-06-03,155,15,6
LC08_L1TP_010010_20240603_20240626_02_T1,2024-06-03 15:05:27.990543+00:00,LANDSAT_8,41.48686803,0.03,2024-06-03,155,15,6
LC08_L1GT_083234_20240603_20240611_02_T2,2024-06-03 00:05:57.910450+00:00,LANDSAT_8,9.79831192,65.31,2024-06-03,155,0,6
LC09_L1TP_011010_20240602_20240602_02_T1,2024-06-02 15:11:56.793759+00:00,LANDSAT_9,41.36635673,44.45,2024-06-02,154,15,6
LC09_L1GT_084234_20240602_20240602_02_T2,2024-06-02 00:12:26.155387+00:00,LANDSAT_9,9.60797513,73.27,2024-06-02,154,0,6
LC09_L1TP_084233_20240602_20240602_02_T2,2024-06-02 00:12:02.289788+00:00,LANDSAT_9,8.2618024,66.4,2024-06-02,154,0,6
LC08_L1TP_012010_20240601_20240611_02_T1,2024-06-01 15:17:48.637306+00:00,LANDSAT_8,41.24247268,14.5,2024-06-01,153,15,6
LC09_L1TP_013010_20240531_20240531_02_T1,2024-05-31 15:24:18.326269+00:00,LANDSAT_9,41.10925286,45.36,2024-05-31,152,15,5
LC09_L1TP_081234_20240527_20240528_02_T2,2024-05-27 23:53:53.675589+00:00,LANDSAT_9,8.86626333,66.01,2024-05-27,148,23,5
LC08_L1TP_082234_20240526_20240610_02_T2,2024-05-26 23:59:45.615754+00:00,LANDSAT_8,8.73171102,47.35,2024-05-26,147,23,5
LC09_L1TP_010011_20240526_20240526_02_T1,2024-05-26 15:06:11.300563+00:00,LANDSAT_9,41.61984498,84.63,2024-05-26,147,15,5
LC09_L1GT_010010_20240526_20240526_02_T2,2024-05-26 15:05:47.439200+00:00,LANDSAT_9,40.34931906,82.69,2024-05-26,147,15,5
LC09_L1TP_083234_20240526_20240526_02_T1,2024-05-26 00:06:17.431978+00:00,LANDSAT_9,8.53292449,4.47,2024-05-26,147,0,5
LC08_L1TP_011010_20240525_20240610_02_T1,2024-05-25 15:11:37.850585+00:00,LANDSAT_8,40.17873518,0.02,2024-05-25,146,15,5
LC08_L1TP_084234_20240525_20240610_02_T2,2024-05-25 00:12:07.368045+00:00,LANDSAT_8,8.38756665,59.98,2024-05-25,146,0,5
LC08_L1TP_084233_20240525_20240610_02_T2,2024-05-25 00:11:43.502419+00:00,LANDSAT_8,7.04274125,30.09,2024-05-25,146,0,5
LC09_L1TP_012010_20240524_20240524_02_T1,2024-05-24 15:18:10.979504+00:00,LANDSAT_9,40.00415992,23.06,2024-05-24,145,15,5
LC08_L1TP_013010_20240523_20240605_02_T1,2024-05-23 15:24:00.475513+00:00,LANDSAT_8,39.82161008,72.79,2024-05-23,144,15,5
LC08_L1TP_081234_20240519_20240605_02_T1,2024-05-19 23:53:38.395821+00:00,LANDSAT_8,7.42854919,10.85,2024-05-19,140,23,5
LC09_L1TP_082234_20240519_20240519_02_T1,2024-05-19 00:00:10.610346+00:00,LANDSAT_9,7.19400851,4.22,2024-05-19,140,0,5
LC08_L1TP_010011_20240518_20240605_02_T1,2024-05-18 15:05:54.813993+00:00,LANDSAT_8,40.09194342,19.19,2024-05-18,139,15,5
LC08_L1TP_010010_20240518_20240605_02_T1,2024-05-18 15:05:30.948369+00:00,LANDSAT_8,38.81913993,0.0,2024-05-18,139,15,5
LC08_L1TP_083234_20240518_20240604_02_T1,2024-05-18 00:06:00.575978+00:00,LANDSAT_8,7.01179747,60.2,2024-05-18,139,0,5
LC09_L1TP_011010_20240517_20240517_02_T1,2024-05-17 15:12:02.772722+00:00,LANDSAT_9,38.60406118,0.01,2024-05-17,138,15,5
LC09_L1TP_084234_20240517_20240517_02_T1,2024-05-17 00:12:31.956424+00:00,LANDSAT_9,6.76749631,2.91,2024-05-17,138,0,5
LC09_L1TP_084233_20240517_20240517_02_T1,2024-05-17 00:12:08.095059+00:00,LANDSAT_9,5.42472676,5.06,2024-05-17,138,0,5
LC08_L1TP_012010_20240516_20240521_02_T1,2024-05-16 15:17:52.603289+00:00,LANDSAT_8,38.38126463,17.2,2024-05-16,137,15,5
LC09_L1TP_013010_20240515_20240516_02_T1,2024-05-15 15:24:26.397759+00:00,LANDSAT_9,38.15478792,17.57,2024-05-15,136,15,5
LC09_L1TP_081234_20240511_20240512_02_T2,2024-05-11 23:54:06.576161+00:00,LANDSAT_9,5.61203056,100.0,2024-05-11,132,23,5
LC08_L1TP_082234_20240510_20240520_02_T1,2024-05-10 23:59:57.681021+00:00,LANDSAT_8,5.39709707,12.6,2024-05-10,131,23,5
LC09_L1TP_010011_20240510_20240510_02_T1,2024-05-10 15:06:23.671628+00:00,LANDSAT_9,38.20472779,29.11,2024-05-10,131,15,5
LC09_L1TP_010010_20240510_20240510_02_T1,2024-05-10 15:05:59.806028+00:00,LANDSAT_9,36.92961613,20.16,2024-05-10,131,15,5
LC09_L1TP_083234_20240510_20240510_02_T1,2024-05-10 00:06:29.387952+00:00,LANDSAT_9,5.12212866,27.46,2024-05-10,131,0,5
LC08_L1TP_011010_20240509_20240514_02_T1,2024-05-09 15:11:50.970607+00:00,LANDSAT_8,36.67035242,61.28,2024-05-09,130,15,5
LC08_L1GT_084234_20240509_20240514_02_T2,2024-05-09 00:12:20.945580+00:00,LANDSAT_8,4.89873232,22.88,2024-05-09,130,0,5
LC09_L1GT_012010_20240508_20240508_02_T2,2024-05-08 15:18:21.868077+00:00,LANDSAT_9,36.4077253,91.78,2024-05-08,129,15,5
LC08_L1TP_013010_20240507_20240514_02_T1,2024-05-07 15:24:13.959928+00:00,LANDSAT_8,36.13830063,99.92,2024-05-07,128,15,5
LC08_L1GT_010011_20240502_20240513_02_T2,2024-05-02 15:06:07.379499+00:00,LANDSAT_8,35.98992584,98.18,2024-05-02,123,15,5
LC08_L1GT_010010_20240502_20240513_02_T2,2024-05-02 15:05:43.505403+00:00,LANDSAT_8,34.7163416,100.0,2024-05-02,123,15,5
LC09_L1GT_011010_20240501_20240501_02_T2,2024-05-01 15:12:10.874702+00:00,LANDSAT_9,34.42186054,75.33,2024-05-01,122,15,5
LC08_L1GT_012010_20240430_20240511_02_T2,2024-04-30 15:18:06.677011+00:00,LANDSAT_8,34.12081873,94.17,2024-04-30,121,15,4
LC09_L1GT_013010_20240429_20240429_02_T2,2024-04-29 15:24:33.339281+00:00,LANDSAT_9,33.81760381,100.0,2024-04-29,120,15,4
LC09_L1TP_010011_20240424_20240424_02_T1,2024-04-24 15:06:24.937098+00:00,LANDSAT_9,33.49904824,82.25,2024-04-24,115,15,4
LC09_L1TP_010010_20240424_20240424_02_T1,2024-04-24 15:06:01.075734+00:00,LANDSAT_9,32.22791338,55.15,2024-04-24,115,15,4
LC08_L1TP_011010_20240423_20240430_02_T1,2024-04-23 15:12:02.177707+00:00,LANDSAT_8,31.90006697,83.47,2024-04-23,114,15,4
LC09_L1TP_012010_20240422_20240422_02_T1,2024-04-22 15:18:25.493078+00:00,LANDSAT_9,31.57026951,88.4,2024-04-22,113,15,4
LC08_L1TP_013010_20240421_20240430_02_T1,2024-04-21 15:24:24.188725+00:00,LANDSAT_8,31.23549936,92.3,2024-04-21,112,15,4
LC08_L1TP_010011_20240416_20240423_02_T1,2024-04-16 15:06:18.421734+00:00,LANDSAT_8,30.77081939,0.01,2024-04-16,107,15,4
LC08_L1TP_010010_20240416_20240423_02_T1,2024-04-16 15:05:54.551874+00:00,LANDSAT_8,29.50471937,0.05,2024-04-16,107,15,4
LC09_L1TP_011010_20240415_20240415_02_T1,2024-04-15 15:12:27.432110+00:00,LANDSAT_9,29.15295607,0.01,2024-04-15,106,15,4
LC08_L1TP_012010_20240414_20240423_02_T1,2024-04-14 15:18:18.015784+00:00,LANDSAT_8,28.79592486,16.85,2024-04-14,105,15,4
LC09_L1TP_013010_20240413_20240413_02_T1,2024-04-13 15:24:51.095433+00:00,LANDSAT_9,28.43834522,4.26,2024-04-13,104,15,4
LC09_L1TP_010011_20240408_20240408_02_T1,2024-04-08 15:06:46.111866+00:00,LANDSAT_9,27.85644226,4.68,2024-04-08,99,15,4
LC09_L1TP_010010_20240408_20240408_02_T1,2024-04-08 15:06:22.246267+00:00,LANDSAT_9,26.59523047,0.0,2024-04-08,99,15,4
LC08_L1TP_011010_20240407_20240418_02_T1,2024-04-07 15:12:10.797174+00:00,LANDSAT_8,26.22115103,0.01,2024-04-07,98,15,4
LC09_L1TP_012010_20240406_20240406_02_T1,2024-04-06 15:18:44.846396+00:00,LANDSAT_9,25.84733331,21.1,2024-04-06,97,15,4
LC08_L1TP_013010_20240405_20240412_02_T1,2024-04-05 15:24:32.871991+00:00,LANDSAT_8,25.46936387,13.72,2024-04-05,96,15,4
LC08_L1TP_010011_20240331_20240410_02_T1,2024-03-31 15:06:24.272229+00:00,LANDSAT_8,24.79916916,33.38,2024-03-31,91,15,3
LC08_L1TP_010010_20240331_20240410_02_T1,2024-03-31 15:06:00.410841+00:00,LANDSAT_8,23.54554994,19.67,2024-03-31,91,15,3
LC09_L1TP_011010_20240330_20240330_02_T1,2024-03-30 15:12:35.314317+00:00,LANDSAT_9,23.16006491,0.03,2024-03-30,90,15,3
LC08_L1TP_012010_20240329_20240410_02_T1,2024-03-29 15:18:21.536942+00:00,LANDSAT_8,22.77103964,0.02,2024-03-29,89,15,3
LC09_L1TP_013010_20240328_20240328_02_T1,2024-03-28 15:24:56.872216+00:00,LANDSAT_9,22.38318823,0.76,2024-03-28,88,15,3
LC09_L1TP_010011_20240323_20240323_02_T1,2024-03-23 15:06:54.624700+00:00,LANDSAT_9,21.65887493,0.05,2024-03-23,83,15,3
LC09_L1TP_010010_20240323_20240323_02_T1,2024-03-23 15:06:30.754864+00:00,LANDSAT_9,20.41063402,2.57,2024-03-23,83,15,3
LC08_L1TP_011010_20240322_20240403_02_T1,2024-03-22 15:12:17.991820+00:00,LANDSAT_8,20.01578353,0.01,2024-03-22,82,15,3
LC09_L1TP_012010_20240321_20240321_02_T1,2024-03-21 15:18:53.719105+00:00,LANDSAT_9,19.62222163,0.29,2024-03-21,81,15,3
LC08_L1TP_013010_20240320_20240402_02_T1,2024-03-20 15:24:41.811790+00:00,LANDSAT_8,19.22625157,15.74,2024-03-20,80,15,3
LC08_L1TP_010011_20240315_20240401_02_T1,2024-03-15 15:06:37.003132+00:00,LANDSAT_8,18.47631559,0.21,2024-03-15,75,15,3
LC08_L1TP_010010_20240315_20240401_02_T1,2024-03-15 15:06:13.137508+00:00,LANDSAT_8,17.23540522,29.19,2024-03-15,75,15,3
LC09_L1TP_011010_20240314_20240315_02_T1,2024-03-14 15:12:44.110379+00:00,LANDSAT_9,16.84128776,75.4,2024-03-14,74,15,3
LC08_L1TP_012010_20240313_20240401_02_T1,2024-03-13 15:18:35.814011+00:00,LANDSAT_8,16.44508842,0.39,2024-03-13,73,15,3
LC09_L1TP_013010_20240312_20240312_02_T1,2024-03-12 15:25:06.282563+00:00,LANDSAT_9,16.05177404,0.78,2024-03-12,72,15,3
LC09_L1TP_010011_20240307_20240307_02_T1,2024-03-07 15:06:58.854679+00:00,LANDSAT_9,15.31296342,94.74,2024-03-07,67,15,3
LC09_L1TP_010010_20240307_20240307_02_T1,2024-03-07 15:06:34.984845+00:00,LANDSAT_9,14.07649186,90.79,2024-03-07,67,15,3
LC08_L1GT_011010_20240306_20240315_02_T2,2024-03-06 15:12:26.674083+00:00,LANDSAT_8,13.68592676,71.72,2024-03-06,66,15,3
LC09_L1TP_012010_20240305_20240305_02_T1,2024-03-05 15:18:56.542825+00:00,LANDSAT_9,13.29879851,59.07,2024-03-05,65,15,3
LC08_L1TP_013010_20240304_20240315_02_T1,2024-03-04 15:24:50.901168+00:00,LANDSAT_8,12.91049614,16.66,2024-03-04,64,15,3
LC08_L1TP_010011_20240228_20240313_02_T1,2024-02-28 15:06:47.270787+00:00,LANDSAT_8,12.2193028,7.05,2024-02-28,59,15,2
LC08_L1TP_010010_20240228_20240313_02_T1,2024-02-28 15:06:23.392455+00:00,LANDSAT_8,10.98725102,61.85,2024-02-28,59,15,2
LC09_L1TP_011010_20240227_20240227_02_T1,2024-02-27 15:12:42.647664+00:00,LANDSAT_9,10.61199327,41.12,2024-02-27,58,15,2
LC08_L1TP_012010_20240226_20240313_02_T1,2024-02-26 15:18:46.543538+00:00,LANDSAT_8,10.23678337,33.54,2024-02-26,57,15,2
LC09_L1GT_013010_20240225_20240225_02_T2,2024-02-25 15:25:02.748507+00:00,LANDSAT_9,9.86568707,54.28,2024-02-25,56,15,2
LC09_L1TP_010011_20240220_20240220_02_T1,2024-02-20 15:06:55.333483+00:00,LANDSAT_9,9.26066595,0.08,2024-02-20,51,15,2
LC09_L1TP_010010_20240220_20240220_02_T1,2024-02-20 15:06:31.467883+00:00,LANDSAT_9,8.03058932,16.19,2024-02-20,51,15,2
LC08_L1TP_011010_20240219_20240228_02_T1,2024-02-19 15:12:38.479323+00:00,LANDSAT_8,7.67288343,56.62,2024-02-19,50,15,2
LC09_L1TP_012010_20240218_20240218_02_T1,2024-02-18 15:18:56.025059+00:00,LANDSAT_9,7.32068956,55.71,2024-02-18,49,15,2
LC08_L1TP_013010_20240217_20240223_02_T2,2024-02-17 15:25:00.211375+00:00,LANDSAT_8,6.96912183,57.55,2024-02-17,48,15,2
LC08_L1TP_011010_20250629_20250711_02_T1,2025-06-29 15:12:19.542928+00:00,LANDSAT_8,42.23120402,87.87,2025-06-29,180,15,6
LC08_L1GT_084234_20250629_20250711_02_T2,2025-06-29 00:12:49.517239+00:00,LANDSAT_8,10.91778305,63.06,2025-06-29,180,0,6
LC08_L1GT_084233_20250629_20250711_02_T2,2025-06-29 00:12:25.626197+00:00,LANDSAT_8,9.57821557,99.92,2025-06-29,180,0,6
LC09_L1TP_012010_20250628_20250628_02_T1,2025-06-28 15:18:27.376528+00:00,LANDSAT_9,42.28601987,95.09,2025-06-28,179,15,6
LC08_L1TP_013010_20250627_20250710_02_T1,2025-06-27 15:24:40.632382+00:00,LANDSAT_8,42.33610105,58.04,2025-06-27,178,15,6
LC08_L1TP_081234_20250623_20250701_02_T1,2025-06-23 23:54:15.308480+00:00,LANDSAT_8,11.03685423,9.51,2025-06-23,174,23,6
LC09_L1TP_082234_20250623_20250623_02_T1,2025-06-23 00:00:22.519469+00:00,LANDSAT_9,11.034686,60.27,2025-06-23,174,0,6
LC08_L1TP_010011_20250622_20250630_02_T1,2025-06-22 15:06:30.026697+00:00,LANDSAT_8,43.73440027,50.5,2025-06-22,173,15,6
LC08_L1TP_010010_20250622_20250630_02_T1,2025-06-22 15:06:06.135657+00:00,LANDSAT_8,42.48090093,76.86,2025-06-22,173,15,6
LC08_L1GT_083234_20250622_20250630_02_T2,2025-06-22 00:06:35.991414+00:00,LANDSAT_8,11.03649185,90.86,2025-06-22,173,0,6
LC09_L1TP_011010_20250621_20250621_02_T1,2025-06-21 15:12:13.380890+00:00,LANDSAT_9,42.48803196,28.22,2025-06-21,172,15,6
LC09_L1TP_084234_20250621_20250621_02_T1,2025-06-21 00:12:43.026089+00:00,LANDSAT_9,11.02082529,49.0,2025-06-21,172,0,6
LC09_L1TP_084233_20250621_20250621_02_T1,2025-06-21 00:12:19.139310+00:00,LANDSAT_9,9.67757285,37.85,2025-06-21,172,0,6
LC08_L1TP_012010_20250620_20250627_02_T1,2025-06-20 15:18:26.750808+00:00,LANDSAT_8,42.49005149,13.13,2025-06-20,171,15,6
LC09_L1TP_013010_20250619_20250619_02_T1,2025-06-19 15:24:33.819730+00:00,LANDSAT_9,42.48350234,8.19,2025-06-19,170,15,6
LC09_L1TP_081234_20250615_20250616_02_T1,2025-06-15 23:54:07.134474+00:00,LANDSAT_9,10.87027515,1.93,2025-06-15,166,23,6
LC08_L1GT_082234_20250615_20250626_02_T2,2025-06-15 00:00:20.763109+00:00,LANDSAT_8,10.82539833,93.45,2025-06-15,166,0,6
LC09_L1TP_010011_20250614_20250614_02_T1,2025-06-14 15:06:21.518415+00:00,LANDSAT_9,43.61052835,68.33,2025-06-14,165,15,6
LC09_L1TP_010010_20250614_20250614_02_T1,2025-06-14 15:05:57.631636+00:00,LANDSAT_9,42.35080572,74.8,2025-06-14,165,15,6
LC09_L1GT_083234_20250614_20250614_02_T2,2025-06-14 00:06:27.107406+00:00,LANDSAT_9,10.7654029,100.0,2025-06-14,165,0,6
LC08_L1TP_011010_20250613_20250626_02_T1,2025-06-13 15:12:11.149744+00:00,LANDSAT_8,42.30473907,76.32,2025-06-13,164,15,6
LC08_L1TP_084234_20250613_20250626_02_T1,2025-06-13 00:12:40.759824+00:00,LANDSAT_8,10.70763198,0.37,2025-06-13,164,0,6
LC08_L1TP_084233_20250613_20250626_02_T1,2025-06-13 00:12:16.864548+00:00,LANDSAT_8,9.36087371,43.01,2025-06-13,164,0,6
LC09_L1TP_012010_20250612_20250612_02_T1,2025-06-12 15:18:17.447817+00:00,LANDSAT_9,42.25050837,3.81,2025-06-12,163,15,6
LC08_L1TP_013010_20250611_20250618_02_T1,2025-06-11 15:24:30.960158+00:00,LANDSAT_8,42.19064635,83.45,2025-06-11,162,15,6
LC09_L1GT_014010_20250610_20250610_02_T2,2025-06-10 15:30:36.992888+00:00,LANDSAT_9,42.12290892,94.77,2025-06-10,161,15,6
LC08_L1TP_081234_20250607_20250617_02_T1,2025-06-07 23:54:03.209236+00:00,LANDSAT_8,10.2990031,73.11,2025-06-07,158,23,6
LC09_L1GT_082234_20250607_20250607_02_T2,2025-06-07 00:00:08.630218+00:00,LANDSAT_9,10.19465674,95.39,2025-06-07,158,0,6
LC08_L1GT_010011_20250606_20250617_02_T2,2025-06-06 15:06:16.966002+00:00,LANDSAT_8,43.05060868,95.24,2025-06-06,157,15,6
LC08_L1GT_010010_20250606_20250617_02_T2,2025-06-06 15:05:53.074962+00:00,LANDSAT_8,41.78430736,100.0,2025-06-06,157,15,6
LC08_L1GT_083234_20250606_20250617_02_T2,2025-06-06 00:06:22.490191+00:00,LANDSAT_8,10.09229284,82.57,2025-06-06,157,0,6
LC09_L1TP_011010_20250605_20250605_02_T1,2025-06-05 15:11:58.746119+00:00,LANDSAT_9,41.68240423,81.87,2025-06-05,156,15,6
LC09_L1TP_084234_20250605_20250605_02_T2,2025-06-05 00:12:29.090274+00:00,LANDSAT_9,9.97579764,70.78,2025-06-05,156,0,6
LC09_L1TP_084233_20250605_20250605_02_T1,2025-06-05 00:12:05.203496+00:00,LANDSAT_9,8.62821434,76.12,2025-06-05,156,0,6
LC08_L1TP_012010_20250604_20250607_02_T1,2025-06-04 15:18:12.499920+00:00,LANDSAT_8,41.57558402,52.12,2025-06-04,155,15,6
LC09_L1TP_013010_20250603_20250603_02_T1,2025-06-03 15:24:21.459729+00:00,LANDSAT_9,41.46136228,3.26,2025-06-03,154,15,6
LC08_L1TP_014010_20250602_20250607_02_T1,2025-06-02 15:30:34.873111+00:00,LANDSAT_8,41.34118185,36.62,2025-06-02,153,15,6
LC09_L1TP_081234_20250530_20250531_02_T1,2025-05-30 23:53:58.561404+00:00,LANDSAT_9,9.32065484,44.15,2025-05-30,150,23,5
LC08_L1TP_082234_20250530_20250606_02_T1,2025-05-30 00:00:11.489585+00:00,LANDSAT_8,9.17673996,0.01,2025-05-30,150,0,5
LC09_L1TP_010011_20250529_20250529_02_T1,2025-05-29 15:06:14.699013+00:00,LANDSAT_9,42.05654514,0.57,2025-05-29,149,15,5
LC09_L1TP_010010_20250529_20250529_02_T1,2025-05-29 15:05:50.837651+00:00,LANDSAT_9,40.78733376,0.01,2025-05-29,149,15,5
LC09_L1TP_083234_20250529_20250529_02_T1,2025-05-29 00:06:20.618403+00:00,LANDSAT_9,8.98989789,0.39,2025-05-29,149,0,5
LC08_L1TP_011010_20250528_20250603_02_T1,2025-05-28 15:12:02.956449+00:00,LANDSAT_8,40.63690834,0.01,2025-05-28,148,15,5
LC08_L1TP_084234_20250528_20250603_02_T1,2025-05-28 00:12:33.057879+00:00,LANDSAT_8,8.86513587,9.06,2025-05-28,148,0,5
LC08_L1TP_084233_20250528_20250603_02_T1,2025-05-28 00:12:09.158366+00:00,LANDSAT_8,7.51689789,4.4,2025-05-28,148,0,5
LC09_L1TP_012010_20250527_20250527_02_T1,2025-05-27 15:18:13.563957+00:00,LANDSAT_9,40.47608814,42.24,2025-05-27,147,15,5
LC08_L1TP_013010_20250526_20250603_02_T1,2025-05-26 15:24:24.363732+00:00,LANDSAT_8,40.31318784,77.69,2025-05-26,146,15,5
LC08_L1GT_081234_20250522_20250602_02_T2,2025-05-22 23:53:59.527251+00:00,LANDSAT_8,7.98267155,0.01,2025-05-22,142,23,5
LC09_L1TP_082234_20250522_20250522_02_T2,2025-05-22 00:00:12.748103+00:00,LANDSAT_9,7.75023958,5.06,2025-05-22,142,0,5
LC08_L1TP_010011_20250521_20250529_02_T1,2025-05-21 15:06:14.414938+00:00,LANDSAT_8,40.66560423,81.68,2025-05-21,141,15,5
LC08_L1GT_010010_20250521_20250529_02_T2,2025-05-21 15:05:50.519663+00:00,LANDSAT_8,39.39067222,42.68,2025-05-21,141,15,5
LC08_L1GT_083234_20250521_20250529_02_T2,2025-05-21 00:06:20.422017+00:00,LANDSAT_8,7.59510075,68.68,2025-05-21,141,0,5
LC09_L1TP_011010_20250520_20250520_02_T1,2025-05-20 15:12:05.604707+00:00,LANDSAT_9,39.18826493,60.59,2025-05-20,140,15,5
LC09_L1GT_084234_20250520_20250520_02_T2,2025-05-20 00:12:35.249909+00:00,LANDSAT_9,7.3508954,48.96,2025-05-20,140,0,5
LC09_L1TP_084233_20250520_20250520_02_T2,2025-05-20 00:12:11.380073+00:00,LANDSAT_9,6.00640454,29.35,2025-05-20,140,0,5
LC08_L1TP_012010_20250519_20250529_02_T1,2025-05-19 15:18:11.308520+00:00,LANDSAT_8,38.98319932,92.71,2025-05-19,139,15,5
LC09_L1TP_013010_20250518_20250518_02_T1,2025-05-18 15:24:27.987874+00:00,LANDSAT_9,38.76960994,98.02,2025-05-18,138,15,5
LC09_L1TP_081234_20250514_20250515_02_T1,2025-05-14 23:54:04.038982+00:00,LANDSAT_9,6.26086691,57.27,2025-05-14,134,23,5
LC08_L1TP_082234_20250514_20250528_02_T1,2025-05-14 00:00:07.125267+00:00,LANDSAT_8,6.08031573,14.85,2025-05-14,134,0,5
LC09_L1TP_010011_20250513_20250513_02_T1,2025-05-13 15:06:21.756604+00:00,LANDSAT_9,38.89394576,30.2,2025-05-13,133,15,5
LC09_L1TP_010010_20250513_20250513_02_T1,2025-05-13 15:05:57.891005+00:00,LANDSAT_9,37.61883673,32.71,2025-05-13,133,15,5
LC09_L1TP_083234_20250513_20250513_02_T1,2025-05-13 00:06:28.023340+00:00,LANDSAT_9,5.79585869,6.4,2025-05-13,133,0,5
LC08_L1TP_011010_20250512_20250515_02_T1,2025-05-12 15:11:58.185383+00:00,LANDSAT_8,37.37544325,0.01,2025-05-12,132,15,5
LC08_L1GT_084234_20250512_20250515_02_T2,2025-05-12 00:12:28.108882+00:00,LANDSAT_8,5.60806239,54.29,2025-05-12,132,0,5
LC09_L1TP_012010_20250511_20250511_02_T1,2025-05-11 15:18:21.739828+00:00,LANDSAT_9,37.1246293,98.6,2025-05-11,131,15,5
LC08_L1TP_013010_20250510_20250514_02_T2,2025-05-10 15:24:19.029165+00:00,LANDSAT_8,36.87094375,93.27,2025-05-10,130,15,5
LC08_L1TP_010011_20250505_20250512_02_T1,2025-05-05 15:06:11.579765+00:00,LANDSAT_8,36.78723112,44.21,2025-05-05,125,15,5
LC08_L1TP_010010_20250505_20250512_02_T1,2025-05-05 15:05:47.718376+00:00,LANDSAT_8,35.51354436,48.65,2025-05-05,125,15,5
LC09_L1TP_011010_20250504_20250504_02_T1,2025-05-04 15:12:16.733174+00:00,LANDSAT_9,35.23053473,50.96,2025-05-04,124,15,5
LC08_L1TP_012010_20250503_20250512_02_T1,2025-05-03 15:18:10.146989+00:00,LANDSAT_8,34.94179097,80.51,2025-05-03,123,15,5
LC09_L1TP_013010_20250502_20250502_02_T1,2025-05-02 15:24:39.395985+00:00,LANDSAT_9,34.65012327,71.29,2025-05-02,122,15,5
LC09_L1TP_010011_20250427_20250427_02_T1,2025-04-27 15:06:31.538348+00:00,LANDSAT_9,34.38685934,65.36,2025-04-27,117,15,4
LC09_L1TP_010010_20250427_20250427_02_T1,2025-04-27 15:06:07.681219+00:00,LANDSAT_9,33.11470966,16.93,2025-04-27,117,15,4
LC08_L1TP_011010_20250426_20250507_02_T1,2025-04-26 15:11:59.130916+00:00,LANDSAT_8,32.79686418,52.06,2025-04-26,116,15,4
LC09_L1TP_012010_20250425_20250425_02_T1,2025-04-25 15:18:28.908067+00:00,LANDSAT_9,32.47671318,13.19,2025-04-25,115,15,4
LC08_L1TP_013010_20250424_20250429_02_T1,2025-04-24 15:24:19.822795+00:00,LANDSAT_8,32.15118823,7.42,2025-04-24,114,15,4
LC08_L1TP_010011_20250419_20250425_02_T1,2025-04-19 15:06:16.309127+00:00,LANDSAT_8,31.73293929,11.07,2025-04-19,109,15,4
LC08_L1TP_010010_20250419_20250425_02_T1,2025-04-19 15:05:52.443503+00:00,LANDSAT_8,30.46521454,44.27,2025-04-19,109,15,4
LC09_L1TP_011010_20250418_20250418_02_T1,2025-04-18 15:12:24.536906+00:00,LANDSAT_9,30.12102247,7.82,2025-04-18,108,15,4
LC08_L1TP_012010_20250417_20250425_02_T1,2025-04-17 15:18:16.291106+00:00,LANDSAT_8,29.77257791,0.08,2025-04-17,107,15,4
LC09_L1TP_013010_20250416_20250416_02_T1,2025-04-16 15:24:47.576700+00:00,LANDSAT_9,29.42278943,99.95,2025-04-16,106,15,4
LC09_L1GT_010011_20250411_20250411_02_T2,2025-04-11 15:06:40.388352+00:00,LANDSAT_9,28.87905731,88.86,2025-04-11,101,15,4
LC09_L1TP_010010_20250411_20250411_02_T1,2025-04-11 15:06:16.531224+00:00,LANDSAT_9,27.61625246,75.5,2025-04-11,101,15,4
LC08_L1TP_011010_20250410_20250416_02_T1,2025-04-10 15:12:09.768965+00:00,LANDSAT_8,27.24888912,41.74,2025-04-10,100,15,4
LC09_L1TP_012010_20250409_20250410_02_T1,2025-04-09 15:18:37.910566+00:00,LANDSAT_9,26.88092319,12.46,2025-04-09,99,15,4
LC08_L1TP_013010_20250408_20250416_02_T1,2025-04-08 15:24:32.591512+00:00,LANDSAT_8,26.50913336,39.76,2025-04-08,98,15,4
LC08_L1TP_010011_20250403_20250411_02_T1,2025-04-03 15:06:27.121205+00:00,LANDSAT_8,25.86625264,6.84,2025-04-03,93,15,4
LC08_L1TP_010010_20250403_20250411_02_T1,2025-04-03 15:06:03.251346+00:00,LANDSAT_8,24.6099564,32.94,2025-04-03,93,15,4
LC09_L1TP_011010_20250402_20250402_02_T1,2025-04-02 15:12:22.187031+00:00,LANDSAT_9,24.22823415,0.75,2025-04-02,92,15,4
LC08_L1TP_012010_20250401_20250411_02_T1,2025-04-01 15:18:25.188607+00:00,LANDSAT_8,23.84290579,26.25,2025-04-01,91,15,4
LC09_L1TP_013010_20250331_20250331_02_T1,2025-03-31 15:24:45.786056+00:00,LANDSAT_9,23.4581257,13.21,2025-03-31,90,15,3
LC09_L1TP_010011_20250326_20250326_02_T1,2025-03-26 15:06:40.245548+00:00,LANDSAT_9,22.74804202,29.29,2025-03-26,85,15,3
LC09_L1TP_010010_20250326_20250326_02_T1,2025-03-26 15:06:16.375713+00:00,LANDSAT_9,21.49754904,40.31,2025-03-26,85,15,3
LC08_L1TP_011010_20250325_20250401_02_T1,2025-03-25 15:12:15.007014+00:00,LANDSAT_8,21.10440951,33.54,2025-03-25,84,15,3
LC09_L1TP_012010_20250324_20250324_02_T1,2025-03-24 15:18:38.161721+00:00,LANDSAT_9,20.71230197,7.75,2025-03-24,83,15,3
LC08_L1TP_013010_20250323_20250331_02_T1,2025-03-23 15:24:37.380604+00:00,LANDSAT_8,20.31763452,9.94,2025-03-23,82,15,3
LC08_L1TP_010011_20250318_20250327_02_T1,2025-03-18 15:06:29.877231+00:00,LANDSAT_8,19.57242422,42.47,2025-03-18,77,15,3
LC08_L1TP_010010_20250318_20250327_02_T1,2025-03-18 15:06:06.007370+00:00,LANDSAT_8,18.32924093,83.16,2025-03-18,77,15,3
LC09_L1TP_011010_20250317_20250317_02_T1,2025-03-17 15:12:31.388934+00:00,LANDSAT_9,17.93480419,4.37,2025-03-17,76,15,3
LC08_L1TP_012010_20250316_20250327_02_T1,2025-03-16 15:18:30.630299+00:00,LANDSAT_8,17.53849726,94.91,2025-03-16,75,15,3
LC09_L1TP_013010_20250315_20250315_02_T1,2025-03-15 15:24:55.712368+00:00,LANDSAT_9,17.14409943,3.89,2025-03-15,74,15,3
LC09_L1TP_010011_20250310_20250310_02_T1,2025-03-10 15:06:51.104095+00:00,LANDSAT_9,16.39878659,100.0,2025-03-10,69,15,3
LC09_L1TP_010010_20250310_20250310_02_T1,2025-03-10 15:06:27.234261+00:00,LANDSAT_9,15.16081116,100.0,2025-03-10,69,15,3
LC08_L1TP_011010_20250309_20250324_02_T1,2025-03-09 15:12:25.506662+00:00,LANDSAT_8,14.76796445,84.47,2025-03-09,68,15,3
LC09_L1TP_012010_20250308_20250308_02_T1,2025-03-08 15:18:49.579564+00:00,LANDSAT_9,14.3776002,2.51,2025-03-08,67,15,3
LC08_L1TP_013010_20250307_20250312_02_T1,2025-03-07 15:24:47.668535+00:00,LANDSAT_8,13.98669109,6.23,2025-03-07,66,15,3
LC08_L1GT_010011_20250302_20250311_02_T2,2025-03-02 15:06:38.839481+00:00,LANDSAT_8,13.27396549,100.0,2025-03-02,61,15,3
LC08_L1GT_010010_20250302_20250311_02_T2,2025-03-02 15:06:14.965384+00:00,LANDSAT_8,12.04093608,99.91,2025-03-02,61,15,3
LC09_L1TP_011010_20250301_20250301_02_T1,2025-03-01 15:12:38.105377+00:00,LANDSAT_9,11.65989049,20.35,2025-03-01,60,15,3
LC08_L1TP_012010_20250228_20250304_02_T1,2025-02-28 15:18:35.915683+00:00,LANDSAT_8,11.27932324,89.0,2025-02-28,59,15,2
LC09_L1TP_013010_20250227_20250227_02_T1,2025-02-27 15:24:58.819847+00:00,LANDSAT_9,10.90176822,9.26,2025-02-27,58,15,2
LC09_L1TP_010011_20250222_20250222_02_T1,2025-02-22 15:06:56.283035+00:00,LANDSAT_9,10.26120366,76.54,2025-02-22,53,15,2
LC09_L1GT_010010_20250222_20250222_02_T2,2025-02-22 15:06:32.417436+00:00,LANDSAT_9,9.03088239,100.0,2025-02-22,53,15,2
LC08_L1GT_011010_20250221_20250303_02_T2,2025-02-21 15:12:30.410522+00:00,LANDSAT_8,8.66552885,48.57,2025-02-21,52,15,2
LC09_L1TP_012010_20250220_20250220_02_T1,2025-02-20 15:18:55.478655+00:00,LANDSAT_9,8.30491087,0.26,2025-02-20,51,15,2
LC08_L1TP_013010_20250219_20250226_02_T1,2025-02-19 15:24:53.737273+00:00,LANDSAT_8,7.94554341,0.43,2025-02-19,50,15,2
LC08_L1TP_010011_20250214_20250226_02_T1,2025-02-14 15:06:47.106647+00:00,LANDSAT_8,7.4171282,98.76,2025-02-14,45,15,2
LC08_L1GT_010010_20250214_20250226_02_T2,2025-02-14 15:06:23.228315+00:00,LANDSAT_8,6.1873941,100.0,2025-02-14,45,15,2
LC08_L1TP_081234_20260626_20260707_02_T2,2026-06-26 23:53:52.275542+00:00,LANDSAT_8,11.02115206,39.16,2026-06-26,177,23,6
LC09_L1TP_082234_20260626_20260626_02_T1,2026-06-26 00:00:10.531436+00:00,LANDSAT_9,11.02305061,43.54,2026-06-26,177,0,6
LC08_L1TP_010011_20260625_20260707_02_T1,2026-06-25 15:06:06.658131+00:00,LANDSAT_8,43.66972005,86.06,2026-06-25,176,15,6
LC08_L1GT_010010_20260625_20260707_02_T2,2026-06-25 15:05:42.767090+00:00,LANDSAT_8,42.42012281,82.3,2026-06-25,176,15,6
LC08_L1TP_083234_20260625_20260706_02_T1,2026-06-25 00:06:12.546177+00:00,LANDSAT_8,11.05818727,17.64,2026-06-25,176,0,6
LC09_L1TP_011010_20260624_20260624_02_T1,2026-06-24 15:12:01.396592+00:00,LANDSAT_9,42.44679188,1.6,2026-06-24,175,15,6
LC09_L1TP_084234_20260624_20260624_02_T1,2026-06-24 00:12:31.020383+00:00,LANDSAT_9,11.04650099,60.39,2026-06-24,175,0,6
LC09_L1TP_084233_20260624_20260624_02_T1,2026-06-24 00:12:07.133603+00:00,LANDSAT_9,9.70502602,28.2,2026-06-24,175,0,6
LC08_L1TP_012010_20260623_20260706_02_T1,2026-06-23 15:18:02.923384+00:00,LANDSAT_8,42.46729377,72.81,2026-06-23,174,15,6
LC09_L1TP_013010_20260622_20260622_02_T1,2026-06-22 15:24:21.783885+00:00,LANDSAT_9,42.48069812,66.79,2026-06-22,173,15,6
LC09_L1TP_081234_20260618_20260619_02_T2,2026-06-18 23:53:55.037948+00:00,LANDSAT_9,10.98786881,14.35,2026-06-18,169,23,6
LC08_L1GT_082234_20260617_20260627_02_T2,2026-06-17 23:59:55.714906+00:00,LANDSAT_8,10.97689705,96.73,2026-06-17,168,23,6
LC09_L1TP_010011_20260617_20260617_02_T1,2026-06-17 15:06:09.438274+00:00,LANDSAT_9,43.70058218,16.71,2026-06-17,168,15,6
LC09_L1TP_010010_20260617_20260617_02_T1,2026-06-17 15:05:45.551495+00:00,LANDSAT_9,42.44413055,22.02,2026-06-17,168,15,6
LC09_L1TP_083234_20260617_20260617_02_T1,2026-06-17 00:06:15.035494+00:00,LANDSAT_9,10.91883992,4.38,2026-06-17,168,0,6
LC08_L1TP_011010_20260616_20260626_02_T1,2026-06-16 15:11:45.774298+00:00,LANDSAT_8,42.4162155,14.01,2026-06-16,167,15,6
LC08_L1TP_084234_20260616_20260626_02_T1,2026-06-16 00:12:15.349965+00:00,LANDSAT_8,10.89501625,0.78,2026-06-16,167,0,6
LC08_L1TP_084233_20260616_20260626_02_T1,2026-06-16 00:11:51.450452+00:00,LANDSAT_8,9.54980293,0.45,2026-06-16,167,0,6
LC09_L1TP_012010_20260615_20260615_02_T1,2026-06-15 15:18:05.460085+00:00,LANDSAT_9,42.38160963,1.26,2026-06-15,166,15,6
LC08_L1TP_013010_20260614_20260619_02_T1,2026-06-14 15:24:05.316106+00:00,LANDSAT_8,42.33984237,36.96,2026-06-14,165,15,6
LC09_L1TP_014010_20260613_20260613_02_T1,2026-06-13 15:30:25.211955+00:00,LANDSAT_9,42.29151071,29.27,2026-06-13,164,15,6
LC08_L1TP_081234_20260610_20260618_02_T1,2026-06-10 23:53:37.201980+00:00,LANDSAT_8,10.57321833,5.03,2026-06-10,161,23,6
LC09_L1TP_082234_20260609_20260610_02_T2,2026-06-09 23:59:58.754034+00:00,LANDSAT_9,10.46924532,20.06,2026-06-09,160,23,6
LC08_L1TP_010011_20260609_20260613_02_T1,2026-06-09 15:05:52.601033+00:00,LANDSAT_8,43.28976357,39.7,2026-06-09,160,15,6
LC08_L1TP_010010_20260609_20260613_02_T2,2026-06-09 15:05:28.709993+00:00,LANDSAT_8,42.02711833,13.51,2026-06-09,160,15,6
LC08_L1GT_083234_20260609_20260613_02_T2,2026-06-09 00:05:59.018507+00:00,LANDSAT_8,10.40043282,85.86,2026-06-09,160,0,6
LC09_L1TP_011010_20260608_20260608_02_T1,2026-06-08 15:11:49.886058+00:00,LANDSAT_9,41.94468651,74.55,2026-06-08,159,15,6
LC09_L1GT_084234_20260608_20260608_02_T2,2026-06-08 00:12:19.649624+00:00,LANDSAT_9,10.2841547,65.5,2026-06-08,159,0,6
LC09_L1GT_084233_20260608_20260608_02_T2,2026-06-08 00:11:55.767082+00:00,LANDSAT_9,8.93756551,53.09,2026-06-08,159,0,6
LC08_L1TP_012010_20260607_20260613_02_T1,2026-06-07 15:17:50.568975+00:00,LANDSAT_8,41.85539109,20.74,2026-06-07,158,15,6
LC09_L1TP_013010_20260606_20260606_02_T1,2026-06-06 15:24:10.692655+00:00,LANDSAT_9,41.75955276,16.67,2026-06-06,157,15,6
LC08_L1TP_014010_20260605_20260613_02_T1,2026-06-05 15:30:12.258414+00:00,LANDSAT_8,41.65702197,5.01,2026-06-05,156,15,6
LC09_L1GT_081234_20260602_20260603_02_T2,2026-06-02 23:53:46.581383+00:00,LANDSAT_9,9.6777699,79.89,2026-06-02,153,23,6
LC08_L1GT_082234_20260601_20260612_02_T2,2026-06-01 23:59:47.969606+00:00,LANDSAT_8,9.60236373,54.19,2026-06-01,152,23,6
LC09_L1TP_010011_20260601_20260601_02_T1,2026-06-01 15:06:03.586836+00:00,LANDSAT_9,42.44261178,90.08,2026-06-01,152,15,6
LC09_L1GT_010010_20260601_20260601_02_T2,2026-06-01 15:05:39.725472+00:00,LANDSAT_9,41.17567719,66.31,2026-06-01,152,15,6
LC09_L1TP_083234_20260601_20260601_02_T1,2026-06-01 00:06:09.493246+00:00,LANDSAT_9,9.40700018,13.3,2026-06-01,152,0,6
LC08_L1TP_011010_20260531_20260605_02_T1,2026-05-31 15:11:39.032914+00:00,LANDSAT_8,41.04230282,14.76,2026-05-31,151,15,5
LC08_L1TP_084234_20260531_20260604_02_T1,2026-05-31 00:12:09.078810+00:00,LANDSAT_8,9.32233005,14.18,2026-05-31,151,0,5
LC08_L1TP_084233_20260531_20260604_02_T1,2026-05-31 00:11:45.187770+00:00,LANDSAT_8,7.97525237,8.37,2026-05-31,151,0,5
LC09_L1TP_012010_20260530_20260530_02_T1,2026-05-30 15:18:02.497475+00:00,LANDSAT_9,40.89964046,0.18,2026-05-30,150,15,5
LC08_L1TP_013010_20260529_20260604_02_T1,2026-05-29 15:23:59.998147+00:00,LANDSAT_8,40.75325229,0.07,2026-05-29,149,15,5
LC08_L1TP_081234_20260525_20260604_02_T2,2026-05-25 23:53:36.633072+00:00,LANDSAT_8,8.47814739,75.99,2026-05-25,145,23,5
LC09_L1GT_082234_20260525_20260525_02_T2,2026-05-25 00:00:01.285144+00:00,LANDSAT_9,8.27405681,66.0,2026-05-25,145,0,5
LC08_L1GT_010011_20260524_20260603_02_T2,2026-05-24 15:05:53.116740+00:00,LANDSAT_8,41.1847733,99.33,2026-05-24,144,15,5
LC08_L1GT_010010_20260524_20260603_02_T2,2026-05-24 15:05:29.251116+00:00,LANDSAT_8,39.914084,100.0,2026-05-24,144,15,5
LC08_L1TP_083234_20260524_20260529_02_T2,2026-05-24 00:05:58.970847+00:00,LANDSAT_8,8.11734575,51.59,2026-05-24,144,0,5
LC09_L1TP_011010_20260523_20260523_02_T1,2026-05-23 15:11:53.747198+00:00,LANDSAT_9,39.73033438,4.37,2026-05-23,143,15,5
LC09_L1GT_084234_20260523_20260523_02_T2,2026-05-23 00:12:23.193048+00:00,LANDSAT_9,7.90276922,29.38,2026-05-23,143,0,5
LC09_L1TP_084233_20260523_20260523_02_T1,2026-05-23 00:11:59.331684+00:00,LANDSAT_9,6.55812318,7.18,2026-05-23,143,0,5
LC08_L1TP_012010_20260522_20260529_02_T1,2026-05-22 15:17:51.512614+00:00,LANDSAT_8,39.53936086,29.52,2026-05-22,142,15,5
LC09_L1TP_013010_20260521_20260521_02_T1,2026-05-21 15:24:15.574658+00:00,LANDSAT_9,39.34343641,67.05,2026-05-21,141,15,5
LC09_L1TP_081234_20260517_20260518_02_T2,2026-05-17 23:53:54.962370+00:00,LANDSAT_9,6.87936489,21.23,2026-05-17,137,23,5
LC08_L1GT_082234_20260516_20260521_02_T2,2026-05-16 23:59:49.566057+00:00,LANDSAT_8,6.68745671,80.91,2026-05-16,136,23,5
LC09_L1TP_010011_20260516_20260516_02_T1,2026-05-16 15:06:12.848915+00:00,LANDSAT_9,39.54297974,50.06,2026-05-16,136,15,5
LC09_L1TP_010010_20260516_20260516_02_T1,2026-05-16 15:05:48.991788+00:00,LANDSAT_9,38.26896411,13.18,2026-05-16,136,15,5
LC09_L1GT_083234_20260516_20260516_02_T2,2026-05-16 00:06:19.183200+00:00,LANDSAT_9,6.43868996,40.69,2026-05-16,136,0,5
LC08_L1TP_011010_20260515_20260520_02_T1,2026-05-15 15:11:41.773226+00:00,LANDSAT_8,38.03827028,52.32,2026-05-15,135,15,5
LC08_L1TP_084234_20260515_20260520_02_T2,2026-05-15 00:12:11.302335+00:00,LANDSAT_8,6.23726374,2.76,2026-05-15,135,0,5
LC08_L1TP_084233_20260515_20260520_02_T1,2026-05-15 00:11:47.432474+00:00,LANDSAT_8,4.89598111,4.24,2026-05-15,135,0,5
LC09_L1TP_012010_20260514_20260514_02_T1,2026-05-14 15:18:13.127916+00:00,LANDSAT_9,37.80346506,8.24,2026-05-14,134,15,5
LC08_L1TP_013010_20260513_20260520_02_T1,2026-05-13 15:24:04.026251+00:00,LANDSAT_8,37.56207399,75.9,2026-05-13,133,15,5
LC08_L1TP_081234_20260509_20260515_02_T1,2026-05-09 23:53:45.981524+00:00,LANDSAT_8,5.02402394,56.93,2026-05-09,129,23,5
LC08_L1TP_010011_20260508_20260515_02_T1,2026-05-08 15:06:04.324948+00:00,LANDSAT_8,37.5470002,0.0,2026-05-08,128,15,5
LC08_L1TP_010010_20260508_20260515_02_T1,2026-05-08 15:05:40.459324+00:00,LANDSAT_8,36.2730382,34.94,2026-05-08,128,15,5
LC09_L1TP_011010_20260507_20260507_02_T1,2026-05-07 15:12:10.249084+00:00,LANDSAT_9,36.00334048,19.98,2026-05-07,127,15,5
LC08_L1TP_012010_20260506_20260515_02_T1,2026-05-06 15:18:05.436386+00:00,LANDSAT_8,35.72732127,42.95,2026-05-06,126,15,5
LC09_L1TP_013010_20260505_20260505_02_T1,2026-05-05 15:24:33.859965+00:00,LANDSAT_9,35.44773393,0.84,2026-05-05,125,15,5
LC09_L1TP_010011_20260430_20260430_02_T1,2026-04-30 15:06:29.355149+00:00,LANDSAT_9,35.2449248,0.15,2026-04-30,120,15,4
LC09_L1TP_010010_20260430_20260430_02_T1,2026-04-30 15:06:05.493786+00:00,LANDSAT_9,33.97171616,0.23,2026-04-30,120,15,4
LC08_L1TP_011010_20260429_20260506_02_T1,2026-04-29 15:12:04.906999+00:00,LANDSAT_8,33.66544934,21.25,2026-04-29,119,15,4
LC09_L1TP_012010_20260428_20260428_02_T1,2026-04-28 15:18:28.393026+00:00,LANDSAT_9,33.35597906,77.45,2026-04-28,118,15,4
LC08_L1TP_013010_20260427_20260506_02_T1,2026-04-27 15:24:29.032644+00:00,LANDSAT_8,33.04135792,74.55,2026-04-27,117,15,4
LC08_L1GT_010011_20260422_20260501_02_T2,2026-04-22 15:06:19.606280+00:00,LANDSAT_8,32.67366823,100.0,2026-04-22,112,15,4
LC08_L1GT_010010_20260422_20260501_02_T2,2026-04-22 15:05:55.736419+00:00,LANDSAT_8,31.40446081,100.0,2026-04-22,112,15,4
LC09_L1GT_011010_20260421_20260421_02_T2,2026-04-21 15:12:20.549827+00:00,LANDSAT_9,31.0693045,100.0,2026-04-21,111,15,4
LC08_L1GT_012010_20260420_20260501_02_T2,2026-04-20 15:18:17.401078+00:00,LANDSAT_8,30.72920181,100.0,2026-04-20,110,15,4
LC09_L1TP_013010_20260419_20260419_02_T1,2026-04-19 15:24:42.678112+00:00,LANDSAT_9,30.38777624,16.75,2026-04-19,109,15,4
LC09_L1TP_010011_20260414_20260414_02_T1,2026-04-14 15:06:34.657325+00:00,LANDSAT_9,29.88289094,20.61,2026-04-14,104,15,4
LC09_L1TP_010010_20260414_20260414_02_T1,2026-04-14 15:06:10.800197+00:00,LANDSAT_9,28.61815633,6.69,2026-04-14,104,15,4
LC08_L1TP_011010_20260413_20260423_02_T1,2026-04-13 15:12:09.141130+00:00,LANDSAT_8,28.25744439,0.8,2026-04-13,103,15,4
LC09_L1TP_012010_20260412_20260412_02_T1,2026-04-12 15:18:32.504825+00:00,LANDSAT_9,27.8957988,7.07,2026-04-12,102,15,4
LC08_L1TP_013010_20260411_20260423_02_T1,2026-04-11 15:24:31.292890+00:00,LANDSAT_8,27.52999254,6.69,2026-04-11,101,15,4
LC08_L1TP_010011_20260406_20260416_02_T1,2026-04-06 15:06:23.361481+00:00,LANDSAT_8,26.91734303,35.93,2026-04-06,96,15,4
LC08_L1TP_010010_20260406_20260416_02_T1,2026-04-06 15:05:59.500093+00:00,LANDSAT_8,25.65924733,5.6,2026-04-06,96,15,4
LC09_L1TP_011010_20260405_20260405_02_T1,2026-04-05 15:12:25.673563+00:00,LANDSAT_9,25.28211563,7.35,2026-04-05,95,15,4
LC08_L1TP_012010_20260404_20260415_02_T1,2026-04-04 15:18:21.084147+00:00,LANDSAT_8,24.90198133,10.67,2026-04-04,94,15,4
LC09_L1TP_013010_20260403_20260403_02_T1,2026-04-03 15:24:48.864969+00:00,LANDSAT_9,24.52155046,79.79,2026-04-03,93,15,4
LC09_L1TP_010011_20260329_20260329_02_T1,2026-03-29 15:06:42.627524+00:00,LANDSAT_9,23.83291922,74.46,2026-03-29,88,15,3
LC09_L1TP_010010_20260329_20260329_02_T1,2026-03-29 15:06:18.761924+00:00,LANDSAT_9,22.58031332,73.18,2026-03-29,88,15,3
LC08_L1TP_011010_20260328_20260406_02_T1,2026-03-28 15:12:15.598997+00:00,LANDSAT_8,22.18992062,8.92,2026-03-28,87,15,3
LC09_L1TP_012010_20260327_20260327_02_T1,2026-03-27 15:18:40.852054+00:00,LANDSAT_9,21.80001265,0.31,2026-03-27,86,15,3
LC08_L1TP_013010_20260326_20260330_02_T1,2026-03-26 15:24:38.941015+00:00,LANDSAT_8,21.40770799,22.17,2026-03-26,85,15,3
LC08_L1TP_010011_20260321_20260329_02_T1,2026-03-21 15:06:33.759200+00:00,LANDSAT_8,20.67036607,8.25,2026-03-21,80,15,3
LC08_L1TP_010010_20260321_20260329_02_T1,2026-03-21 15:06:09.893577+00:00,LANDSAT_8,19.42524011,43.17,2026-03-21,80,15,3
LC09_L1TP_011010_20260320_20260320_02_T1,2026-03-20 15:12:29.878570+00:00,LANDSAT_9,19.03074134,12.07,2026-03-20,79,15,3
LC08_L1GT_012010_20260319_20260329_02_T2,2026-03-19 15:18:32.422516+00:00,LANDSAT_8,18.63446406,100.0,2026-03-19,78,15,3
LC09_L1TP_013010_20260318_20260318_02_T2,2026-03-18 15:24:51.028445+00:00,LANDSAT_9,18.23979034,99.91,2026-03-18,77,15,3
LC09_L1TP_010011_20260313_20260313_02_T1,2026-03-13 15:06:48.252205+00:00,LANDSAT_9,17.48946457,64.68,2026-03-13,72,15,3
LC09_L1TP_010010_20260313_20260313_02_T1,2026-03-13 15:06:24.386605+00:00,LANDSAT_9,16.24966186,46.19,2026-03-13,72,15,3
LC08_L1TP_011010_20260312_20260328_02_T1,2026-03-12 15:12:23.489988+00:00,LANDSAT_8,15.85438476,0.84,2026-03-12,71,15,3
LC09_L1TP_012010_20260311_20260311_02_T1,2026-03-11 15:18:47.959545+00:00,LANDSAT_9,15.46197263,0.46,2026-03-11,70,15,3
LC08_L1TP_013010_20260310_20260314_02_T1,2026-03-10 15:24:46.535756+00:00,LANDSAT_8,15.06799391,24.51,2026-03-10,69,15,3
LC08_L1TP_010011_20260305_20260313_02_T1,2026-03-05 15:06:43.018873+00:00,LANDSAT_8,14.34035713,16.3,2026-03-05,64,15,3
LC08_L1TP_010010_20260305_20260313_02_T1,2026-03-05 15:06:19.149013+00:00,LANDSAT_8,13.10609373,91.99,2026-03-05,64,15,3
LC09_L1TP_011010_20260304_20260304_02_T1,2026-03-04 15:12:41.853635+00:00,LANDSAT_9,12.7210849,14.61,2026-03-04,63,15,3
LC08_L1TP_012010_20260303_20260307_02_T1,2026-03-03 15:18:42.338835+00:00,LANDSAT_8,12.33569519,83.29,2026-03-03,62,15,3
LC09_L1TP_013010_20260302_20260302_02_T2,2026-03-02 15:25:04.193872+00:00,LANDSAT_9,11.95376967,77.82,2026-03-02,61,15,3
LC09_L1TP_010011_20260225_20260225_02_T1,2026-02-25 15:06:56.254052+00:00,LANDSAT_9,11.28558264,54.77,2026-02-25,56,15,2
LC09_L1TP_010010_20260225_20260225_02_T1,2026-02-25 15:06:32.388451+00:00,LANDSAT_9,10.05432027,37.04,2026-02-25,56,15,2
LC08_L1GT_011010_20260224_20260306_02_T2,2026-02-24 15:12:34.978104+00:00,LANDSAT_8,9.68207562,100.0,2026-02-24,55,15,2
LC09_L1GT_012010_20260223_20260223_02_T2,2026-02-23 15:18:53.911060+00:00,LANDSAT_9,9.31466527,100.0,2026-02-23,54,15,2
LC08_L1GT_013010_20260222_20260227_02_T2,2026-02-22 15:24:57.134245+00:00,LANDSAT_8,8.94719056,90.79,2026-02-22,53,15,2
LC08_L1TP_010011_20260217_20260226_02_T1,2026-02-17 15:06:48.851550+00:00,LANDSAT_8,8.3748709,56.59,2026-02-17,48,15,2
LC08_L1TP_010010_20260217_20260226_02_T1,2026-02-17 15:06:24.981689+00:00,LANDSAT_8,7.14545636,99.94,2026-02-17,48,15,2
LC09_L1TP_011010_20260216_20260216_02_T1,2026-02-16 15:12:44.721233+00:00,LANDSAT_9,6.7977838,72.23,2026-02-16,47,15,2
LC08_L1TP_012010_20260215_20260221_02_T1,2026-02-15 15:18:46.413484+00:00,LANDSAT_8,6.45135042,33.14,2026-02-15,46,15,2
LC09_L1TP_013010_20260214_20260214_02_T1,2026-02-14 15:25:07.735002+00:00,LANDSAT_9,6.11021059,7.01,2026-02-14,45,15,2
