tile_id,timestamp,solid_px,light_px,water_px,cloud_px,land_px,nodata_px,unknown_px,solid_pct,light_pct,water_pct,cloud_pct,land_pct,nodata_pct,clear_px,clear_pct,usable,solid_pct_clear,light_pct_clear,water_pct_clear,mean_ndsi_solid,mean_ndsi_light,mean_ndwi_water,eo_cloud_cover,sun_elev,sun_azim,edge_gap
S2A_22WDD_20170219_0_L1C,20170219T153251,142044,46,15601,137,8869,0,0,0.8521,0.0003,0.0936,0.0008,0.0532,0.0,157698,0.946,1,0.9007,0.0003,0.0989,0.836,0.6233,0.4076,20.2431,8.223486069715904,177.61236476968,0
S2A_22WDD_20170225_0_L1C,20170225T155219,5242,29829,2020,115319,8869,0,5528,0.0314,0.1789,0.0121,0.6918,0.0532,0.0,48044,0.2882,0,0.1091,0.6209,0.042,0.8024,0.5028,0.2467,88.7406,10.418685868855604,182.786711283815,0
S2A_22WDD_20170226_0_L1C,20170226T152153,14075,128651,7080,88,8869,7735,0,0.0844,0.7717,0.0425,0.0005,0.0532,0.0464,150012,0.8999,1,0.0938,0.8576,0.0472,0.7825,0.6097,0.3358,79.4905,10.744376514623298,175.302917888199,0
S2A_22WDD_20170301_0_L1C,20170301T153141,151888,11,5935,0,8869,0,0,0.9111,0.0001,0.0356,0.0,0.0532,0.0,157835,0.9468,1,0.9623,0.0001,0.0376,0.85,0.668,0.4728,6.7235,11.933096197908299,177.938924976989,0
S2A_22WDD_20170304_0_L1C,20170304T154123,0,1181,0,100448,8869,0,4820,0.0,0.0071,0.0,0.6026,0.0532,0.0,62207,0.3732,1,0.0,0.019,0.0,,0.4317,,79.5127,13.097454908591104,180.628762272736,0
S2A_22WDD_20170307_0_L1C,20170307T155106,14729,138600,4333,14,8869,0,0,0.0884,0.8314,0.026,0.0001,0.0532,0.0,157821,0.9467,1,0.0933,0.8782,0.0275,0.7326,0.6118,0.4269,53.8178,14.232778078199601,183.371154671925,0
S2A_22WDD_20170308_0_L1C,20170308T152044,146733,333,3553,0,8869,7019,0,0.8802,0.002,0.0213,0.0,0.0532,0.0421,150816,0.9047,1,0.9729,0.0022,0.0236,0.7503,0.6857,0.4272,65.542,14.5957603524852,175.735752057112,0
S2A_22WDD_20170311_0_L1C,20170311T153027,154710,4,3120,0,8869,0,0,0.9281,0.0,0.0187,0.0,0.0532,0.0,157835,0.9468,1,0.9802,0.0,0.0198,0.8719,0.6916,0.4903,6.8265,15.818703409440303,178.49300222307,0
S2A_22WDD_20170317_0_L1C,20170317T154952,502,155072,2261,0,8869,0,0,0.003,0.9302,0.0136,0.0,0.0532,0.0,157835,0.9468,1,0.0032,0.9825,0.0143,0.7349,0.64,0.4154,45.4873,18.149965262241196,184.15504977354,0
S2A_21WXU_20170327_0_L1C,20170327T154859,177051,11,1101,0,8672,0,0,0.9476,0.0001,0.0059,0.0,0.0464,0.0,178163,0.9536,1,0.9938,0.0001,0.0062,0.8006,0.6657,0.4284,86.7758,22.1281804378482,184.459090174287,0
S2A_22WDD_20170328_0_L1C,20170328T152143,145088,1,877,54,8869,11614,0,0.8703,0.0,0.0053,0.0003,0.0532,0.0697,146167,0.8768,1,0.9926,0.0,0.006,0.8352,0.6975,0.442,17.212,22.497244648193103,177.085178431917,0
S2A_22WDD_20170331_0_L1C,20170331T153159,5461,124495,0,28160,8869,0,281,0.0328,0.7468,0.0,0.1689,0.0532,0.0,129956,0.7796,1,0.042,0.958,0.0,0.7114,0.6647,,48.3951,23.687721099038,180.02881758,0
S2A_22WDD_20170403_0_L1C,20170403T153902,18748,14848,47,127859,8869,0,3785,0.1125,0.0891,0.0003,0.767,0.0532,0.0,33761,0.2025,0,0.5553,0.4398,0.0014,0.76,0.6141,0.2463,82.6329,24.819584193639997,183.009770302344,0
S2A_22WDD_20170406_0_L1C,20170406T154902,157311,0,524,0,8869,0,0,0.9437,0.0,0.0031,0.0,0.0532,0.0,157835,0.9468,1,0.9967,0.0,0.0033,0.8272,,0.4515,17.6293,25.889477968767906,186.024742923021,0
S2A_22WDD_20170407_0_L1C,20170407T151907,147276,0,355,72,8869,9858,0,0.8835,0.0,0.0021,0.0004,0.0532,0.0591,147905,0.8872,1,0.9957,0.0,0.0024,0.8556,,0.4568,47.8533,26.339848639773003,177.835552245982,0
S2A_22WDD_20170410_0_L1C,20170410T152905,157553,0,282,0,8869,0,0,0.9451,0.0,0.0017,0.0,0.0532,0.0,157835,0.9468,1,0.9982,0.0,0.0018,0.8784,,0.4431,66.3337,27.467317325972097,180.836530782519,0
S2A_22WDD_20170413_0_L1C,20170413T153905,111325,46282,227,0,8869,0,0,0.6678,0.2776,0.0014,0.0,0.0532,0.0,157835,0.9468,1,0.7053,0.2932,0.0014,0.7226,0.6872,0.4262,34.5509,28.527131386052503,183.866194086523,0
S2A_21WXU_20170417_0_L1C,20170417T151956,128291,26222,0,13925,8672,9498,0,0.6867,0.1403,0.0,0.0745,0.0464,0.0508,154740,0.8282,1,0.8291,0.1695,0.0,0.7607,0.684,,88.6717,30.0152267044979,177.867068774594,0
S2A_22WDD_20170420_0_L1C,20170420T152907,157804,31,0,0,8869,0,0,0.9466,0.0002,0.0,0.0,0.0532,0.0,157835,0.9468,1,0.9998,0.0002,0.0,0.7791,0.6741,,73.3865,31.0155276382663,181.54793983271,0
S2A_22WDD_20170430_0_L1C,20170430T152908,70305,10974,0,78435,8869,0,1879,0.4217,0.0658,0.0,0.4705,0.0532,0.0,81279,0.4876,1,0.865,0.135,0.0,0.799,0.659,,87.8226,34.2434936909008,182.07273799306,0
S2A_22WDD_20170503_0_L1C,20170503T153908,14806,5109,0,143962,8869,0,8496,0.0888,0.0306,0.0,0.8636,0.0532,0.0,22369,0.1342,0,0.6619,0.2284,0.0,0.729,0.6434,,73.0096,35.0853495517805,185.116490475709,0
S2A_22WDD_20170510_0_L1C,20170510T152952,155232,21,2565,0,8869,0,0,0.9312,0.0001,0.0154,0.0,0.0532,0.0,157835,0.9468,1,0.9835,0.0001,0.0163,0.9209,0.6203,0.4338,24.3572,37.0605356387017,182.355110238458,0
S2A_22WDD_20170513_0_L1C,20170513T153908,157403,145,248,59,8869,0,59,0.9442,0.0009,0.0015,0.0004,0.0532,0.0,157835,0.9468,1,0.9973,0.0009,0.0016,0.8211,0.6549,0.3018,26.9514,37.7587842503255,185.376200729893,0
S2A_22WDD_20170516_0_L1C,20170516T154907,156900,36,822,0,8869,0,0,0.9412,0.0002,0.0049,0.0,0.0532,0.0,157835,0.9468,1,0.9941,0.0002,0.0052,0.9108,0.6329,0.3029,14.6344,38.3670762924574,188.395545994448,0
S2A_22WDD_20170520_0_L1C,20170520T152909,70249,1534,67753,18005,8869,0,133,0.4214,0.0092,0.4064,0.108,0.0532,0.0,139963,0.8396,1,0.5019,0.011,0.4841,0.9447,0.5879,0.3665,28.2456,39.3839767095572,182.351904390144,0
S2A_22WDD_20170523_0_L1C,20170523T153908,105185,51,51231,0,8869,0,0,0.631,0.0003,0.3073,0.0,0.0532,0.0,157835,0.9468,1,0.6664,0.0003,0.3246,0.9051,0.6005,0.3143,58.9718,39.920048782554,185.334086766343,0
S2A_22WDD_20170526_0_L1C,20170526T155254,0,14,0,46553,8869,0,7121,0.0,0.0001,0.0,0.2793,0.0532,0.0,118403,0.7103,1,0.0,0.0001,0.0,,0.4149,,48.0566,40.3615308740047,188.30932853163,0
S2A_22WDD_20170527_0_L1C,20170527T151941,2307,157,3,47823,8869,6869,4364,0.0138,0.0009,0.0,0.2869,0.0532,0.0412,107507,0.6449,1,0.0215,0.0015,0.0,0.9995,0.5032,0.2083,86.1862,40.6849748966049,179.110219398848,0
S2A_22WDD_20170530_0_L1C,20170530T152909,105536,87,44585,103,8869,0,103,0.6331,0.0005,0.2675,0.0006,0.0532,0.0,157835,0.9468,1,0.6686,0.0006,0.2825,0.8103,0.5834,0.5184,17.1483,41.1399968347873,182.057802791815,0
S2A_22WDD_20170602_0_L1C,20170602T153908,27603,8,125750,0,8869,0,0,0.1656,0.0,0.7543,0.0,0.0532,0.0,157835,0.9468,1,0.1749,0.0001,0.7967,0.9321,0.6278,0.4641,9.2448,41.4972276668352,185.002211289125,0
S2A_22WDD_20170605_0_L1C,20170605T154906,76,293,42,155904,8869,0,5623,0.0005,0.0018,0.0003,0.9352,0.0532,0.0,7554,0.0453,0,0.0101,0.0388,0.0056,0.7085,0.59,0.2164,42.2774,41.7559601621007,187.938790948657,0
S2A_22WDD_20170606_0_L1C,20170606T151911,2438,1224,0,130011,8869,8120,5544,0.0146,0.0073,0.0,0.7799,0.0532,0.0487,25248,0.1515,0,0.0966,0.0485,0.0,0.9883,0.5099,,70.0999,41.9981575786468,178.613880502398,0
S2A_22WDD_20170609_0_L1C,20170609T152907,1,492,3,133095,8869,0,8768,0.0,0.003,0.0,0.7984,0.0532,0.0,33508,0.201,0,0.0,0.0147,0.0001,0.7021,0.4436,0.2071,55.8204,42.2646058494841,181.535510583789,0
S2A_22WDD_20170612_0_L1C,20170612T153906,1033,5,84025,71883,8869,0,1078,0.0062,0.0,0.504,0.4312,0.0532,0.0,87030,0.5221,1,0.0119,0.0001,0.9655,0.9177,0.5855,0.495,9.7537,42.4307382467631,184.452830837674,0
S2A_22WDD_20170615_0_L1C,20170615T155155,0,0,0,9917,8869,0,2732,0.0,0.0,0.0,0.0595,0.0532,0.0,150650,0.9037,1,0.0,0.0,0.0,,,,45.4832,42.4963959176813,187.361048973498,0
S2A_22WDD_20170616_0_L1C,20170616T152036,2188,7,2097,82340,8869,8038,4075,0.0131,0.0,0.0126,0.4939,0.0532,0.0482,71532,0.4291,1,0.0306,0.0001,0.0293,0.9997,0.5927,0.3623,19.7104,42.6459374123698,177.967374237457,0
S2A_22WDD_20170619_0_L1C,20170619T152906,10,23,137,162710,8869,0,8798,0.0001,0.0001,0.0008,0.976,0.0532,0.0,3923,0.0235,0,0.0025,0.0059,0.0349,0.7104,0.6084,0.2888,66.8555,42.7164704201254,180.875429542562,0
S2A_22WDD_20170626_0_L1C,20170626T151907,49,5,20462,81779,8869,9701,3176,0.0003,0.0,0.1227,0.4906,0.0532,0.0582,69531,0.4171,1,0.0007,0.0001,0.2943,0.755,0.6706,0.2266,88.9614,42.6065793547542,177.281067418854,0
S2A_22WDD_20170629_0_L1C,20170629T152904,0,0,0,164839,8869,0,8785,0.0,0.0,0.0,0.9888,0.0532,0.0,1781,0.0107,0,0.0,0.0,0.0,,,,73.3269,42.4799794829364,180.202844529722,0
S2B_22WDD_20170701_0_L1C,20170701T152119,367,613,1,147232,8869,6575,8739,0.0022,0.0037,0.0,0.8832,0.0532,0.0394,12767,0.0766,0,0.0287,0.048,0.0001,0.9882,0.4864,0.2501,75.0729,42.3300455463417,176.983605949811,0
S2B_22WDD_20170704_0_L1C,20170704T152906,0,0,0,165054,8869,0,8798,0.0,0.0,0.0,0.9901,0.0532,0.0,1579,0.0095,0,0.0,0.0,0.0,,,,76.7839,42.106134846143,179.919571363353,0
S2A_22WDD_20170705_1_L1C,20170705T155248,123,0,152987,5245,8869,0,661,0.0007,0.0,0.9177,0.0315,0.0532,0.0,153251,0.9193,1,0.0008,0.0,0.9983,0.9668,,0.5761,13.8734,41.9251315393773,186.045498366871,0
S2A_22WDD_20170706_0_L1C,20170706T152002,341,0,143284,4675,8869,9261,2,0.002,0.0,0.8595,0.028,0.0532,0.0556,143901,0.8632,1,0.0024,0.0,0.9957,0.9726,,0.6081,6.3379,41.8857353684824,176.717507508206,0
S2B_22WDD_20170707_0_L1C,20170707T153917,359,0,157392,0,8869,0,0,0.0022,0.0,0.9441,0.0,0.0532,0.0,157835,0.9468,1,0.0023,0.0,0.9972,0.955,,0.607,18.1532,41.782447442598,182.855550107602,0
S2A_22WDD_20170709_0_L1C,20170709T152906,18,32,5941,72260,8869,0,1823,0.0001,0.0002,0.0356,0.4335,0.0532,0.0,87398,0.5243,1,0.0002,0.0004,0.068,0.8115,0.5444,0.3263,23.2007,41.5668111221656,179.672930395928,0
S2B_22WDD_20170710_0_L1C,20170710T154934,160,9,87600,58525,8869,0,1362,0.001,0.0001,0.5255,0.3511,0.0532,0.0,100672,0.6039,1,0.0016,0.0001,0.8702,0.9426,0.5585,0.5423,25.4861,41.3599220976676,185.786647016354,0
S2B_22WDD_20170711_1_L1C,20170711T152300,309,0,151289,7,8869,5954,0,0.0019,0.0,0.9075,0.0,0.0532,0.0357,151874,0.911,1,0.002,0.0,0.9961,0.9726,,0.6264,0,41.2789111149904,176.513474906057,0
S2A_22WDD_20170712_0_L1C,20170712T154011,279,24,89367,62624,8869,0,418,0.0017,0.0001,0.5361,0.3757,0.0532,0.0,95629,0.5736,1,0.0029,0.0003,0.9345,0.9212,0.5715,0.5015,28.7455,41.1494107925757,182.627271017743,0
S2B_22WDD_20170714_0_L1C,20170714T152906,160,5,33997,123508,8869,0,7365,0.001,0.0,0.2039,0.7409,0.0532,0.0,41692,0.2501,0,0.0038,0.0001,0.8154,0.8073,0.6752,0.2545,76.6019,40.8676251634334,179.486128893665,0
S2A_22WDD_20170715_0_L1C,20170715T154905,720,53,84138,68451,8869,0,1142,0.0043,0.0003,0.5047,0.4106,0.0532,0.0,90526,0.543,1,0.008,0.0006,0.9294,0.8956,0.6289,0.3699,58.6111,40.6346348559565,185.575449371501,0
S2B_22WDD_20180219_0_L1C,20180219T153252,195,69625,0,68205,8869,21147,4917,0.0012,0.4177,0.0,0.4091,0.0532,0.1269,73400,0.4403,1,0.0027,0.9486,0.0,0.8935,0.5692,,77.4993,8.136840684601694,177.596730715721,0
S2B_22WDD_20180225_0_L1C,20180225T155217,812,41302,134,115853,8869,0,2444,0.0049,0.2478,0.0008,0.695,0.0532,0.0,44426,0.2665,0,0.0183,0.9297,0.003,0.7157,0.5783,0.2127,78.6571,10.328650634863394,182.764050439524,0
S2B_22WDD_20180226_0_L1C,20180226T152159,135211,7153,7454,0,8869,7819,0,0.8111,0.0429,0.0447,0.0,0.0532,0.0469,150016,0.8999,1,0.9013,0.0477,0.0497,0.7743,0.6937,0.3711,31.6438,10.652794251650107,175.284180411558,0
S2A_22WDD_20180227_0_L1C,20180227T154205,147659,14,10141,0,8869,0,0,0.8858,0.0001,0.0608,0.0,0.0532,0.0,157835,0.9468,1,0.9355,0.0001,0.0643,0.8069,0.6592,0.3816,17.7846,11.097068097860102,180.370513388443,0
S2B_22WDD_20180301_0_L1C,20180301T153141,7267,6835,0,150857,8869,0,7306,0.0436,0.041,0.0,0.9049,0.0532,0.0,14284,0.0857,0,0.5088,0.4785,0.0,0.7405,0.6476,,89.3081,11.839806699173707,177.918548876552,0
S2B_22WDD_20180304_0_L1C,20180304T154217,0,7794,0,158691,8869,0,8717,0.0,0.0468,0.0,0.9519,0.0532,0.0,7861,0.0472,0,0.0,0.9915,0.0,,0.6105,,87.0727,13.002729219330007,180.60651047614,0
S2A_22WDD_20180306_0_L1C,20180306T153111,1759,151786,4276,0,8869,0,0,0.0106,0.9105,0.0257,0.0,0.0532,0.0,157835,0.9468,1,0.0111,0.9617,0.0271,0.728,0.6419,0.416,37.5476,13.765429064090895,178.19462331843,0
S2B_22WDD_20180307_0_L1C,20180307T155104,472,35724,0,126717,8869,0,5078,0.0028,0.2143,0.0,0.7601,0.0532,0.0,36196,0.2171,0,0.013,0.987,0.0,0.705,0.6072,,99.3474,14.137210091549505,183.345899110521,0
S2A_22WDD_20180309_0_L1C,20180309T154048,540,153655,3640,0,8869,0,0,0.0032,0.9217,0.0218,0.0,0.0532,0.0,157835,0.9468,1,0.0034,0.9735,0.0231,0.7506,0.6125,0.3826,86.7958,14.944190734373095,180.943418202127,0
S2A_22WDD_20180312_0_L1C,20180312T155143,1666,156121,0,48,8869,0,0,0.01,0.9365,0.0,0.0003,0.0532,0.0,157787,0.9465,1,0.0106,0.9894,0.0,0.7118,0.6167,,93.0786,16.088423269173703,183.741332274372,0
S2A_22WDD_20180316_0_L1C,20180316T152958,2239,151665,224,3707,8869,0,0,0.0134,0.9098,0.0013,0.0222,0.0532,0.0,154128,0.9246,1,0.0145,0.984,0.0015,0.7977,0.6441,0.2384,66.261,17.696735164770402,178.837576189672,0
S2B_22WDD_20180317_0_L1C,20180317T154955,104311,53441,79,4,8869,0,0,0.6257,0.3206,0.0005,0.0,0.0532,0.0,157831,0.9468,1,0.6609,0.3386,0.0005,0.7196,0.6866,0.2353,35.2695,18.054350049246594,184.139658177032,0
S2B_22WDD_20180318_0_L1C,20180318T151936,95780,2860,8591,39130,8869,12449,1146,0.5746,0.0172,0.0515,0.2347,0.0532,0.0747,107402,0.6443,1,0.8918,0.0266,0.08,0.8167,0.6562,0.2732,12.1187,18.451990431146896,176.340208168982,0
S2A_22WDD_20180319_0_L1C,20180319T153952,155900,0,1935,0,8869,0,0,0.9352,0.0,0.0116,0.0,0.0532,0.0,157835,0.9468,1,0.9877,0.0,0.0123,0.8164,,0.4863,1.3323,18.881743452900906,181.696619113043,0
S2B_22WDD_20180321_0_L1C,20180321T152920,2679,5598,0,157451,8869,0,8477,0.0161,0.0336,0.0,0.9445,0.0532,0.0,8861,0.0532,0,0.3023,0.6318,0.0,0.7639,0.5391,,78.4249,19.6756212375749,179.200771773709,0
S2A_22WDD_20180322_0_L1C,20180322T155032,2429,107838,0,49339,8869,0,2269,0.0146,0.6469,0.0,0.296,0.0532,0.0,110765,0.6644,1,0.0219,0.9736,0.0,0.7111,0.6415,,77.9707,20.020337469603604,184.599958721742,0
S2B_22WDD_20180324_0_L1C,20180324T154055,30348,126159,1328,0,8869,0,0,0.182,0.7568,0.008,0.0,0.0532,0.0,157835,0.9468,1,0.1923,0.7993,0.0084,0.7069,0.6754,0.3829,89.4149,20.851129665986804,182.105944302631,0
S2A_22WDD_20180326_0_L1C,20180326T153117,151874,4850,1111,0,8869,0,0,0.911,0.0291,0.0067,0.0,0.0532,0.0,157835,0.9468,1,0.9622,0.0307,0.007,0.7488,0.6921,0.4007,29.015,21.645582417936694,179.614253688626,0
S2B_22WDD_20180327_0_L1C,20180327T155055,156662,0,1173,0,8869,0,0,0.9398,0.0,0.007,0.0,0.0532,0.0,157835,0.9468,1,0.9926,0.0,0.0074,0.79,,0.4368,16.8717,21.974660865788096,185.05256026595,0
S2B_22WDD_20180328_0_L1C,20180328T151943,145646,0,893,0,8869,11128,0,0.8737,0.0,0.0054,0.0,0.0532,0.0668,146707,0.88,1,0.9928,0.0,0.0061,0.8194,,0.4121,55.2813,22.4025251925179,177.067838488195,0
S2A_22WDD_20180329_0_L1C,20180329T153904,144933,4455,0,8447,8869,0,0,0.8694,0.0267,0.0,0.0507,0.0532,0.0,149388,0.8961,1,0.9702,0.0298,0.0,0.7833,0.6884,,34.827,22.803015746122497,182.560300264398,0
S2B_22WDD_20180331_0_L1C,20180331T152902,156278,238,772,547,8869,0,0,0.9375,0.0014,0.0046,0.0033,0.0532,0.0,157288,0.9435,1,0.9936,0.0015,0.0049,0.8593,0.639,0.3413,26.0771,23.593455645195206,180.010626818421,0
S2A_22WDD_20180401_0_L1C,20180401T154904,157015,0,820,0,8869,0,0,0.9419,0.0,0.0049,0.0,0.0532,0.0,157835,0.9468,1,0.9948,0.0,0.0052,0.8787,,0.4298,4.624,23.903513817085,185.543412602576,0
S2A_22WDD_20180402_0_L1C,20180402T152049,148474,3,397,99,8869,8617,0,0.8906,0.0,0.0024,0.0006,0.0532,0.0517,149119,0.8945,1,0.9957,0.0,0.0027,0.8611,0.6733,0.2838,42.6756,24.344258064231397,177.460335830658,0
S2B_22WDD_20180403_0_L1C,20180403T153902,157213,0,622,0,8869,0,0,0.9431,0.0,0.0037,0.0,0.0532,0.0,157835,0.9468,1,0.9961,0.0,0.0039,0.8919,,0.4021,18.9342,24.726074661888404,182.990238539035,0
S2A_22WDD_20180405_0_L1C,20180405T152906,115946,20950,459,20478,8869,0,0,0.6955,0.1257,0.0028,0.1228,0.0532,0.0,137357,0.824,1,0.8441,0.1525,0.0033,0.7532,0.6626,0.3523,41.5976,25.5077207965455,180.433587910814,0
S2B_22WDD_20180406_0_L1C,20180406T155010,157254,68,513,0,8869,0,0,0.9433,0.0004,0.0031,0.0,0.0532,0.0,157835,0.9468,1,0.9963,0.0004,0.0033,0.7928,0.697,0.4268,17.766,25.797386288869603,186.002146132692,0
S2B_22WDD_20180407_0_L1C,20180407T151906,148035,2,343,0,8869,9281,0,0.888,0.0,0.0021,0.0,0.0532,0.0557,148554,0.8911,1,0.9965,0.0,0.0023,0.8343,0.6841,0.3348,34.4551,26.247382137755103,177.817299137095,0
S2B_22WDD_20180410_0_L1C,20180410T152904,5425,0,0,90179,8869,161204,99048,0.0325,0.0,0.0,0.541,0.0532,0.967,5500,0.033,0,0.9864,0.0,0.0,0.8768,,,32.0989,27.377076813214003,180.814060830153,1
S2A_22WDD_20180411_0_L1C,20180411T155009,122281,6,145,35784,8869,0,381,0.7335,0.0,0.0009,0.2147,0.0532,0.0,122432,0.7344,1,0.9988,0.0,0.0012,0.8662,0.6871,0.25,38.3458,27.6435954764371,186.472678202145,0
S2A_22WDD_20180412_0_L1C,20180412T151910,138847,4859,49,6683,8869,8407,1178,0.8329,0.0291,0.0003,0.0401,0.0532,0.0504,143923,0.8633,1,0.9647,0.0338,0.0003,0.795,0.6371,0.3212,13.8671,28.101012405966102,178.183206008522,0
S2B_22WDD_20180413_0_L1C,20180413T153903,87259,69345,229,1002,8869,0,0,0.5234,0.416,0.0014,0.006,0.0532,0.0,156833,0.9408,1,0.5564,0.4422,0.0015,0.7133,0.6787,0.3713,32.4418,28.439693236354998,183.839094267009,0
S2B_22WDD_20180416_0_L1C,20180416T154950,143993,11321,156,2365,8869,0,0,0.8638,0.0679,0.0009,0.0142,0.0532,0.0,155470,0.9326,1,0.9262,0.0728,0.001,0.7648,0.6694,0.3853,40.2803,29.432489252502002,186.887760577927,0
S2B_22WDD_20180417_0_L1C,20180417T151907,147829,988,113,0,8869,8724,0,0.8868,0.0059,0.0007,0.0,0.0532,0.0523,149111,0.8945,1,0.9914,0.0066,0.0008,0.7757,0.6901,0.3885,30.2324,29.8926019012043,178.491818414554,0
S2A_22WDD_20180418_0_L1C,20180418T154146,156456,3,0,1376,8869,0,0,0.9385,0.0,0.0,0.0083,0.0532,0.0,156459,0.9385,1,1.0,0.0,0.0,0.804,0.6927,,71.2081,30.2071242418712,184.235285664822,0
S2B_22WDD_20180420_0_L1C,20180420T152905,157730,2,103,0,8869,0,0,0.9462,0.0,0.0006,0.0,0.0532,0.0,157835,0.9468,1,0.9993,0.0,0.0007,0.8702,0.6567,0.3576,0.4283,30.9340365913729,181.517330368473,0
S2A_22WDD_20180421_0_L1C,20180421T154953,157699,0,135,0,8869,0,0,0.946,0.0,0.0008,0.0,0.0532,0.0,157835,0.9468,1,0.9991,0.0,0.0009,0.8775,,0.4147,7.8485,31.1505821271219,187.294186370363,0
S2A_22WDD_20180422_0_L1C,20180422T151911,6416,9557,0,137729,8869,7270,3370,0.0385,0.0573,0.0,0.8262,0.0532,0.0436,16206,0.0972,0,0.3959,0.5897,0.0,0.8243,0.5994,,8.8753,31.6106491749808,178.790988888739,0
S2B_22WDD_20180423_0_L1C,20180423T153904,157742,5,88,0,8869,0,0,0.9462,0.0,0.0005,0.0,0.0532,0.0,157835,0.9468,1,0.9994,0.0,0.0006,0.8742,0.6889,0.3087,12.7426,31.900024622230802,184.56381407396,0
S2B_22WDD_20180426_1_L1C,20180426T155243,122972,7055,0,28050,8869,0,242,0.7377,0.0423,0.0,0.1683,0.0532,0.0,130027,0.78,1,0.9457,0.0543,0.0,0.7458,0.6858,,54.9463,32.7881683351352,187.626131693722,0
S2B_22WDD_20180427_0_L1C,20180427T151908,104980,1663,0,43516,8869,8799,1363,0.6297,0.01,0.0,0.261,0.0532,0.0528,106883,0.6412,1,0.9822,0.0156,0.0,0.8203,0.6752,,65.7501,33.2427117174379,179.014994874608,0
S2B_22WDD_20180430_0_L1C,20180430T152905,157788,4,42,0,8869,0,0,0.9465,0.0,0.0003,0.0,0.0532,0.0,157835,0.9468,1,0.9997,0.0,0.0003,0.7859,0.6666,0.3604,41.9523,34.1698525137992,182.047444943844,0
S2B_22WDD_20180503_0_L1C,20180503T153904,80468,21404,33,59144,8869,0,3236,0.4827,0.1284,0.0002,0.3548,0.0532,0.0,101927,0.6114,1,0.7895,0.21,0.0003,0.7302,0.6505,0.3122,44.0311,35.0146535450786,185.091602810236,0
S2A_22WDD_20180505_0_L1C,20180505T152909,157800,11,21,0,8869,0,0,0.9466,0.0001,0.0001,0.0,0.0532,0.0,157835,0.9468,1,0.9998,0.0001,0.0001,0.8268,0.6758,0.343,52.6931,35.6396791664507,182.24193513811,0
S2B_22WDD_20180506_0_L1C,20180506T154910,156030,4,19,4358,8869,0,2576,0.936,0.0,0.0001,0.0261,0.0532,0.0,156053,0.9361,1,0.9999,0.0,0.0001,0.8385,0.6714,0.3221,53.0093,35.7754348230348,188.141470094183,0
S2A_22WDD_20180508_0_L1C,20180508T153908,157813,4,17,0,8869,0,0,0.9467,0.0,0.0001,0.0,0.0532,0.0,157835,0.9468,1,0.9999,0.0,0.0001,0.8623,0.6732,0.3231,50.5578,36.4158049659749,185.275940104571,0
S2B_22WDD_20180510_0_L1C,20180510T152905,157820,2,12,0,8869,0,0,0.9467,0.0,0.0001,0.0,0.0532,0.0,157835,0.9468,1,0.9999,0.0,0.0001,0.871,0.6617,0.3004,67.1129,36.9976732156969,182.331164413599,0
S2A_22WDD_20180511_0_L1C,20180511T154954,157702,133,0,0,8869,0,0,0.946,0.0008,0.0,0.0,0.0532,0.0,157835,0.9468,1,0.9992,0.0008,0.0,0.7551,0.6911,,85.5333,37.1050054037459,188.311507813755,0
S2A_22WDD_20180512_0_L1C,20180512T151911,11160,997,0,146765,8869,7078,8577,0.0669,0.006,0.0,0.8804,0.0532,0.0425,12569,0.0754,0,0.8879,0.0793,0.0,0.8513,0.5622,,81.8873,37.5177754558234,179.384524365163,0
S2B_22WDD_20180513_0_L1C,20180513T154235,0,644,0,164985,8869,0,8777,0.0,0.0039,0.0,0.9897,0.0532,0.0,1627,0.0098,0,0.0,0.3958,0.0,,0.4805,,86.682,37.7005267170763,185.349148974466,0
S2A_22WDD_20180515_0_L1C,20180515T152909,270,62730,0,102766,8869,0,7931,0.0016,0.3763,0.0,0.6165,0.0532,0.0,63000,0.3779,1,0.0043,0.9957,0.0,0.7246,0.5311,,69.2479,38.2327683370965,182.384230314774,0
S2B_22WDD_20180516_0_L1C,20180516T154809,157315,32,485,0,8869,0,0,0.9437,0.0002,0.0029,0.0,0.0532,0.0,157835,0.9468,1,0.9967,0.0002,0.0031,0.8172,0.635,0.3762,15.7326,38.3136854816278,188.365628553049,0
S2B_22WDD_20180517_0_L1C,20180517T151802,147616,28,1405,0,8869,8544,0,0.8855,0.0002,0.0084,0.0,0.0532,0.0513,149291,0.8955,1,0.9888,0.0002,0.0094,0.8966,0.6287,0.3291,29.0369,38.7012051828781,179.341053054301,0
S2A_22WDD_20180518_0_L1C,20180518T154128,95865,6490,22257,39013,8869,0,5831,0.5751,0.0389,0.1335,0.234,0.0532,0.0,124653,0.7478,1,0.7691,0.0521,0.1786,0.8417,0.6446,0.3634,12.0595,38.8567313259664,185.385311237987,0
S2B_22WDD_20180520_0_L1C,20180520T153243,46953,6693,109,111506,8869,0,8798,0.2817,0.0401,0.0007,0.6689,0.0532,0.0,55127,0.3307,1,0.8517,0.1214,0.002,0.7587,0.6093,0.2254,50.595,39.3356632693836,182.323597788338,0
S2A_22WDD_20180521_0_L1C,20180521T154907,144400,8939,485,1493,8869,0,250,0.8662,0.0536,0.0029,0.009,0.0532,0.0,156592,0.9393,1,0.9221,0.0571,0.0031,0.8305,0.6204,0.2242,33.5667,39.3882511368424,188.382922889232,0
S2A_22WDD_20180522_0_L1C,20180522T151911,137157,59,7451,0,8869,6806,0,0.8228,0.0004,0.0447,0.0,0.0532,0.0408,151029,0.906,1,0.9082,0.0004,0.0493,0.9059,0.5986,0.2497,15.6026,39.7471402394217,179.268747345066,0
S2B_22WDD_20180523_0_L1C,20180523T154030,141181,46,6735,0,8869,0,0,0.8469,0.0003,0.0404,0.0,0.0532,0.0,157835,0.9468,1,0.8945,0.0003,0.0427,0.9079,0.6227,0.2369,23.5438,39.8763919325404,185.306016092528,0
S2A_22WDD_20180525_0_L1C,20180525T152908,126873,12356,3863,5249,8869,0,683,0.7611,0.0741,0.0232,0.0315,0.0532,0.0,153269,0.9194,1,0.8278,0.0806,0.0252,0.8476,0.6282,0.2379,35.9624,40.2956718415767,182.235744393438,0
S2B_22WDD_20180526_0_L1C,20180526T155236,121317,37,9678,0,8869,0,0,0.7277,0.0002,0.0581,0.0,0.0532,0.0,157835,0.9468,1,0.7686,0.0002,0.0613,0.9161,0.5995,0.2466,15.169,40.3222613296574,188.283090149002,0
S2A_22WDD_20180528_0_L1C,20180528T154146,140912,102,10225,0,8869,0,0,0.8453,0.0006,0.0613,0.0,0.0532,0.0,157835,0.9468,1,0.8928,0.0006,0.0648,0.8355,0.6023,0.2458,20.6404,40.7482806217574,185.200574430997,0
S2A_22WDD_20180531_0_L1C,20180531T155122,12871,963,57994,73290,8869,0,1592,0.0772,0.0058,0.3479,0.4396,0.0532,0.0,86137,0.5167,1,0.1494,0.0112,0.6733,0.8985,0.5834,0.3624,70.8082,41.1042291922698,188.157673511239,0
S2B_22WDD_20180602_0_L1C,20180602T153902,0,84,0,156317,8869,0,8798,0.0,0.0005,0.0,0.9377,0.0532,0.0,10316,0.0619,0,0.0,0.0081,0.0,,0.4539,,95.7433,41.4671056118781,184.987624114365,0
S2A_22WDD_20180604_0_L1C,20180604T152907,15729,9,127566,2575,8869,0,0,0.0944,0.0001,0.7652,0.0154,0.0532,0.0,155260,0.9314,1,0.1013,0.0001,0.8216,0.8542,0.6383,0.5178,12.5455,41.7570433350669,181.826107608228,0
S2B_21WXU_20180605_0_L1C,20180605T154902,61,38,1445,182754,8672,0,8642,0.0003,0.0002,0.0077,0.9782,0.0464,0.0,4051,0.0217,0,0.0151,0.0094,0.3567,0.792,0.5967,0.3372,86.9839,41.7991589704119,187.225486378708,0
S2A_22WDD_20180607_0_L1C,20180607T154203,19,2586,0,163731,8869,0,8635,0.0001,0.0155,0.0,0.9822,0.0532,0.0,2739,0.0164,0,0.0069,0.9441,0.0,0.7236,0.5479,,99.4677,42.024602813284,184.754618924748,0
S2B_22WDD_20180609_0_L1C,20180609T152904,371,22,112599,47427,8869,0,7307,0.0022,0.0001,0.6754,0.2845,0.0532,0.0,117715,0.7061,1,0.0032,0.0002,0.9565,0.8981,0.5786,0.5452,25.4322,42.2455096672427,181.530721161723,0
S2A_22WDD_20180610_0_L1C,20180610T155016,389,0,157208,111,8869,0,0,0.0023,0.0,0.943,0.0007,0.0532,0.0,157724,0.9461,1,0.0025,0.0,0.9967,0.9432,,0.5322,12.6567,42.1927293589025,187.673363707384,0
S2A_22WDD_20180611_0_L1C,20180611T151908,2586,3,9,6,8869,9383,1,0.0155,0.0,0.0001,0.0,0.0532,0.0563,148447,0.8905,1,0.0174,0.0,0.0001,1.0,0.613,0.271,29.3082,42.3914520742124,178.306861059449,0
S2B_22WDD_20180612_0_L1C,20180612T153808,0,15,30,117834,8869,0,4374,0.0,0.0001,0.0002,0.7068,0.0532,0.0,44375,0.2662,0,0.0,0.0003,0.0007,,0.4177,0.2415,42.6495,42.4168031681137,184.449601977466,0
S2A_22WDD_20180614_0_L1C,20180614T152905,470,0,157285,0,8869,0,0,0.0028,0.0,0.9435,0.0,0.0532,0.0,157835,0.9468,1,0.003,0.0,0.9965,0.9659,,0.6109,3.3263,42.5656488642665,181.218489533355,0
S2B_22WDD_20180615_0_L1C,20180615T154809,101,79,43263,85678,8869,0,4127,0.0006,0.0005,0.2595,0.514,0.0532,0.0,76284,0.4576,1,0.0013,0.001,0.5671,0.8807,0.5576,0.3977,27.5063,42.4876336196326,187.359674087113,0
S2B_22WDD_20180616_0_L1C,20180616T152146,338,64,7249,117441,8869,8400,8793,0.002,0.0004,0.0435,0.7045,0.0532,0.0504,40787,0.2447,0,0.0083,0.0016,0.1777,0.9575,0.5683,0.2445,28.7322,42.6388349890961,177.967577959826,0
S2B_22WDD_20180619_0_L1C,20180619T152806,0,10,0,163198,8869,0,8242,0.0,0.0001,0.0,0.979,0.0532,0.0,2879,0.0173,0,0.0,0.0035,0.0,,0.4706,,84.0211,42.7145187457394,180.878865270588,0
S2A_22WDD_20180620_0_L1C,20180620T155012,116,52,19125,142527,8869,0,8235,0.0007,0.0003,0.1147,0.855,0.0532,0.0,23543,0.1412,0,0.0049,0.0022,0.8123,0.8822,0.4526,0.3428,27.105,42.610866028364,187.035083732614,0
S2A_22WDD_20180621_0_L1C,20180621T152119,269,0,0,157299,8869,7828,8981,0.0016,0.0,0.0,0.9436,0.0532,0.047,1689,0.0101,0,0.1593,0.0,0.0,1.0,,,60.1126,42.7140195338579,177.633428020172,0
S2B_22WDD_20180622_0_L1C,20180622T153809,443,1312,8758,127438,8869,0,8519,0.0027,0.0079,0.0525,0.7645,0.0532,0.0,38916,0.2334,0,0.0114,0.0337,0.225,0.7885,0.4727,0.2232,77.919,42.6887074298366,183.788390290782,0
S2A_22WDD_20180624_0_L1C,20180624T152906,0,0,0,163547,8869,0,8795,0.0,0.0,0.0,0.9811,0.0532,0.0,3083,0.0185,0,0.0,0.0,0.0,,,,84.7409,42.6904714995441,180.549340727926,0
S2B_22WDD_20180625_0_L1C,20180625T155052,0,0,0,163034,8869,0,8708,0.0,0.0,0.0,0.978,0.0532,0.0,3509,0.021,0,0.0,0.0,0.0,,,,97.1944,42.5616348387105,186.691966971122,0
S2B_22WDD_20180626_0_L1C,20180626T151802,38,9,0,133897,8869,8157,8803,0.0002,0.0001,0.0,0.8032,0.0532,0.0489,24584,0.1475,0,0.0015,0.0004,0.0,1.0,0.5379,,37.5009,42.6163382874385,177.297365128533,0
S2A_22WDD_20180627_0_L1C,20180627T153906,987,0,156756,0,8869,0,0,0.0059,0.0,0.9403,0.0,0.0532,0.0,157835,0.9468,1,0.0063,0.0,0.9932,0.9677,,0.6174,8.1627,42.5655665064344,183.463986061204,0
S2A_22WDD_20180630_0_L1C,20180630T154905,747,7,123299,33361,8869,0,0,0.0045,0.0,0.7396,0.2001,0.0532,0.0,124474,0.7467,1,0.006,0.0001,0.9906,0.9273,0.6335,0.5373,54.0636,42.3398253002098,186.372661330833,0
S2A_22WDD_20180701_0_L1C,20180701T152141,577,0,149431,521,8869,7027,4,0.0035,0.0,0.8964,0.0031,0.0532,0.0422,150291,0.9015,1,0.0038,0.0,0.9943,0.9623,,0.58,0.9299,42.3478827686578,177.001927723443,0
S2B_22WDD_20180702_0_L1C,20180702T153809,8,27,192,58771,8869,0,4292,0.0,0.0002,0.0012,0.3525,0.0532,0.0,103356,0.62,1,0.0001,0.0003,0.0019,0.8264,0.5454,0.3005,36.878,42.2716022933205,183.141755623271,0
S2A_22WDD_20180704_0_L1C,20180704T153112,786,0,97464,60860,8869,0,1608,0.0047,0.0,0.5847,0.3651,0.0532,0.0,98583,0.5914,1,0.008,0.0,0.9886,0.9194,,0.4769,30.8536,42.1285471191587,179.937557375722,0
S2B_22WDD_20180705_0_L1C,20180705T154810,0,0,0,157726,8869,0,8782,0.0,0.0,0.0,0.9461,0.0532,0.0,8891,0.0533,0,0.0,0.0,0.0,,,,87.7736,41.9488343973318,186.05727276421,0
S2B_22WDD_20180706_0_L1C,20180706T151816,495,7,51,72,8869,7151,0,0.003,0.0,0.0003,0.0004,0.0532,0.0429,150612,0.9035,1,0.0033,0.0,0.0003,1.0,0.5603,0.3258,36.7172,41.9114181915914,176.725669193113,0
S2A_22WDD_20180707_0_L1C,20180707T154146,386,116,64332,53216,8869,0,683,0.0023,0.0007,0.3859,0.3192,0.0532,0.0,105302,0.6317,1,0.0037,0.0011,0.6109,0.9055,0.5423,0.4351,1.841,41.8093645975494,182.87156653509,0
S2B_22WDD_20180709_0_L1C,20180709T153209,62,38,16551,125033,8869,0,7473,0.0004,0.0002,0.0993,0.75,0.0532,0.0,40275,0.2416,0,0.0015,0.0009,0.4109,0.8149,0.5735,0.3368,51.6748,41.5969721802361,179.675352443703,0
S2A_22WDD_20180710_0_L1C,20180710T154906,252,17,44825,108823,8869,0,8239,0.0015,0.0001,0.2689,0.6528,0.0532,0.0,57251,0.3434,1,0.0044,0.0003,0.783,0.8141,0.6584,0.2445,47.5286,41.3912562372345,185.79962584023,0
S2A_22WDD_20180711_0_L1C,20180711T151910,2117,23,0,154713,8869,7019,8787,0.0127,0.0001,0.0,0.9281,0.0532,0.0421,4890,0.0293,0,0.4329,0.0047,0.0,0.9997,0.5176,,54.4879,41.3121729180167,176.522515039955,0
S2B_22WDD_20180712_0_L1C,20180712T154102,3,1,8162,144153,8869,0,8029,0.0,0.0,0.049,0.8647,0.0532,0.0,21711,0.1302,0,0.0001,0.0,0.3759,0.9275,0.6648,0.4526,36.1115,41.1840553055512,182.623549242241,0
S2A_21WXU_20180714_0_L1C,20180714T152911,0,0,0,170566,8672,0,8642,0.0,0.0,0.0,0.9129,0.0464,0.0,16239,0.0869,0,0.0,0.0,0.0,,,,87.5435,40.9462577717186,178.785431572224,0
S2B_22WDD_20180715_0_L1C,20180715T154809,0,3684,0,162746,8869,0,8756,0.0,0.0221,0.0,0.9763,0.0532,0.0,3845,0.0231,0,0.0,0.9581,0.0,,0.5322,,98.6573,40.6738658763846,185.566103610588,0
S2A_22WDD_20190219_0_L1C,20190219T153305,424,23066,0,110393,8869,26894,3532,0.0025,0.1384,0.0,0.6622,0.0532,0.1613,24080,0.1444,0,0.0176,0.9579,0.0,0.9812,0.5347,,100,8.051093914504804,177.605235696943,0
S2B_22WDD_20190221_0_L1C,20190221T153600,745,20344,0,135497,8869,7046,6739,0.0045,0.122,0.0,0.8128,0.0532,0.0423,22031,0.1322,0,0.0338,0.9234,0.0,0.931,0.5467,,86.0873,8.716596704404296,175.179673524613,0
S2A_22WDD_20190222_0_L1C,20190222T154426,3645,7956,0,154489,8869,0,8798,0.0219,0.0477,0.0,0.9267,0.0532,0.0,12144,0.0728,0,0.3001,0.6551,0.0,0.7305,0.6114,,86.6535,9.152289119460406,180.159519273285,0
S2B_22WDD_20190224_0_L1C,20190224T153622,39474,110849,7493,19,8869,0,0,0.2368,0.6649,0.0449,0.0001,0.0532,0.0,157816,0.9467,1,0.2501,0.7024,0.0475,0.7359,0.6278,0.2838,24.7839,9.869781028291797,177.74558165023,0
S2A_22WDD_20190225_0_L1C,20190225T160348,0,4308,0,159024,8869,0,8768,0.0,0.0258,0.0,0.9539,0.0532,0.0,7579,0.0455,0,0.0,0.5684,0.0,,0.4457,,99.3448,10.238454554310493,182.767896239234,0
S2A_22WDD_20190226_0_L1C,20190226T153817,1736,26396,0,119664,8869,6567,6964,0.0104,0.1583,0.0,0.7178,0.0532,0.0394,38568,0.2314,0,0.045,0.6844,0.0,0.9508,0.4679,,19.9935,10.562367826260001,175.291170697905,0
S2B_22WDD_20190227_0_L1C,20190227T155518,1701,148724,7410,0,8869,0,0,0.0102,0.8921,0.0445,0.0,0.0532,0.0,157835,0.9468,1,0.0108,0.9423,0.0469,0.7458,0.6443,0.4613,9.19,11.006096336790193,180.365647252796,0
S2A_22WDD_20190301_0_L1C,20190301T153755,54634,34562,115,70663,8869,0,2150,0.3277,0.2073,0.0007,0.4239,0.0532,0.0,89322,0.5358,1,0.6117,0.3869,0.0013,0.7482,0.6745,0.2658,35.8468,11.748301917021806,177.92112576028,0
S2B_22WDD_20190302_0_L1C,20190302T155700,77,6017,0,159138,8869,0,7717,0.0005,0.0361,0.0,0.9546,0.0532,0.0,6414,0.0385,0,0.012,0.9381,0.0,0.7068,0.5206,,86.9638,12.120842804746104,183.038801618623,0
S2B_22WDD_20190303_0_L1C,20190303T153045,2281,82461,0,65379,8869,7823,398,0.0137,0.4947,0.0,0.3922,0.0532,0.0469,85031,0.5101,1,0.0268,0.9698,0.0,0.7895,0.6273,,93.1588,12.464332425658995,175.488548183322,0
S2A_22WDD_20190304_0_L1C,20190304T155624,160,30993,0,132344,8869,0,6276,0.001,0.1859,0.0,0.7939,0.0532,0.0,31767,0.1906,0,0.005,0.9756,0.0,0.7098,0.588,,99.7285,12.910768836359395,180.604314009073,0
S2A_22WDD_20190307_0_L1C,20190307T155651,0,8815,0,157487,8869,0,8745,0.0,0.0529,0.0,0.9447,0.0532,0.0,9093,0.0545,0,0.0,0.9694,0.0,,0.4566,,100,14.045139125655993,183.339227117592,0
S2A_22WDD_20190308_0_L1C,20190308T153804,141113,4,3731,7,8869,12760,0,0.8465,0.0,0.0224,0.0,0.0532,0.0765,145068,0.8702,1,0.9727,0.0,0.0257,0.8454,0.6667,0.4749,11.7831,14.4066435523969,175.712883582149,0
S2B_22WDD_20190309_0_L1C,20190309T155252,154039,9,3787,0,8869,0,0,0.924,0.0001,0.0227,0.0,0.0532,0.0,157835,0.9468,1,0.9759,0.0001,0.024,0.8426,0.67,0.4422,21.9845,14.851982377110502,180.924935523802,0
S2A_22WDD_20190311_0_L1C,20190311T154250,0,7807,0,158004,8869,0,7997,0.0,0.0468,0.0,0.9478,0.0532,0.0,7828,0.047,0,0.0,0.9973,0.0,,0.5456,,82.5921,15.629462854159001,178.468798224603,0
S2B_22WDD_20190312_0_L1C,20190312T155859,100077,54500,3258,0,8869,0,0,0.6003,0.3269,0.0195,0.0,0.0532,0.0,157835,0.9468,1,0.6341,0.3453,0.0206,0.719,0.6814,0.4457,45.6594,15.996321584177906,183.720301400622,0
S2B_22WDD_20190313_0_L1C,20190313T153435,144513,4388,2654,80,8869,6048,0,0.8669,0.0263,0.0159,0.0005,0.0532,0.0363,151707,0.91,1,0.9526,0.0289,0.0175,0.7647,0.6878,0.4369,75.631,16.3763901831464,176.010498192981,0
S2A_22WDD_20190314_0_L1C,20190314T154910,155164,3,2668,0,8869,0,0,0.9308,0.0,0.016,0.0,0.0532,0.0,157835,0.9468,1,0.9831,0.0,0.0169,0.7779,0.6678,0.3729,49.8164,16.815821842879302,181.275123154472,0
S2B_22WDD_20190316_0_L1C,20190316T153950,22904,128988,727,5409,8869,0,193,0.1374,0.7738,0.0044,0.0324,0.0532,0.0,152619,0.9155,1,0.1501,0.8452,0.0048,0.717,0.6608,0.3902,78.4025,17.603633806913294,178.821873978855,0
S2A_22WDD_20190317_0_L1C,20190317T155454,108368,35730,415,13307,8869,0,0,0.6501,0.2143,0.0025,0.0798,0.0532,0.0,144528,0.867,1,0.7498,0.2472,0.0029,0.7354,0.6745,0.2248,83.7634,17.961390819913703,184.129587403492,0
S2A_22WDD_20190318_0_L1C,20190318T153513,73583,67645,1564,3096,8869,11670,0,0.4414,0.4058,0.0094,0.0186,0.0532,0.07,143069,0.8582,1,0.5143,0.4728,0.0109,0.7454,0.6377,0.3093,93.6163,18.358519226538206,176.334889826829,0
S2B_22WDD_20190319_0_L1C,20190319T154331,0,2155,0,163157,8869,0,8532,0.0,0.0129,0.0,0.9787,0.0532,0.0,3210,0.0193,0,0.0,0.6713,0.0,,0.4429,,99.9999,18.788332277855204,181.681312900321,0
S2A_22WDD_20190321_0_L1C,20190321T153747,5281,150929,1625,0,8869,0,0,0.0317,0.9054,0.0097,0.0,0.0532,0.0,157835,0.9468,1,0.0335,0.9562,0.0103,0.719,0.6424,0.4008,93.5924,19.581692925109294,179.195490501149,0
S2B_22WDD_20190322_0_L1C,20190322T155418,88840,67332,1662,0,8869,0,0,0.5329,0.4039,0.01,0.0,0.0532,0.0,157835,0.9468,1,0.5629,0.4266,0.0105,0.7256,0.6869,0.3821,93.8146,19.926621338582095,184.585162031187,0
S2B_22WDD_20190323_0_L1C,20190323T153456,779,23447,0,130112,8869,11271,7999,0.0047,0.1407,0.0,0.7805,0.0532,0.0676,24451,0.1467,0,0.0319,0.9589,0.0,0.9505,0.5519,,99.9955,20.340241919048196,176.699998076794,0
S2A_22WDD_20190324_0_L1C,20190324T155817,101032,2021,225,55037,8869,0,480,0.6061,0.0121,0.0013,0.3301,0.0532,0.0,103278,0.6195,1,0.9783,0.0196,0.0022,0.8052,0.6683,0.2488,54.1243,20.757033600386904,182.100082453179,0
S2B_22WDD_20190326_0_L1C,20190326T153756,3033,80328,0,76570,8869,0,2541,0.0182,0.4819,0.0,0.4593,0.0532,0.0,83806,0.5027,1,0.0362,0.9585,0.0,0.7078,0.664,,75.8819,21.551582325354204,179.603970198826,0
S2A_22WDD_20190327_0_L1C,20190327T160109,86,1893,0,157128,8869,0,8765,0.0005,0.0114,0.0,0.9426,0.0532,0.0,9472,0.0568,0,0.0091,0.1999,0.0,0.7086,0.4941,,84.6678,21.881076766053596,185.044908804511,0
S2A_22WDD_20190328_0_L1C,20190328T152405,6538,138595,384,2166,8869,9915,0,0.0392,0.8314,0.0023,0.013,0.0532,0.0595,145754,0.8743,1,0.0449,0.9509,0.0026,0.8227,0.6674,0.2628,56.0513,22.309001822359093,177.06449946584,0
S2B_22WDD_20190329_0_L1C,20190329T155932,147874,9385,574,0,8869,0,0,0.887,0.0563,0.0034,0.0,0.0532,0.0,157835,0.9468,1,0.9369,0.0595,0.0036,0.7555,0.6889,0.283,89.6495,22.710092256599694,182.548146028227,0
S2A_22WDD_20190331_0_L1C,20190331T154034,0,4324,0,162243,8869,0,8798,0.0,0.0259,0.0,0.9732,0.0532,0.0,4390,0.0263,0,0.0,0.985,0.0,,0.5237,,99.3637,23.5013347725136,180.004228499248,0
S2B_22WDD_20190401_0_L1C,20190401T160340,2748,25395,0,137979,8869,0,8287,0.0165,0.1523,0.0,0.8277,0.0532,0.0,28143,0.1688,0,0.0976,0.9024,0.0,0.7201,0.6361,,96.1771,23.8123333448616,185.528787298491,0
S2B_22WDD_20190402_0_L1C,20190402T152701,476,1291,0,153959,8869,10185,8755,0.0029,0.0077,0.0,0.9235,0.0532,0.0611,2446,0.0147,0,0.1946,0.5278,0.0,0.9995,0.4382,,99.9971,24.253130005531105,177.450164551737,0
S2A_22WDD_20190403_0_L1C,20190403T154439,0,51,0,164647,8869,0,8745,0.0,0.0003,0.0,0.9877,0.0532,0.0,1933,0.0116,0,0.0,0.0264,0.0,,0.4255,,95.7942,24.635862342334804,182.980693959846,0
S2B_22WDD_20190405_0_L1C,20190405T154435,145616,964,0,11255,8869,0,0,0.8735,0.0058,0.0,0.0675,0.0532,0.0,146580,0.8793,1,0.9934,0.0066,0.0,0.8056,0.6874,,78.213,25.418679030480106,180.421161728124,0
S2A_22WDD_20190406_0_L1C,20190406T155712,156534,0,565,736,8869,0,0,0.939,0.0,0.0034,0.0044,0.0532,0.0,157099,0.9424,1,0.9964,0.0,0.0036,0.8634,,0.3575,36.5863,25.709336050740802,185.989200583436,0
S2A_22WDD_20190407_0_L1C,20190407T153621,1666,13096,0,142180,8869,8748,8767,0.01,0.0786,0.0,0.8529,0.0532,0.0525,15674,0.094,0,0.1063,0.8355,0.0,0.9983,0.5171,,100,26.159514774662597,177.808808924941,0
S2B_22WDD_20190408_0_L1C,20190408T154655,17,62985,0,101546,8869,0,6713,0.0001,0.3778,0.0,0.6091,0.0532,0.0,63002,0.3779,1,0.0003,0.9997,0.0,0.7047,0.5962,,98.5154,26.521584246691198,183.425354341173,0
S2A_22WDD_20190410_0_L1C,20190410T153338,257,6356,0,138020,8869,0,7469,0.0015,0.0381,0.0,0.8279,0.0532,0.0,27284,0.1637,0,0.0094,0.233,0.0,0.7474,0.4805,,59.7321,27.291257237653,180.804319023175,0
S2B_22WDD_20190411_0_L1C,20190411T160441,70034,5130,75,88161,8869,0,5593,0.4201,0.0308,0.0004,0.5288,0.0532,0.0,75267,0.4515,1,0.9305,0.0682,0.001,0.8329,0.6448,0.2424,53.172,27.5587468599744,186.458661609614,0
S2B_22WDD_20190412_0_L1C,20190412T152856,534,4366,0,92806,8869,8259,3660,0.0032,0.0262,0.0,0.5567,0.0532,0.0495,60430,0.3625,1,0.0088,0.0722,0.0,0.9862,0.4536,,49.7667,28.016235653361,178.175164281871,0
S2A_22WDD_20190413_0_L1C,20190413T154926,2499,16815,0,146568,8869,0,8444,0.015,0.1009,0.0,0.8792,0.0532,0.0,19711,0.1182,0,0.1268,0.8531,0.0,0.7325,0.6151,,96.8686,28.355712998319,183.829618720178,0
S2B_22WDD_20190415_0_L1C,20190415T154442,615,50988,0,110694,8869,0,7532,0.0037,0.3059,0.0,0.664,0.0532,0.0,54673,0.328,1,0.0112,0.9326,0.0,0.7087,0.5439,,63.8864,29.106596757649,181.191214813683,0
S2A_22WDD_20190416_0_L1C,20190416T160418,531,22589,0,141736,8869,0,8048,0.0032,0.1355,0.0,0.8502,0.0532,0.0,24147,0.1448,0,0.022,0.9355,0.0,0.7179,0.6185,,84.0352,29.350004481064197,186.879964443782,0
S2A_22WDD_20190417_0_L1C,20190417T152600,2586,27744,0,125545,8869,8646,8168,0.0155,0.1664,0.0,0.7531,0.0532,0.0519,31812,0.1908,0,0.0813,0.8721,0.0,0.9306,0.6278,,89.4691,29.8103259163177,178.489906333279,0
S2B_22WDD_20190418_0_L1C,20190418T154546,12343,139434,101,6530,8869,0,573,0.074,0.8364,0.0006,0.0392,0.0532,0.0,151878,0.9111,1,0.0813,0.9181,0.0007,0.7089,0.6734,0.2953,83.8067,30.125344338271503,184.232785465607,0
S2A_22WDD_20190420_0_L1C,20190420T153726,137623,2369,13,18186,8869,0,356,0.8256,0.0142,0.0001,0.1091,0.0532,0.0,140005,0.8398,1,0.983,0.0169,0.0001,0.8127,0.6238,0.2378,58.3608,30.853162724910497,181.517775488687,0
S2B_22WDD_20190421_0_L1C,20190421T160220,103821,10818,0,44610,8869,0,1596,0.6228,0.0649,0.0,0.2676,0.0532,0.0,114821,0.6888,1,0.9042,0.0942,0.0,0.7928,0.6651,,85.9958,31.070188007758397,187.294152220035,0
S2B_22WDD_20190422_0_L1C,20190422T152431,673,117294,0,35076,8869,7145,2555,0.004,0.7036,0.0,0.2104,0.0532,0.0429,118169,0.7089,1,0.0057,0.9926,0.0,0.9642,0.6457,,99.995,31.5309464314902,178.796882981971,0
S2A_22WDD_20190423_0_L1C,20190423T155036,2693,3559,0,160113,8869,0,8767,0.0162,0.0213,0.0,0.9605,0.0532,0.0,6489,0.0389,0,0.415,0.5485,0.0,0.7368,0.6076,,99.1484,31.8208889628603,184.565907638146,0
S2B_22WDD_20190425_0_L1C,20190425T153729,27631,23566,0,114985,8869,0,8798,0.1657,0.1414,0.0,0.6898,0.0532,0.0,51648,0.3098,1,0.535,0.4563,0.0,0.7214,0.6749,,93.8458,32.5201510001936,181.830709750426,0
S2A_22WDD_20190426_0_L1C,20190426T155304,144588,13184,63,0,8869,0,0,0.8673,0.0791,0.0004,0.0,0.0532,0.0,157835,0.9468,1,0.9161,0.0835,0.0004,0.7213,0.6935,0.297,51.472,32.7114202206115,187.628553926882,0
S2A_22WDD_20190427_0_L1C,20190427T152311,149592,15,0,316,8869,7702,0,0.8974,0.0001,0.0,0.0019,0.0532,0.0462,149817,0.8987,1,0.9985,0.0001,0.0,0.8079,0.6633,,27.7242,33.1671217400496,179.022382999748,0
S2B_22WDD_20190428_0_L1C,20190428T154311,156373,8,58,1395,8869,0,0,0.938,0.0,0.0003,0.0084,0.0532,0.0,156440,0.9384,1,0.9996,0.0001,0.0004,0.8534,0.6681,0.3738,4.637,33.4307741060111,184.880076570871,0
S2A_22WDD_20190430_0_L1C,20190430T153309,108677,21,49115,0,8869,0,0,0.6519,0.0001,0.2946,0.0,0.0532,0.0,157835,0.9468,1,0.6885,0.0001,0.3112,0.9246,0.6553,0.4096,58.0389,34.0974315058984,182.053859338771,0
S2B_22WDD_20190501_0_L1C,20190501T155308,13774,30,144028,0,8869,0,0,0.0826,0.0002,0.864,0.0,0.0532,0.0,157835,0.9468,1,0.0873,0.0002,0.9125,0.9644,0.6062,0.4918,2.7568,34.260784547563,187.939526761913,0
S2B_22WDD_20190502_0_L1C,20190502T152315,23025,13121,109444,37,8869,6989,3,0.1381,0.0787,0.6565,0.0002,0.0532,0.0419,150812,0.9047,1,0.1527,0.087,0.7257,0.8836,0.5669,0.3909,1.5699,34.7082773379317,179.225926547918,0
S2A_22WDD_20190503_0_L1C,20190503T154308,60997,24,96745,0,8869,0,0,0.3659,0.0001,0.5803,0.0,0.0532,0.0,157835,0.9468,1,0.3865,0.0002,0.613,0.9584,0.6375,0.3465,0.6658,34.9457538497818,185.09690913634,0
S2B_22WDD_20190505_0_L1C,20190505T153314,59809,7134,84111,4032,8869,0,255,0.3588,0.0428,0.5046,0.0242,0.0532,0.0,154058,0.9241,1,0.3882,0.0463,0.546,0.8326,0.6525,0.2884,48.4611,35.5733150511357,182.252006230165,0
S2A_22WDD_20190506_0_L1C,20190506T155304,26503,43,130991,0,8869,0,0,0.159,0.0003,0.7858,0.0,0.0532,0.0,157835,0.9468,1,0.1679,0.0003,0.8299,0.9008,0.6257,0.4159,16.8696,35.7101944849703,188.146199072287,0
S2B_22WDD_20190508_0_L1C,20190508T154312,142598,63,12444,0,8869,0,0,0.8554,0.0004,0.0746,0.0,0.0532,0.0,157835,0.9468,1,0.9035,0.0004,0.0788,0.9285,0.6165,0.3043,1.5675,36.353029724162,185.286316182254,0
S2A_22WDD_20190510_0_L1C,20190510T153310,146181,51,8370,0,8869,0,0,0.8769,0.0003,0.0502,0.0,0.0532,0.0,157835,0.9468,1,0.9262,0.0003,0.053,0.9226,0.6159,0.371,7.1604,36.93751650935,182.341405398273,0
S2B_22WDD_20190511_0_L1C,20190511T155309,0,134,0,32120,8869,0,82,0.0,0.0008,0.0,0.1927,0.0532,0.0,125797,0.7546,1,0.0,0.0011,0.0,,0.4328,,91.4646,37.0456193693677,188.323688271136,0
S2B_22WDD_20190512_0_L1C,20190512T152315,141637,64,5521,0,8869,6254,0,0.8496,0.0004,0.0331,0.0,0.0532,0.0375,151581,0.9093,1,0.9344,0.0004,0.0364,0.9291,0.6002,0.3344,10.4231,37.4601451139798,179.402191519965,0
S2A_22WDD_20190513_0_L1C,20190513T154308,106572,30,40542,0,8869,0,0,0.6393,0.0002,0.2432,0.0,0.0532,0.0,157835,0.9468,1,0.6752,0.0002,0.2569,0.9285,0.6032,0.4692,4.3259,37.6436352825789,185.362023762797,0
S2B_22WDD_20190515_0_L1C,20190515T153314,5137,6951,30545,95005,8869,0,4894,0.0308,0.0417,0.1832,0.5699,0.0532,0.0,67724,0.4063,1,0.0759,0.1026,0.451,0.7817,0.5899,0.2593,38.9775,38.1781791110665,182.405768678039,0
S2A_22WDD_20190516_0_L1C,20190516T155304,24,239,591,163475,8869,0,8798,0.0001,0.0014,0.0035,0.9806,0.0532,0.0,3158,0.0189,0,0.0076,0.0757,0.1871,0.7305,0.5386,0.2579,91.1976,38.2596920481867,188.382512919399,0
S2A_22WDD_20190517_0_L1C,20190517T152311,1934,41,0,136151,8869,7996,8325,0.0116,0.0002,0.0,0.8167,0.0532,0.048,22013,0.132,0,0.0879,0.0019,0.0,1.0,0.5829,,83.397,38.6490767054231,179.3635059689,0
S2B_22WDD_20190518_0_L1C,20190518T154312,543,7370,3543,101373,8869,0,2699,0.0033,0.0442,0.0213,0.6081,0.0532,0.0,59161,0.3549,1,0.0092,0.1246,0.0599,0.7598,0.5144,0.3627,24.7957,38.8049357700162,185.41148534625,0
S2A_22WDD_20190520_0_L1C,20190520T153309,12372,23503,2725,87955,8869,0,1887,0.0742,0.141,0.0163,0.5276,0.0532,0.0,71767,0.4305,1,0.1724,0.3275,0.038,0.7682,0.55,0.2526,29.5549,39.2865206232104,182.350209701223,0
S2B_22WDD_20190521_0_L1C,20190521T155309,0,21,3,95362,8869,0,6553,0.0,0.0001,0.0,0.572,0.0532,0.0,69026,0.4141,1,0.0,0.0003,0.0,,0.4456,0.2274,41.5214,39.3393568050509,188.413269399449,0
S2B_22WDD_20190522_0_L1C,20190522T152316,3525,2775,5772,113868,8869,6218,2480,0.0211,0.0166,0.0346,0.6831,0.0532,0.0373,40229,0.2413,0,0.0876,0.069,0.1435,0.9046,0.519,0.4576,2.1973,39.7008659624992,179.304215893658,0
S2A_22WDD_20190523_0_L1C,20190523T154307,3087,1,138990,13207,8869,0,0,0.0185,0.0,0.8338,0.0792,0.0532,0.0,144628,0.8676,1,0.0213,0.0,0.961,0.9497,0.6895,0.5785,6.3207,39.8305601511486,185.33559844766,0
S2B_22WDD_20190525_0_L1C,20190525T153314,318,0,157416,0,8869,0,0,0.0019,0.0,0.9443,0.0,0.0532,0.0,157835,0.9468,1,0.002,0.0,0.9973,0.9689,,0.5979,2.8951,40.2529942392439,182.273322011756,0
S2A_22WDD_20190526_0_L1C,20190526T155304,93,43,19217,124642,8869,0,7166,0.0006,0.0003,0.1153,0.7477,0.0532,0.0,40359,0.2421,0,0.0023,0.0011,0.4762,0.8157,0.6294,0.3348,39.0909,40.280214732951,188.314126634112,0
S2A_22WDD_20190527_0_L1C,20190527T152310,434,134,14449,68002,8869,7872,433,0.0026,0.0008,0.0867,0.4079,0.0532,0.0472,82394,0.4943,1,0.0053,0.0016,0.1754,0.9934,0.524,0.317,14.5549,40.60680119801,179.122451419839,0
S2B_22WDD_20190528_0_L1C,20190528T154312,227,0,157509,0,8869,0,0,0.0014,0.0,0.9448,0.0,0.0532,0.0,157835,0.9468,1,0.0014,0.0,0.9979,0.9601,,0.5895,0.9552,40.7096034375184,185.238896798414,0
S2A_22WDD_20190530_0_L1C,20190530T153308,272,0,157469,0,8869,0,0,0.0016,0.0,0.9446,0.0,0.0532,0.0,157835,0.9468,1,0.0017,0.0,0.9977,0.9635,,0.5794,0.0279,41.0704884419933,182.071707195522,0
S2B_22WDD_20190531_0_L1C,20190531T155309,208,0,156139,1307,8869,0,0,0.0012,0.0,0.9366,0.0078,0.0532,0.0,156528,0.939,1,0.0013,0.0,0.9975,0.9442,,0.5672,3.9675,41.0698281700887,188.195914044322,0
S2B_22WDD_20190601_0_L1C,20190601T152315,124,2,109170,36624,8869,7114,1402,0.0007,0.0,0.6549,0.2197,0.0532,0.0427,115499,0.6928,1,0.0011,0.0,0.9452,0.9586,0.6863,0.516,1.7673,41.3593914210166,178.933541407273,0
S2A_22WDD_20190602_0_L1C,20190602T154306,118,0,157620,0,8869,0,0,0.0007,0.0,0.9455,0.0,0.0532,0.0,157835,0.9468,1,0.0007,0.0,0.9986,0.9453,,0.5805,13.3329,41.4367891871334,185.016486963997,0
S2B_22WDD_20190604_0_L1C,20190604T153314,8,0,13882,150469,8869,0,8046,0.0,0.0,0.0833,0.9026,0.0532,0.0,15412,0.0925,0,0.0005,0.0,0.9007,0.8437,,0.3198,71.3678,41.7303636559113,181.867022321225,0
S2A_22WDD_20190605_0_L1C,20190605T155303,80,0,157674,0,8869,0,0,0.0005,0.0,0.9458,0.0,0.0532,0.0,157835,0.9468,1,0.0005,0.0,0.999,0.9654,,0.5741,5.6519,41.7050044769751,187.952420256843,0
S2A_22WDD_20190606_0_L1C,20190606T152309,194,8,0,156705,8869,8271,8812,0.0012,0.0,0.0,0.94,0.0532,0.0496,1671,0.01,0,0.1161,0.0048,0.0,0.9985,0.4967,,97.947,41.9510980415847,178.632743367647,0
S2B_22WDD_20190607_0_L1C,20190607T154307,0,0,5,90166,8869,164520,96998,0.0,0.0,0.0,0.5409,0.0532,0.9869,147,0.0009,0,0.0,0.0,0.034,,,1.0,9.1374,42.0023084587454,184.796312585446,1
S2A_22WDD_20190609_0_L1C,20190609T153308,0,0,722,163451,8869,0,8798,0.0,0.0,0.0043,0.9805,0.0532,0.0,3182,0.0191,0,0.0,0.0,0.2269,,,0.2251,77.9285,42.2271848611155,181.557710855702,0
S2B_22WDD_20190610_0_L1C,20190610T155308,0,0,3,8087,8869,0,2231,0.0,0.0,0.0,0.0485,0.0532,0.0,151979,0.9117,1,0.0,0.0,0.0,,,0.3208,39.0308,42.1746251397426,187.717448170386,0
S2B_22WDD_20190611_0_L1C,20190611T152314,48,0,150128,64,8869,7196,0,0.0003,0.0,0.9006,0.0004,0.0532,0.0432,150575,0.9032,1,0.0003,0.0,0.997,0.9534,,0.5777,0.0353,42.3768386225928,178.353699726571,0
S2A_22WDD_20190612_0_L1C,20190612T154307,148,0,157465,22,8869,0,0,0.0009,0.0,0.9446,0.0001,0.0532,0.0,157813,0.9467,1,0.0009,0.0,0.9978,0.9653,,0.6107,0.0492,42.4027759061195,184.479468869797,0
S2B_22WDD_20190614_0_L1C,20190614T153313,212,97,4366,160317,8869,0,8798,0.0013,0.0006,0.0262,0.9617,0.0532,0.0,6316,0.0379,0,0.0336,0.0154,0.6913,0.877,0.5718,0.356,89.365,42.5549993145678,181.268868159158,0
S2A_22WDD_20190615_0_L1C,20190615T155304,227,257,10105,144101,8869,0,8765,0.0014,0.0015,0.0606,0.8644,0.0532,0.0,22499,0.135,0,0.0101,0.0114,0.4491,0.819,0.542,0.3116,69.7304,42.4776423758791,187.393594884059,0
S2A_22WDD_20190616_0_L1C,20190616T152310,2793,0,147241,0,8869,7463,0,0.0168,0.0,0.8832,0.0,0.0532,0.0448,150372,0.902,1,0.0186,0.0,0.9792,0.9578,,0.5835,0.2993,42.6318304010724,178.003552476871,0
S2B_22WDD_20190617_0_L1C,20190617T154310,245,583,20693,66107,8869,0,741,0.0015,0.0035,0.1241,0.3966,0.0532,0.0,92469,0.5547,1,0.0026,0.0063,0.2238,0.837,0.5347,0.3678,3.5596,42.6320297904565,184.183439702765,0
S2A_22WDD_20190619_0_L1C,20190619T153310,1764,0,155822,163,8869,0,20,0.0106,0.0,0.9347,0.001,0.0532,0.0,157692,0.9459,1,0.0112,0.0,0.9881,0.9655,,0.5837,12.4184,42.7116749832844,180.918292223842,0
S2B_22WDD_20190620_0_L1C,20190620T155309,0,67,0,164267,8869,0,8782,0.0,0.0004,0.0,0.9854,0.0532,0.0,2350,0.0141,0,0.0,0.0285,0.0,,0.4082,,99.3789,42.6080077987002,187.090077870644,0
S2B_22WDD_20190621_0_L1C,20190621T152315,350,4,0,158040,8869,6731,8798,0.0021,0.0,0.0,0.948,0.0532,0.0404,1862,0.0112,0,0.188,0.0021,0.0,1.0,0.6205,,99.8014,42.7151384385682,177.688961834771,0
S2A_22WDD_20190622_0_L1C,20190622T154308,0,877,0,165013,8869,0,8767,0.0,0.0053,0.0,0.9899,0.0532,0.0,1589,0.0095,0,0.0,0.5519,0.0,,0.4889,,99.6317,42.6901557348273,183.829780188253,0
S2B_22WDD_20190624_0_L1C,20190624T153314,613,24,77779,49409,8869,0,1679,0.0037,0.0001,0.4666,0.2964,0.0532,0.0,110105,0.6605,1,0.0056,0.0002,0.7064,0.9567,0.5114,0.5221,8.3516,42.6957941578396,180.604199488031,0
S2A_22WDD_20190625_0_L1C,20190625T155305,0,0,0,164575,8869,0,8798,0.0,0.0,0.0,0.9872,0.0532,0.0,2058,0.0123,0,0.0,0.0,0.0,,,,98.5272,42.5675026164639,186.733577935516,0
S2A_22WDD_20190626_0_L1C,20190626T152311,1739,55,0,153967,8869,6140,8798,0.0104,0.0003,0.0,0.9236,0.0532,0.0368,6526,0.0391,0,0.2665,0.0084,0.0,1.0,0.5282,,96.9781,42.6256178028341,177.337982868187,0
S2B_22WDD_20190627_0_L1C,20190627T154312,0,0,465,158412,8869,0,8798,0.0,0.0,0.0028,0.9503,0.0532,0.0,8221,0.0493,0,0.0,0.0,0.0566,,,0.2592,42.0455,42.5751673912432,183.516668988085,0
S2A_22WDD_20190629_0_L1C,20190629T153310,173,9,57186,101496,8869,0,5808,0.001,0.0001,0.343,0.6088,0.0532,0.0,62147,0.3728,1,0.0028,0.0001,0.9202,0.8495,0.6532,0.2954,59.0608,42.5080011614928,180.2592891491,0
S2B_22WDD_20190630_0_L1C,20190630T155309,23,8,2268,111314,8869,0,4683,0.0001,0.0,0.0136,0.6677,0.0532,0.0,51204,0.3072,1,0.0004,0.0002,0.0443,0.8616,0.5855,0.3159,63.7059,42.3537174480482,186.422365566255,0
S2B_22WDD_20190701_0_L1C,20190701T152316,511,47,0,72775,8869,6623,6775,0.0031,0.0003,0.0,0.4366,0.0532,0.0397,85212,0.5112,1,0.006,0.0006,0.0,1.0,0.5711,,43.9013,42.3654676349327,177.049412666211,0
S2A_22WDD_20190702_0_L1C,20190702T154309,370,0,140015,17206,8869,0,0,0.0022,0.0,0.8399,0.1032,0.0532,0.0,140629,0.8436,1,0.0026,0.0,0.9956,0.9682,,0.6254,18.4913,42.2896146946473,183.17890400159,0
S2B_22WDD_20190704_0_L1C,20190704T153315,390,0,157246,132,8869,0,0,0.0023,0.0,0.9433,0.0008,0.0532,0.0,157703,0.946,1,0.0025,0.0,0.9971,0.9661,,0.6287,3.1741,42.1502786427896,179.9819027235,0
S2A_22WDD_20190705_0_L1C,20190705T155306,27,5,43863,112422,8869,0,7791,0.0002,0.0,0.2631,0.6744,0.0532,0.0,53204,0.3192,1,0.0005,0.0001,0.8244,0.8672,0.6558,0.3141,88.7786,41.9711716641221,186.093063543106,0
S2A_22WDD_20190706_0_L1C,20190706T152312,423,1,130945,20481,8869,5715,90,0.0025,0.0,0.7855,0.1229,0.0532,0.0343,131729,0.7902,1,0.0032,0.0,0.994,0.926,0.6857,0.4561,22.3238,41.9368057068943,176.759226741479,0
S2B_22WDD_20190707_0_L1C,20190707T154310,416,0,157345,0,8869,0,0,0.0025,0.0,0.9439,0.0,0.0532,0.0,157835,0.9468,1,0.0026,0.0,0.9969,0.9455,,0.5125,1.2272,41.8352592182732,182.914001684324,0
S2A_22WDD_20190709_0_L1C,20190709T153311,699,0,157042,0,8869,0,0,0.0042,0.0,0.942,0.0,0.0532,0.0,157835,0.9468,1,0.0044,0.0,0.995,0.9689,,0.6542,0,41.6265791873733,179.709359843082,0
S2B_22WDD_20190710_0_L1C,20190710T155309,151,2,47486,116380,8869,0,7006,0.0009,0.0,0.2849,0.6981,0.0532,0.0,48461,0.2907,0,0.0031,0.0,0.9799,0.877,0.6952,0.5477,10.4553,41.4212429652186,185.841926912914,0
S2B_22WDD_20190711_0_L1C,20190711T152316,209,64,57696,47603,8869,5981,1688,0.0013,0.0004,0.3461,0.2856,0.0532,0.0359,105939,0.6355,1,0.002,0.0006,0.5446,0.9259,0.5409,0.4768,15.515,41.3454377972204,176.562526037664,0
S2A_22WDD_20190712_0_L1C,20190712T154309,390,0,157314,7,8869,0,7,0.0023,0.0,0.9437,0.0,0.0532,0.0,157835,0.9468,1,0.0025,0.0,0.9967,0.961,,0.591,0,41.2177631927162,182.659691271197,0
S2B_22WDD_20190714_0_L1C,20190714T153314,314,0,157425,0,8869,0,0,0.0019,0.0,0.9443,0.0,0.0532,0.0,157835,0.9468,1,0.002,0.0,0.9974,0.9586,,0.5778,0.0155,40.9423657839375,179.533414373904,0
S2A_22WDD_20190715_0_L1C,20190715T155306,324,0,142043,15346,8869,0,0,0.0019,0.0,0.8521,0.0921,0.0532,0.0,142489,0.8547,1,0.0023,0.0,0.9969,0.9518,,0.5206,0.8237,40.7115174520683,185.605432787457,0
S2B_22WDD_20200212_0_L1C,20200212T154301,0,54325,0,105021,8869,0,2411,0.0,0.3259,0.0,0.63,0.0532,0.0,55225,0.3313,1,0.0,0.9837,0.0,,0.466,,99.9993,5.570334157065503,179.977498454908,0
S2B_22WDD_20200215_0_L1C,20200215T155256,17813,113187,0,26832,8869,0,0,0.1069,0.679,0.0,0.161,0.0532,0.0,131003,0.7858,1,0.136,0.864,0.0,0.7095,0.6536,,97.6432,6.5685418165217015,182.446554992304,0
S2B_22WDD_20200216_0_L1C,20200216T152303,107312,7213,20502,11166,8869,11329,0,0.6437,0.0433,0.123,0.067,0.0532,0.068,135340,0.8119,1,0.7929,0.0533,0.1515,0.8098,0.6611,0.3228,65.3482,6.853622059639605,175.10586288504,0
S2B_22WDD_20200219_0_L1C,20200219T153302,0,28707,0,136515,8869,0,8165,0.0,0.1722,0.0,0.8189,0.0532,0.0,29485,0.1769,0,0.0,0.9736,0.0,,0.4691,,100,7.963413916882402,177.602639327048,0
S2A_22WDD_20200221_0_L1C,20200221T152301,18296,122108,1,5850,8869,11309,0,0.1098,0.7325,0.0,0.0351,0.0532,0.0678,140676,0.8439,1,0.1301,0.868,0.0,0.7974,0.6415,0.2549,99.2607,8.627305573264906,175.155067367683,0
S2B_22WDD_20200222_0_L1C,20200222T154300,0,56117,0,108755,8869,0,7037,0.0,0.3366,0.0,0.6524,0.0532,0.0,56117,0.3366,1,0.0,1.0,0.0,,0.5359,,99.9977,9.063344333470397,180.154269854599,0
S2A_22WDD_20200224_0_L1C,20200224T153301,147114,25,9852,844,8869,0,0,0.8825,0.0001,0.0591,0.0051,0.0532,0.0,156991,0.9417,1,0.9371,0.0002,0.0628,0.7803,0.6693,0.3595,27.0736,9.779703084736596,177.718778757229,0
S2B_22WDD_20200225_0_L1C,20200225T155258,148355,15,9465,0,8869,0,0,0.8899,0.0001,0.0568,0.0,0.0532,0.0,157835,0.9468,1,0.9399,0.0001,0.06,0.8045,0.6584,0.3738,29.1193,10.148492552411795,182.76054587097,0
S2B_22WDD_20200226_0_L1C,20200226T152304,139755,8,7774,0,8869,10024,0,0.8383,0.0,0.0466,0.0,0.0532,0.0601,147811,0.8867,1,0.9455,0.0001,0.0526,0.8282,0.6597,0.3757,53.3247,10.471821309949107,175.287846310433,0
S2A_22WDD_20200227_0_L1C,20200227T154259,150215,6,7614,0,8869,0,0,0.9011,0.0,0.0457,0.0,0.0532,0.0,157835,0.9468,1,0.9517,0.0,0.0482,0.8264,0.6673,0.3776,38.1707,10.915335041955103,180.337508416113,0
S2B_22WDD_20200229_0_L1C,20200229T153303,154861,385,2102,486,8869,0,0,0.929,0.0023,0.0126,0.0029,0.0532,0.0,157349,0.9439,1,0.9842,0.0024,0.0134,0.807,0.6924,0.2311,74.2468,11.6567046129461,177.917062134607,0
S2A_22WDD_20200301_0_L1C,20200301T155256,149054,1597,5941,1239,8869,0,0,0.8941,0.0096,0.0356,0.0074,0.0532,0.0,156596,0.9394,1,0.9518,0.0102,0.0379,0.8161,0.673,0.2512,54.1226,12.029357866142703,183.010399495791,0
S2A_22WDD_20200302_0_L1C,20200302T152303,42613,97227,4963,3860,8869,8977,0,0.2556,0.5832,0.0298,0.0232,0.0532,0.0538,144998,0.8698,1,0.2939,0.6705,0.0342,0.7485,0.6083,0.3451,79.0419,12.371347444475703,175.464943409916,0
S2B_22WDD_20200303_0_L1C,20200303T154301,113884,38756,5195,0,8869,0,0,0.6832,0.2325,0.0312,0.0,0.0532,0.0,157835,0.9468,1,0.7215,0.2455,0.0329,0.7405,0.6834,0.4031,69.5568,12.818039685979699,180.600662290121,0
S2A_22WDD_20200305_0_L1C,20200305T153302,9624,146761,0,1450,8869,0,0,0.0577,0.8804,0.0,0.0087,0.0532,0.0,156385,0.9381,1,0.0615,0.9385,0.0,0.711,0.6568,,99.75,13.579286026497002,178.157619671629,0
S2B_22WDD_20200306_0_L1C,20200306T155258,147078,109,4455,6193,8869,0,0,0.8823,0.0007,0.0267,0.0371,0.0532,0.0,151642,0.9096,1,0.9699,0.0007,0.0294,0.8057,0.6907,0.3547,21.8096,13.951106288623194,183.337144796802,0
S2B_22WDD_20200307_0_L1C,20200307T152305,702,1786,0,115697,8869,9731,8078,0.0042,0.0107,0.0,0.694,0.0532,0.0584,40485,0.2429,0,0.0173,0.0441,0.0,0.995,0.44,,81.883,14.312146556881103,175.714379246313,0
S2A_22WDD_20200308_0_L1C,20200308T154300,0,23384,0,142587,8869,0,8136,0.0,0.1403,0.0,0.8553,0.0532,0.0,23384,0.1403,0,0.0,1.0,0.0,,0.4667,,100,14.757095770390904,180.903113840689,0
S2B_22WDD_20200310_0_L1C,20200310T153304,154673,3,3159,0,8869,0,0,0.9278,0.0,0.0189,0.0,0.0532,0.0,157835,0.9468,1,0.98,0.0,0.02,0.8122,0.6852,0.397,63.0316,15.533569112847005,178.466147277064,0
S2A_22WDD_20200311_0_L1C,20200311T155257,76393,25901,0,56489,8869,0,948,0.4583,0.1554,0.0,0.3389,0.0532,0.0,102294,0.6136,1,0.7468,0.2532,0.0,0.7421,0.6775,,99.3369,15.900457859038497,183.698710038739,0
S2A_22WDD_20200312_0_L1C,20200312T152303,146645,3,2617,1218,8869,7186,0,0.8797,0.0,0.0157,0.0073,0.0532,0.0431,149431,0.8964,1,0.9814,0.0,0.0175,0.8459,0.6749,0.374,54.6803,16.279375350558198,175.993751251938,0
S2B_22WDD_20200313_0_L1C,20200313T154302,0,4701,0,160358,8869,0,7296,0.0,0.0282,0.0,0.9619,0.0532,0.0,4773,0.0286,0,0.0,0.9849,0.0,,0.5121,,99.2738,16.7189927003881,181.267614458964,0
S2A_22WDD_20200315_0_L1C,20200315T153302,945,154576,2174,140,8869,0,0,0.0057,0.9272,0.013,0.0008,0.0532,0.0,157695,0.946,1,0.006,0.9802,0.0138,0.7397,0.628,0.325,92.1891,17.506299954563204,178.799050445693,0
S2B_22WDD_20200316_0_L1C,20200316T155259,153390,2057,2361,27,8869,0,0,0.9201,0.0123,0.0142,0.0002,0.0532,0.0,157808,0.9466,1,0.972,0.013,0.015,0.7391,0.6945,0.4083,87.5123,17.864499695772295,184.115809164652,0
S2B_22WDD_20200317_0_L1C,20200317T152305,136201,12445,336,216,8869,8456,0,0.817,0.0747,0.002,0.0013,0.0532,0.0507,149163,0.8948,1,0.9131,0.0834,0.0023,0.7877,0.6842,0.3074,93.219,18.2611865142524,176.324014769771,0
S2A_22WDD_20200318_0_L1C,20200318T154300,157424,52,0,359,8869,0,0,0.9443,0.0003,0.0,0.0022,0.0532,0.0,157476,0.9446,1,0.9997,0.0003,0.0,0.7527,0.6914,,99.999,18.691666996556705,181.650993843971,0
S2B_22WDD_20200320_0_L1C,20200320T153304,84821,405,0,76867,8869,0,4270,0.5088,0.0024,0.0,0.4611,0.0532,0.0,85238,0.5113,1,0.9951,0.0048,0.0,0.8228,0.6632,,65.6399,19.4852368309122,179.177069469685,0
S2A_22WDD_20200321_0_L1C,20200321T155257,156107,0,1728,0,8869,0,0,0.9364,0.0,0.0104,0.0,0.0532,0.0,157835,0.9468,1,0.9891,0.0,0.0109,0.8713,,0.3655,44.8541,19.831504549816103,184.546799109163,0
S2A_22WDD_20200322_0_L1C,20200322T152303,148458,0,1361,827,8869,6956,0,0.8905,0.0,0.0082,0.005,0.0532,0.0417,150052,0.9001,1,0.9894,0.0,0.0091,0.8938,,0.4399,76.9318,20.243923280317404,176.664106234736,0
S2B_22WDD_20200323_0_L1C,20200323T154302,156433,0,1402,0,8869,0,0,0.9384,0.0,0.0084,0.0,0.0532,0.0,157835,0.9468,1,0.9911,0.0,0.0089,0.8799,,0.4072,71.2983,20.6620855576261,182.074062061492,0
S2A_22WDD_20200325_0_L1C,20200325T153302,0,25049,0,136246,8869,0,4867,0.0,0.1503,0.0,0.8173,0.0532,0.0,26456,0.1587,0,0.0,0.9468,0.0,,0.4841,,100,21.4570577808408,179.560336245757,0
S2B_22WDD_20200326_0_L1C,20200326T155258,0,30001,0,136249,8869,0,8415,0.0,0.18,0.0,0.8173,0.0532,0.0,30001,0.18,0,0.0,1.0,0.0,,0.527,,99.9999,21.787932383989897,185.011846158065,0
S2B_22WDD_20200327_0_L1C,20200327T152305,644,4989,0,145326,8869,7326,8156,0.0039,0.0299,0.0,0.8718,0.0532,0.0439,13339,0.08,0,0.0483,0.374,0.0,0.9727,0.4636,,99.9887,22.214916234560505,177.034604597475,0
S2A_22WDD_20200328_0_L1C,20200328T154300,0,155252,0,3651,8869,0,1068,0.0,0.9313,0.0,0.0219,0.0532,0.0,155252,0.9313,1,0.0,1.0,0.0,,0.6139,,99.9982,22.6175386769346,182.497689594366,0
S2B_22WDD_20200330_0_L1C,20200330T153303,0,30786,0,135185,8869,0,8136,0.0,0.1847,0.0,0.8109,0.0532,0.0,30786,0.1847,0,0.0,1.0,0.0,,0.55,,100,23.408851587516395,179.968690425492,0
S2A_22WDD_20200331_0_L1C,20200331T155257,0,10342,0,155397,8869,0,8686,0.0,0.062,0.0,0.9322,0.0532,0.0,11124,0.0667,0,0.0,0.9297,0.0,,0.5144,,95.9751,23.721757926599295,185.472711122466,0
S2A_22WDD_20200401_0_L1C,20200401T152303,117413,31429,580,2360,8869,5877,0,0.7043,0.1885,0.0035,0.0142,0.0532,0.0353,149598,0.8974,1,0.7849,0.2101,0.0039,0.7224,0.6835,0.3458,95.3845,24.160546820699594,177.397634358066,0
S2B_22WDD_20200402_0_L1C,20200402T154301,157263,572,0,0,8869,0,0,0.9434,0.0034,0.0,0.0,0.0532,0.0,157835,0.9468,1,0.9964,0.0036,0.0,0.7484,0.6946,,90.5314,24.544914302075796,182.940721937062,0
S2A_22WDD_20200404_0_L1C,20200404T153302,157338,1,496,0,8869,0,0,0.9438,0.0,0.003,0.0,0.0532,0.0,157835,0.9468,1,0.9969,0.0,0.0031,0.8167,0.6918,0.3794,89.9635,25.327699572173998,180.36814308973,0
S2B_22WDD_20200405_0_L1C,20200405T155258,157300,0,535,0,8869,0,0,0.9436,0.0,0.0032,0.0,0.0532,0.0,157835,0.9468,1,0.9966,0.0,0.0034,0.8118,,0.3877,88.2144,25.6197421798565,185.946695861404,0
S2B_22WDD_20200406_0_L1C,20200406T152304,149981,0,379,0,8869,7279,0,0.8997,0.0,0.0023,0.0,0.0532,0.0437,150556,0.9031,1,0.9962,0.0,0.0025,0.8347,,0.4111,88.1209,26.068395396449702,177.770688625651,0
S2A_22WDD_20200407_0_L1C,20200407T154301,157400,1,434,0,8869,0,0,0.9442,0.0,0.0026,0.0,0.0532,0.0,157835,0.9468,1,0.9972,0.0,0.0027,0.8435,0.6866,0.4373,17.7929,26.4319812255697,183.374748833599,0
S2B_22WDD_20200409_0_L1C,20200409T153302,157533,0,302,0,8869,0,0,0.945,0.0,0.0018,0.0,0.0532,0.0,157835,0.9468,1,0.9981,0.0,0.0019,0.8666,,0.399,40.2641,27.201424336391703,180.763214999543,0
S2A_22WDD_20200410_0_L1C,20200410T155259,157488,0,347,0,8869,0,0,0.9447,0.0,0.0021,0.0,0.0532,0.0,157835,0.9468,1,0.9978,0.0,0.0022,0.8707,,0.4323,2.5901,27.470608777271103,186.41023844087,0
S2A_22WDD_20200411_0_L1C,20200411T152306,113504,1951,0,33208,8869,8979,0,0.6809,0.0117,0.0,0.1992,0.0532,0.0539,115648,0.6937,1,0.9815,0.0169,0.0,0.7783,0.6794,,99.7626,27.9265159738002,178.132082294219,0
S2B_22WDD_20200412_0_L1C,20200412T154300,0,6549,0,159967,8869,0,8681,0.0,0.0393,0.0,0.9596,0.0532,0.0,6549,0.0393,0,0.0,1.0,0.0,,0.4799,,100,28.267744834895097,183.784578628285,0
S2A_22WDD_20200414_0_L1C,20200414T153305,91930,5020,6427,60914,8869,0,6458,0.5515,0.0301,0.0386,0.3654,0.0532,0.0,103379,0.6201,1,0.8893,0.0486,0.0622,0.8069,0.6482,0.3386,90.4467,29.019231975837698,181.1482342697,0
S2B_22WDD_20200415_0_L1C,20200415T155256,130842,3,26989,0,8869,0,0,0.7849,0.0,0.1619,0.0,0.0532,0.0,157835,0.9468,1,0.829,0.0,0.171,0.9504,0.6775,0.363,43.3309,29.264818497910298,186.829737767522,0
S2B_22WDD_20200416_0_L1C,20200416T152302,503,6719,0,152463,8869,6654,8673,0.003,0.0403,0.0,0.9146,0.0532,0.0399,7391,0.0443,0,0.0681,0.9091,0.0,0.9841,0.5276,,99.9883,29.7238893351985,178.443071383316,0
S2A_22WDD_20200417_0_L1C,20200417T154304,103091,18293,0,36582,8869,0,139,0.6184,0.1097,0.0,0.2194,0.0532,0.0,121392,0.7282,1,0.8492,0.1507,0.0,0.7346,0.6792,,60.3383,30.041098162950703,184.189030434598,0
S2B_22WDD_20200419_0_L1C,20200419T153301,93284,5218,0,67735,8869,0,8434,0.5596,0.0313,0.0,0.4063,0.0532,0.0,98534,0.5911,1,0.9467,0.053,0.0,0.7668,0.6543,,55.9768,30.770339392911602,181.464457965925,0
S2A_22WDD_20200420_0_L1C,20200420T155257,38,511,0,83828,8869,159988,86879,0.0002,0.0031,0.0,0.5029,0.0532,0.9597,898,0.0054,0,0.0423,0.569,0.0,0.978,0.5984,,99.937,30.9895913575295,187.249216435154,1
S2A_22WDD_20200421_0_L1C,20200421T152308,145565,25,3658,0,8869,8365,0,0.8732,0.0001,0.0219,0.0,0.0532,0.0502,149470,0.8966,1,0.9739,0.0002,0.0245,0.9136,0.6374,0.3327,47.6686,31.4495580353828,178.756750854112,0
S2B_22WDD_20200422_0_L1C,20200422T154258,142957,13,14865,0,8869,0,0,0.8575,0.0001,0.0892,0.0,0.0532,0.0,157835,0.9468,1,0.9057,0.0001,0.0942,0.9375,0.6734,0.3282,0.7469,31.742146930844797,184.506121746264,0
S2A_22WDD_20200424_1_L1C,20200424T153308,27906,21,129880,20,8869,0,0,0.1674,0.0001,0.7791,0.0001,0.0532,0.0,157815,0.9467,1,0.1768,0.0001,0.823,0.9417,0.6345,0.4207,0.1644,32.4425875999739,181.789793825171,0
S2B_22WDD_20200425_0_L1C,20200425T155255,14414,42804,13019,85568,8869,0,1974,0.0865,0.2568,0.0781,0.5133,0.0532,0.0,74241,0.4453,1,0.1942,0.5766,0.1754,0.7649,0.6166,0.2671,95.3825,32.6367775814709,187.567863085064,0
S2B_22WDD_20200426_0_L1C,20200426T152302,31614,38,113775,30,8869,11258,0,0.1896,0.0002,0.6825,0.0002,0.0532,0.0675,146547,0.8791,1,0.2157,0.0003,0.7764,0.9405,0.6132,0.403,12.7749,33.0910165286427,178.967404991598,0
S2A_22WDD_20200427_0_L1C,20200427T154306,3783,1506,5025,153192,8869,0,6886,0.0227,0.009,0.0301,0.9189,0.0532,0.0,11529,0.0692,0,0.3281,0.1306,0.4359,0.884,0.6083,0.3771,76.1317,33.3569615923468,184.839476614382,0
S2B_22WDD_20200429_0_L1C,20200429T153302,106436,28781,1490,21615,8869,0,776,0.6385,0.1726,0.0089,0.1297,0.0532,0.0,136996,0.8218,1,0.7769,0.2101,0.0109,0.7553,0.6589,0.2931,34.4638,34.0251942513981,182.001810708854,0
S2A_22WDD_20200430_0_L1C,20200430T155304,155731,1131,872,0,8869,0,0,0.9342,0.0068,0.0052,0.0,0.0532,0.0,157835,0.9468,1,0.9867,0.0072,0.0055,0.7761,0.6898,0.308,20.7626,34.1904666344776,187.900715901829,0
S2A_22WDD_20200501_0_L1C,20200501T152310,96360,47442,2382,5492,8869,6630,1299,0.578,0.2846,0.0143,0.0329,0.0532,0.0398,147012,0.8819,1,0.6555,0.3227,0.0162,0.8016,0.6452,0.3227,84.2629,34.637323119107,179.192780704136,0
S2B_22WDD_20200502_0_L1C,20200502T154300,135268,639,17679,362,8869,0,0,0.8114,0.0038,0.1061,0.0022,0.0532,0.0,157473,0.9446,1,0.859,0.0041,0.1123,0.8519,0.6619,0.3028,45.1211,34.877005034327,185.049350667689,0
S2A_22WDD_20200504_0_L1C,20200504T153309,393,5429,0,159876,8869,0,8793,0.0024,0.0326,0.0,0.959,0.0532,0.0,6752,0.0405,0,0.0582,0.8041,0.0,0.71,0.5517,,88.8095,35.5054995999284,182.22240138563,0
S2B_22WDD_20200505_0_L1C,20200505T155258,156489,487,773,0,8869,0,0,0.9387,0.0029,0.0046,0.0,0.0532,0.0,157835,0.9468,1,0.9915,0.0031,0.0049,0.7702,0.6904,0.3992,27.6134,35.6445012150982,188.104440564018,0
S2B_22WDD_20200506_0_L1C,20200506T152305,118972,733,355,33556,8869,10584,6760,0.7137,0.0044,0.0021,0.2013,0.0532,0.0635,120455,0.7226,1,0.9877,0.0061,0.0029,0.8498,0.638,0.4046,34.3502,36.0763322146029,179.291321683147,0
S2A_22WDD_20200507_0_L1C,20200507T154307,149516,6188,701,5526,8869,0,4241,0.8969,0.0371,0.0042,0.0331,0.0532,0.0,156550,0.9391,1,0.9551,0.0395,0.0045,0.7456,0.6684,0.391,37.8538,36.288126286868,185.260955809799,0
S2B_22WDD_20200509_0_L1C,20200509T153304,70,8492,0,157845,8869,0,8572,0.0004,0.0509,0.0,0.9469,0.0532,0.0,8562,0.0514,0,0.0082,0.9918,0.0,0.7013,0.6369,,100,36.8741978185042,182.312329374945,0
S2A_22WDD_20200510_0_L1C,20200510T155305,1909,13431,0,148254,8869,0,8351,0.0115,0.0806,0.0,0.8893,0.0532,0.0,17932,0.1076,0,0.1065,0.749,0.0,0.7216,0.5775,,96.81,36.9838228867424,188.302142384965,0
S2A_22WDD_20200511_0_L1C,20200511T152312,17334,34986,32,107564,8869,5780,8360,0.104,0.2099,0.0002,0.6452,0.0532,0.0347,52851,0.317,1,0.328,0.662,0.0006,0.7632,0.6406,0.7225,91.3819,37.3986022349886,179.386129087168,0
S2B_22WDD_20200512_0_L1C,20200512T154302,84966,20,72258,0,8869,0,0,0.5097,0.0001,0.4335,0.0,0.0532,0.0,157835,0.9468,1,0.5383,0.0001,0.4578,0.9378,0.5955,0.5109,0.0865,37.5839326260002,185.337701009748,0
S2A_22WDD_20200514_0_L1C,20200514T153311,50199,53,85919,0,8869,0,0,0.3011,0.0003,0.5154,0.0,0.0532,0.0,157835,0.9468,1,0.318,0.0003,0.5444,0.9018,0.6401,0.3243,35.9693,38.1206309832393,182.391475661858,0
S2B_22WDD_20200515_0_L1C,20200515T155300,2,339,0,102897,8869,0,4632,0.0,0.002,0.0,0.6172,0.0532,0.0,59570,0.3573,1,0.0,0.0057,0.0,0.7094,0.4475,,68.9645,38.2041646719056,188.361605445793,0
S2B_22WDD_20200516_0_L1C,20200516T152306,231,1756,1,104453,8869,8893,4498,0.0014,0.0105,0.0,0.6266,0.0532,0.0533,48987,0.2939,0,0.0047,0.0358,0.0,0.9792,0.476,0.2732,34.7698,38.5941573858177,179.347737300035,0
S2A_22WDD_20200517_0_L1C,20200517T154309,1615,39432,0,122574,8869,0,8692,0.0097,0.2365,0.0,0.7353,0.0532,0.0,43953,0.2637,0,0.0367,0.8971,0.0,0.7203,0.5534,,96.2305,38.7519059826294,185.397842246425,0
S2B_22WDD_20200519_0_L1C,20200519T153306,20255,14275,17356,52855,8869,0,1279,0.1215,0.0856,0.1041,0.3171,0.0532,0.0,106259,0.6374,1,0.1906,0.1343,0.1633,0.825,0.5908,0.2938,6.7443,39.2363855128079,182.336457020221,0
S2A_22WDD_20200520_0_L1C,20200520T155306,7325,45077,96488,835,8869,0,0,0.0439,0.2704,0.5788,0.005,0.0532,0.0,157000,0.9418,1,0.0467,0.2871,0.6146,0.7365,0.6359,0.5389,9.644,39.2911367176664,188.399850741109,0
S2A_22WDD_20200521_0_L1C,20200521T152313,59073,27,87828,0,8869,5714,0,0.3544,0.0002,0.5268,0.0,0.0532,0.0343,152121,0.9125,1,0.3883,0.0002,0.5774,0.8185,0.5619,0.5601,6.586,39.6536895553439,179.294539722949,0
S2B_22WDD_20200522_0_L1C,20200522T154304,35938,1541,39181,55839,8869,0,8,0.2156,0.0092,0.235,0.335,0.0532,0.0,102004,0.6119,1,0.3523,0.0151,0.3841,0.7682,0.6841,0.3028,20.2069,39.7852930947519,185.323970097002,0
S2A_22WDD_20200524_0_L1C,20200524T153312,19630,46,116474,1984,8869,0,980,0.1178,0.0003,0.6987,0.0119,0.0532,0.0,156831,0.9408,1,0.1252,0.0003,0.7427,0.8841,0.5518,0.5081,14.3337,40.2107171864722,182.264066676152,0
S2B_22WDD_20200525_0_L1C,20200525T155301,1161,10206,329,132044,8869,0,5307,0.007,0.0612,0.002,0.7921,0.0532,0.0,31098,0.1865,0,0.0373,0.3282,0.0106,0.7739,0.5284,0.2216,97.1225,40.2397367750735,188.305353807753,0
S2B_22WDD_20200526_0_L1C,20200526T152307,133,3688,38948,93545,8869,7894,7051,0.0008,0.0221,0.2336,0.5611,0.0532,0.0474,63447,0.3806,1,0.0021,0.0581,0.6139,0.7295,0.5905,0.311,76.9587,40.5675542034444,179.118117819592,0
S2A_22WDD_20200527_0_L1C,20200527T154310,18,153,3175,149288,8869,0,8758,0.0001,0.0009,0.019,0.8955,0.0532,0.0,17305,0.1038,0,0.001,0.0088,0.1835,0.729,0.5631,0.2887,79.8403,40.6721259063712,185.231150417995,0
S2B_22WDD_20200529_0_L1C,20200529T153307,0,4,1227,139631,8869,0,8756,0.0,0.0,0.0074,0.8376,0.0532,0.0,26960,0.1617,0,0.0,0.0001,0.0455,,0.5662,0.3058,63.7572,41.0358923984937,182.071686532184,0
S2A_22WDD_20200530_0_L1C,20200530T155307,80,5,135791,11040,8869,0,1899,0.0005,0.0,0.8146,0.0662,0.0532,0.0,148694,0.892,1,0.0005,0.0,0.9132,0.8937,0.5218,0.5352,20.1159,41.0368906292331,188.191226363068,0
S2A_22WDD_20200531_0_L1C,20200531T152313,83,0,135263,16790,8869,5389,0,0.0005,0.0,0.8114,0.1007,0.0532,0.0323,135656,0.8138,1,0.0006,0.0,0.9971,0.9275,,0.5292,21.2801,41.3277564590338,178.932768040155,0
S2B_22WDD_20200601_0_L1C,20200601T154305,0,9102,0,157082,8869,0,8798,0.0,0.0546,0.0,0.9423,0.0532,0.0,9551,0.0573,0,0.0,0.953,0.0,,0.5158,,81.0023,41.406483202979,185.022365171514,0
S2A_22WDD_20200603_0_L1C,20200603T153312,0,0,0,163197,8869,0,8770,0.0,0.0,0.0,0.979,0.0532,0.0,3408,0.0204,0,0.0,0.0,0.0,,,,99.9999,41.703028656782,181.870912069361,0
S2B_22WDD_20200604_0_L1C,20200604T155303,122,0,157606,0,8869,0,0,0.0007,0.0,0.9454,0.0,0.0532,0.0,157835,0.9468,1,0.0008,0.0,0.9985,0.9465,,0.5997,8.9555,41.6786500269016,187.965308747564,0
S2B_22WDD_20200605_0_L1C,20200605T152309,33,1434,0,145841,8869,8382,8668,0.0002,0.0086,0.0,0.8749,0.0532,0.0503,12280,0.0737,0,0.0027,0.1168,0.0,0.9944,0.429,,97.2247,41.9267676323965,178.648797315955,0
S2A_22WDD_20200606_0_L1C,20200606T154310,0,0,0,165066,8869,0,8798,0.0,0.0,0.0,0.9902,0.0532,0.0,1567,0.0094,0,0.0,0.0,0.0,,,,97.9486,41.9791618933095,184.805157716011,0
S2B_22WDD_20200608_0_L1C,20200608T153308,0,0,0,164999,8869,0,8798,0.0,0.0,0.0,0.9898,0.0532,0.0,1634,0.0098,0,0.0,0.0,0.0,,,,99.6514,42.2071622072867,181.57522283229,0
S2A_22WDD_20200609_0_L1C,20200609T155307,0,0,0,164733,8869,0,8798,0.0,0.0,0.0,0.9882,0.0532,0.0,1900,0.0114,0,0.0,0.0,0.0,,,,91.3579,42.1558638249837,187.730251746945,0
S2A_22WDD_20200610_0_L1C,20200610T152313,16,12,6672,141622,8869,5725,8810,0.0001,0.0001,0.04,0.8495,0.0532,0.0343,19298,0.1158,0,0.0008,0.0006,0.3457,1.0,0.5356,0.231,99.7962,42.3602695717933,178.368894368492,0
S2B_22WDD_20200611_0_L1C,20200611T154306,0,961,0,164946,8869,0,8798,0.0,0.0058,0.0,0.9895,0.0532,0.0,1687,0.0101,0,0.0,0.5697,0.0,,0.4499,,99.2455,42.3874223397363,184.496736807875,0
S2A_22WDD_20200613_0_L1C,20200613T153312,646,0,156951,0,8869,0,0,0.0039,0.0,0.9415,0.0,0.0532,0.0,157835,0.9468,1,0.0041,0.0,0.9944,0.9634,,0.5922,8.2453,42.5433354875589,181.284111462332,0
S2B_22WDD_20200614_0_L1C,20200614T155303,3,4,3059,157712,8869,0,8004,0.0,0.0,0.0183,0.9461,0.0532,0.0,8127,0.0488,0,0.0004,0.0005,0.3764,0.8194,0.508,0.3163,63.9811,42.4673035035973,187.408830445384,0
S2B_22WDD_20200615_0_L1C,20200615T152309,305,4,0,154961,8869,8427,8768,0.0018,0.0,0.0,0.9296,0.0532,0.0506,3215,0.0193,0,0.0949,0.0012,0.0,1.0,0.5265,,96.6574,42.6238751747893,178.018707957151,0
S2A_22WDD_20200616_0_L1C,20200616T154310,262,0,157452,0,8869,0,0,0.0016,0.0,0.9445,0.0,0.0532,0.0,157835,0.9468,1,0.0017,0.0,0.9976,0.9599,,0.6082,5.9,42.6254912199839,184.194779548942,0
S2B_22WDD_20200618_0_L1C,20200618T153308,28,43,7354,88049,8869,0,474,0.0002,0.0003,0.0441,0.5282,0.0532,0.0,70260,0.4215,1,0.0004,0.0006,0.1047,0.8509,0.5515,0.3398,27.761,42.7087914984234,180.929595613831,0
S2A_22WDD_20200619_0_L1C,20200619T155307,79,0,150394,7242,8869,0,0,0.0005,0.0,0.9022,0.0434,0.0532,0.0,150593,0.9034,1,0.0005,0.0,0.9987,0.9601,,0.5465,55.486,42.6067091211349,187.096905276215,0
S2A_22WDD_20200620_0_L1C,20200620T152313,98,0,150988,3,8869,6438,0,0.0006,0.0,0.9057,0.0,0.0532,0.0386,151394,0.9082,1,0.0006,0.0,0.9973,0.9739,,0.6087,0.3344,42.7158119049098,177.694229110744,0
S2B_22WDD_20200621_0_L1C,20200621T154306,47,0,50269,111579,8869,0,5141,0.0003,0.0,0.3015,0.6693,0.0532,0.0,51397,0.3083,1,0.0009,0.0,0.9781,0.9215,,0.5231,28.0793,42.6923875816537,183.837169654759,0
S2A_22WDD_20200623_0_L1C,20200623T153311,91,0,85131,72261,8869,0,8355,0.0005,0.0,0.5107,0.4335,0.0532,0.0,93929,0.5634,1,0.001,0.0,0.9063,0.92,,0.3934,45.8078,42.7015563735859,180.605030787949,0
S2B_22WDD_20200624_0_L1C,20200624T155303,0,0,0,158765,8869,0,8503,0.0,0.0,0.0,0.9524,0.0532,0.0,7573,0.0454,0,0.0,0.0,0.0,,,,87.6,42.5748573016158,186.737845366986,0
S2B_22WDD_20200625_0_L1C,20200625T152310,154,6,0,156008,8869,8662,8682,0.0009,0.0,0.0,0.9358,0.0532,0.052,1847,0.0111,0,0.0834,0.0032,0.0,0.9984,0.6003,,99.681,42.6347794565666,177.34080404772,0
S2A_22WDD_20200626_0_L1C,20200626T154309,0,0,14,156857,8869,0,6594,0.0,0.0,0.0001,0.9409,0.0532,0.0,7572,0.0454,0,0.0,0.0,0.0018,,,0.2457,74.8012,42.5860252788171,183.51430108973,0
S2B_22WDD_20200628_0_L1C,20200628T153308,72,0,157080,572,8869,0,7,0.0004,0.0,0.9423,0.0034,0.0532,0.0,157270,0.9434,1,0.0005,0.0,0.9988,0.963,,0.6253,1.42,42.5220914026573,180.260444315646,0
S2A_22WDD_20200629_0_L1C,20200629T155306,0,0,0,164290,8869,0,8798,0.0,0.0,0.0,0.9855,0.0532,0.0,2343,0.0141,0,0.0,0.0,0.0,,,,99.7308,42.3695831190517,186.418404140159,0
S2A_22WDD_20200630_0_L1C,20200630T152312,41,0,144928,5445,8869,7077,0,0.0002,0.0,0.8694,0.0327,0.0532,0.0425,145313,0.8717,1,0.0003,0.0,0.9974,0.9696,,0.5874,2.4324,42.3826984886296,177.043668898264,0
S2B_22WDD_20200701_1_L1C,20200701T154306,36,0,119210,41717,8869,0,3598,0.0002,0.0,0.7151,0.2502,0.0532,0.0,119716,0.7181,1,0.0003,0.0,0.9958,0.8913,,0.3366,25.5422,42.3085246583868,183.180010904221,0
S2A_22WDD_20200703_0_L1C,20200703T153311,0,0,623,28640,8869,0,1598,0.0,0.0,0.0037,0.1718,0.0532,0.0,130793,0.7846,1,0.0,0.0,0.0048,,,0.2834,45.2226,42.1723621213473,179.976008811667,0
S2B_22WDD_20200704_0_L1C,20200704T155303,0,50,1103,158799,8869,0,5877,0.0,0.0003,0.0066,0.9526,0.0532,0.0,4913,0.0295,0,0.0,0.0102,0.2245,,0.4194,0.3455,88.4592,41.9948240200177,186.095060944459,0
S2B_22WDD_20200705_0_L1C,20200705T152309,41,622,0,155035,8869,9780,8802,0.0002,0.0037,0.0,0.93,0.0532,0.0587,1822,0.0109,0,0.0225,0.3414,0.0,1.0,0.4506,,84.932,41.9620625948644,176.759286777758,0
S2A_22WDD_20200706_0_L1C,20200706T154308,0,27,44,162473,8869,0,8797,0.0,0.0002,0.0003,0.9746,0.0532,0.0,4159,0.0249,0,0.0,0.0065,0.0106,,0.4218,0.2107,90.3244,41.8622222520431,182.907904526086,0
S2B_22WDD_20200708_0_L1C,20200708T153308,206,0,157289,271,8869,0,0,0.0012,0.0,0.9435,0.0016,0.0532,0.0,157564,0.9452,1,0.0013,0.0,0.9983,0.9682,,0.6243,27.9778,41.6566559618134,179.708910853163,0
S2A_22WDD_20200709_0_L1C,20200709T155305,0,4393,0,161621,8869,0,8798,0.0,0.0264,0.0,0.9695,0.0532,0.0,5012,0.0301,0,0.0,0.8765,0.0,,0.4855,,98.0337,41.4531770524582,185.834335489746,0
S2A_22WDD_20200710_0_L1C,20200710T152311,844,4967,0,148195,8869,7619,8798,0.0051,0.0298,0.0,0.889,0.0532,0.0457,10819,0.0649,0,0.078,0.4591,0.0,0.9997,0.4392,,98.9545,41.378547841102,176.552441518016,0
S2A_22WDD_20200713_0_L1C,20200713T153310,0,0,0,164904,8869,0,8798,0.0,0.0,0.0,0.9892,0.0532,0.0,1729,0.0104,0,0.0,0.0,0.0,,,,76.6675,40.980261092642,179.523314042271,0
S2B_22WDD_20200714_0_L1C,20200714T155302,1,5,15,158525,8869,0,8798,0.0,0.0,0.0001,0.9509,0.0532,0.0,8108,0.0486,0,0.0001,0.0006,0.0019,0.7199,0.6379,0.2357,75.4203,40.7511310568777,185.599020169948,0
S2B_22WDD_20200715_0_L1C,20200715T152308,252,4,25,153388,8869,10857,8799,0.0015,0.0,0.0001,0.9201,0.0532,0.0651,2389,0.0143,0,0.1055,0.0017,0.0105,1.0,0.4209,0.2753,84.6526,40.6371629944628,176.382364403069,0
S2B_22WDD_20210210_0_L1C,20210210T152306,47357,54,104228,0,8869,5013,0,0.2841,0.0003,0.6252,0.0,0.0532,0.0301,152822,0.9167,1,0.3099,0.0004,0.682,0.8271,0.6081,0.3882,13.0906,5.0848590434870005,175.136191071112,0
S2B_22WDD_20210213_0_L1C,20210213T153304,0,1,0,163137,8869,0,8798,0.0,0.0,0.0,0.9786,0.0532,0.0,3496,0.021,0,0.0,0.0003,0.0,,0.4002,,100,6.139791342162297,177.556825123785,0
S2B_22WDD_20210216_0_L1C,20210216T154302,239,8085,302,123948,8869,0,5189,0.0014,0.0485,0.0018,0.7435,0.0532,0.0,39076,0.2344,0,0.0061,0.2069,0.0077,0.7563,0.486,0.2391,55.5587,7.192029365726398,180.032698963749,0
S2B_22WDD_20210219_0_L1C,20210219T155258,308,34876,0,105162,8869,0,4435,0.0018,0.2092,0.0,0.6308,0.0532,0.0,57108,0.3426,1,0.0054,0.6107,0.0,0.7267,0.463,,52.8936,8.236539643633094,182.565378045268,0
S2B_22WDD_20210220_0_L1C,20210220T152305,574,4463,175,80109,8869,8737,5649,0.0034,0.0268,0.001,0.4805,0.0532,0.0524,74638,0.4477,1,0.0077,0.0598,0.0023,0.9725,0.457,0.2283,71.5316,8.539962939639594,175.164673361245,0
S2A_22WDD_20210221_0_L1C,20210221T154303,29,8515,1443,93593,8869,0,4504,0.0002,0.0511,0.0087,0.5614,0.0532,0.0,68746,0.4124,1,0.0004,0.1239,0.021,0.7134,0.4568,0.2286,96.5583,8.975011827589,180.158730134516,0
S2B_22WDD_20210223_0_L1C,20210223T153304,6,3566,49,147267,8869,0,8253,0.0,0.0214,0.0003,0.8834,0.0532,0.0,18821,0.1129,0,0.0003,0.1895,0.0026,0.7171,0.493,0.2769,71.6481,9.689978767022893,177.72696204897,0
S2A_22WDD_20210224_0_L1C,20210224T155300,62221,22,79729,0,8869,0,0,0.3732,0.0001,0.4783,0.0,0.0532,0.0,157835,0.9468,1,0.3942,0.0001,0.5051,0.8821,0.6378,0.4646,11.7865,10.057844386036393,182.762972833879,0
S2A_22WDD_20210225_0_L1C,20210225T152307,56048,926,27741,55780,8869,7122,1426,0.3362,0.0056,0.1664,0.3346,0.0532,0.0427,96359,0.578,1,0.5817,0.0096,0.2879,0.8653,0.6752,0.3874,37.1215,10.380614108485105,175.294195852108,0
S2B_22WDD_20210226_0_L1C,20210226T154302,2984,20586,34773,80461,8869,0,175,0.0179,0.1235,0.2086,0.4827,0.0532,0.0,77549,0.4652,1,0.0385,0.2655,0.4484,0.7516,0.5702,0.2658,87.5146,10.823215213486094,180.344562380996,0
S2A_22WDD_20210228_0_L1C,20210228T153306,4855,73117,28837,6100,8869,0,0,0.0291,0.4386,0.173,0.0366,0.0532,0.0,151735,0.9102,1,0.032,0.4819,0.19,0.7325,0.5972,0.2363,82.1416,11.563193641584405,177.921488487715,0
S2B_22WDD_20210301_0_L1C,20210301T155300,0,87,0,154308,8869,0,8172,0.0,0.0005,0.0,0.9256,0.0532,0.0,11699,0.0702,0,0.0,0.0074,0.0,,0.4158,,99.9668,11.935020188820502,183.015951171281,0
S2B_22WDD_20210302_0_L1C,20210302T152308,432,1,0,152558,8869,7827,8258,0.0026,0.0,0.0,0.9151,0.0532,0.047,5708,0.0342,0,0.0757,0.0002,0.0,0.9994,0.4871,,99.9951,12.276738985540703,175.474579655368,0
S2A_22WDD_20210303_0_L1C,20210303T154304,0,0,0,164845,8869,0,8769,0.0,0.0,0.0,0.9888,0.0532,0.0,1759,0.0106,0,0.0,0.0,0.0,,,,100,12.722664863753593,180.602230459465,0
S2B_22WDD_20210305_0_L1C,20210305T153305,0,6,58,7246,8869,0,0,0.0,0.0,0.0003,0.0435,0.0532,0.0,150589,0.9033,1,0.0,0.0,0.0004,,0.4229,0.2754,46.0069,13.483185197295,178.164223576366,0
S2A_22WDD_20210306_0_L1C,20210306T155300,0,8937,0,155942,8869,0,8770,0.0,0.0536,0.0,0.9354,0.0532,0.0,10663,0.064,0,0.0,0.8381,0.0,,0.4426,,99.9832,13.854708264896402,183.334467050928,0
S2A_22WDD_20210307_0_L1C,20210307T152307,1591,27,0,82731,8869,6248,3755,0.0095,0.0002,0.0,0.4963,0.0532,0.0375,72611,0.4356,1,0.0219,0.0004,0.0,0.9985,0.5348,,95.4352,14.215540733514302,175.714952914032,0
S2B_22WDD_20210308_0_L1C,20210308T154303,29308,40707,9494,37072,8869,0,1729,0.1758,0.2442,0.057,0.2224,0.0532,0.0,122492,0.7348,1,0.2393,0.3323,0.0775,0.801,0.5545,0.2933,53.1101,14.660425221864102,180.905361617459,0
S2A_22WDD_20210310_0_L1C,20210310T153305,104609,286,38965,0,8869,0,0,0.6275,0.0017,0.2337,0.0,0.0532,0.0,157835,0.9468,1,0.6628,0.0018,0.2469,0.851,0.6668,0.3647,7.715,15.436931742164802,178.461281503706,0
S2B_22WDD_20210311_0_L1C,20210311T155300,25418,34430,47345,24965,8869,0,2094,0.1525,0.2065,0.284,0.1498,0.0532,0.0,134964,0.8096,1,0.1883,0.2551,0.3508,0.7787,0.6075,0.4163,32.5105,15.804019879456703,183.696071065002,0
S2B_22WDD_20210312_0_L1C,20210312T152306,37474,4,108931,0,8869,8050,0,0.2248,0.0,0.6534,0.0,0.0532,0.0483,149785,0.8985,1,0.2502,0.0,0.7272,0.9074,0.6771,0.4286,14.5995,16.1830367094381,175.994628163349,0
S2A_22WDD_20210313_0_L1C,20210313T154303,6635,31530,4399,53827,8869,0,1926,0.0398,0.1891,0.0264,0.3229,0.0532,0.0,105934,0.6355,1,0.0626,0.2976,0.0415,0.745,0.4956,0.2577,54.422,16.6228776082132,181.257305573027,0
S2B_22WDD_20210315_0_L1C,20210315T153305,0,256,0,164772,8869,0,8789,0.0,0.0015,0.0,0.9884,0.0532,0.0,1852,0.0111,0,0.0,0.1382,0.0,,0.4204,,100,17.41040212681,178.795523771822,0
S2A_22WDD_20210316_0_L1C,20210316T155300,0,0,0,164207,8869,0,8770,0.0,0.0,0.0,0.985,0.0532,0.0,2398,0.0144,0,0.0,0.0,0.0,,,,97.0998,17.769072745007804,184.100752669431,0
S2A_22WDD_20210317_0_L1C,20210317T152306,1524,1194,0,121133,8869,5453,8150,0.0091,0.0072,0.0,0.7266,0.0532,0.0327,39399,0.2363,0,0.0387,0.0303,0.0,0.9973,0.4294,,85.2175,18.165316117159406,176.312674640417,0
S2B_22WDD_20210318_0_L1C,20210318T154303,0,7098,0,157394,8869,0,8380,0.0,0.0426,0.0,0.9442,0.0532,0.0,8821,0.0529,0,0.0,0.8047,0.0,,0.4896,,100,18.596219058693904,181.644129383405,0
S2A_22WDD_20210320_0_L1C,20210320T153305,0,4687,0,149195,8869,0,8417,0.0,0.0281,0.0,0.895,0.0532,0.0,17057,0.1023,0,0.0,0.2748,0.0,,0.4437,,99.9956,19.389799863137995,179.162453143602,0
S2B_22WDD_20210321_0_L1C,20210321T155300,189,1803,18,157630,8869,0,8798,0.0011,0.0108,0.0001,0.9456,0.0532,0.0,9003,0.054,0,0.021,0.2003,0.002,0.7191,0.5629,0.2238,72.2025,19.736375223378204,184.537692104527,0
S2B_22WDD_20210322_0_L1C,20210322T152306,1305,115998,0,35784,8869,6931,4011,0.0078,0.6958,0.0,0.2147,0.0532,0.0416,119131,0.7146,1,0.011,0.9737,0.0,0.8224,0.5516,,99.4619,20.148520961942907,176.659763752445,0
S2A_22WDD_20210323_0_L1C,20210323T154302,0,5568,0,159056,8869,0,8672,0.0,0.0334,0.0,0.9541,0.0532,0.0,7451,0.0447,0,0.0,0.7473,0.0,,0.4483,,100,20.566942905368293,182.057292803321,0
S2B_22WDD_20210325_0_L1C,20210325T153305,6471,150468,0,1298,8869,0,411,0.0388,0.9026,0.0,0.0078,0.0532,0.0,156948,0.9415,1,0.0412,0.9587,0.0,0.7386,0.6137,,98.9126,21.361657039696098,179.555176860443,0
S2A_22WDD_20210326_0_L1C,20210326T155259,13825,143196,811,0,8869,0,0,0.0829,0.859,0.0049,0.0,0.0532,0.0,157835,0.9468,1,0.0876,0.9073,0.0051,0.7673,0.6309,0.2912,95.0309,21.692917540531298,184.993821294237,0
S2A_22WDD_20210327_0_L1C,20210327T152305,116536,33639,941,228,8869,6299,0,0.6991,0.2018,0.0056,0.0014,0.0532,0.0378,151308,0.9076,1,0.7702,0.2223,0.0062,0.7624,0.6634,0.3997,95.2624,22.119175525174796,177.021479432448,0
S2B_22WDD_20210328_0_L1C,20210328T154302,155377,1464,994,0,8869,0,0,0.9321,0.0088,0.006,0.0,0.0532,0.0,157835,0.9468,1,0.9844,0.0093,0.0063,0.7759,0.6959,0.4227,84.9773,22.522045856363206,182.492135918947,0
S2A_22WDD_20210330_0_L1C,20210330T153303,0,3422,0,163140,8869,0,8727,0.0,0.0205,0.0,0.9786,0.0532,0.0,3422,0.0205,0,0.0,1.0,0.0,,0.5545,,99.082,23.313286969657696,179.954306969667,0
S2B_22WDD_20210331_0_L1C,20210331T155259,29794,124859,0,3961,8869,0,980,0.1787,0.749,0.0,0.0238,0.0532,0.0,154854,0.9289,1,0.1924,0.8063,0.0,0.7151,0.6525,,99.4345,23.626439302197994,185.466299342963,0
S2B_22WDD_20210401_0_L1C,20210401T152305,485,4865,0,154649,8869,6348,8689,0.0029,0.0292,0.0,0.9277,0.0532,0.0381,5527,0.0332,0,0.0878,0.8802,0.0,0.975,0.4926,,100,24.065228804632497,177.396248848901,0
S2A_22WDD_20210402_0_L1C,20210402T154301,12,94963,0,64090,8869,0,2919,0.0001,0.5697,0.0,0.3845,0.0532,0.0,96664,0.5799,1,0.0001,0.9824,0.0,0.7101,0.5721,,81.4125,24.450126215324005,182.924114900807,0
S2B_22WDD_20210404_0_L1C,20210404T153303,155385,182,1970,0,8869,0,0,0.9321,0.0011,0.0118,0.0,0.0532,0.0,157835,0.9468,1,0.9845,0.0012,0.0125,0.7631,0.684,0.3246,79.7788,25.233512704818907,180.36076982863,0
S2A_22WDD_20210405_0_L1C,20210405T155257,0,40396,0,124938,8869,0,7551,0.0,0.2423,0.0,0.7495,0.0532,0.0,40448,0.2426,0,0.0,0.9987,0.0,,0.5616,,99.4666,25.526671295114298,185.926543207625,0
S2A_22WDD_20210406_0_L1C,20210406T152303,1424,4976,0,152886,8869,6380,8781,0.0085,0.0298,0.0,0.9171,0.0532,0.0383,7350,0.0441,0,0.1937,0.677,0.0,0.9998,0.4482,,98.152,25.975192890760397,177.754569382689,0
S2B_22WDD_20210407_0_L1C,20210407T154301,2257,155171,407,0,8869,0,0,0.0135,0.9308,0.0024,0.0,0.0532,0.0,157835,0.9468,1,0.0143,0.9831,0.0026,0.732,0.6619,0.3491,39.9276,26.339986334227298,183.358175065974,0
S2A_22WDD_20210409_0_L1C,20210409T153301,0,4391,0,161458,8869,0,8661,0.0,0.0263,0.0,0.9685,0.0532,0.0,5038,0.0302,0,0.0,0.8716,0.0,,0.47,,100,27.1108383054126,180.742426591708,0
S2B_22WDD_20210410_0_L1C,20210410T155257,0,16069,0,150243,8869,0,8477,0.0,0.0964,0.0,0.9013,0.0532,0.0,16069,0.0964,0,0.0,1.0,0.0,,0.537,,98.851,27.3816060265069,186.38413759842,0
S2B_22WDD_20210411_0_L1C,20210411T152304,582,26670,0,131867,8869,7043,8517,0.0035,0.16,0.0,0.791,0.0532,0.0422,27442,0.1646,0,0.0212,0.9719,0.0,0.974,0.5721,,99.5484,27.8373210670238,178.108333385187,0
S2A_22WDD_20210412_0_L1C,20210412T154258,0,13,0,164540,8869,0,8753,0.0,0.0001,0.0,0.987,0.0532,0.0,2048,0.0123,0,0.0,0.0063,0.0,,0.4101,,100,28.1801312330863,183.759463318239,0
S2B_22WDD_20210414_0_L1C,20210414T153302,3477,23336,0,136910,8869,0,8021,0.0209,0.14,0.0,0.8213,0.0532,0.0,28946,0.1736,0,0.1201,0.8062,0.0,0.7178,0.5981,,83.4668,28.933034016475,181.115697874205,0
S2A_22WDD_20210415_0_L1C,20210415T155254,33,9571,0,151452,8869,0,8140,0.0002,0.0574,0.0,0.9085,0.0532,0.0,14523,0.0871,0,0.0023,0.659,0.0,0.7104,0.5603,,78.6025,29.180212602368,186.801124325716,0
S2A_22WDD_20210416_0_L1C,20210416T152301,2156,2982,0,136382,8869,11042,8367,0.0129,0.0179,0.0,0.8181,0.0532,0.0662,18778,0.1126,0,0.1148,0.1588,0.0,0.9972,0.4688,,87.9056,29.6389796338279,178.421485392162,0
S2B_22WDD_20210417_0_L1C,20210417T154259,110204,39538,0,1712,8869,0,0,0.6611,0.2372,0.0,0.0103,0.0532,0.0,156123,0.9365,1,0.7059,0.2532,0.0,0.7425,0.6669,,76.8658,29.957988606776397,184.148492961556,0
S2A_22WDD_20210419_0_L1C,20210419T153301,83246,14,73327,403,8869,0,0,0.4994,0.0001,0.4399,0.0024,0.0532,0.0,157432,0.9444,1,0.5288,0.0001,0.4658,0.8814,0.6492,0.4439,39.1435,30.6880319084257,181.449218102394,0
S2B_22WDD_20210420_0_L1C,20210420T155255,83112,8,74275,0,8869,0,0,0.4986,0.0,0.4456,0.0,0.0532,0.0,157835,0.9468,1,0.5266,0.0001,0.4706,0.8989,0.6803,0.4419,18.1337,30.909526232263303,187.201938274413,0
S2B_22WDD_20210421_0_L1C,20210421T152301,82976,12,67212,0,8869,7120,0,0.4977,0.0001,0.4032,0.0,0.0532,0.0427,150715,0.9041,1,0.5505,0.0001,0.446,0.9137,0.6334,0.4757,21.9269,31.3682341009213,178.712680461754,0
S2A_22WDD_20210422_0_L1C,20210422T154259,46747,25508,3829,72522,8869,0,2137,0.2804,0.153,0.023,0.435,0.0532,0.0,87450,0.5246,1,0.5346,0.2917,0.0438,0.7666,0.589,0.2783,69.8554,31.6619527503682,184.498609570395,0
S2B_22WDD_20210424_0_L1C,20210424T153300,12530,45008,0,107486,8869,0,7256,0.0752,0.27,0.0,0.6448,0.0532,0.0,57605,0.3456,1,0.2175,0.7813,0.0,0.7235,0.6449,,90.7725,32.3638758482036,181.744918911035,0
S2A_22WDD_20210425_0_L1C,20210425T155257,34905,5016,64963,49033,8869,0,14,0.2094,0.0301,0.3897,0.2941,0.0532,0.0,108816,0.6527,1,0.3208,0.0461,0.597,0.8568,0.6138,0.3701,43.4043,32.5583936282445,187.564328510212,0
S2A_22WDD_20210426_0_L1C,20210426T152304,227,151,0,148429,8869,9799,8609,0.0014,0.0009,0.0,0.8904,0.0532,0.0588,8216,0.0493,0,0.0276,0.0184,0.0,0.9989,0.411,,93.0952,33.0132069854011,178.969679769817,0
S2B_22WDD_20210427_0_L1C,20210427T154259,0,0,0,165063,8869,0,8798,0.0,0.0,0.0,0.9902,0.0532,0.0,1570,0.0094,0,0.0,0.0,0.0,,,,99.8675,33.2807651877306,184.796965104404,0
S2A_22WDD_20210429_0_L1C,20210429T153303,3132,6,152898,0,8869,0,0,0.0188,0.0,0.9172,0.0,0.0532,0.0,157835,0.9468,1,0.0198,0.0,0.9687,0.9235,0.5788,0.4635,27.1351,33.9494769379394,182.005487299008,0
S2B_22WDD_20210430_0_L1C,20210430T155257,3344,2,153476,0,8869,0,0,0.0201,0.0,0.9206,0.0,0.0532,0.0,157835,0.9468,1,0.0212,0.0,0.9724,0.9379,0.5665,0.5185,8.9037,34.1171141335476,187.86019175784,0
S2B_22WDD_20210501_0_L1C,20210501T152303,4316,18,144151,0,8869,8563,0,0.0259,0.0001,0.8647,0.0,0.0532,0.0514,149272,0.8954,1,0.0289,0.0001,0.9657,0.9255,0.5645,0.4214,10.6225,34.5632511592262,179.157985328034,0
S2A_22WDD_20210502_0_L1C,20210502T154302,1368,7,153660,0,8869,0,0,0.0082,0.0,0.9218,0.0,0.0532,0.0,157835,0.9468,1,0.0087,0.0,0.9735,0.962,0.5831,0.5188,1.7038,34.8040136003572,185.053175135214,0
S2B_22WDD_20210504_0_L1C,20210504T153303,664,12,157003,0,8869,0,0,0.004,0.0001,0.9418,0.0,0.0532,0.0,157835,0.9468,1,0.0042,0.0001,0.9947,0.9483,0.62,0.5437,10.8313,35.4352668392606,182.188817864867,0
S2A_22WDD_20210505_0_L1C,20210505T155259,1513,7,156016,0,8869,0,0,0.0091,0.0,0.9359,0.0,0.0532,0.0,157835,0.9468,1,0.0096,0.0,0.9885,0.9604,0.6237,0.552,1.9755,35.5750455902726,188.106981858899,0
S2A_22WDD_20210506_0_L1C,20210506T152306,204,10,146382,1219,8869,8260,251,0.0012,0.0001,0.8781,0.0073,0.0532,0.0495,148607,0.8914,1,0.0014,0.0001,0.985,0.9422,0.5406,0.5454,14.8008,36.008386760313,179.298076183489,0
S2B_22WDD_20210507_0_L1C,20210507T154301,131,7,151212,4578,8869,0,93,0.0008,0.0,0.9071,0.0275,0.0532,0.0,153350,0.9199,1,0.0009,0.0,0.9861,0.9471,0.5509,0.5674,26.8669,36.2223686658558,185.226870243208,0
S2A_22WDD_20210509_0_L1C,20210509T153305,0,0,0,165017,8869,0,8798,0.0,0.0,0.0,0.9899,0.0532,0.0,1616,0.0097,0,0.0,0.0,0.0,,,,99.5749,36.8104098279649,182.316602849034,0
S2B_22WDD_20210510_0_L1C,20210510T155259,0,2763,0,163693,8869,0,8761,0.0,0.0166,0.0,0.9819,0.0532,0.0,2903,0.0174,0,0.0,0.9518,0.0,,0.4835,,96.9112,36.9228452229524,188.267343285515,0
S2B_22WDD_20210511_0_L1C,20210511T152305,41,257,0,155772,8869,7626,8574,0.0002,0.0015,0.0,0.9344,0.0532,0.0457,3011,0.0181,0,0.0136,0.0854,0.0,1.0,0.4201,,99.4154,37.3376320217601,179.35565579491,0
S2A_22WDD_20210512_0_L1C,20210512T154303,235,69,156730,406,8869,0,35,0.0014,0.0004,0.9402,0.0024,0.0532,0.0,157464,0.9446,1,0.0015,0.0004,0.9953,0.7808,0.6874,0.5682,36.5592,37.5244516558582,185.339812969169,0
S2B_22WDD_20210514_0_L1C,20210514T153305,220,0,140218,17650,8869,0,917,0.0013,0.0,0.8411,0.1059,0.0532,0.0,141102,0.8464,1,0.0016,0.0,0.9937,0.9639,,0.5415,10.5893,38.064410359525,182.360789394276,0
S2A_22WDD_20210515_0_L1C,20210515T155301,391,0,157233,0,8869,0,0,0.0023,0.0,0.9432,0.0,0.0532,0.0,157835,0.9468,1,0.0025,0.0,0.9962,0.926,,0.4326,23.1344,38.148949204919,188.362351751427,0
S2A_22WDD_20210516_0_L1C,20210516T152307,60,0,0,157502,8869,7597,8804,0.0004,0.0,0.0,0.9448,0.0532,0.0456,1540,0.0092,0,0.039,0.0,0.0,1.0,,,98.9686,38.5404241074944,179.352451526381,0
S2B_22WDD_20210517_0_L1C,20210517T154303,612,27,112392,44893,8869,0,587,0.0037,0.0002,0.6742,0.2693,0.0532,0.0,113529,0.681,1,0.0054,0.0002,0.99,0.9397,0.6188,0.5406,40.0908,38.7002746450429,185.368092080517,0
S2A_22WDD_20210519_0_L1C,20210519T153306,5181,141,145768,5256,8869,0,0,0.0311,0.0008,0.8744,0.0315,0.0532,0.0,152579,0.9153,1,0.034,0.0009,0.9554,0.947,0.6004,0.4946,41.4364,39.1866602265405,182.341216907276,0
S2B_22WDD_20210520_0_L1C,20210520T155300,5741,2351,27227,114412,8869,0,3626,0.0344,0.0141,0.1633,0.6863,0.0532,0.0,47049,0.2822,0,0.122,0.05,0.5787,0.8417,0.5684,0.344,94.7684,39.2438139000559,188.372414008093,0
S2B_22WDD_20210521_0_L1C,20210521T152307,5956,8,142459,15,8869,6937,15,0.0357,0.0,0.8546,0.0001,0.0532,0.0416,150898,0.9052,1,0.0395,0.0001,0.9441,0.8941,0.6046,0.4125,46.2224,39.6065246189437,179.271912942318,0
S2A_22WDD_20210522_0_L1C,20210522T154304,0,7192,0,131280,8869,0,8798,0.0,0.0431,0.0,0.7875,0.0532,0.0,35353,0.2121,0,0.0,0.2034,0.0,,0.4652,,90.1288,39.739328929895,185.330109024477,0
S2B_22WDD_20210524_0_L1C,20210524T153306,43,1735,0,114894,8869,0,8375,0.0003,0.0104,0.0,0.6892,0.0532,0.0,51316,0.3078,1,0.0008,0.0338,0.0,0.7168,0.5133,,85.9312,40.1676244873479,182.245046629783,0
S2A_22WDD_20210525_0_L1C,20210525T155301,112,131,507,163634,8869,0,8308,0.0007,0.0008,0.003,0.9816,0.0532,0.0,2509,0.0151,0,0.0446,0.0522,0.2021,0.8964,0.4674,0.3278,76.0244,40.1973575489773,188.313767159403,0
S2A_22WDD_20210526_0_L1C,20210526T152308,83,7,0,156033,8869,7794,8799,0.0005,0.0,0.0,0.936,0.0532,0.0468,2807,0.0168,0,0.0296,0.0025,0.0,1.0,0.4591,,95.9259,40.5268747627019,179.130663873099,0
S2B_22WDD_20210527_0_L1C,20210527T154304,6099,13,151663,0,8869,0,0,0.0366,0.0001,0.9098,0.0,0.0532,0.0,157835,0.9468,1,0.0386,0.0001,0.9609,0.9702,0.5923,0.5328,13.3058,40.6330865168007,185.216002922224,0
S2A_22WDD_20210529_0_L1C,20210529T153307,2657,345,46081,101058,8869,0,7980,0.0159,0.0021,0.2764,0.6062,0.0532,0.0,64757,0.3885,1,0.041,0.0053,0.7116,0.8579,0.6259,0.3831,36.4811,40.9991844779472,182.085646588662,0
S2B_22WDD_20210530_0_L1C,20210530T155301,2369,6036,76377,25076,8869,0,0,0.0142,0.0362,0.4582,0.1504,0.0532,0.0,132759,0.7964,1,0.0178,0.0455,0.5753,0.8545,0.4881,0.3725,60.1287,41.0022627524536,188.178877384601,0
S2B_22WDD_20210531_0_L1C,20210531T152308,365,9,0,144385,8869,6298,8599,0.0022,0.0001,0.0,0.8661,0.0532,0.0378,15751,0.0945,0,0.0232,0.0006,0.0,1.0,0.5237,,98.1514,41.2941827401684,178.923816649502,0
S2A_22WDD_20210601_0_L1C,20210601T154305,2254,41,104098,44812,8869,0,662,0.0135,0.0002,0.6244,0.2688,0.0532,0.0,113685,0.682,1,0.0198,0.0004,0.9157,0.8858,0.5834,0.5483,54.97,41.3742643507163,185.036009555358,0
S2B_22WDD_20210603_0_L1C,20210603T153307,1515,0,156105,96,8869,0,0,0.0091,0.0,0.9364,0.0006,0.0532,0.0,157739,0.9462,1,0.0096,0.0,0.9896,0.9683,,0.6084,0.1166,41.6745708009853,181.861950590671,0
S2A_22WDD_20210604_0_L1C,20210604T155301,1021,4,87658,67875,8869,0,233,0.0061,0.0,0.5258,0.4072,0.0532,0.0,90193,0.541,1,0.0113,0.0,0.9719,0.9258,0.6851,0.4684,17.1936,41.6514138743573,187.976902018436,0
S2A_22WDD_20210605_0_L1C,20210605T152308,1286,0,148092,14,8869,8090,0,0.0077,0.0,0.8884,0.0001,0.0532,0.0485,149731,0.8982,1,0.0086,0.0,0.9891,0.9741,,0.6079,0,41.9017841963856,178.661604376929,0
S2B_22WDD_20210606_0_L1C,20210606T154305,854,13,81043,74033,8869,0,936,0.0051,0.0001,0.4861,0.4441,0.0532,0.0,84738,0.5083,1,0.0101,0.0002,0.9564,0.9162,0.5397,0.499,33.0865,41.9560908078061,184.794935190794,0
S2A_22WDD_20210608_1_L1C,20210608T153307,1054,0,133024,23650,8869,0,0,0.0063,0.0,0.798,0.1419,0.0532,0.0,134185,0.8049,1,0.0079,0.0,0.9913,0.9627,,0.6097,1.4655,42.1873002374078,181.584478379279,0
S2B_22WDD_20210609_0_L1C,20210609T155302,1043,0,149224,7494,8869,0,0,0.0063,0.0,0.8951,0.045,0.0532,0.0,150341,0.9018,1,0.0069,0.0,0.9926,0.9665,,0.6376,0.2124,42.1382361092732,187.718427893873,0
S2B_22WDD_20210610_0_L1C,20210610T152308,904,0,150052,0,8869,6573,0,0.0054,0.0,0.9001,0.0,0.0532,0.0394,151262,0.9074,1,0.006,0.0,0.992,0.9704,,0.6229,6.1482,42.3438538113079,178.358043035187,0
S2A_22WDD_20210611_0_L1C,20210611T154304,0,0,0,164969,8869,0,8770,0.0,0.0,0.0,0.9896,0.0532,0.0,1636,0.0098,0,0.0,0.0,0.0,,,,73.394,42.372710508855,184.502726608636,0
S2B_22WDD_20210613_0_L1C,20210613T153307,0,0,0,164822,8869,0,8778,0.0,0.0,0.0,0.9887,0.0532,0.0,1791,0.0107,0,0.0,0.0,0.0,,,,98.8771,42.5322266488214,181.272028837592,0
S2A_22WDD_20210614_0_L1C,20210614T155301,323,2,105615,51010,8869,0,2066,0.0019,0.0,0.6335,0.306,0.0532,0.0,108891,0.6532,1,0.003,0.0,0.9699,0.9528,0.6463,0.5253,21.7293,42.4577040119388,187.412441638775,0
S2A_22WDD_20210615_0_L1C,20210615T152307,548,0,148842,0,8869,8109,0,0.0033,0.0,0.8929,0.0,0.0532,0.0486,149726,0.8982,1,0.0037,0.0,0.9941,0.9618,,0.5903,5.539,42.616082764554,178.022426212373,0
S2B_22WDD_20210616_0_L1C,20210616T154305,369,11,81088,73121,8869,0,2435,0.0022,0.0001,0.4864,0.4386,0.0532,0.0,87149,0.5228,1,0.0042,0.0001,0.9305,0.9357,0.5542,0.52,40.4931,42.6195801432351,184.182631206181,0
S2A_22WDD_20210618_0_L1C,20210618T153306,633,0,152869,4219,8869,0,0,0.0038,0.0,0.917,0.0253,0.0532,0.0,153616,0.9215,1,0.0041,0.0,0.9951,0.9681,,0.608,0.189,42.7058881406258,180.933652706183,0
S2B_22WDD_20210619_0_L1C,20210619T155301,670,5,156376,686,8869,0,0,0.004,0.0,0.938,0.0041,0.0532,0.0,157149,0.9427,1,0.0043,0.0,0.9951,0.9684,0.6638,0.6224,3.8398,42.6058061060891,187.086142956396,0
S2B_22WDD_20210620_0_L1C,20210620T152308,552,0,149200,361,8869,7312,0,0.0033,0.0,0.895,0.0022,0.0532,0.0439,150162,0.9008,1,0.0037,0.0,0.9936,0.9522,,0.5616,44.7484,42.7160138846729,177.68425427293,0
S2A_22WDD_20210621_0_L1C,20210621T154305,479,34,124118,25897,8869,0,4085,0.0029,0.0002,0.7445,0.1553,0.0532,0.0,136023,0.816,1,0.0035,0.0002,0.9125,0.9202,0.6357,0.5299,23.7865,42.6941522180163,183.845804413889,0
S2B_22WDD_20210623_0_L1C,20210623T153306,398,15,62365,89329,8869,0,2588,0.0024,0.0001,0.3741,0.5359,0.0532,0.0,71094,0.4265,1,0.0056,0.0002,0.8772,0.8768,0.511,0.2807,45.4855,42.7066616933363,180.597458378578,0
S2A_22WDD_20210624_0_L1C,20210624T155302,714,0,156733,284,8869,0,0,0.0043,0.0,0.9402,0.0017,0.0532,0.0,157551,0.9451,1,0.0045,0.0,0.9948,0.9611,,0.522,16.0773,42.5811437721246,186.751705150103,0
S2A_22WDD_20210625_0_L1C,20210625T152308,1712,1670,0,153843,8869,7975,8770,0.0103,0.01,0.0,0.9229,0.0532,0.0478,4787,0.0287,0,0.3576,0.3489,0.0,1.0,0.4337,,99.5783,42.6432657031679,177.355500860875,0
S2B_22WDD_20210626_0_L1C,20210626T154304,0,0,0,165033,8869,0,8798,0.0,0.0,0.0,0.99,0.0532,0.0,1600,0.0096,0,0.0,0.0,0.0,,,,97.8299,42.596058976659,183.511125255112,0
S2A_22WDD_20210628_0_L1C,20210628T153307,0,15205,0,151357,8869,0,8727,0.0,0.0912,0.0,0.9079,0.0532,0.0,15205,0.0912,0,0.0,1.0,0.0,,0.5567,,99.9508,42.5353956789021,180.278312859373,0
S2B_22WDD_20210629_0_L1C,20210629T155302,0,9323,0,157125,8869,0,8613,0.0,0.0559,0.0,0.9425,0.0532,0.0,9323,0.0559,0,0.0,1.0,0.0,,0.6198,,99.7953,42.3846184432966,186.419398724519,0
S2B_22WDD_20210630_0_L1C,20210630T152308,34,16770,0,142756,8869,6820,8798,0.0002,0.1006,0.0,0.8563,0.0532,0.0409,17057,0.1023,0,0.002,0.9832,0.0,0.9951,0.5596,,90.924,42.3994292817313,177.044207888983,0
S2A_22WDD_20210701_0_L1C,20210701T154306,0,752,0,164457,8869,0,8798,0.0,0.0045,0.0,0.9865,0.0532,0.0,2176,0.0131,0,0.0,0.3456,0.0,,0.4189,,98.4198,42.3266744053097,183.199842715059,0
S2B_22WDD_20210703_0_L1C,20210703T153307,0,0,0,164433,8869,0,8798,0.0,0.0,0.0,0.9864,0.0532,0.0,2200,0.0132,0,0.0,0.0,0.0,,,,99.7659,42.194139308732,179.977592519064,0
S2A_22WDD_20210704_0_L1C,20210704T155303,0,2503,0,164126,8869,0,8798,0.0,0.015,0.0,0.9845,0.0532,0.0,2507,0.015,0,0.0,0.9984,0.0,,0.5348,,97.4879,42.0177079929212,186.114985469757,0
S2A_22WDD_20210705_0_L1C,20210705T152309,78,6059,50,149490,8869,7673,8592,0.0005,0.0363,0.0003,0.8967,0.0532,0.046,9264,0.0556,0,0.0084,0.654,0.0054,0.9971,0.4314,0.2134,94.2392,41.9873352346713,176.776877660581,0
S2B_22WDD_20210706_0_L1C,20210706T154305,0,0,4,164989,8869,0,8798,0.0,0.0,0.0,0.9897,0.0532,0.0,1644,0.0099,0,0.0,0.0,0.0024,,,0.2093,73.7388,41.8888109721414,182.909424639467,0
S2A_22WDD_20210708_0_L1C,20210708T153309,88,4,39541,118892,8869,0,2354,0.0005,0.0,0.2372,0.7132,0.0532,0.0,41297,0.2477,0,0.0021,0.0001,0.9575,0.9107,0.6417,0.4657,82.6193,41.6863353980072,179.72541836081,0
S2B_22WDD_20210709_0_L1C,20210709T155302,315,0,157433,0,8869,0,0,0.0019,0.0,0.9444,0.0,0.0532,0.0,157835,0.9468,1,0.002,0.0,0.9975,0.9607,,0.6288,1.8441,41.4843448127973,185.83557706719,0
S2B_22WDD_20210710_0_L1C,20210710T152309,446,0,150362,0,8869,6691,0,0.0027,0.0,0.902,0.0,0.0532,0.0401,151144,0.9067,1,0.003,0.0,0.9948,0.9625,,0.6167,3.8206,41.4111425544242,176.549728367077,0
S2A_22WDD_20210711_0_L1C,20210711T154307,511,0,157191,0,8869,0,0,0.0031,0.0,0.9429,0.0,0.0532,0.0,157835,0.9468,1,0.0032,0.0,0.9959,0.9573,,0.6014,0.0099,41.2865808515841,182.672863769364,0
S2B_22WDD_20210713_0_L1C,20210713T153308,0,3018,0,162403,8869,0,8794,0.0,0.0181,0.0,0.9742,0.0532,0.0,4226,0.0254,0,0.0,0.7142,0.0,,0.5748,,99.3648,41.017252986469,179.516881272687,0
S2A_22WDD_20210714_0_L1C,20210714T155304,0,0,0,164331,8869,0,8798,0.0,0.0,0.0,0.9858,0.0532,0.0,2302,0.0138,0,0.0,0.0,0.0,,,,99.9068,40.7891833545408,185.615177022206,0
S2A_22WDD_20210715_0_L1C,20210715T152310,1017,24,13855,142319,8869,6354,8176,0.0061,0.0001,0.0831,0.8537,0.0532,0.0381,17338,0.104,0,0.0587,0.0014,0.7991,0.9769,0.5816,0.4754,72.6938,40.6772487439286,176.395590807047,0
S2B_22WDD_20220211_0_L1C,20220211T154301,54,397,0,72871,8869,32331,7206,0.0003,0.0024,0.0,0.4371,0.0532,0.1939,59839,0.359,1,0.0009,0.0066,0.0,0.9619,0.4156,,99.8593119305388,5.407562457567096,179.976972162877,0
S2B_22WDD_20220214_0_L1C,20220214T155254,0,11418,0,63942,8869,0,793,0.0,0.0685,0.0,0.3836,0.0532,0.0,94686,0.568,1,0.0,0.1206,0.0,,0.454,,97.7739457955391,6.400650649985295,182.436288410632,0
S2B_22WDD_20220215_0_L1C,20220215T152301,0,0,62,65527,8869,8930,7083,0.0,0.0,0.0004,0.3931,0.0532,0.0536,90461,0.5426,1,0.0,0.0,0.0007,,,0.5741,99.9646442714112,6.683688562627296,175.100803959815,0
S2B_22WDD_20220218_0_L1C,20220218T153300,862,132413,53,3209,8869,0,0,0.0052,0.7943,0.0003,0.0192,0.0532,0.0,154626,0.9275,1,0.0056,0.8563,0.0003,0.7074,0.5599,0.2125,89.623458449043,7.788406554951493,177.590625116791,0
S2A_22WDD_20220220_0_L1C,20220220T152309,57,59,45,144351,8869,9704,8736,0.0003,0.0004,0.0003,0.8659,0.0532,0.0582,12516,0.0751,0,0.0046,0.0047,0.0036,0.9761,0.5668,0.6765,99.9356907867546,8.450100430099894,175.184953478677,0
S2B_22WDD_20220221_0_L1C,20220221T154258,41980,83098,12992,0,8869,0,0,0.2518,0.4985,0.0779,0.0,0.0532,0.0,157835,0.9468,1,0.266,0.5265,0.0823,0.7456,0.5936,0.2722,84.5200812206993,8.883820033282305,180.139310871748,0
S2A_22WDD_20220223_0_L1C,20220223T153308,0,151868,0,5371,8869,0,0,0.0,0.911,0.0,0.0322,0.0532,0.0,152464,0.9146,1,0.0,0.9961,0.0,,0.5326,,98.2061572456628,9.597769488904007,177.744629655333,0
S2B_22WDD_20220224_0_L1C,20220224T155256,74403,68463,9468,7,8869,0,0,0.4463,0.4107,0.0568,0.0,0.0532,0.0,157828,0.9468,1,0.4714,0.4338,0.06,0.7491,0.6489,0.2568,90.6862868487267,9.965201820915794,182.74196772601,0
S2B_22WDD_20220225_0_L1C,20220225T152303,0,28146,74,98267,8869,12578,7228,0.0,0.1688,0.0004,0.5895,0.0532,0.0755,54218,0.3252,1,0.0,0.5191,0.0014,,0.4268,0.613,99.9302194309995,10.286767939327504,175.277046725481,0
S2A_22WDD_20220226_0_L1C,20220226T154307,1578,37842,0,125377,8869,0,7641,0.0095,0.227,0.0,0.7521,0.0532,0.0,40099,0.2405,0,0.0394,0.9437,0.0,0.7246,0.5655,,91.360267550539,10.729567321617395,180.358403184062,0
S2B_22WDD_20220228_0_L1C,20220228T153302,125162,20,26105,0,8869,0,0,0.7508,0.0001,0.1566,0.0,0.0532,0.0,157835,0.9468,1,0.793,0.0001,0.1654,0.8822,0.6394,0.2837,38.0911941234435,11.468911499940006,177.901564153348,0
S2A_22WDD_20220301_0_L1C,20220301T155304,146339,26,10464,0,8869,0,0,0.8778,0.0002,0.0628,0.0,0.0532,0.0,157835,0.9468,1,0.9272,0.0002,0.0663,0.8846,0.6348,0.4919,9.08166300081379,11.840723283514706,183.025315023214,0
S2A_22WDD_20220302_0_L1C,20220302T152311,75,53,67,84516,8869,8587,7189,0.0004,0.0003,0.0004,0.507,0.0532,0.0515,71921,0.4314,1,0.001,0.0007,0.0009,0.8403,0.5094,0.7033,99.9987374735418,12.182822086698707,175.487158125542,0
S2B_22WDD_20220303_0_L1C,20220303T154301,8294,65704,0,87815,8869,0,4596,0.0498,0.3941,0.0,0.5268,0.0532,0.0,74616,0.4476,1,0.1112,0.8806,0.0,0.7253,0.5719,,96.7182358386336,12.628422288288803,180.579448722866,0
S2A_22WDD_20220305_0_L1C,20220305T153310,7764,61290,23398,49532,8869,0,1297,0.0466,0.3677,0.1404,0.2971,0.0532,0.0,109600,0.6575,1,0.0708,0.5592,0.2135,0.7496,0.5547,0.2534,57.5675594971483,13.388816980339996,178.172871979005,0
S2B_22WDD_20220306_0_L1C,20220306T155258,0,7605,0,147275,8869,0,8679,0.0,0.0456,0.0,0.8835,0.0532,0.0,19239,0.1154,0,0.0,0.3953,0.0,,0.4387,,99.9509125578326,13.760562608665893,183.309542867131,0
S2B_22WDD_20220307_0_L1C,20220307T152305,1124,49025,67,104413,8869,10277,8136,0.0067,0.2941,0.0004,0.6263,0.0532,0.0616,51281,0.3076,1,0.0219,0.956,0.0013,0.7165,0.5692,0.8149,88.4065972819163,14.120294561119707,175.694341939004,0
S2A_22WDD_20220308_0_L1C,20220308T154308,129744,19,17080,0,8869,0,0,0.7783,0.0001,0.1025,0.0,0.0532,0.0,157835,0.9468,1,0.822,0.0001,0.1082,0.9111,0.6539,0.3508,12.2771954970289,14.565548150631898,180.910906884623,0
S2B_22WDD_20220310_0_L1C,20220310T153304,132091,26,21218,5,8869,0,0,0.7924,0.0002,0.1273,0.0,0.0532,0.0,157830,0.9468,1,0.8369,0.0002,0.1344,0.928,0.647,0.3421,22.762996804921,15.341478929290105,178.439786545208,0
S2A_22WDD_20220311_0_L1C,20220311T155305,9,29577,0,129118,8869,0,6992,0.0001,0.1774,0.0,0.7745,0.0532,0.0,35709,0.2142,0,0.0003,0.8283,0.0,0.7162,0.5177,,73.1587620942516,15.708458948318906,183.699460453023,0
S2A_22WDD_20220312_0_L1C,20220312T152311,58,1278,58,131396,8869,7192,8143,0.0003,0.0077,0.0003,0.7882,0.0532,0.0431,27390,0.1643,0,0.0021,0.0467,0.0021,0.948,0.4644,0.8159,88.9970814220997,16.087467072209193,176.002370438135,0
S2B_22WDD_20220313_0_L1C,20220313T154302,2,121905,0,36241,8869,0,313,0.0,0.7313,0.0,0.2174,0.0532,0.0,121907,0.7313,1,0.0,1.0,0.0,0.7073,0.5766,,92.2929320075249,16.527007436975097,181.235688141437,0
S2A_22WDD_20220315_0_L1C,20220315T153310,0,122418,0,35318,8869,0,31,0.0,0.7343,0.0,0.2119,0.0532,0.0,122548,0.7351,1,0.0,0.9989,0.0,,0.5959,,99.2735170995572,17.313880011725004,178.801857178635,0
S2B_22WDD_20220316_1_L1C,20220316T155259,0,156387,0,28,8869,0,0,0.0,0.9381,0.0,0.0002,0.0532,0.0,157807,0.9466,1,0.0,0.991,0.0,,0.5723,,94.9389821564036,17.672647519923302,184.079226764001,0
S2B_22WDD_20220317_0_L1C,20220317T152305,119549,25637,2034,0,8869,10372,0,0.7171,0.1538,0.0122,0.0,0.0532,0.0622,147463,0.8846,1,0.8107,0.1739,0.0138,0.7451,0.6722,0.4274,79.9645942657027,18.0678110614473,176.29632661815,0
S2A_22WDD_20220318_0_L1C,20220318T154307,0,140805,0,15181,8869,0,73,0.0,0.8446,0.0,0.0911,0.0532,0.0,142727,0.8562,1,0.0,0.9865,0.0,,0.5803,,99.5103466809997,18.498789991284895,181.648856348988,0
S2B_22WDD_20220320_0_L1C,20220320T153304,11128,142023,1194,3433,8869,0,0,0.0668,0.8519,0.0072,0.0206,0.0532,0.0,154402,0.9262,1,0.0721,0.9198,0.0077,0.7607,0.6158,0.3122,67.9653617605781,19.2919509955083,179.145672813284,0
S2A_22WDD_20220321_0_L1C,20220321T155304,138048,17889,1896,0,8869,0,0,0.8281,0.1073,0.0114,0.0,0.0532,0.0,157835,0.9468,1,0.8746,0.1133,0.012,0.7316,0.693,0.4114,57.5432372621905,19.6384512823781,184.540061003789,0
S2A_22WDD_20220322_0_L1C,20220322T152310,160,8525,41,150898,8869,6595,8559,0.001,0.0511,0.0002,0.9052,0.0532,0.0396,8901,0.0534,0,0.018,0.9578,0.0046,0.9242,0.6062,0.6979,99.2194666255353,20.050792683982905,176.666337128921,0
S2B_22WDD_20220323_0_L1C,20220323T154301,4639,151748,1448,0,8869,0,0,0.0278,0.9103,0.0087,0.0,0.0532,0.0,157835,0.9468,1,0.0294,0.9614,0.0092,0.7893,0.6506,0.3988,54.2504703036818,20.469386949095195,182.038971094682,0
S2A_22WDD_20220325_0_L1C,20220325T153308,0,2200,0,163361,8869,0,8787,0.0,0.0132,0.0,0.9799,0.0532,0.0,3261,0.0196,0,0.0,0.6746,0.0,,0.4334,,99.9963570127505,21.264436996697697,179.558329205027,0
S2B_22WDD_20220326_0_L1C,20220326T155258,0,153704,0,4345,8869,0,214,0.0,0.922,0.0,0.0261,0.0532,0.0,153704,0.922,1,0.0,1.0,0.0,,0.6346,,99.4881686795461,21.596608228963802,184.972538891298,0
S2B_22WDD_20220327_0_L1C,20220327T152304,146586,72,1059,0,8869,9827,0,0.8793,0.0004,0.0064,0.0,0.0532,0.0589,148008,0.8878,1,0.9904,0.0005,0.0072,0.7813,0.6357,0.4229,9.06987378768158,22.022536093814594,177.004409449045,0
S2A_22WDD_20220328_0_L1C,20220328T154306,156001,7,1449,0,8869,0,0,0.9358,0.0,0.0087,0.0,0.0532,0.0,157835,0.9468,1,0.9884,0.0,0.0092,0.8751,0.6613,0.3797,11.203947564872,22.426282819928005,182.492089874372,0
S2B_22WDD_20220330_0_L1C,20220330T153302,156366,373,833,0,8869,0,0,0.938,0.0022,0.005,0.0,0.0532,0.0,157835,0.9468,1,0.9907,0.0024,0.0053,0.8971,0.6638,0.3813,15.1122159515065,23.218798791302802,179.932979939278,0
S2A_22WDD_20220331_0_L1C,20220331T155303,59651,5389,659,93308,8869,0,1732,0.3578,0.0323,0.004,0.5597,0.0532,0.0,66259,0.3975,1,0.9003,0.0813,0.0099,0.8851,0.5469,0.3259,18.8036952136799,23.5327401308096,185.462441272624,0
S2A_22WDD_20220401_0_L1C,20220401T152309,1310,29000,85,120425,8869,6712,5822,0.0079,0.174,0.0005,0.7224,0.0532,0.0403,36520,0.2191,0,0.0359,0.7941,0.0023,0.7636,0.5054,0.4592,58.8588276516471,23.972134074722504,177.396349114735,0
S2B_22WDD_20220402_0_L1C,20220402T154300,156729,12,932,0,8869,0,0,0.9402,0.0001,0.0056,0.0,0.0532,0.0,157835,0.9468,1,0.993,0.0001,0.0059,0.9071,0.6648,0.4375,0,24.358045903793197,182.901600732373,0
S2A_22WDD_20220404_0_L1C,20220404T153307,156497,19,831,0,8869,0,0,0.9388,0.0001,0.005,0.0,0.0532,0.0,157835,0.9468,1,0.9915,0.0001,0.0053,0.9161,0.6409,0.3045,26.0281286392547,25.1424269928212,180.356933086226,0
S2B_22WDD_20220405_0_L1C,20220405T155257,16730,3607,0,145077,8869,0,7826,0.1004,0.0216,0.0,0.8703,0.0532,0.0,20584,0.1235,0,0.8128,0.1752,0.0,0.8137,0.6254,,45.5034828844392,25.436797698597204,185.905067839003,0
S2B_22WDD_20220406_0_L1C,20220406T152304,0,24411,56,121767,8869,8373,8695,0.0,0.1464,0.0003,0.7304,0.0532,0.0502,36390,0.2183,0,0.0,0.6708,0.0015,,0.4413,0.5811,98.8144974287896,25.885090538573195,177.738938320021,0
S2A_22WDD_20220407_0_L1C,20220407T154303,26,492,0,163747,8869,0,8562,0.0002,0.003,0.0,0.9823,0.0532,0.0,2650,0.0159,0,0.0098,0.1857,0.0,0.7249,0.498,,75.2215157205918,26.2507547426467,183.350959295992,0
S2B_22WDD_20220409_0_L1C,20220409T153303,11089,145990,0,756,8869,0,0,0.0665,0.8757,0.0,0.0045,0.0532,0.0,157079,0.9423,1,0.0706,0.9294,0.0,0.7105,0.666,,64.8425154528353,27.0225485336532,180.728823510027,0
S2A_22WDD_20220410_0_L1C,20220410T155302,27074,114076,0,17930,8869,0,1245,0.1624,0.6843,0.0,0.1076,0.0532,0.0,141150,0.8467,1,0.1918,0.8082,0.0,0.7112,0.6577,,85.0588427996043,27.293683863424597,186.384222775652,0
S2A_22WDD_20220411_0_L1C,20220411T152309,140243,5881,28,0,8869,11445,0,0.8413,0.0353,0.0002,0.0,0.0532,0.0687,146390,0.8781,1,0.958,0.0402,0.0002,0.7686,0.6884,0.7687,86.8053110864613,27.749965122406103,178.116247205498,0
S2B_22WDD_20220412_0_L1C,20220412T154300,149890,2335,0,7132,8869,0,1522,0.8991,0.014,0.0,0.0428,0.0532,0.0,152225,0.9131,1,0.9847,0.0153,0.0,0.7805,0.6943,,57.5080474185553,28.093300977585898,183.748447770226,0
S2A_22WDD_20220414_0_L1C,20220414T153309,56568,17999,1,87856,8869,0,4931,0.3393,0.108,0.0,0.527,0.0532,0.0,74910,0.4494,1,0.7551,0.2403,0.0,0.7413,0.6332,0.2741,49.6636208904416,28.846735139940698,181.131701031605,0
S2B_22WDD_20220415_0_L1C,20220415T155257,140417,2247,73,15552,8869,0,454,0.8423,0.0135,0.0004,0.0933,0.0532,0.0,142737,0.8562,1,0.9837,0.0157,0.0005,0.782,0.6719,0.3342,60.339309829452,29.094610592829397,186.793018876574,0
S2B_22WDD_20220416_0_L1C,20220416T152303,148891,122,165,0,8869,8425,0,0.8931,0.0007,0.001,0.0,0.0532,0.0505,149410,0.8963,1,0.9965,0.0008,0.0011,0.7761,0.6527,0.4607,80.1818113112069,29.5535402996205,178.417035673635,0
S2A_22WDD_20220417_0_L1C,20220417T154307,157765,20,50,0,8869,0,0,0.9464,0.0001,0.0003,0.0,0.0532,0.0,157835,0.9468,1,0.9996,0.0001,0.0003,0.8008,0.6655,0.2472,50.7568156708173,29.872553196904903,184.172417041489,0
S2B_22WDD_20220419_0_L1C,20220419T153301,23719,116021,0,19838,8869,0,1811,0.1423,0.696,0.0,0.119,0.0532,0.0,139808,0.8387,1,0.1697,0.8299,0.0,0.7147,0.6608,,87.9813670160351,30.6042785764583,181.438479220562,0
S2A_22WDD_20220420_0_L1C,20220420T155305,142557,15134,142,0,8869,0,0,0.8552,0.0908,0.0009,0.0,0.0532,0.0,157835,0.9468,1,0.9032,0.0959,0.0009,0.7316,0.6908,0.3799,63.0144625478718,30.825219624130398,187.232802130983,0
S2A_22WDD_20220421_0_L1C,20220421T152312,155,3779,46,152802,8869,9526,8743,0.0009,0.0227,0.0003,0.9166,0.0532,0.0571,4250,0.0255,0,0.0365,0.8892,0.0108,0.9274,0.5179,0.8312,100,31.286123692748603,178.750963738396,0
S2B_22WDD_20220422_0_L1C,20220422T154258,0,199,0,161885,8869,0,8767,0.0,0.0012,0.0,0.9711,0.0532,0.0,4717,0.0283,0,0.0,0.0422,0.0,,0.428,,98.0941801785661,31.580822270488902,184.479951197252,0
S2A_22WDD_20220424_0_L1C,20220424T153311,86,9308,0,157004,8869,0,8563,0.0005,0.0558,0.0,0.9418,0.0532,0.0,9394,0.0564,0,0.0092,0.9908,0.0,0.7121,0.5288,,90.3940696945266,32.2840575245088,181.783258587258,0
S2B_22WDD_20220425_0_L1C,20220425T155254,41,7392,0,155819,8869,0,8788,0.0002,0.0443,0.0,0.9347,0.0532,0.0,10804,0.0648,0,0.0038,0.6842,0.0,0.7208,0.4912,,79.7835935914703,32.4810048502981,187.535873438323,0
S2B_22WDD_20220426_0_L1C,20220426T152300,0,5672,60,148803,8869,9311,8475,0.0,0.034,0.0004,0.8926,0.0532,0.0559,8196,0.0492,0,0.0,0.692,0.0073,,0.4796,0.597,100,32.9358509111645,178.94288285756,0
S2A_22WDD_20220427_0_L1C,20220427T154309,0,2098,0,164535,8869,0,8798,0.0,0.0126,0.0,0.987,0.0532,0.0,2098,0.0126,0,0.0,1.0,0.0,,0.4667,,100,33.20400799431,184.831038489264,0
S2B_22WDD_20220429_0_L1C,20220429T153259,30404,3642,1246,130282,8869,0,8695,0.1824,0.0218,0.0075,0.7815,0.0532,0.0,36248,0.2174,0,0.8388,0.1005,0.0344,0.8013,0.6522,0.2462,93.2891397175192,33.8764980158437,181.971880478997,0
S2A_22WDD_20220430_0_L1C,20220430T155306,150644,1965,4856,431,8869,0,121,0.9037,0.0118,0.0291,0.0026,0.0532,0.0,157525,0.9449,1,0.9563,0.0125,0.0308,0.7771,0.6878,0.4754,48.8568845006449,34.043948083659,187.889327603669,0
S2A_22WDD_20220501_0_L1C,20220501T152312,147926,42,67,0,8869,9588,0,0.8874,0.0003,0.0004,0.0,0.0532,0.0575,148247,0.8893,1,0.9978,0.0003,0.0005,0.8519,0.62,0.4696,15.3968471856932,34.4926626561306,179.190055253635,0
S2B_22WDD_20220502_0_L1C,20220502T154258,155433,947,172,1280,8869,0,0,0.9324,0.0057,0.001,0.0077,0.0532,0.0,156555,0.9391,1,0.9928,0.006,0.0011,0.8396,0.6832,0.2596,45.0130490608857,34.7352897593368,185.021162583061,0
S2A_22WDD_20220504_0_L1C,20220504T153311,0,43680,0,112153,8869,0,6858,0.0,0.262,0.0,0.6728,0.0532,0.0,52540,0.3152,1,0.0,0.8314,0.0,,0.5217,,86.8195825494939,35.3679793023268,182.214260865972,0
S2B_22WDD_20220505_0_L1C,20220505T155256,157636,153,21,1130,8869,0,1107,0.9456,0.0009,0.0001,0.0068,0.0532,0.0,157812,0.9467,1,0.9989,0.001,0.0001,0.7943,0.6715,0.305,22.1161653607345,35.5103326383612,188.076635412261,0
S2B_22WDD_20220506_0_L1C,20220506T152303,145541,60,60,0,8869,11936,0,0.8731,0.0004,0.0004,0.0,0.0532,0.0716,145899,0.8752,1,0.9975,0.0004,0.0004,0.854,0.6533,0.6511,30.8172068564354,35.9436021744261,179.273585236186,0
S2A_22WDD_20220507_0_L1C,20220507T154308,157763,43,24,0,8869,0,0,0.9464,0.0003,0.0001,0.0,0.0532,0.0,157835,0.9468,1,0.9995,0.0003,0.0002,0.8551,0.6263,0.2832,7.78434709904745,36.1583131251495,185.247050219132,0
S2B_22WDD_20220509_0_L1C,20220509T153303,0,6132,0,160254,8869,0,8551,0.0,0.0368,0.0,0.9613,0.0532,0.0,6132,0.0368,0,0.0,1.0,0.0,,0.6161,,95.2799128071904,36.749283808418,182.296151536456,0
S2A_22WDD_20220510_0_L1C,20220510T155304,21214,48242,0,96075,8869,0,7949,0.1273,0.2894,0.0,0.5763,0.0532,0.0,69709,0.4182,1,0.3043,0.692,0.0,0.7202,0.6669,,34.0175887061649,36.8618933386759,188.28315095273,0
S2A_22WDD_20220511_0_L1C,20220511T152311,145597,77,46,0,8869,11849,0,0.8734,0.0005,0.0003,0.0,0.0532,0.0711,145986,0.8757,1,0.9973,0.0005,0.0003,0.8022,0.6489,0.7651,24.9062149963215,37.2784613842862,179.374646684302,0
S2B_22WDD_20220512_0_L1C,20220512T154302,156979,37,809,0,8869,0,0,0.9417,0.0002,0.0049,0.0,0.0532,0.0,157835,0.9468,1,0.9946,0.0002,0.0051,0.8243,0.6607,0.4808,23.4345008808863,37.4666222866446,185.324282044255,0
S2A_22WDD_20220514_0_L1C,20220514T153310,95362,61587,870,0,8869,0,0,0.572,0.3694,0.0052,0.0,0.0532,0.0,157835,0.9468,1,0.6042,0.3902,0.0055,0.7332,0.6783,0.4631,5.69416823434561,38.0080219561852,182.38298851645,0
S2B_22WDD_20220515_0_L1C,20220515T155300,156906,53,865,0,8869,0,0,0.9412,0.0003,0.0052,0.0,0.0532,0.0,157835,0.9468,1,0.9941,0.0003,0.0055,0.8281,0.6318,0.4838,21.1018856567084,38.0942108688798,188.352095008774,0
S2B_22WDD_20220516_0_L1C,20220516T152306,147371,55,68,0,8869,10075,0,0.884,0.0003,0.0004,0.0,0.0532,0.0604,147760,0.8864,1,0.9974,0.0004,0.0005,0.8658,0.6111,0.8217,0,38.4863917544053,179.348009186458,0
S2A_22WDD_20220517_0_L1C,20220517T154309,114309,2188,143,44430,8869,0,3376,0.6857,0.0131,0.0009,0.2665,0.0532,0.0,116781,0.7005,1,0.9788,0.0187,0.0012,0.8576,0.6456,0.3507,9.49604347696259,38.6466678581736,185.396661060321,0
S2B_22WDD_20220519_0_L1C,20220519T153306,133664,6994,46,17060,8869,0,0,0.8018,0.042,0.0003,0.1023,0.0532,0.0,140775,0.8445,1,0.9495,0.0497,0.0003,0.8135,0.6703,0.2858,7.52261936755353,39.1362615080917,182.340263954624,0
S2A_22WDD_20220520_0_L1C,20220520T155307,157220,43,548,0,8869,0,0,0.9431,0.0003,0.0033,0.0,0.0532,0.0,157835,0.9468,1,0.9961,0.0003,0.0035,0.8559,0.6034,0.4473,1.79481197425723,39.1934074754194,188.405518071096,0
S2A_22WDD_20220521_0_L1C,20220521T152314,30585,2467,53,123779,8869,8831,8136,0.1835,0.0148,0.0003,0.7425,0.0532,0.053,33361,0.2001,0,0.9168,0.0739,0.0016,0.8396,0.6123,0.6565,81.3613809912336,39.5590086250063,179.309783699056,0
S2B_22WDD_20220522_0_L1C,20220522T154304,0,4304,0,162280,8869,0,8749,0.0,0.0258,0.0,0.9735,0.0532,0.0,4304,0.0258,0,0.0,1.0,0.0,,0.5322,,99.4515811161874,39.6931488770695,185.330210013508,0
S2A_22WDD_20220524_0_L1C,20220524T153313,0,45,0,164021,8869,0,8798,0.0,0.0003,0.0,0.9839,0.0532,0.0,2612,0.0157,0,0.0,0.0172,0.0,,0.425,,96.9611514228553,40.1241906618846,182.283831737282,0
S2B_22WDD_20220525_0_L1C,20220525T155301,94348,24342,21415,14416,8869,0,0,0.566,0.146,0.1285,0.0865,0.0532,0.0,143419,0.8603,1,0.6578,0.1697,0.1493,0.75,0.6552,0.3385,54.2582725665084,40.1559750926517,188.312486748496,0
S2B_22WDD_20220526_0_L1C,20220526T152307,87649,69,59177,0,8869,10167,0,0.5258,0.0004,0.355,0.0,0.0532,0.061,147668,0.8858,1,0.5936,0.0005,0.4007,0.8895,0.6096,0.492,0,40.4871101987943,179.131889397986,0
S2A_22WDD_20220527_0_L1C,20220527T154311,21636,91022,10,40419,8869,0,5773,0.1298,0.546,0.0001,0.2425,0.0532,0.0,123189,0.739,1,0.1756,0.7389,0.0001,0.7165,0.6525,0.2165,89.3190301292962,40.5940646657905,185.25380085104,0
S2B_22WDD_20220529_0_L1C,20220529T153306,6231,36697,47,120241,8869,0,6917,0.0374,0.2201,0.0003,0.7213,0.0532,0.0,44511,0.267,0,0.14,0.8244,0.0011,0.7324,0.6103,0.2688,70.4068500104512,40.9644013746479,182.08346223367,0
S2A_22WDD_20220530_0_L1C,20220530T155308,8,91,1,157872,8869,0,8756,0.0,0.0005,0.0,0.947,0.0532,0.0,8719,0.0523,0,0.0009,0.0104,0.0001,0.7692,0.4833,0.2063,70.3755987914712,40.9677013098336,188.215080916317,0
S2A_22WDD_20220531_0_L1C,20220531T152315,89371,2009,44671,6383,8869,8780,491,0.5361,0.0121,0.268,0.0383,0.0532,0.0527,143163,0.8588,1,0.6243,0.014,0.312,0.8943,0.6033,0.5058,60.2271778672103,41.2628229535018,178.962238043688,0
S2B_22WDD_20220601_0_L1C,20220601T154303,90772,904,52504,6992,8869,0,3964,0.5445,0.0054,0.315,0.0419,0.0532,0.0,154807,0.9286,1,0.5864,0.0058,0.3392,0.8961,0.5713,0.5153,39.520170802353,41.3444459144962,185.030574277068,0
S2A_22WDD_20220603_0_L1C,20220603T153314,25440,11104,25713,92729,8869,0,7908,0.1526,0.0666,0.1542,0.5562,0.0532,0.0,73014,0.438,1,0.3484,0.1521,0.3522,0.8151,0.6005,0.4508,50.6264743647168,41.6474731919092,181.89916658201,0
S2B_22WDD_20220604_0_L1C,20220604T155301,30219,9,88011,0,8869,0,0,0.1813,0.0001,0.5279,0.0,0.0532,0.0,157835,0.9468,1,0.1915,0.0001,0.5576,0.9103,0.6388,0.5231,0.053694509670905,41.6262603798714,187.974825456481,0
S2B_22WDD_20220605_0_L1C,20220605T152308,41651,18,74515,0,8869,9716,0,0.2499,0.0001,0.447,0.0,0.0532,0.0583,148119,0.8885,1,0.2812,0.0001,0.5031,0.9066,0.5836,0.5168,14.9143568878917,41.8781004232012,178.663723309226,0
S2A_22WDD_20220606_0_L1C,20220606T154312,37115,15,88704,0,8869,0,0,0.2226,0.0001,0.5321,0.0,0.0532,0.0,157835,0.9468,1,0.2352,0.0001,0.562,0.9003,0.5521,0.5503,0.203320493296306,41.9331007976638,184.832391444518,0
S2B_22WDD_20220608_0_L1C,20220608T153308,3424,11,144053,1,8869,0,0,0.0205,0.0001,0.8641,0.0,0.0532,0.0,157834,0.9468,1,0.0217,0.0001,0.9127,0.8696,0.6305,0.385,21.4510734868166,42.1680656089084,181.593436236937,0
S2A_22WDD_20220609_0_L1C,20220609T155310,0,1429,0,163557,8869,0,8798,0.0,0.0086,0.0,0.9811,0.0532,0.0,3076,0.0185,0,0.0,0.4646,0.0,,0.4552,,98.7594966470095,42.1189462560954,187.763169183394,0
S2A_22WDD_20220610_0_L1C,20220610T152316,41,44,41,152860,8869,8563,8772,0.0002,0.0003,0.0002,0.917,0.0532,0.0514,5184,0.0311,0,0.0079,0.0085,0.0079,0.8759,0.5078,0.7967,100,42.3279868654211,178.406912577374,0
S2B_22WDD_20220611_0_L1C,20220611T154306,0,0,0,81932,8869,0,7426,0.0,0.0,0.0,0.4915,0.0532,0.0,83329,0.4999,1,0.0,0.0,0.0,,,,90.8019946848219,42.3576021009146,184.519507999022,0
S2A_22WDD_20220613_0_L1C,20220613T153316,0,0,6,164657,8869,0,8437,0.0,0.0,0.0,0.9877,0.0532,0.0,1615,0.0097,0,0.0,0.0,0.0037,,,0.2089,87.1556331929887,42.5200792163996,181.328819660282,0
S2B_22WDD_20220614_0_L1C,20220614T155304,228,0,95381,67606,8869,0,6016,0.0014,0.0,0.5722,0.4055,0.0532,0.0,96245,0.5773,1,0.0024,0.0,0.991,0.9505,,0.5115,38.8320686242164,42.4465664964296,187.437245314586,0
S2B_22WDD_20220615_0_L1C,20220615T152311,199,0,88974,63500,8869,8830,4018,0.0012,0.0,0.5337,0.3809,0.0532,0.053,89523,0.537,1,0.0022,0.0,0.9939,0.934,,0.5068,7.28389392092734,42.6075728003412,178.050656506501,0
S2A_22WDD_20220616_0_L1C,20220616T154315,118,0,157641,0,8869,0,0,0.0007,0.0,0.9456,0.0,0.0532,0.0,157835,0.9468,1,0.0007,0.0,0.9988,0.9734,,0.573,1.4233031741766,42.6111764226496,184.246589017439,0
S2B_22WDD_20220618_0_L1C,20220618T153310,0,0,3529,158109,8869,0,8798,0.0,0.0,0.0212,0.9484,0.0532,0.0,8524,0.0511,0,0.0,0.0,0.414,,,0.325,78.9893397832124,42.7018468749015,180.96628200396,0
S2A_22WDD_20220619_0_L1C,20220619T155312,274,0,157459,0,8869,0,0,0.0016,0.0,0.9445,0.0,0.0532,0.0,157835,0.9468,1,0.0017,0.0,0.9976,0.959,,0.5994,0,42.6013428635251,187.155130632874,0
S2A_22WDD_20220620_0_L1C,20220620T152319,195,0,150716,0,8869,6525,0,0.0012,0.0,0.9041,0.0,0.0532,0.0391,151310,0.9077,1,0.0013,0.0,0.9961,0.9607,,0.5828,0,42.7162201388573,177.754536953114,0
S2B_22WDD_20220621_0_L1C,20220621T154308,0,1482,0,163975,8869,0,8770,0.0,0.0089,0.0,0.9836,0.0532,0.0,2630,0.0158,0,0.0,0.5635,0.0,,0.5537,,99.2298963838873,42.6947867815759,183.877510687006,0
S2A_22WDD_20220623_0_L1C,20220623T153318,0,2464,0,164134,8869,0,8797,0.0,0.0148,0.0,0.9846,0.0532,0.0,2498,0.015,0,0.0,0.9864,0.0,,0.4868,,99.4074770820269,42.7110376109142,180.669309476024,0
S2B_22WDD_20220624_0_L1C,20220624T155306,136,0,133090,24974,8869,0,466,0.0008,0.0,0.7984,0.1498,0.0532,0.0,133327,0.7998,1,0.001,0.0,0.9982,0.9257,,0.526,67.8441866618866,42.586543661566,186.780315191423,0
S2B_22WDD_20220625_0_L1C,20220625T152312,39,78,3355,133285,8869,8892,8798,0.0002,0.0005,0.0201,0.7995,0.0532,0.0533,24456,0.1467,0,0.0016,0.0032,0.1372,0.7737,0.5644,0.2182,88.9235517219815,42.6514957420673,177.382396217178,0
S2A_22WDD_20220626_0_L1C,20220626T154316,564,0,157178,0,8869,0,0,0.0034,0.0,0.9429,0.0,0.0532,0.0,157835,0.9468,1,0.0036,0.0,0.9958,0.9683,,0.5627,1.16008241512138,42.6044666285265,183.58085916862,0
S2B_22WDD_20220628_0_L1C,20220628T153311,1760,0,155968,0,8869,0,0,0.0106,0.0,0.9356,0.0,0.0532,0.0,157835,0.9468,1,0.0112,0.0,0.9882,0.9701,,0.5943,0.88894860999134,42.5480826859678,180.30115882454,0
S2A_22WDD_20220629_0_L1C,20220629T155314,0,9,0,165018,8869,0,8797,0.0,0.0001,0.0,0.9899,0.0532,0.0,1614,0.0097,0,0.0,0.0056,0.0,,0.4373,,99.6817154222808,42.396953172177,186.485448386109,0
S2A_22WDD_20220630_0_L1C,20220630T152320,18,13,54,158048,8869,6427,8798,0.0001,0.0001,0.0003,0.9481,0.0532,0.0386,2158,0.0129,0,0.0083,0.006,0.025,0.8496,0.4444,0.6449,79.4701431604159,42.4160983949408,177.107913814491,0
S2B_22WDD_20220701_0_L1C,20220701T154309,912,0,156556,304,8869,0,0,0.0055,0.0,0.9391,0.0018,0.0532,0.0,157531,0.945,1,0.0058,0.0,0.9938,0.9635,,0.6236,0.236226820747111,42.3437697448735,183.218337517277,0
S2A_22WDD_20220703_0_L1C,20220703T153319,390,0,157366,0,8869,0,0,0.0023,0.0,0.944,0.0,0.0532,0.0,157835,0.9468,1,0.0025,0.0,0.997,0.9694,,0.6272,0.198512944548956,42.214517270947,180.038493961678,0
S2B_22WDD_20220704_0_L1C,20220704T155306,313,0,157122,339,8869,0,0,0.0019,0.0,0.9425,0.002,0.0532,0.0,157496,0.9448,1,0.002,0.0,0.9976,0.969,,0.6454,0,42.0392051258513,186.130240496464,0
S2B_22WDD_20220705_0_L1C,20220705T152312,176,0,148757,0,8869,8527,0,0.0011,0.0,0.8923,0.0,0.0532,0.0512,149308,0.8956,1,0.0012,0.0,0.9963,0.9719,,0.6271,1.23576305739045,42.0109036355412,176.789421085951,0
S2A_22WDD_20220706_0_L1C,20220706T154317,69,1,80036,77221,8869,0,1049,0.0004,0.0,0.4801,0.4632,0.0532,0.0,81663,0.4899,1,0.0008,0.0,0.9801,0.9259,0.6886,0.5008,17.105139000866,41.9128830356906,182.968605362799,0
S2B_22WDD_20220708_0_L1C,20220708T153311,0,0,2,27967,8869,0,3118,0.0,0.0,0.0,0.1678,0.0532,0.0,132986,0.7977,1,0.0,0.0,0.0,,,0.2263,55.3678521305503,41.7141867288312,179.735978776446,0
S2A_22WDD_20220709_0_L1C,20220709T155314,119,0,155420,1511,8869,0,0,0.0007,0.0,0.9323,0.0091,0.0532,0.0,156324,0.9377,1,0.0008,0.0,0.9942,0.9615,,0.6225,0,41.5120885850491,185.89417680367,0
S2A_22WDD_20220710_0_L1C,20220710T152320,34,36,4079,99050,8869,6993,1202,0.0002,0.0002,0.0245,0.5942,0.0532,0.0419,52994,0.3179,1,0.0006,0.0007,0.077,0.9825,0.5144,0.3567,4.22705425980331,41.4428204069603,176.605798599804,0
S2B_22WDD_20220711_0_L1C,20220711T154308,52,7,130289,24021,8869,0,1808,0.0003,0.0,0.7816,0.1441,0.0532,0.0,135622,0.8135,1,0.0004,0.0001,0.9607,0.943,0.5854,0.5415,12.8244796798949,41.3187694647713,182.682352521333,0
S2A_22WDD_20220713_0_L1C,20220713T153318,0,0,886,160731,8869,0,8798,0.0,0.0,0.0053,0.9642,0.0532,0.0,5902,0.0354,0,0.0,0.0,0.1501,,,0.2468,66.6351637851235,41.0526703798032,179.572747035971,0
S2B_22WDD_20220714_0_L1C,20220714T155305,54,5,123991,25310,8869,0,571,0.0003,0.0,0.7438,0.1518,0.0532,0.0,133096,0.7984,1,0.0004,0.0,0.9316,0.9464,0.4991,0.5267,10.1971989335705,40.825827008478,185.624556368724,0
S2B_22WDD_20220715_0_L1C,20220715T152312,61,0,147249,58,8869,10029,0,0.0004,0.0,0.8833,0.0003,0.0532,0.0602,147748,0.8863,1,0.0004,0.0,0.9966,0.9688,,0.5997,2.65440352019605,40.7157542418975,176.402896798384,0
S2B_22WDD_20230220_0_L1C,20230220T152306,0,9547,82,128346,8869,13234,8342,0.0,0.0573,0.0005,0.7699,0.0532,0.0794,24597,0.1475,0,0.0,0.3881,0.0033,,0.4866,0.7453,99.8890697836221,8.362052655772004,175.172709682223,0
S2A_22WDD_20230221_0_L1C,20230221T154302,35475,69932,7216,38764,8869,0,132,0.2128,0.4195,0.0433,0.2325,0.0532,0.0,119203,0.7151,1,0.2976,0.5867,0.0605,0.7487,0.6531,0.2487,83.8935816395299,8.795768955439897,180.144746119333,0
S2B_22WDD_20230223_0_L1C,20230223T153306,7422,97494,48428,0,8869,0,0,0.0445,0.5848,0.2905,0.0,0.0532,0.0,157835,0.9468,1,0.047,0.6177,0.3068,0.804,0.6065,0.3707,16.9752157424826,9.508667429672101,177.728546462737,0
S2A_22WDD_20230224_0_L1C,20230224T155258,0,0,0,164937,8869,0,8793,0.0,0.0,0.0,0.9894,0.0532,0.0,1691,0.0101,0,0.0,0.0,0.0,,,,100,9.875906964329701,182.740500775722,0
S2A_22WDD_20230225_0_L1C,20230225T152305,8507,10366,23729,84970,8869,6585,7989,0.051,0.0622,0.1423,0.5097,0.0532,0.0395,74269,0.4455,1,0.1145,0.1396,0.3195,0.8306,0.5323,0.3087,25.684367158208,10.196984398652404,175.277944331511,0
S2B_21WXU_20230226_1_L1C,20230226T154306,34287,15387,44173,56991,8672,0,0,0.1835,0.0824,0.2364,0.305,0.0464,0.0,121172,0.6486,1,0.283,0.127,0.3645,0.8259,0.5369,0.2956,73.1851133754841,10.683478846435506,179.762207470243,0
S2A_22WDD_20230228_0_L1C,20230228T153303,22945,11792,3191,107770,8869,0,3091,0.1376,0.0707,0.0191,0.6465,0.0532,0.0,53156,0.3189,1,0.4317,0.2218,0.06,0.8112,0.5922,0.2563,57.9852190271432,11.377465835276695,177.89642391994,0
S2B_22WDD_20230301_0_L1C,20230301T155301,0,15735,0,121685,8869,0,4984,0.0,0.0944,0.0,0.7299,0.0532,0.0,41134,0.2467,0,0.0,0.3825,0.0,,0.4832,,98.2946987694822,11.749119966280006,183.00225168893,0
S2B_22WDD_20230302_0_L1C,20230302T152308,6170,46851,3423,56497,8869,11664,329,0.037,0.281,0.0205,0.3389,0.0532,0.07,90003,0.5399,1,0.0686,0.5205,0.038,0.7526,0.558,0.2864,28.8802797711466,12.089724535696604,175.468569323646,0
S2A_22WDD_20230303_0_L1C,20230303T154301,66645,20319,60929,0,8869,0,0,0.3998,0.1219,0.3655,0.0,0.0532,0.0,157835,0.9468,1,0.4222,0.1287,0.386,0.7493,0.6796,0.3695,0.0881782077697154,12.535256119076394,180.567830133433,0
S2B_22WDD_20230305_0_L1C,20230305T153308,80046,24,76036,0,8869,0,0,0.4802,0.0001,0.4561,0.0,0.0532,0.0,157835,0.9468,1,0.5071,0.0002,0.4817,0.8821,0.6331,0.431,0.557138164770522,13.294211025685996,178.158897487043,0
S2A_22WDD_20230307_0_L1C,20230307T152303,72865,15,76181,0,8869,6965,0,0.4371,0.0001,0.457,0.0,0.0532,0.0418,150870,0.905,1,0.483,0.0001,0.5049,0.9059,0.6054,0.428,0,14.024244835269897,175.679036955936,0
S2B_22WDD_20230308_0_L1C,20230308T154307,81,145,0,164954,8869,0,8798,0.0005,0.0009,0.0,0.9895,0.0532,0.0,1679,0.0101,0,0.0482,0.0864,0.0,0.7698,0.5301,,93.6739526411658,14.469417447591297,180.899643213955,0
S2A_22WDD_20230310_0_L1C,20230310T153301,43685,20,113569,93,8869,0,0,0.2621,0.0001,0.6813,0.0006,0.0532,0.0,157742,0.9462,1,0.2769,0.0001,0.72,0.8917,0.6041,0.4894,0.447669383976828,15.2441814188861,178.418763239102,0
S2B_22WDD_20230311_0_L1C,20230311T155305,42458,24,114806,93,8869,0,0,0.2547,0.0001,0.6887,0.0006,0.0532,0.0,157742,0.9462,1,0.2692,0.0002,0.7278,0.8944,0.6372,0.5131,1.57591506597502,15.611228805963705,183.688262782068,0
S2B_22WDD_20230312_0_L1C,20230312T152311,42772,26,106183,0,8869,8290,0,0.2566,0.0002,0.637,0.0,0.0532,0.0497,149545,0.8971,1,0.286,0.0002,0.71,0.9094,0.6182,0.4615,0.32813880391603,15.989598609054397,175.995741899432,0
S2A_22WDD_20230313_0_L1C,20230313T154300,42911,15,114162,0,8869,0,0,0.2574,0.0001,0.6848,0.0,0.0532,0.0,157835,0.9468,1,0.2719,0.0001,0.7233,0.9019,0.6015,0.4268,1.77727014840694,16.429268383073605,181.217591211981,0
S2B_22WDD_20230315_0_L1C,20230315T153310,11,32398,0,115606,8869,0,6334,0.0001,0.1943,0.0,0.6935,0.0532,0.0,48563,0.2913,0,0.0002,0.6671,0.0,0.7086,0.5345,,96.1230851921526,17.215945938535995,178.79213978032,0
S2A_22WDD_20230316_0_L1C,20230316T155258,0,2355,0,160898,8869,0,8752,0.0,0.0141,0.0,0.9652,0.0532,0.0,5689,0.0341,0,0.0,0.414,0.0,,0.4222,,93.1196920792824,17.575283180343007,184.061957059513,0
S2A_22WDD_20230317_0_L1C,20230317T152305,2965,51668,51223,20375,8869,8721,0,0.0178,0.3099,0.3073,0.1222,0.0532,0.0523,128739,0.7723,1,0.023,0.4013,0.3979,0.7595,0.6231,0.2871,39.3090506105027,17.970029688546106,176.283980623004,0
S2B_22WDD_20230318_0_L1C,20230318T154307,38508,17008,62036,4813,8869,0,0,0.231,0.102,0.3721,0.0289,0.0532,0.0,153022,0.9179,1,0.2517,0.1111,0.4054,0.7436,0.6594,0.2751,31.4570157365105,18.401720981201606,181.633987569451,0
S2A_22WDD_20230320_0_L1C,20230320T153304,18569,33191,28,107895,8869,0,6615,0.1114,0.1991,0.0002,0.6472,0.0532,0.0,56555,0.3393,1,0.3283,0.5869,0.0005,0.7338,0.5914,0.2264,56.7878706440921,19.195431130086803,179.132186936555,0
S2B_22WDD_20230321_0_L1C,20230321T155303,2959,3224,16598,126416,8869,0,6363,0.0178,0.0193,0.0996,0.7583,0.0532,0.0,37782,0.2266,0,0.0783,0.0853,0.4393,0.8347,0.5252,0.2773,15.9822913840092,19.5428973780311,184.518984210645,0
S2B_22WDD_20230322_0_L1C,20230322T152310,1400,99045,118,37481,8869,9487,1023,0.0084,0.5941,0.0007,0.2248,0.0532,0.0569,111890,0.6712,1,0.0125,0.8852,0.0011,0.7143,0.5716,0.5806,64.7855948998942,19.954801741889398,176.648360204339,0
S2A_22WDD_20230323_0_L1C,20230323T154302,3075,83242,777,60040,8869,0,1258,0.0184,0.4993,0.0047,0.3602,0.0532,0.0,99053,0.5942,1,0.031,0.8404,0.0078,0.7242,0.5747,0.2484,59.8350204544776,20.374312694134005,182.023723899292,0
S2B_22WDD_20230325_0_L1C,20230325T153308,146496,101,1671,0,8869,0,0,0.8788,0.0006,0.01,0.0,0.0532,0.0,157835,0.9468,1,0.9282,0.0006,0.0106,0.8136,0.6823,0.3534,18.7323897399146,21.169851599575296,179.539514936859,0
S2A_22WDD_20230326_0_L1C,20230326T155259,149062,178,1367,0,8869,0,0,0.8942,0.0011,0.0082,0.0,0.0532,0.0,157835,0.9468,1,0.9444,0.0011,0.0087,0.8172,0.6842,0.3212,15.2660631731928,21.502810944755794,184.954857406214,0
S2B_22WDD_20230328_0_L1C,20230328T154307,148049,15,1535,0,8869,0,0,0.8881,0.0001,0.0092,0.0,0.0532,0.0,157835,0.9468,1,0.938,0.0001,0.0097,0.8619,0.6176,0.3478,20.657051569172,22.332736521503804,182.474982236117,0
S2A_22WDD_20230330_0_L1C,20230330T153304,154872,553,1033,0,8869,0,0,0.929,0.0033,0.0062,0.0,0.0532,0.0,157835,0.9468,1,0.9812,0.0035,0.0065,0.8685,0.6444,0.3733,31.1142166084386,23.125354151859,179.9212668349,0
S2B_22WDD_20230331_0_L1C,20230331T155304,156753,25,970,0,8869,0,0,0.9403,0.0001,0.0058,0.0,0.0532,0.0,157835,0.9468,1,0.9931,0.0002,0.0061,0.8717,0.6419,0.3883,49.291751650991,23.439814606865895,185.447344509532,0
S2B_22WDD_20230401_0_L1C,20230401T152311,148914,18,763,0,8869,7858,0,0.8933,0.0001,0.0046,0.0,0.0532,0.0471,149977,0.8997,1,0.9929,0.0001,0.0051,0.8895,0.6082,0.4257,67.5588942865647,23.878772669611493,177.387329777189,0
S2A_22WDD_20230402_0_L1C,20230402T154303,157057,14,753,0,8869,0,0,0.9421,0.0001,0.0045,0.0,0.0532,0.0,157835,0.9468,1,0.9951,0.0001,0.0048,0.8825,0.6176,0.4144,48.5643046970647,24.265010477750707,182.89469004688,0
S2A_22WDD_20230405_0_L1C,20230405T155300,141562,2843,587,13718,8869,0,1171,0.8492,0.0171,0.0035,0.0823,0.0532,0.0,145288,0.8715,1,0.9744,0.0196,0.004,0.8578,0.6477,0.3467,55.7385423003149,25.344055697926393,185.900902912007,0
S2B_22WDD_20230407_0_L1C,20230407T154306,157373,12,445,0,8869,0,0,0.944,0.0001,0.0027,0.0,0.0532,0.0,157835,0.9468,1,0.9971,0.0001,0.0028,0.8658,0.6092,0.3362,46.0934038042342,26.1583834266114,183.345561033053,0
S2A_22WDD_20230409_0_L1C,20230409T153306,51940,25930,3526,77555,8869,0,1611,0.3116,0.1555,0.0212,0.4652,0.0532,0.0,81891,0.4912,1,0.6343,0.3166,0.0431,0.7611,0.6364,0.2391,91.4977455283825,26.9307333355843,180.732414533496,0
S2B_22WDD_20230410_0_L1C,20230410T155302,18609,80726,4,58968,8869,0,472,0.1116,0.4842,0.0,0.3537,0.0532,0.0,99339,0.5959,1,0.1873,0.8126,0.0,0.72,0.6003,0.2061,82.3707837823616,27.2027677535065,186.369176003255,0
S2B_22WDD_20230411_0_L1C,20230411T152308,86385,19,58761,0,8869,7707,0,0.5182,0.0001,0.3525,0.0,0.0532,0.0462,150128,0.9006,1,0.5754,0.0001,0.3914,0.9214,0.6164,0.3102,0.677949467302051,27.659012787520098,178.103235746769,0
S2A_22WDD_20230412_0_L1C,20230412T154304,61170,234,56520,32145,8869,0,2821,0.3669,0.0014,0.339,0.1928,0.0532,0.0,128511,0.7709,1,0.476,0.0018,0.4398,0.8876,0.6598,0.2928,9.38950103018902,28.003072582064497,183.752132648141,0
S2B_22WDD_20230414_0_L1C,20230414T153307,111691,3408,16922,6242,8869,0,0,0.67,0.0204,0.1015,0.0374,0.0532,0.0,151593,0.9094,1,0.7368,0.0225,0.1116,0.8414,0.669,0.2464,39.9678700468811,28.7582830938424,181.109822499832,0
S2B_22WDD_20230417_0_L1C,20230417T154305,78981,12027,18640,35164,8869,0,1097,0.4738,0.0721,0.1118,0.2109,0.0532,0.0,123768,0.7424,1,0.6381,0.0972,0.1506,0.8991,0.5705,0.2518,31.702021559318,29.787416229030903,184.148074648012,0
S2A_22WDD_20230419_0_L1C,20230419T153304,0,1,0,158286,8869,0,8771,0.0,0.0,0.0,0.9495,0.0532,0.0,8320,0.0499,0,0.0,0.0001,0.0,,0.4063,,99.9306638000538,30.520772154604003,181.441084769106,0
S2B_22WDD_20230420_0_L1C,20230420T155301,145385,11879,473,0,8869,0,0,0.8721,0.0713,0.0028,0.0,0.0532,0.0,157835,0.9468,1,0.9211,0.0753,0.003,0.7259,0.6936,0.3041,13.4054831896434,30.7437412384582,187.204880417781,0
S2B_22WDD_20230421_0_L1C,20230421T152309,13168,6061,49,140124,8869,6585,8382,0.079,0.0364,0.0003,0.8406,0.0532,0.0395,19508,0.117,0,0.675,0.3107,0.0025,0.7498,0.6565,0.8211,48.5205293002383,31.204567475024,178.727127390369,0
S2A_22WDD_20230422_1_L1C,20230422T154303,4505,32260,0,128269,8869,0,7297,0.027,0.1935,0.0,0.7694,0.0532,0.0,36863,0.2211,0,0.1222,0.8751,0.0,0.714,0.6432,,95.7668460633284,31.500332383467203,184.485783209352,0
S2B_22WDD_20230424_0_L1C,20230424T153308,42,1224,0,163601,8869,0,8786,0.0003,0.0073,0.0,0.9814,0.0532,0.0,3020,0.0181,0,0.0139,0.4053,0.0,0.718,0.5047,,98.8736600077637,32.2058845338358,181.755831386193,0
S2A_22WDD_20230425_0_L1C,20230425T155300,0,942,0,164192,8869,0,8670,0.0,0.0057,0.0,0.9849,0.0532,0.0,2313,0.0139,0,0.0,0.4073,0.0,,0.4822,,97.2306647295479,32.4029926927275,187.549220243842,0
S2A_22WDD_20230426_0_L1C,20230426T152307,129,136,43,32206,8869,7781,31,0.0008,0.0008,0.0003,0.1932,0.0532,0.0467,117879,0.7071,1,0.0011,0.0012,0.0004,0.9722,0.4865,0.747,99.9871869916206,32.8593969364232,178.964018120719,0
S2B_22WDD_20230427_0_L1C,20230427T154305,56226,21156,3822,66543,8869,0,872,0.3373,0.1269,0.0229,0.3992,0.0532,0.0,92164,0.5529,1,0.6101,0.2295,0.0415,0.7752,0.6058,0.2712,13.6226223536086,33.1289916929727,184.800323521496,0
S2A_22WDD_20230429_0_L1C,20230429T153310,68466,22,9098,149,8869,76766,2114,0.4107,0.0001,0.0546,0.0009,0.0532,0.4605,83034,0.4981,1,0.8246,0.0003,0.1096,0.8707,0.6275,0.3202,1.16485091743119,33.8020845850425,181.996804273147,1
S2B_22WDD_20230430_0_L1C,20230430T155303,37341,29,116687,0,8869,0,0,0.224,0.0002,0.7,0.0,0.0532,0.0,157835,0.9468,1,0.2366,0.0002,0.7393,0.8942,0.5883,0.458,17.3554747715092,33.9715123275289,187.862551441923,0
S2B_22WDD_20230501_0_L1C,20230501T152309,4782,31,142327,0,8869,10007,0,0.0287,0.0002,0.8538,0.0,0.0532,0.06,147828,0.8868,1,0.0323,0.0002,0.9628,0.9128,0.5875,0.522,6.63298987772467,34.4199524257862,179.170057036005,0
S2A_22WDD_20230502_0_L1C,20230502T154304,3366,23,154184,0,8869,0,0,0.0202,0.0001,0.9249,0.0,0.0532,0.0,157835,0.9468,1,0.0213,0.0001,0.9769,0.9132,0.6035,0.5378,0.619696019588522,34.6629324995057,185.042142730444,0
S2B_22WDD_20230504_0_L1C,20230504T153308,0,95,0,165052,8869,0,8798,0.0,0.0006,0.0,0.9901,0.0532,0.0,1581,0.0095,0,0.0,0.0601,0.0,,0.4239,,98.131595449252,35.2979000345345,182.199421854612,0
S2A_22WDD_20230505_0_L1C,20230505T155301,0,11745,0,152633,8869,0,8673,0.0,0.0705,0.0,0.9156,0.0532,0.0,13875,0.0832,0,0.0,0.8465,0.0,,0.4836,,79.5397290610655,35.4402050249111,188.094304212259,0
S2B_22WDD_20230507_0_L1C,20230507T154306,0,36,0,164150,8869,0,8725,0.0,0.0002,0.0,0.9847,0.0532,0.0,2410,0.0145,0,0.0,0.0149,0.0,,0.4581,,85.8417987996058,36.0910285365656,185.236826029978,0
S2A_22WDD_20230509_0_L1C,20230509T153305,0,0,0,161113,8869,0,8794,0.0,0.0,0.0,0.9665,0.0532,0.0,5516,0.0331,0,0.0,0.0,0.0,,,,88.7889754844875,36.6837650587424,182.310653649802,0
S2B_22WDD_20230510_0_L1C,20230510T155303,13893,6459,100629,31472,8869,0,1214,0.0833,0.0387,0.6036,0.1888,0.0532,0.0,127577,0.7653,1,0.1089,0.0506,0.7888,0.81,0.575,0.3296,50.4676272088682,36.79793384372,188.276580858068,0
S2B_22WDD_20230511_0_L1C,20230511T152309,1592,5968,68,148674,8869,9426,8630,0.0095,0.0358,0.0004,0.8918,0.0532,0.0565,8365,0.0502,0,0.1903,0.7134,0.0081,0.7326,0.614,0.5866,90.507677973136,37.2155770844681,179.374045400649,0
S2B_22WDD_20230514_0_L1C,20230514T153309,0,0,0,160827,8869,0,8770,0.0,0.0,0.0,0.9647,0.0532,0.0,5778,0.0347,0,0.0,0.0,0.0,,,,86.8339156140822,37.9494120081285,182.384759034455,0
S2A_22WDD_20230515_0_L1C,20230515T155301,6636,4886,36390,0,8869,0,0,0.0398,0.0293,0.2183,0.0,0.0532,0.0,157835,0.9468,1,0.042,0.031,0.2306,0.7459,0.6378,0.2249,71.6144237999437,38.0366684380601,188.363213092578,0
S2A_22WDD_20230516_0_L1C,20230516T152308,5357,33,109314,32345,8869,8509,0,0.0321,0.0002,0.6557,0.194,0.0532,0.051,116981,0.7017,1,0.0458,0.0003,0.9345,0.8393,0.5698,0.414,17.8181452111485,38.4309418202965,179.363638353021,0
S2B_22WDD_20230517_0_L1C,20230517T154308,1798,27,155344,0,8869,0,0,0.0108,0.0002,0.9319,0.0,0.0532,0.0,157835,0.9468,1,0.0114,0.0002,0.9842,0.8813,0.5784,0.5293,8.88429036400012,38.5927481490123,185.395755206384,0
S2A_21WXU_20230519_0_L1C,20230519T153310,1711,324,16594,160790,8672,0,8203,0.0092,0.0017,0.0888,0.8606,0.0464,0.0,25576,0.1369,0,0.0669,0.0127,0.6488,0.8494,0.5194,0.2827,40.7793006658903,39.1359070166722,181.66214794106,0
S2B_22WDD_20230520_0_L1C,20230520T155306,0,18130,0,148201,8869,0,8533,0.0,0.1088,0.0,0.889,0.0532,0.0,18167,0.109,0,0.0,0.998,0.0,,0.4756,,96.4239014718409,39.1443347104842,188.399747501533,0
S2B_22WDD_20230521_0_L1C,20230521T152312,0,48,22505,102565,8869,8503,8798,0.0,0.0003,0.135,0.6153,0.0532,0.051,55565,0.3333,1,0.0,0.0009,0.405,,0.6259,0.221,96.6178164352007,39.5112507247168,179.306529797737,0
S2A_22WDD_20230522_0_L1C,20230522T154307,872,12,156155,0,8869,0,0,0.0052,0.0001,0.9367,0.0,0.0532,0.0,157835,0.9468,1,0.0055,0.0001,0.9894,0.7951,0.6009,0.5464,1.50434471020335,39.6464700932632,185.347657410078,0
S2B_22WDD_20230524_0_L1C,20230524T153311,92,9233,41,154322,8869,0,8232,0.0006,0.0554,0.0002,0.9257,0.0532,0.0,11745,0.0705,0,0.0078,0.7861,0.0035,0.7177,0.5893,0.2256,53.5708441577831,40.0809725066733,182.276671888515,0
S2A_22WDD_20230525_0_L1C,20230525T155304,24225,21,131902,0,8869,0,0,0.1453,0.0001,0.7912,0.0,0.0532,0.0,157835,0.9468,1,0.1535,0.0001,0.8357,0.8849,0.6276,0.4862,0.395410240171833,40.1133202319814,188.332411829523,0
S2A_22WDD_20230526_0_L1C,20230526T152311,89,5746,51,152843,8869,6936,8770,0.0005,0.0345,0.0003,0.9169,0.0532,0.0416,6826,0.0409,0,0.013,0.8418,0.0075,0.9102,0.4276,0.9037,100,40.4467797035411,179.155808138881,0
S2B_21WXU_20230527_0_L1C,20230527T154310,0,2129,0,184200,8672,0,8642,0.0,0.0114,0.0,0.9859,0.0464,0.0,2605,0.0139,0,0.0,0.8173,0.0,,0.4658,,97.5445668727045,40.6152811970128,184.544543425516,0
S2B_22WDD_20230530_0_L1C,20230530T155305,0,0,0,162486,8869,0,8798,0.0,0.0,0.0,0.9747,0.0532,0.0,4147,0.0249,0,0.0,0.0,0.0,,,,96.8149566658651,40.9332137237673,188.20413865547,0
S2B_21WXU_20230531_0_L1C,20230531T152313,16,59,1141,165968,8672,12482,8049,0.0001,0.0003,0.0061,0.8883,0.0464,0.0668,7762,0.0415,0,0.0021,0.0076,0.147,0.7313,0.5458,0.2424,95.6424379655714,41.2686049284891,178.24474041766,0
S2A_22WDD_20230601_0_L1C,20230601T154308,0,10,0,165025,8869,0,8798,0.0,0.0001,0.0,0.9899,0.0532,0.0,1608,0.0096,0,0.0,0.0062,0.0,,0.4512,,90.1256531995581,41.3115371091073,185.064149041256,0
S2B_22WDD_20230603_0_L1C,20230603T153310,0,0,0,161280,8869,0,8775,0.0,0.0,0.0,0.9675,0.0532,0.0,5330,0.032,0,0.0,0.0,0.0,,,,99.56857475589,41.6182201556724,181.894849823903,0
S2A_22WDD_20230604_0_L1C,20230604T155304,0,18,0,160370,8869,0,8778,0.0,0.0001,0.0,0.962,0.0532,0.0,6243,0.0374,0,0.0,0.0029,0.0,,0.4464,,81.3868986023604,41.5972203161832,188.007534917427,0
S2A_22WDD_20230605_0_L1C,20230605T152311,76,32,59,156500,8869,7473,8798,0.0005,0.0002,0.0004,0.9388,0.0532,0.0448,2660,0.016,0,0.0286,0.012,0.0222,0.9752,0.5365,0.7906,99.9997812797323,41.8520033385034,178.697497395737,0
S2B_22WDD_20230606_0_L1C,20230606T154308,0,122,0,161145,8869,0,8798,0.0,0.0007,0.0,0.9667,0.0532,0.0,5488,0.0329,0,0.0,0.0222,0.0,,0.4379,,94.6252500821165,41.9083455100831,184.833443224597,0
S2A_22WDD_20230608_0_L1C,20230608T153309,0,15,1151,147249,8869,0,8792,0.0,0.0001,0.0069,0.8833,0.0532,0.0,19378,0.1162,0,0.0,0.0008,0.0594,,0.5109,0.3048,52.8214040431186,42.1464050550406,181.623372686878,0
S2B_22WDD_20230609_0_L1C,20230609T155306,120,255,71613,77364,8869,0,3468,0.0007,0.0015,0.4296,0.4641,0.0532,0.0,83939,0.5035,1,0.0014,0.003,0.8532,0.7711,0.6014,0.2355,66.3989382318896,42.0992755040243,187.761524002377,0
S2B_22WDD_20230610_0_L1C,20230610T152312,0,13,44,156105,8869,8757,8798,0.0,0.0001,0.0003,0.9364,0.0532,0.0525,1771,0.0106,0,0.0,0.0073,0.0248,,0.4444,0.6053,99.3146114155697,42.3099762237117,178.405448643176,0
S2A_22WDD_20230611_0_L1C,20230611T154308,21,15,35634,95139,8869,0,5797,0.0001,0.0001,0.2138,0.5707,0.0532,0.0,68493,0.4109,1,0.0003,0.0002,0.5203,0.7874,0.5455,0.2567,72.7800173191197,42.3408198510575,184.546765475316,0
S2B_22WDD_20230613_0_L1C,20230613T153311,99,18,11360,152818,8869,0,8798,0.0006,0.0001,0.0681,0.9167,0.0532,0.0,13815,0.0829,0,0.0072,0.0013,0.8223,0.8936,0.6105,0.3609,82.7349278867688,42.5074605261948,181.320961613393,0
S2A_22WDD_20230614_0_L1C,20230614T155305,1559,0,152010,3940,8869,0,0,0.0094,0.0,0.9119,0.0236,0.0532,0.0,153895,0.9232,1,0.0101,0.0,0.9878,0.9475,,0.4688,34.32372321092,42.4349096419999,187.459638937233,0
S2A_22WDD_20230615_0_L1C,20230615T152311,597,96,117096,22907,8869,7861,589,0.0036,0.0006,0.7024,0.1374,0.0532,0.0472,127656,0.7658,1,0.0047,0.0008,0.9173,0.8879,0.6028,0.449,13.0951508676077,42.5985990392854,178.072011656768,0
S2B_22WDD_20230616_0_L1C,20230616T154309,0,1070,0,164783,8869,0,8793,0.0,0.0064,0.0,0.9885,0.0532,0.0,1845,0.0111,0,0.0,0.5799,0.0,,0.5009,,98.8887993072352,42.6040588136755,184.231012749575,0
S2A_22WDD_20230618_0_L1C,20230618T153310,169,3742,8854,123201,8869,0,5860,0.001,0.0224,0.0531,0.739,0.0532,0.0,40494,0.2429,0,0.0042,0.0924,0.2186,0.7542,0.5027,0.2275,87.7129206605154,42.6977292188518,180.981338523127,0
S2B_22WDD_20230619_0_L1C,20230619T155305,0,0,0,164800,8869,0,8798,0.0,0.0,0.0,0.9886,0.0532,0.0,1833,0.011,0,0.0,0.0,0.0,,,,99.1854338253523,42.5997488971694,187.131685533661,0
S2B_22WDD_20230620_0_L1C,20230620T152311,0,1198,64,152063,8869,10130,8764,0.0,0.0072,0.0004,0.9122,0.0532,0.0608,4406,0.0264,0,0.0,0.2719,0.0145,,0.4231,0.71,99.9997244928602,42.7152001368496,177.728691778759,0
S2A_22WDD_20230621_0_L1C,20230621T154307,0,0,63,164694,8869,0,8798,0.0,0.0,0.0004,0.9879,0.0532,0.0,1939,0.0116,0,0.0,0.0,0.0325,,,0.218,98.4977156678312,42.6955308802272,183.886709179702,0
S2B_22WDD_20230623_0_L1C,20230623T153305,140,2,32210,15874,8869,117423,8869,0.0008,0.0,0.1932,0.0952,0.0532,0.7044,33407,0.2004,0,0.0042,0.0001,0.9642,0.9543,0.6586,0.5536,64.7198014544859,42.7152694860623,180.638878829912,1
S2A_22WDD_20230625_0_L1C,20230625T152310,51,44,768,48491,8869,8434,4263,0.0003,0.0003,0.0046,0.2909,0.0532,0.0506,105173,0.6309,1,0.0005,0.0004,0.0073,0.8894,0.4749,0.3074,24.0695459467517,42.6588762714865,177.386251880505,0
S2B_21WXU_20230626_0_L1C,20230626T154311,464,13,99770,75987,8672,0,31,0.0025,0.0001,0.534,0.4067,0.0464,0.0,102207,0.547,1,0.0045,0.0001,0.9762,0.9456,0.5384,0.5787,17.1018842007823,42.6683794281198,182.839555152811,0
S2A_22WDD_20230628_1_L1C,20230628T153309,167,273,22324,129330,8869,0,7561,0.001,0.0016,0.1339,0.7758,0.0532,0.0,36066,0.2163,0,0.0046,0.0076,0.619,0.8297,0.5295,0.3731,29.28443897794,42.5601825247781,180.30956304183,0
S2B_22WDD_20230630_0_L1C,20230630T152312,0,11748,46,137396,8869,9911,8136,0.0,0.0705,0.0003,0.8242,0.0532,0.0595,18664,0.112,0,0.0,0.6294,0.0025,,0.4779,0.7141,97.5159254259952,42.4310476349231,177.08214954316,0
S2A_22WDD_20230701_0_L1C,20230701T154308,0,0,0,164013,8869,0,8598,0.0,0.0,0.0,0.9839,0.0532,0.0,2420,0.0145,0,0.0,0.0,0.0,,,,99.9665860431784,42.360494962054,183.231639159106,0
S2B_22WDD_20230703_0_L1C,20230703T153311,575,3,121299,35423,8869,0,0,0.0034,0.0,0.7276,0.2125,0.0532,0.0,122412,0.7343,1,0.0047,0.0,0.9909,0.942,0.5397,0.4648,30.7155782495745,42.2347143624651,180.015142795354,0
S2A_22WDD_20230704_0_L1C,20230704T155306,124,7777,0,158487,8869,0,8608,0.0007,0.0467,0.0,0.9507,0.0532,0.0,7956,0.0477,0,0.0156,0.9775,0.0,0.7084,0.6496,,97.4077449747529,42.0605957017727,186.14797284189,0
S2A_22WDD_20230705_0_L1C,20230705T152312,166,4146,48,154232,8869,7734,8688,0.001,0.0249,0.0003,0.9252,0.0532,0.0464,4557,0.0273,0,0.0364,0.9098,0.0105,0.8752,0.61,0.7827,99.1549187884889,42.0346886751465,176.806252690191,0
S2B_22WDD_20230706_0_L1C,20230706T154309,19,1,4017,160904,8869,0,8552,0.0001,0.0,0.0241,0.9652,0.0532,0.0,5483,0.0329,0,0.0035,0.0002,0.7326,0.8969,0.6544,0.3733,72.8050703215981,41.9384462543113,182.946537915875,0
S2A_22WDD_20230708_0_L1C,20230708T153311,728,73,46099,107375,8869,0,2665,0.0044,0.0004,0.2765,0.6441,0.0532,0.0,53125,0.3187,1,0.0137,0.0014,0.8677,0.9148,0.6102,0.4263,25.5382364358446,41.7428056912672,179.75455134975,0
S2B_22WDD_20230709_0_L1C,20230709T155306,450,31,41965,116283,8869,0,4047,0.0027,0.0002,0.2517,0.6975,0.0532,0.0,45599,0.2735,0,0.0099,0.0007,0.9203,0.9013,0.6131,0.4022,52.3155339805825,41.5430169916222,185.871244826392,0
S2B_22WDD_20230710_0_L1C,20230710T152312,0,15,75,152617,8869,9342,8776,0.0,0.0001,0.0004,0.9155,0.0532,0.056,4652,0.0279,0,0.0,0.0032,0.0161,,0.4251,0.6033,99.8491050787359,41.4742652581615,176.579333617151,0
S2A_22WDD_20230711_0_L1C,20230711T154309,2,29,6819,133033,8869,0,8798,0.0,0.0002,0.0409,0.798,0.0532,0.0,33600,0.2016,0,0.0001,0.0009,0.2029,0.752,0.4755,0.2754,45.7538594762459,41.3519834795378,182.70034359159,0
S2B_22WDD_20230713_0_L1C,20230713T153310,8,22,1646,163403,8869,0,8798,0.0,0.0001,0.0099,0.9802,0.0532,0.0,3230,0.0194,0,0.0025,0.0068,0.5096,0.7557,0.5442,0.3005,64.53154767237,41.0890317009365,179.542348102804,0
S2A_22WDD_20230714_0_L1C,20230714T155306,0,5246,0,161284,8869,0,8695,0.0,0.0315,0.0,0.9675,0.0532,0.0,5246,0.0315,0,0.0,1.0,0.0,,0.5166,,96.7488678011521,40.8633064998544,185.639247364037,0
S2A_22WDD_20230715_0_L1C,20230715T152312,180,2381,51,155424,8869,8335,8762,0.0011,0.0143,0.0003,0.9323,0.0532,0.05,2838,0.017,0,0.0634,0.839,0.018,0.9176,0.5412,0.7826,99.3976105309206,40.755101075628,176.411703112217,0
S2B_22WDD_20240214_0_L1C,20240214T155302,78431,3572,68544,0,8869,0,0,0.4705,0.0214,0.4112,0.0,0.0532,0.0,157835,0.9468,1,0.4969,0.0226,0.4343,0.7893,0.6809,0.3882,9.63639409398574,6.2362295164280965,182.457854380091,0
S2B_22WDD_20240215_0_L1C,20240215T152308,76138,26679,42542,437,8869,8010,0,0.4567,0.16,0.2552,0.0026,0.0532,0.048,149388,0.8961,1,0.5097,0.1786,0.2848,0.7644,0.6652,0.2642,89.1768834472298,6.518881296977995,175.128423984897,0
S2B_22WDD_20240218_0_L1C,20240218T153307,79130,9528,56224,7299,8869,0,0,0.4747,0.0572,0.3373,0.0438,0.0532,0.0,150536,0.903,1,0.5257,0.0633,0.3735,0.8221,0.6215,0.4075,70.6699214667503,7.618988232321399,177.610347188468,0
S2A_22WDD_20240220_0_L1C,20240220T152305,84636,48,61120,184,8869,9508,0,0.5077,0.0003,0.3666,0.0011,0.0532,0.057,148143,0.8887,1,0.5713,0.0003,0.4126,0.895,0.6139,0.4156,0.47573556459627,8.276919311294094,175.158790725239,0
S2B_22WDD_20240221_0_L1C,20240221T154304,86433,32,69803,161,8869,0,0,0.5185,0.0002,0.4187,0.001,0.0532,0.0,157674,0.9458,1,0.5482,0.0002,0.4427,0.8879,0.6091,0.4433,0.455970617217594,8.710135236338004,180.147036167565,0
S2A_22WDD_20240223_0_L1C,20240223T153304,0,22756,0,142449,8869,0,8797,0.0,0.1365,0.0,0.8545,0.0532,0.0,24183,0.1451,0,0.0,0.941,0.0,,0.5131,,99.942339275583,9.420935489608098,177.710969104706,0
S2B_22WDD_20240224_0_L1C,20240224T155300,0,8125,0,151922,8869,0,8733,0.0,0.0487,0.0,0.9113,0.0532,0.0,14646,0.0879,0,0.0,0.5548,0.0,,0.4529,,99.6513117453041,9.787558085100997,182.737871353327,0
S2B_22WDD_20240225_0_L1C,20240225T152307,0,1,43,156409,8869,8004,8779,0.0,0.0,0.0003,0.9382,0.0532,0.048,2201,0.0132,0,0.0,0.0005,0.0195,,0.405,0.7713,97.5143283098505,10.107734125466493,175.277930756931,0
S2A_22WDD_20240226_0_L1C,20240226T154303,21152,37087,19328,54263,8869,0,3498,0.1269,0.2225,0.1159,0.3255,0.0532,0.0,107070,0.6423,1,0.1976,0.3464,0.1805,0.796,0.5207,0.2799,55.6039296485413,10.549300075979204,180.321734660541,0
S2B_22WDD_20240228_0_L1C,20240228T153304,113987,3117,32226,0,8869,0,0,0.6838,0.0187,0.1933,0.0,0.0532,0.0,157835,0.9468,1,0.7222,0.0197,0.2042,0.7848,0.6812,0.294,6.85484786049151,11.285960205592303,177.89043127191,0
S2A_22WDD_20240229_0_L1C,20240229T155301,114654,313,32524,1262,8869,0,0,0.6878,0.0019,0.1951,0.0076,0.0532,0.0,156573,0.9392,1,0.7323,0.002,0.2077,0.8063,0.6031,0.2883,33.0646592896151,11.657372985389003,182.985414768613,0
S2A_22WDD_20240301_0_L1C,20240301T152307,88,3389,38,154466,8869,6274,8700,0.0005,0.0203,0.0002,0.9266,0.0532,0.0376,5795,0.0348,0,0.0152,0.5848,0.0066,0.9353,0.4562,0.8204,100,11.996853530792293,175.455312214766,0
S2B_22WDD_20240302_0_L1C,20240302T154301,37197,9417,11269,98636,8869,0,107,0.2231,0.0565,0.0676,0.5917,0.0532,0.0,59306,0.3558,1,0.6272,0.1588,0.19,0.8321,0.6244,0.304,67.1897040819374,12.442403854330706,180.555584873686,0
S2A_22WDD_20240304_0_L1C,20240304T153306,18,2906,785,115306,8869,0,7821,0.0001,0.0174,0.0047,0.6917,0.0532,0.0,50350,0.302,1,0.0004,0.0577,0.0156,0.7258,0.4788,0.2831,50.1500194093583,13.200572531013194,178.136634889022,0
S2B_22WDD_20240305_0_L1C,20240305T155256,0,41,0,105648,8869,0,7543,0.0,0.0002,0.0,0.6337,0.0532,0.0,59730,0.3583,1,0.0,0.0007,0.0,,0.4278,,71.7236297990179,13.572650827822102,183.271514948932,0
S2B_22WDD_20240306_0_L1C,20240306T152302,3,5,44,154189,8869,10570,8776,0.0,0.0,0.0003,0.9249,0.0532,0.0634,1852,0.0111,0,0.0016,0.0027,0.0238,0.7654,0.477,0.6955,99.2746051066343,13.930220912698402,175.660868149729,0
S2A_22WDD_20240307_0_L1C,20240307T154304,0,23,0,163549,8869,0,8486,0.0,0.0001,0.0,0.9811,0.0532,0.0,2772,0.0166,0,0.0,0.0083,0.0,,0.406,,94.4251843889038,14.3760316074777,180.868604888726,0
S2B_22WDD_20240309_0_L1C,20240309T153301,3715,131854,102,20417,8869,0,690,0.0223,0.7909,0.0006,0.1225,0.0532,0.0,138108,0.8285,1,0.0269,0.9547,0.0007,0.7353,0.5739,0.2133,59.4460867747619,15.150668262888303,178.401135257114,0
S2A_22WDD_20240310_0_L1C,20240310T155301,10290,56038,2257,87077,8869,0,980,0.0617,0.3362,0.0135,0.5223,0.0532,0.0,71738,0.4303,1,0.1434,0.7811,0.0315,0.7323,0.5801,0.361,34.3211373099761,15.518741637733598,183.649559995837,0
S2A_22WDD_20240311_0_L1C,20240311T152307,125070,27291,34,0,8869,5261,0,0.7503,0.1637,0.0002,0.0,0.0532,0.0316,152574,0.9152,1,0.8197,0.1789,0.0002,0.7318,0.6817,0.6748,79.613161308767,15.895617796526594,175.959659928849,0
S2B_22WDD_20240312_0_L1C,20240312T154301,150601,289,1156,5743,8869,0,0,0.9034,0.0017,0.0069,0.0345,0.0532,0.0,152092,0.9123,1,0.9902,0.0019,0.0076,0.7956,0.6977,0.234,32.3374839499537,16.336368901768296,181.196627616358,0
S2A_22WDD_20240314_0_L1C,20240314T153305,43551,35580,0,81113,8869,0,2409,0.2612,0.2134,0.0,0.4866,0.0532,0.0,79131,0.4747,1,0.5504,0.4496,0.0,0.749,0.6512,,87.8156409567321,17.122683774634396,178.750664788303,0
S2B_22WDD_20240315_0_L1C,20240315T155259,0,5161,0,110488,8869,0,7211,0.0,0.031,0.0,0.6628,0.0532,0.0,54558,0.3273,1,0.0,0.0946,0.0,,0.4191,,88.4219077484045,17.4827714619193,184.03964322407,0
S2B_22WDD_20240316_0_L1C,20240316T152306,10,7308,64,146244,8869,10855,6954,0.0001,0.0438,0.0004,0.8773,0.0532,0.0651,7690,0.0461,0,0.0013,0.9503,0.0083,0.8012,0.5562,0.6975,88.8474970382254,17.876595589335096,176.266625780511,0
S2A_22WDD_20240317_0_L1C,20240317T154304,25596,130151,2088,0,8869,0,0,0.1535,0.7807,0.0125,0.0,0.0532,0.0,157835,0.9468,1,0.1622,0.8246,0.0132,0.7129,0.6712,0.4177,34.4645405954194,18.308847814339998,181.596258584228,0
S2B_22WDD_20240319_0_L1C,20240319T153305,156091,7,1736,0,8869,0,0,0.9363,0.0,0.0104,0.0,0.0532,0.0,157835,0.9468,1,0.989,0.0,0.011,0.7948,0.6718,0.4035,39.4157185941652,19.1018023577943,179.116003866365,0
S2A_22WDD_20240320_0_L1C,20240320T155302,72193,36370,895,50332,8869,0,1955,0.4331,0.2182,0.0054,0.3019,0.0532,0.0,109458,0.6566,1,0.6595,0.3323,0.0082,0.7616,0.6569,0.2441,61.5473515143783,19.449859651215903,184.486742091861,0
S2A_22WDD_20240321_0_L1C,20240321T152308,148066,5,1477,0,8869,8070,0,0.8882,0.0,0.0089,0.0,0.0532,0.0484,149765,0.8984,1,0.9887,0.0,0.0099,0.84,0.6534,0.4177,5.59166792195799,19.860293949223205,176.623108048966,0
S2B_22WDD_20240322_0_L1C,20240322T154304,156343,7,1484,0,8869,0,0,0.9378,0.0,0.0089,0.0,0.0532,0.0,157835,0.9468,1,0.9905,0.0,0.0094,0.86,0.6874,0.425,11.3842157126221,20.2801976498897,182.009593864511,0
S2A_22WDD_20240324_0_L1C,20240324T153307,4383,38669,0,118896,8869,0,4113,0.0263,0.232,0.0,0.7132,0.0532,0.0,43052,0.2583,0,0.1018,0.8982,0.0,0.7593,0.632,,72.9913105795933,21.0750707739587,179.513566548624,0
S2B_22WDD_20240325_0_L1C,20240325T155301,156513,9,1310,0,8869,0,0,0.9389,0.0001,0.0079,0.0,0.0532,0.0,157835,0.9468,1,0.9916,0.0001,0.0083,0.8859,0.6771,0.4639,0.838722239267424,21.408229353772,184.942747653937,0
S2B_22WDD_20240326_0_L1C,20240326T152307,147980,12,932,0,8869,8627,0,0.8877,0.0001,0.0056,0.0,0.0532,0.0518,149208,0.895,1,0.9918,0.0001,0.0062,0.8903,0.6351,0.3453,14.4220924868713,21.8332312031026,176.984665661688,0
S2A_22WDD_20240327_0_L1C,20240327T154304,0,160,0,164847,8869,0,8798,0.0,0.001,0.0,0.9889,0.0532,0.0,1786,0.0107,0,0.0,0.0896,0.0,,0.4617,,99.9642569201827,22.2381100012136,182.443013366541,0
S2B_22WDD_20240329_0_L1C,20240329T153306,156966,23,846,0,8869,0,0,0.9416,0.0001,0.0051,0.0,0.0532,0.0,157835,0.9468,1,0.9945,0.0001,0.0054,0.8119,0.673,0.41,1.22885126459434,23.030495788402604,179.911688387458,0
S2A_22WDD_20240330_0_L1C,20240330T155300,155251,27,46,2500,8869,0,0,0.9313,0.0002,0.0003,0.015,0.0532,0.0,155335,0.9318,1,0.9995,0.0002,0.0003,0.8015,0.671,0.2154,8.26083459169306,23.346228195415605,185.408527711742,0
S2A_22WDD_20240331_0_L1C,20240331T152306,142,2074,57,155480,8869,8609,8743,0.0009,0.0124,0.0003,0.9327,0.0532,0.0516,2489,0.0149,0,0.0571,0.8333,0.0229,0.9036,0.5617,0.7683,99.7819289322261,23.783913836865196,177.351416191776,0
S2B_22WDD_20240401_0_L1C,20240401T154303,0,11627,0,154887,8869,0,8679,0.0,0.0697,0.0,0.9291,0.0532,0.0,11627,0.0697,0,0.0,1.0,0.0,,0.5949,,99.859804711995,24.171388918816504,182.874957736945,0
S2A_22WDD_20240403_0_L1C,20240403T153303,157207,12,613,0,8869,0,0,0.943,0.0001,0.0037,0.0,0.0532,0.0,157835,0.9468,1,0.996,0.0001,0.0039,0.8804,0.6633,0.4299,30.7673265848488,24.956729413901,180.30639813508,0
S2B_22WDD_20240404_0_L1C,20240404T155258,0,2562,0,162316,8869,0,8769,0.0,0.0154,0.0,0.9737,0.0532,0.0,4288,0.0257,0,0.0,0.5975,0.0,,0.451,,99.1946802594023,25.252799834409103,185.870423468528,0
S2B_22WDD_20240405_0_L1C,20240405T152305,18360,15892,51,121523,8869,9608,7938,0.1101,0.0953,0.0003,0.729,0.0532,0.0576,34642,0.2078,0,0.53,0.4587,0.0015,0.7692,0.6502,0.7646,54.8323372854974,25.7007089584785,177.716198530759,0
S2A_22WDD_20240406_0_L1C,20240406T154302,220,22607,0,143516,8869,0,8508,0.0013,0.1356,0.0,0.8609,0.0532,0.0,22827,0.1369,0,0.0096,0.9904,0.0,0.7032,0.6641,,73.4265579742602,26.0684064690911,183.305053458729,0
S2B_22WDD_20240408_0_L1C,20240408T153305,123068,3839,7,30921,8869,0,0,0.7382,0.023,0.0,0.1855,0.0532,0.0,126914,0.7613,1,0.9697,0.0302,0.0001,0.7866,0.645,0.2276,26.1335363850817,26.8417586987305,180.708918811926,0
S2A_22WDD_20240409_0_L1C,20240409T155301,69829,87644,354,8,8869,0,0,0.4189,0.5257,0.0021,0.0,0.0532,0.0,157827,0.9467,1,0.4424,0.5553,0.0022,0.7105,0.6848,0.3569,20.9727303531353,27.115469757966302,186.337954183324,0
S2A_22WDD_20240410_0_L1C,20240410T152307,150255,84,38,0,8869,7273,0,0.9013,0.0005,0.0002,0.0,0.0532,0.0436,150562,0.9032,1,0.998,0.0006,0.0003,0.75,0.6796,0.5519,52.5042909261579,27.5712760408624,178.080501720722,0
S2B_22WDD_20240411_0_L1C,20240411T154304,155906,4,0,1925,8869,0,0,0.9352,0.0,0.0,0.0115,0.0532,0.0,155910,0.9353,1,1.0,0.0,0.0,0.8149,0.6677,,16.4582101585595,27.9167073793364,183.730778392421,0
S2A_22WDD_20240413_0_L1C,20240413T153308,122076,32382,133,3683,8869,0,439,0.7323,0.1942,0.0008,0.0221,0.0532,0.0,154591,0.9273,1,0.7897,0.2095,0.0009,0.7276,0.6771,0.2822,8.37068888291678,28.6729572608539,181.094875474055,0
S2B_22WDD_20240414_0_L1C,20240414T155301,157443,25,224,143,8869,0,0,0.9444,0.0001,0.0013,0.0009,0.0532,0.0,157692,0.9459,1,0.9984,0.0002,0.0014,0.7536,0.674,0.4052,29.6460679202974,28.9226114303372,186.777381852772,0
S2B_22WDD_20240415_0_L1C,20240415T152308,151281,34,170,0,8869,6144,0,0.9075,0.0002,0.001,0.0,0.0532,0.0369,151691,0.9099,1,0.9973,0.0002,0.0011,0.8288,0.6297,0.4537,58.0936418919799,29.382604294966697,178.41283862667,0
S2A_22WDD_20240416_0_L1C,20240416T154307,157670,3,162,0,8869,0,0,0.9458,0.0,0.001,0.0,0.0532,0.0,157835,0.9468,1,0.999,0.0,0.001,0.8519,0.6294,0.3926,30.9396816865239,29.7039733252834,184.134417784441,0
S2B_22WDD_20240418_0_L1C,20240418T153307,157717,2,115,0,8869,0,0,0.9461,0.0,0.0007,0.0,0.0532,0.0,157835,0.9468,1,0.9993,0.0,0.0007,0.8845,0.5977,0.408,1.62408552061871,30.438074114467703,181.435675809631,0
S2A_22WDD_20240419_0_L1C,20240419T155304,157691,1,143,0,8869,0,0,0.9459,0.0,0.0009,0.0,0.0532,0.0,157835,0.9468,1,0.9991,0.0,0.0009,0.8802,0.6574,0.3762,7.0711558769114,30.661835058723298,187.19287482228,0
S2A_22WDD_20240420_0_L1C,20240420T152310,89198,39306,0,24034,8869,5568,442,0.5351,0.2358,0.0,0.1442,0.0532,0.0334,128675,0.7719,1,0.6932,0.3055,0.0,0.7787,0.6529,,84.3460898682806,31.122706719026098,178.720643962269,0
S2B_22WDD_20240421_0_L1C,20240421T154304,58,2160,0,162741,8869,0,8543,0.0003,0.013,0.0,0.9762,0.0532,0.0,3637,0.0218,0,0.0159,0.5939,0.0,0.7216,0.5671,,92.7199378900535,31.419156193104897,184.47747437257,0
S2A_22WDD_20240423_0_L1C,20240423T153309,0,21107,0,145027,8869,0,8299,0.0,0.1266,0.0,0.87,0.0532,0.0,21107,0.1266,0,0.0,1.0,0.0,,0.5534,,94.8143868135806,32.1256415842388,181.749005469581,0
S2B_22WDD_20240424_0_L1C,20240424T155259,2423,16,144726,10591,8869,0,0,0.0145,0.0001,0.8682,0.0635,0.0532,0.0,147244,0.8833,1,0.0165,0.0001,0.9829,0.9611,0.6029,0.5603,29.9531679272773,32.3238466954868,187.532352833813,0
S2B_22WDD_20240425_0_L1C,20240425T152305,0,18378,79,129340,8869,10835,7974,0.0,0.1102,0.0005,0.7759,0.0532,0.065,25634,0.1538,0,0.0,0.7169,0.0031,,0.4329,0.5786,99.4881628332742,32.7802602237554,178.949367490619,0
S2A_22WDD_20240426_0_L1C,20240426T154306,0,12375,0,146249,8869,0,8521,0.0,0.0742,0.0,0.8773,0.0532,0.0,20107,0.1206,0,0.0,0.6155,0.0,,0.4367,,97.5986741915256,33.0507771314266,184.795191539298,0
S2B_22WDD_20240428_0_L1C,20240428T153305,4217,3702,97664,51263,8869,0,5827,0.0253,0.0222,0.5859,0.3075,0.0532,0.0,112399,0.6742,1,0.0375,0.0329,0.8689,0.8067,0.5711,0.3428,70.9400101525874,33.7255818108752,181.987045803114,0
S2A_22WDD_20240429_0_L1C,20240429T155303,0,0,0,164702,8869,0,8700,0.0,0.0,0.0,0.988,0.0532,0.0,1833,0.011,0,0.0,0.0,0.0,,,,99.9932429152294,33.8960423531839,187.857601584544,0
S2A_22WDD_20240430_0_L1C,20240430T152310,104,1024,38,148288,8869,6508,8557,0.0006,0.0061,0.0002,0.8895,0.0532,0.039,11596,0.0696,0,0.009,0.0883,0.0033,0.958,0.4723,0.8179,99.4604335173314,34.345430558444,179.169953421792,0
S2B_22WDD_20240501_0_L1C,20240501T154304,0,1,0,131442,8869,0,8205,0.0,0.0,0.0,0.7885,0.0532,0.0,34598,0.2075,0,0.0,0.0,0.0,,0.4042,,99.9071038251366,34.5897157789651,185.035631652229,0
S2A_22WDD_20240503_0_L1C,20240503T153309,3052,4234,3,158560,8869,0,8798,0.0183,0.0254,0.0,0.9511,0.0532,0.0,8073,0.0484,0,0.3781,0.5245,0.0004,0.7574,0.5942,0.2553,68.2263728388426,35.2270886014067,182.19745496616,0
S2B_22WDD_20240504_0_L1C,20240504T155301,122952,5247,8356,16404,8869,0,1619,0.7375,0.0315,0.0501,0.0984,0.0532,0.0,143050,0.8581,1,0.8595,0.0367,0.0584,0.8572,0.5958,0.2597,27.3779470928306,35.3708292776627,188.089788271441,0
S2B_22WDD_20240505_0_L1C,20240505T152308,135092,85,7083,0,8869,9976,0,0.8104,0.0005,0.0425,0.0,0.0532,0.0598,147859,0.887,1,0.9137,0.0006,0.0479,0.8532,0.6269,0.2589,72.3802541248992,35.8070711545859,179.295566272148,0
S2A_22WDD_20240506_0_L1C,20240506T154306,93,787,29,138207,8869,0,7776,0.0006,0.0047,0.0002,0.8291,0.0532,0.0,27404,0.1644,0,0.0034,0.0287,0.0011,0.7865,0.5389,0.2573,83.2695810564663,36.0243708778264,185.23211213728,0
S2B_22WDD_20240508_0_L1C,20240508T153307,1181,68102,0,94773,8869,0,6652,0.0071,0.4085,0.0,0.5685,0.0532,0.0,69714,0.4182,1,0.0169,0.9769,0.0,0.718,0.6183,,90.7596822837349,36.6197202113273,182.313204298876,0
S2A_22WDD_20240509_0_L1C,20240509T155303,78821,14077,8,70441,8869,0,6802,0.4728,0.0844,0.0,0.4226,0.0532,0.0,94196,0.565,1,0.8368,0.1494,0.0001,0.7304,0.6072,0.2195,37.6585495335188,36.7354127968909,188.271440054633,0
S2A_22WDD_20240510_0_L1C,20240510T152310,12814,37426,41,108073,8869,7004,8066,0.0769,0.2245,0.0002,0.6483,0.0532,0.042,50824,0.3049,1,0.2521,0.7364,0.0008,0.7574,0.5839,0.7784,47.3932867041443,37.1542257439503,179.374990299276,0
S2B_22WDD_20240511_0_L1C,20240511T154304,25399,71267,0,61541,8869,0,408,0.1524,0.4275,0.0,0.3692,0.0532,0.0,96702,0.5801,1,0.2627,0.737,0.0,0.7369,0.6519,,91.2791662934098,37.344769796743,185.334251996323,0
S2A_22WDD_20240513_0_L1C,20240513T153309,0,2633,0,160286,8869,0,8798,0.0,0.0158,0.0,0.9615,0.0532,0.0,6347,0.0381,0,0.0,0.4148,0.0,,0.4759,,81.4137477977844,37.8919074694482,182.379936372076,0
S2B_22WDD_20240514_0_L1C,20240514T155300,23348,7743,2381,130146,8869,0,7904,0.1401,0.0464,0.0143,0.7807,0.0532,0.0,35593,0.2135,0,0.656,0.2175,0.0669,0.8627,0.5845,0.3526,56.0098858974279,37.9807925488795,188.350060749371,0
S2B_22WDD_20240515_0_L1C,20240515T152305,114175,2599,8533,23604,8869,11469,4475,0.6849,0.0156,0.0512,0.1416,0.0532,0.0688,127237,0.7633,1,0.8973,0.0204,0.0671,0.8995,0.6186,0.3433,52.4502383001349,38.3757325337746,179.350455875602,0
S2A_22WDD_20240516_0_L1C,20240516T154306,105663,4730,11127,37574,8869,0,4873,0.6338,0.0284,0.0667,0.2254,0.0532,0.0,125134,0.7506,1,0.8444,0.0378,0.0889,0.8845,0.6262,0.3504,23.9112843023082,38.5390208753942,185.384865502836,0
S2B_22WDD_20240518_0_L1C,20240518T153304,107135,56,48211,446,8869,0,446,0.6427,0.0003,0.2892,0.0027,0.0532,0.0,157835,0.9468,1,0.6788,0.0004,0.3055,0.9122,0.6077,0.4634,17.8164173310639,39.0337700116554,182.341750929433,0
S2A_22WDD_20240519_0_L1C,20240519T155302,99381,23,54755,0,8869,0,0,0.5962,0.0001,0.3285,0.0,0.0532,0.0,157835,0.9468,1,0.6297,0.0001,0.3469,0.912,0.6026,0.4813,16.2425213298144,39.0943918952992,188.384215707152,0
S2A_22WDD_20240520_0_L1C,20240520T152308,68432,46,76707,0,8869,9261,0,0.4105,0.0003,0.4601,0.0,0.0532,0.0556,148574,0.8912,1,0.4606,0.0003,0.5163,0.9149,0.6031,0.5078,18.5899320832556,39.4618593555623,179.292973747091,0
S2B_22WDD_20240521_0_L1C,20240521T154303,0,10,0,142301,8869,0,8323,0.0,0.0001,0.0,0.8536,0.0532,0.0,23857,0.1431,0,0.0,0.0004,0.0,,0.4303,,90.4331272955299,39.5985866724666,185.336969339136,0
S2A_22WDD_20240523_0_L1C,20240523T153304,3353,69946,220,72802,8869,0,7995,0.0201,0.4196,0.0013,0.4367,0.0532,0.0,93028,0.558,1,0.036,0.7519,0.0024,0.7228,0.5634,0.2123,85.6625459105975,40.0355532566298,182.256701406257,0
S2B_22WDD_20240524_0_L1C,20240524T155300,91136,22,56360,0,8869,0,0,0.5467,0.0001,0.3381,0.0,0.0532,0.0,157835,0.9468,1,0.5774,0.0001,0.3571,0.8695,0.6038,0.4511,27.1717034828568,40.069294411769,188.324663413132,0
S2B_22WDD_20240525_0_L1C,20240525T152307,91913,29,43941,0,8869,10657,0,0.5514,0.0002,0.2636,0.0,0.0532,0.0639,147178,0.8829,1,0.6245,0.0002,0.2986,0.9004,0.5969,0.4349,7.2268615841546,40.4038580471167,179.152632451582,0
S2A_22WDD_20240526_0_L1C,20240526T154304,0,2793,0,163838,8869,0,8798,0.0,0.0168,0.0,0.9828,0.0532,0.0,2795,0.0168,0,0.0,0.9993,0.0,,0.5532,,98.9644659440413,40.5139487981954,185.238614077206,0
S2B_22WDD_20240528_0_L1C,20240528T153306,56247,10491,16860,58655,8869,0,6186,0.3374,0.0629,0.1011,0.3519,0.0532,0.0,105366,0.6321,1,0.5338,0.0996,0.16,0.8435,0.6198,0.2889,66.7995461196214,40.8895609903446,182.108462586311,0
S2A_22WDD_20240529_0_L1C,20240529T155303,0,936,0,163701,8869,0,8798,0.0,0.0056,0.0,0.982,0.0532,0.0,2932,0.0176,0,0.0,0.3192,0.0,,0.4508,,99.3707364419222,40.8962070467506,188.211250786484,0
S2A_22WDD_20240530_0_L1C,20240530T152310,21568,44845,32681,40136,8869,7344,4306,0.1294,0.269,0.196,0.2408,0.0532,0.0441,114661,0.6878,1,0.1881,0.3911,0.285,0.7365,0.6109,0.4239,52.915609000148,41.1942884442222,178.967642401297,0
S2B_22WDD_20240531_0_L1C,20240531T154304,79883,11198,55030,438,8869,0,385,0.4792,0.0672,0.3301,0.0026,0.0532,0.0,157782,0.9465,1,0.5063,0.071,0.3488,0.786,0.6607,0.4704,34.6088566394936,41.2781968438757,185.064674888532,0
S2A_22WDD_20240602_0_L1C,20240602T153310,18754,22640,50405,61979,8869,0,6706,0.1125,0.1358,0.3024,0.3718,0.0532,0.0,102562,0.6152,1,0.1829,0.2207,0.4915,0.7468,0.5854,0.4531,65.8218220908358,41.5882068926649,181.913252034362,0
S2B_22WDD_20240603_0_L1C,20240603T155302,61604,221,87007,175,8869,0,0,0.3695,0.0013,0.5219,0.001,0.0532,0.0,157660,0.9457,1,0.3907,0.0014,0.5519,0.8288,0.6259,0.5251,9.13857724506349,41.5688733047098,188.013480165494,0
S2B_22WDD_20240604_0_L1C,20240604T152309,55040,62,86622,1238,8869,9939,0,0.3302,0.0004,0.5196,0.0074,0.0532,0.0596,146658,0.8798,1,0.3753,0.0004,0.5906,0.8551,0.5969,0.5228,4.46697443689373,41.8256608499222,178.707299094667,0
S2A_22WDD_20240605_0_L1C,20240605T154309,0,4,0,164928,8869,0,8798,0.0,0.0,0.0,0.9893,0.0532,0.0,1705,0.0102,0,0.0,0.0023,0.0,,0.4035,,57.4779479829198,41.8832392937734,184.852472666354,0
S2B_22WDD_20240607_0_L1C,20240607T153309,0,3,0,164969,8869,0,8798,0.0,0.0,0.0,0.9896,0.0532,0.0,1664,0.01,0,0.0,0.0018,0.0,,0.4118,,98.3905162889307,42.1249922781336,181.635298890147,0
S2A_22WDD_20240608_0_L1C,20240608T155306,136,1,156953,0,8869,0,0,0.0008,0.0,0.9415,0.0,0.0532,0.0,157835,0.9468,1,0.0009,0.0,0.9944,0.8607,0.6347,0.5744,7.12172626673591,42.0789137893276,187.780765615682,0
S2A_22WDD_20240609_0_L1C,20240609T152313,19,18,449,158212,8869,5997,8798,0.0001,0.0001,0.0027,0.9491,0.0532,0.036,2424,0.0145,0,0.0078,0.0074,0.1852,0.8582,0.5479,0.3087,56.403094170964,42.2920867083485,178.426430016255,0
S2B_22WDD_20240610_0_L1C,20240610T154307,51,2,107180,53355,8869,0,5356,0.0003,0.0,0.6429,0.3201,0.0532,0.0,109836,0.6589,1,0.0005,0.0,0.9758,0.9347,0.6821,0.479,24.029890411777,42.3241938209478,184.557230899322,0
S2A_22WDD_20240612_0_L1C,20240612T153312,0,3294,0,163201,8869,0,8660,0.0,0.0198,0.0,0.979,0.0532,0.0,3294,0.0198,0,0.0,1.0,0.0,,0.5777,,97.655200214996,42.4941319902601,181.342434623694,0
S2B_22WDD_20240613_0_L1C,20240613T155304,0,0,0,163565,8869,0,8696,0.0,0.0,0.0,0.9812,0.0532,0.0,2966,0.0178,0,0.0,0.0,0.0,,,,99.9929103550501,42.4229745243363,187.469517169587,0
S2B_22WDD_20240614_0_L1C,20240614T152310,26,10926,32,146175,8869,9142,8670,0.0002,0.0655,0.0002,0.8769,0.0532,0.0548,11188,0.0671,0,0.0023,0.9766,0.0029,0.808,0.5881,0.6553,98.9506037201024,42.5886692372457,178.082920522775,0
S2A_22WDD_20240615_0_L1C,20240615T154310,0,4,0,164904,8869,0,8776,0.0,0.0,0.0,0.9892,0.0532,0.0,1707,0.0102,0,0.0,0.0023,0.0,,0.427,,99.8730627967392,42.5951867258885,184.254059945214,0
S2B_22WDD_20240617_0_L1C,20240617T153308,285,0,151771,5685,8869,0,0,0.0017,0.0,0.9104,0.0341,0.0532,0.0,152150,0.9127,1,0.0019,0.0,0.9975,0.967,,0.5806,20.2581444653468,42.6924280677762,180.99275579471,0
S2A_22WDD_20240618_0_L1C,20240618T155306,180,0,126644,31451,8869,0,653,0.0011,0.0,0.7597,0.1887,0.0532,0.0,127037,0.7621,1,0.0014,0.0,0.9969,0.9651,,0.5829,16.6260924776667,42.5952794323623,187.157247129564,0
S2A_22WDD_20240619_0_L1C,20240619T152312,189,29,66622,40815,8869,6835,3855,0.0011,0.0002,0.3996,0.2448,0.0532,0.041,114040,0.6841,1,0.0017,0.0003,0.5842,0.896,0.5871,0.4629,32.971372807711,42.7134425138935,177.755376487628,0
S2B_22WDD_20240620_0_L1C,20240620T154306,180,55,123758,5240,8869,0,205,0.0011,0.0003,0.7424,0.0314,0.0532,0.0,152800,0.9166,1,0.0012,0.0004,0.8099,0.8971,0.5725,0.4687,0.505748156110962,42.6949361517712,183.899175579424,0
S2A_22WDD_20240622_0_L1C,20240622T153310,199,0,152315,5250,8869,0,0,0.0012,0.0,0.9137,0.0315,0.0532,0.0,152585,0.9153,1,0.0013,0.0,0.9982,0.9705,,0.6285,2.20066290423721,42.7181746561874,180.665058906189,0
S2B_22WDD_20240623_0_L1C,20240623T155304,11,10,1630,112184,8869,0,4786,0.0001,0.0001,0.0098,0.673,0.0532,0.0,50437,0.3026,1,0.0002,0.0002,0.0323,0.7672,0.5771,0.3125,35.3727520748503,42.5962076031906,186.807313123554,0
S2B_22WDD_20240624_0_L1C,20240624T152310,14,12,22617,83622,8869,9560,4097,0.0001,0.0001,0.1357,0.5016,0.0532,0.0573,68750,0.4124,1,0.0002,0.0002,0.329,0.8955,0.5287,0.3873,34.5394333576503,42.6656101373681,177.409877557943,0
S2A_22WDD_20240625_0_L1C,20240625T154307,0,0,0,152402,8869,0,8766,0.0,0.0,0.0,0.9142,0.0532,0.0,14199,0.0852,0,0.0,0.0,0.0,,,,68.5471647406611,42.6218203719657,183.57141982379,0
S2B_22WDD_20240627_0_L1C,20240627T153309,0,0,0,165033,8869,0,8798,0.0,0.0,0.0,0.99,0.0532,0.0,1600,0.0096,0,0.0,0.0,0.0,,,,99.8592672220729,42.5719325810811,180.332092019141,0
S2A_22WDD_20240628_0_L1C,20240628T155304,4,0,10674,154152,8869,0,8163,0.0,0.0,0.064,0.9247,0.0532,0.0,11846,0.0711,0,0.0003,0.0,0.9011,0.9177,,0.4729,87.3883511109044,42.4246409051872,186.473196981315,0
S2A_22WDD_20240629_0_L1C,20240629T152310,56,455,61,155744,8869,8029,8798,0.0003,0.0027,0.0004,0.9343,0.0532,0.0482,2860,0.0172,0,0.0196,0.1591,0.0213,0.91,0.5122,0.6655,98.1516996284435,42.4464786248891,177.093941525712,0
S2B_22WDD_20240630_0_L1C,20240630T154308,280,59,64284,90940,8869,0,8322,0.0017,0.0004,0.3856,0.5455,0.0532,0.0,75217,0.4512,1,0.0037,0.0008,0.8546,0.8721,0.5854,0.3763,52.5895368628505,42.3772138929877,183.250192748595,0
S2A_22WDD_20240702_0_L1C,20240702T153309,0,30,3660,114567,8869,0,8188,0.0,0.0002,0.022,0.6872,0.0532,0.0,51456,0.3087,1,0.0,0.0006,0.0711,,0.4787,0.2272,78.1272656693243,42.2549729389472,180.025070540222,0
S2B_22WDD_20240703_0_L1C,20240703T155304,443,2,106278,45157,8869,0,0,0.0027,0.0,0.6375,0.2709,0.0532,0.0,112678,0.6759,1,0.0039,0.0,0.9432,0.9435,0.6834,0.5824,13.7506826807899,42.0821126410097,186.160303335757,0
S2B_22WDD_20240704_0_L1C,20240704T152311,331,0,147361,0,8869,9741,0,0.002,0.0,0.884,0.0,0.0532,0.0584,148094,0.8884,1,0.0022,0.0,0.9951,0.9692,,0.6312,3.50311042846235,42.0581689287318,176.81439396883,0
S2A_22WDD_20240705_0_L1C,20240705T154307,479,0,157272,0,8869,0,0,0.0029,0.0,0.9434,0.0,0.0532,0.0,157835,0.9468,1,0.003,0.0,0.9964,0.9677,,0.6229,0,41.9632361215601,182.953377404846,0
S2B_22WDD_20240707_0_L1C,20240707T153309,397,5,86043,72797,8869,0,2623,0.0024,0.0,0.5161,0.4367,0.0532,0.0,87661,0.5258,1,0.0045,0.0001,0.9815,0.9235,0.621,0.489,45.6523336020783,41.7706274365711,179.755501731456,0
S2A_22WDD_20240708_0_L1C,20240708T155304,601,0,148348,8784,8869,0,0,0.0036,0.0,0.8899,0.0527,0.0532,0.0,149051,0.8941,1,0.004,0.0,0.9953,0.9691,,0.6078,4.47774829935091,41.5722312871837,185.875183117862,0
S2A_22WDD_20240709_0_L1C,20240709T152310,56,31,48,155063,8869,8361,8776,0.0003,0.0002,0.0003,0.9302,0.0532,0.0502,3187,0.0191,0,0.0176,0.0097,0.0151,0.9794,0.5521,0.7174,99.8573157484041,41.505013429756,176.579876939517,0
S2B_22WDD_20240710_0_L1C,20240710T154306,493,12,132523,22442,8869,0,662,0.003,0.0001,0.795,0.1346,0.0532,0.0,136055,0.8161,1,0.0036,0.0001,0.974,0.9492,0.6572,0.5483,9.94093582967542,41.3842716235336,182.694970549644,0
S2A_22WDD_20240712_0_L1C,20240712T153308,297,0,109033,48278,8869,0,0,0.0018,0.0,0.6541,0.2896,0.0532,0.0,109557,0.6572,1,0.0027,0.0,0.9952,0.9621,,0.6012,9.08871569769178,41.1241637550011,179.540871904954,0
S2B_22WDD_20240713_0_L1C,20240713T155303,393,0,147719,9638,8869,0,0,0.0024,0.0,0.8861,0.0578,0.0532,0.0,148197,0.889,1,0.0027,0.0,0.9968,0.9632,,0.6108,2.39084724596306,40.9000403484911,185.636124322011,0
S2B_22WDD_20240714_0_L1C,20240714T152310,0,0,508,19920,8869,10083,15,0.0,0.0,0.003,0.1195,0.0532,0.0605,127847,0.7669,1,0.0,0.0,0.004,,,0.3293,75.4919705971268,40.79311998847,176.407765975295,0
S2A_22WDD_20240715_0_L1C,20240715T154305,170,1,129297,26314,8869,0,532,0.001,0.0,0.7756,0.1578,0.0532,0.0,132053,0.7921,1,0.0013,0.0,0.9791,0.9532,0.4929,0.5796,22.4796798948909,40.646132536406,182.500033132642,0
S2B_22WDD_20250209_0_L1C,20250209T152312,0,6950,67,142628,8869,10466,8695,0.0,0.0417,0.0004,0.8556,0.0532,0.0628,13436,0.0806,0,0.0,0.5173,0.005,,0.4924,0.6703,99.9564666836368,4.769696938611602,175.168757707022,0
S2B_22WDD_20250212_1_L1C,20250212T153308,0,0,0,163015,8869,0,8245,0.0,0.0,0.0,0.9779,0.0532,0.0,3065,0.0184,0,0.0,0.0,0.0,,,,99.9984174021058,5.812415456277407,177.584360889022,0
S2B_22WDD_20250215_0_L1C,20250215T154308,3575,504,141719,11431,8869,0,0,0.0214,0.003,0.8501,0.0686,0.0532,0.0,146404,0.8782,1,0.0244,0.0034,0.968,0.8336,0.5965,0.4076,34.1798202394816,6.853447955118199,180.053584887055,0
S2B_22WDD_20250218_0_L1C,20250218T155305,1989,29,155519,0,8869,0,0,0.0119,0.0002,0.9329,0.0,0.0532,0.0,157835,0.9468,1,0.0126,0.0002,0.9853,0.8431,0.5949,0.3238,82.5543697789684,7.888171838109301,182.575803431443,0
S2B_22WDD_20250219_0_L1C,20250219T152312,2029,35,148471,0,8869,6930,0,0.0122,0.0002,0.8906,0.0,0.0532,0.0416,150905,0.9052,1,0.0134,0.0002,0.9839,0.8911,0.5861,0.3807,9.74406074898061,8.189463232860902,175.187319257073,0
S2C_22WDD_20250220_0_L1C,20250220T154328,2051,19,152675,2606,8869,0,0,0.0123,0.0001,0.9158,0.0156,0.0532,0.0,155229,0.9312,1,0.0132,0.0001,0.9835,0.8646,0.6097,0.3222,33.6801572996887,8.621263715544899,180.232025448369,0
S2B_22WDD_20250222_0_L1C,20250222T153310,0,0,0,157714,8869,0,8772,0.0,0.0,0.0,0.9461,0.0532,0.0,8893,0.0533,0,0.0,0.0,0.0,,,,98.6867329570904,9.331431733688504,177.733144733251,0
S2C_22WDD_20250223_0_L1C,20250223T155324,0,982,0,57556,8869,0,2660,0.0,0.0059,0.0,0.3453,0.0532,0.0,102939,0.6175,1,0.0,0.0095,0.0,,0.4056,,99.7515690763119,9.696031459334193,182.827653992575,0
S2C_22WDD_20250224_0_L1C,20250224T152331,3906,4754,39928,65512,8869,7595,4215,0.0234,0.0285,0.2395,0.393,0.0532,0.0456,88943,0.5335,1,0.0439,0.0534,0.4489,0.8017,0.5316,0.3026,92.3735823984649,10.019914022765406,175.373599936106,0
S2B_22WDD_20250225_0_L1C,20250225T154307,83129,17428,36350,2978,8869,0,0,0.4987,0.1045,0.2181,0.0179,0.0532,0.0,154857,0.9289,1,0.5368,0.1125,0.2347,0.8167,0.6076,0.3253,36.6644271253247,10.458597792441594,180.331749372715,0
S2C_22WDD_20250227_0_L1C,20250227T153330,24408,62663,61473,0,8869,0,0,0.1464,0.3759,0.3688,0.0,0.0532,0.0,157835,0.9468,1,0.1546,0.397,0.3895,0.8206,0.6286,0.355,21.078025620353,11.196150434992205,177.989722051518,0
S2B_22WDD_20250228_0_L1C,20250228T155304,0,0,0,164555,8869,0,8798,0.0,0.0,0.0,0.9871,0.0532,0.0,2078,0.0125,0,0.0,0.0,0.0,,,,98.2594777446431,11.566124435747497,182.984660587124,0
S2B_22WDD_20250301_0_L1C,20250301T152310,10769,18,138648,5,8869,6613,0,0.0646,0.0001,0.8317,0.0,0.0532,0.0397,151217,0.9071,1,0.0712,0.0001,0.9169,0.9014,0.5722,0.4114,41.9161210998019,11.905450214831305,175.457376488128,0
S2C_22WDD_20250302_0_L1C,20250302T154328,0,0,0,161412,8869,0,8631,0.0,0.0,0.0,0.9683,0.0532,0.0,5054,0.0303,0,0.0,0.0,0.0,,,,99.8243303771388,12.350533010386897,180.657782662634,0
S2B_22WDD_20250304_0_L1C,20250304T153309,0,33,0,91263,8869,0,6244,0.0,0.0002,0.0,0.5475,0.0532,0.0,72816,0.4368,1,0.0,0.0005,0.0,,0.4106,,75.4897130401027,13.108413232261995,178.133876489615,0
S2C_22WDD_20250305_0_L1C,20250305T155325,36384,2891,97400,0,8869,0,0,0.2183,0.0173,0.5843,0.0,0.0532,0.0,157835,0.9468,1,0.2305,0.0183,0.6171,0.8645,0.6274,0.3265,21.7707101614917,13.478320884347895,183.377602265228,0
S2C_22WDD_20250306_0_L1C,20250306T152331,41796,52,100602,0,8869,5383,0,0.2507,0.0003,0.6035,0.0,0.0532,0.0323,152452,0.9145,1,0.2742,0.0003,0.6599,0.9047,0.6241,0.2851,0.205377974360443,13.840223010408806,175.773455250038,0
S2B_22WDD_20250307_0_L1C,20250307T154307,0,2302,0,149432,8869,0,6342,0.0,0.0138,0.0,0.8964,0.0532,0.0,14745,0.0885,0,0.0,0.1561,0.0,,0.4467,,47.175908507271,14.282843275881206,180.862442172941,0
S2C_22WDD_20250309_0_L1C,20250309T153329,7554,6279,24699,125502,8869,0,8243,0.0453,0.0377,0.1482,0.7528,0.0532,0.0,40576,0.2434,0,0.1862,0.1547,0.6087,0.768,0.6373,0.3271,83.8615664845173,15.057557886464906,178.508610392621,0
S2B_22WDD_20250310_0_L1C,20250310T155303,0,9066,0,155460,8869,0,8638,0.0,0.0544,0.0,0.9326,0.0532,0.0,11013,0.0661,0,0.0,0.8232,0.0,,0.4189,,100,15.424227215700597,183.641036610543,0
S2B_22WDD_20250311_0_L1C,20250311T152309,10,3384,56,139533,8869,6283,6249,0.0001,0.0203,0.0003,0.837,0.0532,0.0377,18268,0.1096,0,0.0005,0.1852,0.0031,0.7414,0.486,0.7285,68.2442534029604,15.800323820946105,175.955327840283,0
S2C_22WDD_20250312_0_L1C,20250312T154326,1640,2147,6995,28049,8869,0,0,0.0098,0.0129,0.042,0.1683,0.0532,0.0,129786,0.7785,1,0.0126,0.0165,0.0539,0.7416,0.655,0.2089,82.9683179551494,16.2401227459588,181.293300472507,0
S2A_22WDD_20250314_0_L1C,20250314T154316,203,367,64475,76311,8869,0,489,0.0012,0.0022,0.3868,0.4578,0.0532,0.0,82013,0.492,1,0.0025,0.0045,0.7862,0.7607,0.569,0.3038,65.7562184597928,17.0277557067365,181.399621717033,0
S2C_22WDD_20250315_0_L1C,20250315T155324,357,7,111830,46438,8869,0,1723,0.0021,0.0,0.6708,0.2786,0.0532,0.0,113120,0.6786,1,0.0032,0.0001,0.9886,0.841,0.6081,0.3631,12.9194266997398,17.383733868378798,184.133699926965,0
S2C_22WDD_20250316_0_L1C,20250316T152331,0,17173,13,135683,8869,4589,8136,0.0,0.103,0.0001,0.8139,0.0532,0.0275,25699,0.1542,0,0.0,0.6682,0.0005,,0.4352,0.5545,99.7914074547285,17.781350701855203,176.364707743122,0
S2B_22WDD_20250317_1_L1C,20250317T154306,18958,29881,75528,8234,8869,0,0,0.1137,0.1792,0.4531,0.0494,0.0532,0.0,149601,0.8974,1,0.1267,0.1997,0.5049,0.8624,0.5803,0.3495,22.3067574427424,18.211349563441203,181.589925801345,0
S2C_22WDD_20250319_0_L1C,20250319T153329,9171,7,143805,1135,8869,0,0,0.055,0.0,0.8626,0.0068,0.0532,0.0,156700,0.94,1,0.0585,0.0,0.9177,0.8858,0.5871,0.4013,6.80557795096897,19.004587837675004,179.208747083611,0
S2B_22WDD_20250320_0_L1C,20250320T155304,0,68051,0,71455,8869,0,5491,0.0,0.4082,0.0,0.4286,0.0532,0.0,91871,0.5511,1,0.0,0.7407,0.0,,0.47,,82.8284419881305,19.352332256358096,184.478912214493,0
S2A_22WDD_20250321_0_L1C,20250321T153317,4598,74172,0,79756,8869,0,5488,0.0276,0.4449,0.0,0.4784,0.0532,0.0,83567,0.5013,1,0.055,0.8876,0.0,0.7222,0.5885,,84.4605392815551,19.795152712684697,179.309491406009,0
S2C_22WDD_20250322_0_L1C,20250322T154327,101242,16994,18882,505,8869,0,0,0.6073,0.1019,0.1133,0.003,0.0532,0.0,157330,0.9438,1,0.6435,0.108,0.12,0.7843,0.6276,0.2618,51.2923049359491,20.182044487141994,182.094488486095,0
S2A_22WDD_20250324_0_L1C,20250324T154314,77197,76058,1404,0,8869,0,0,0.4631,0.4562,0.0084,0.0,0.0532,0.0,157835,0.9468,1,0.4891,0.4819,0.0089,0.7294,0.6342,0.4182,20.4334677197221,20.968764766192805,182.20754117269,0
S2C_22WDD_20250325_0_L1C,20250325T155322,1015,111610,0,46085,8869,0,875,0.0061,0.6695,0.0,0.2764,0.0532,0.0,112625,0.6756,1,0.009,0.991,0.0,0.7036,0.6359,,81.544815270298,21.310155697738097,185.018198234341,0
S2C_22WDD_20250326_0_L1C,20250326T152328,0,3618,41,125629,8869,7363,7418,0.0,0.0217,0.0002,0.7536,0.0532,0.0442,32261,0.1935,0,0.0,0.1121,0.0013,,0.4425,0.8077,82.4952910281119,21.738941433263193,177.062441669434,0
S2A_22WDD_20250327_0_L1C,20250327T155308,9166,142869,0,6687,8869,0,920,0.055,0.857,0.0,0.0401,0.0532,0.0,152068,0.9122,1,0.0603,0.9395,0.0,0.7109,0.6572,,43.9577523762492,22.0910454635129,185.142531318228,0
S2A_22WDD_20250328_1_L1C,20250328T152315,778,29000,32,105361,8869,9631,8679,0.0047,0.174,0.0002,0.632,0.0532,0.0578,51522,0.3091,1,0.0151,0.5629,0.0006,0.7638,0.5152,0.5751,36.772441814869,22.5226791117488,177.15354109132,0
S2C_22WDD_20250329_0_L1C,20250329T153328,0,0,0,152066,8869,0,8416,0.0,0.0,0.0,0.9122,0.0532,0.0,14185,0.0851,0,0.0,0.0,0.0,,,,86.861267879005,22.936683538290694,179.994220047563,0
S2B_22WDD_20250330_0_L1C,20250330T155301,97015,60820,0,0,8869,0,0,0.582,0.3648,0.0,0.0,0.0532,0.0,157835,0.9468,1,0.6147,0.3853,0.0,0.7251,0.6806,,76.4648071345884,23.2532700899294,185.392654052806,0
S2A_22WDD_20250331_1_L1C,20250331T153316,157113,3,716,0,8869,0,0,0.9425,0.0,0.0043,0.0,0.0532,0.0,157835,0.9468,1,0.9954,0.0,0.0045,0.775,0.6644,0.2749,16.1708322135627,23.712321952003606,180.10229642685,0
S2C_22WDD_20250401_0_L1C,20250401T154326,12522,21816,0,129413,8869,0,6744,0.0751,0.1309,0.0,0.7763,0.0532,0.0,35166,0.2109,0,0.3561,0.6204,0.0,0.7445,0.6112,,47.3449789483114,24.077771308066005,182.962723287482,0
S2A_22WDD_20250403_1_L1C,20250403T154315,4838,3345,0,157563,8869,0,8146,0.029,0.0201,0.0,0.9452,0.0532,0.0,8418,0.0505,0,0.5747,0.3974,0.0,0.7525,0.5942,,42.4779181223685,24.843124156220995,183.0867177843,0
S2C_22WDD_20250404_0_L1C,20250404T155324,148309,1284,614,8206,8869,0,579,0.8897,0.0077,0.0037,0.0492,0.0532,0.0,150208,0.901,1,0.9874,0.0085,0.0041,0.8042,0.6431,0.3151,41.458386452718,25.1587795831192,185.964294889366,0
S2C_22WDD_20250405_0_L1C,20250405T152330,0,3967,24,157447,8869,4670,8798,0.0,0.0238,0.0001,0.9445,0.0532,0.028,4516,0.0271,0,0.0,0.8784,0.0053,,0.5253,0.736,99.9381746121739,25.611075536728094,177.81386464444,0
S2B_22WDD_20250406_0_L1C,20250406T154304,53898,43263,0,66327,8869,0,5757,0.3233,0.2595,0.0,0.3979,0.0532,0.0,97265,0.5835,1,0.5541,0.4448,0.0,0.7167,0.6676,,74.269013705993,25.977929102319095,183.296592101334,0
S2A_22WDD_20250407_1_L1C,20250407T152320,152161,33,392,0,8869,5093,0,0.9128,0.0002,0.0024,0.0,0.0532,0.0306,152742,0.9162,1,0.9962,0.0002,0.0026,0.7628,0.6913,0.4142,73.9762645141993,26.365402459507102,177.911617680878,0
S2C_22WDD_20250408_0_L1C,20250408T153329,0,54,0,164592,8869,0,8776,0.0,0.0003,0.0,0.9873,0.0532,0.0,2019,0.0121,0,0.0,0.0267,0.0,,0.4272,,97.1172325241124,26.751308932578297,180.801156318485,0
S2B_22WDD_20250409_0_L1C,20250409T155303,153232,28,2180,1408,8869,0,0,0.9192,0.0002,0.0131,0.0084,0.0532,0.0,156427,0.9384,1,0.9796,0.0002,0.0139,0.9258,0.6403,0.2841,30.0378828032159,27.025740775318198,186.32850761292,0
S2A_22WDD_20250410_0_L1C,20250410T153319,89468,5709,32262,18938,8869,0,1292,0.5367,0.0342,0.1935,0.1136,0.0532,0.0,140189,0.8409,1,0.6382,0.0407,0.2301,0.8719,0.6008,0.2678,43.9416524829048,27.491469480774498,180.911081483797,0
S2C_22WDD_20250411_0_L1C,20250411T154326,0,0,0,165060,8869,0,8792,0.0,0.0,0.0,0.9901,0.0532,0.0,1567,0.0094,0,0.0,0.0,0.0,,,,92.0967183254203,27.825547190711802,183.817415034083,0
S2C_22WDD_20250415_0_L1C,20250415T152328,102883,542,30120,1455,8869,5249,0,0.6172,0.0033,0.1807,0.0087,0.0532,0.0315,151131,0.9066,1,0.6808,0.0036,0.1993,0.831,0.6758,0.2355,27.501896594889,29.295274447350003,178.49644205538,0
S2A_22WDD_20250416_1_L1C,20250416T155313,0,65835,0,99305,8869,0,7305,0.0,0.3949,0.0,0.5957,0.0532,0.0,65835,0.3949,1,0.0,1.0,0.0,,0.4756,,98.221342310802,29.5381878949346,186.985933700325,0
S2A_22WDD_20250417_1_L1C,20250417T152319,98203,18,39569,327,8869,7876,0,0.5891,0.0001,0.2374,0.002,0.0532,0.0472,149632,0.8976,1,0.6563,0.0001,0.2644,0.8729,0.6298,0.2471,32.6775486326965,30.0013461455708,178.582700759319,0
S2C_22WDD_20250418_0_L1C,20250418T153327,96624,1406,20006,23621,8869,0,0,0.5796,0.0084,0.12,0.1417,0.0532,0.0,134214,0.8051,1,0.7199,0.0105,0.1491,0.8238,0.6743,0.2233,50.4026098121771,30.3514191230743,181.520731751778,0
S2B_22WDD_20250419_0_L1C,20250419T155303,93054,6558,7486,36276,8869,0,0,0.5582,0.0393,0.0449,0.2176,0.0532,0.0,121559,0.7292,1,0.7655,0.0539,0.0616,0.7769,0.6804,0.2148,41.7074042338113,30.5771576439637,187.174997128773,0
S2A_22WDD_20250420_1_L1C,20250420T153319,96813,10,49486,259,8869,0,0,0.5807,0.0001,0.2968,0.0016,0.0532,0.0,157576,0.9452,1,0.6144,0.0001,0.314,0.9093,0.6102,0.2689,1.83952939771268,31.0383170241616,181.614121600246,0
S2C_22WDD_20250421_0_L1C,20250421T154325,95554,15,48243,0,8869,0,0,0.5732,0.0001,0.2894,0.0,0.0532,0.0,157835,0.9468,1,0.6054,0.0001,0.3057,0.9148,0.6443,0.2647,0,31.333786187706004,184.569231414392,0
S2A_22WDD_20250423_1_L1C,20250423T154318,9281,32003,3587,64644,8869,0,59,0.0557,0.192,0.0215,0.3878,0.0532,0.0,93250,0.5594,1,0.0995,0.3432,0.0385,0.7529,0.5552,0.2465,4.08313177461256,31.9999816378592,184.66338766775,0
S2C_22WDD_20250424_0_L1C,20250424T155323,101977,16,41606,0,8869,0,0,0.6117,0.0001,0.2496,0.0,0.0532,0.0,157835,0.9468,1,0.6461,0.0001,0.2636,0.9073,0.6521,0.2603,4.43086973057613,32.2400855862296,187.631936186772,0
S2C_22WDD_20250425_0_L1C,20250425T152329,93082,76,46063,0,8869,4191,0,0.5584,0.0005,0.2763,0.0,0.0532,0.0251,153644,0.9217,1,0.6058,0.0005,0.2998,0.8918,0.606,0.2506,45.8512185222914,32.7020430801134,179.057459808005,0
S2B_22WDD_20250426_0_L1C,20250426T154305,0,17,0,165010,8869,0,8776,0.0,0.0001,0.0,0.9898,0.0532,0.0,1601,0.0096,0,0.0,0.0106,0.0,,0.4286,,92.8910388485772,32.9734869805919,184.779107567967,0
S2A_22WDD_20250427_1_L1C,20250427T152321,59753,6271,27978,20640,8869,7745,1201,0.3584,0.0376,0.1678,0.1238,0.0532,0.0465,130651,0.7837,1,0.4573,0.048,0.2141,0.8962,0.5681,0.2713,62.3739667842285,33.3419020747765,179.106584669815,0
S2C_22WDD_20250428_0_L1C,20250428T153328,59197,2474,19442,43046,8869,0,0,0.3551,0.0148,0.1166,0.2582,0.0532,0.0,114789,0.6886,1,0.5157,0.0216,0.1694,0.8122,0.6665,0.2245,65.4344112992326,33.6493530583088,182.088114644007,0
S2B_22WDD_20250429_0_L1C,20250429T155302,32,1982,0,162030,8869,0,8798,0.0002,0.0119,0.0,0.972,0.0532,0.0,4603,0.0276,0,0.007,0.4306,0.0,0.7315,0.5909,,85.7362273748673,33.8224996329696,187.840621706378,0
S2A_22WDD_20250430_1_L1C,20250430T153320,0,2078,0,163226,8869,0,8176,0.0,0.0125,0.0,0.9791,0.0532,0.0,2785,0.0167,0,0.0,0.7461,0.0,,0.503,,96.0800262772851,34.2650132345985,182.135193020069,0
S2C_22WDD_20250501_0_L1C,20250501T154325,166,30078,171,134013,8869,0,8798,0.001,0.1804,0.001,0.8039,0.0532,0.0,32620,0.1957,0,0.0051,0.9221,0.0052,0.7095,0.5754,0.262,90.9684373973544,34.5154668439879,185.130579693291,0
S2A_22WDD_20250503_1_L1C,20250503T154318,23401,5975,20841,98421,8869,0,7966,0.1404,0.0358,0.125,0.5904,0.0532,0.0,67380,0.4042,1,0.3473,0.0887,0.3093,0.8059,0.5918,0.3315,62.7097258697211,35.1054978511427,185.174354087531,0
S2C_22WDD_20250504_0_L1C,20250504T155320,75811,26,61402,0,8869,0,0,0.4548,0.0002,0.3683,0.0,0.0532,0.0,157835,0.9468,1,0.4803,0.0002,0.389,0.8823,0.6033,0.3467,23.1337969875252,35.2983690734013,188.179701213511,0
S2C_22WDD_20250505_0_L1C,20250505T152328,14853,1929,11509,126661,8869,3988,7554,0.0891,0.0116,0.069,0.7598,0.0532,0.0239,34740,0.2084,0,0.4275,0.0555,0.3313,0.8485,0.5895,0.3452,61.0800503683846,35.7394991973584,179.389535348026,0
S2A_22WDD_20250506_1_L1C,20250506T155311,766,75639,0,84049,8869,0,8588,0.0046,0.4537,0.0,0.5042,0.0532,0.0,82374,0.4941,1,0.0093,0.9182,0.0,0.7066,0.565,,83.5190592438573,35.8614799959847,188.21885406186,0
S2A_22WDD_20250507_0_L1C,20250507T152319,210,56,17,142433,8869,9265,8478,0.0013,0.0003,0.0001,0.8544,0.0532,0.0556,14615,0.0877,0,0.0144,0.0038,0.0012,0.9498,0.5745,0.7005,99.5991598928671,36.2944169910361,179.386378066295,0
S2C_22WDD_20250508_0_L1C,20250508T153325,0,469,0,160764,8869,0,8757,0.0,0.0028,0.0,0.9644,0.0532,0.0,5828,0.035,0,0.0,0.0805,0.0,,0.4393,,97.4185254859805,36.5535842588716,182.404131689611,0
S2B_22WDD_20250509_0_L1C,20250509T155302,27777,160,123975,0,8869,0,0,0.1666,0.001,0.7437,0.0,0.0532,0.0,157835,0.9468,1,0.176,0.001,0.7855,0.8479,0.6767,0.5009,33.0742747818902,36.6715036306713,188.262195571537,0
S2A_22WDD_20250510_0_L1C,20250510T153319,0,1978,0,164371,8869,0,8630,0.0,0.0119,0.0,0.986,0.0532,0.0,2094,0.0126,0,0.0,0.9446,0.0,,0.4989,,98.7507838394697,37.0797699245377,182.404529363153,0
S2C_22WDD_20250511_0_L1C,20250511T154322,0,0,0,153817,8869,0,8237,0.0,0.0,0.0,0.9227,0.0532,0.0,12255,0.0735,0,0.0,0.0,0.0,,,,99.6328943832303,37.2802306044128,185.423866372244,0
S2A_22WDD_20250513_1_L1C,20250513T154318,13755,325,129579,5110,8869,0,0,0.0825,0.0019,0.7773,0.0307,0.0532,0.0,152725,0.9161,1,0.0901,0.0021,0.8484,0.8341,0.5306,0.4843,27.3018901728926,37.7763008104349,185.430947578435,0
S2C_22WDD_20250514_0_L1C,20250514T155317,24419,262,115341,3807,8869,0,0,0.1465,0.0016,0.6919,0.0228,0.0532,0.0,154028,0.924,1,0.1585,0.0017,0.7488,0.8559,0.631,0.4256,52.3167988829943,37.9181508463248,188.442768745205,0
S2C_22WDD_20250515_0_L1C,20250515T152323,0,2244,0,150159,8869,8817,8412,0.0,0.0135,0.0,0.9008,0.0532,0.0529,7271,0.0436,0,0.0,0.3086,0.0,,0.4432,,95.570083271546,38.3184038551725,179.449305125615,0
S2B_22WDD_20250516_0_L1C,20250516T154304,13,20704,0,126523,8869,0,8136,0.0001,0.1242,0.0,0.759,0.0532,0.0,39448,0.2366,0,0.0003,0.5248,0.0,0.7151,0.492,,67.5710233210905,38.4827546884265,185.381275962302,0
S2A_22WDD_20250517_0_L1C,20250517T152322,33,25,50,157659,8869,7173,8795,0.0002,0.0001,0.0003,0.9457,0.0532,0.043,1798,0.0108,0,0.0184,0.0139,0.0278,0.8946,0.4948,0.7952,90.7088439519066,38.772312725287,179.427473038458,0
S2B_22WDD_20250519_0_L1C,20250519T155301,0,3642,0,161772,8869,0,8763,0.0,0.0218,0.0,0.9704,0.0532,0.0,4826,0.0289,0,0.0,0.7547,0.0,,0.4458,,99.8179170418361,39.042123705988,188.390315044923,0
S2A_22WDD_20250520_1_L1C,20250520T153322,0,0,0,164837,8869,0,8772,0.0,0.0,0.0,0.9888,0.0532,0.0,1770,0.0106,0,0.0,0.0,0.0,,,,93.2815849980591,39.4002283517025,182.415620252516,0
S2A_22WDD_20250523_1_L1C,20250523T154321,0,0,9,132499,8869,0,8330,0.0,0.0,0.0001,0.7948,0.0532,0.0,33666,0.202,0,0.0,0.0,0.0003,,,0.215,85.5145547459854,39.9344651179305,185.400915928966,0
S2C_22WDD_20250524_0_L1C,20250524T155320,0,0,808,125801,8869,0,8211,0.0,0.0,0.0048,0.7546,0.0532,0.0,40245,0.2414,0,0.0,0.0,0.0201,,,0.2722,78.1412610568202,40.0211440266196,188.431709519613,0
S2A_22WDD_20250526_1_L1C,20250526T155318,0,730,0,164804,8869,0,8798,0.0,0.0044,0.0,0.9886,0.0532,0.0,1829,0.011,0,0.0,0.3991,0.0,,0.4375,,98.2849959048201,40.3739313153594,188.378319905375,0
S2A_22WDD_20250527_0_L1C,20250527T152324,0,0,145433,5419,8869,7040,334,0.0,0.0,0.8724,0.0325,0.0532,0.0422,145710,0.8741,1,0.0,0.0,0.9981,,,1.0,59.7414849582419,40.6999653523402,179.178854919883,0
S2C_22WDD_20250528_0_L1C,20250528T153326,154,1,157569,0,8869,0,0,0.0009,0.0,0.9452,0.0,0.0532,0.0,157835,0.9468,1,0.001,0.0,0.9983,0.9443,0.4292,0.5206,2.45809071635462,40.8509489466811,182.222105705474,0
S2B_22WDD_20250529_0_L1C,20250529T155302,100,0,157649,0,8869,0,0,0.0006,0.0,0.9457,0.0,0.0532,0.0,157835,0.9468,1,0.0006,0.0,0.9988,0.9521,,0.5989,0,40.8601766539577,188.21320632385,0
S2A_22WDD_20250530_0_L1C,20250530T153323,64,0,157678,0,8869,0,0,0.0004,0.0,0.9459,0.0,0.0532,0.0,157835,0.9468,1,0.0004,0.0,0.999,0.9584,,0.606,0.0864164352473947,41.1528206254104,182.127437692546,0
S2C_22WDD_20250531_0_L1C,20250531T154324,19,6,9844,76732,8869,0,1729,0.0001,0.0,0.0591,0.4603,0.0532,0.0,82832,0.4969,1,0.0002,0.0001,0.1188,0.7633,0.5434,0.2114,66.5086744901311,41.2427086106681,185.17552047098,0
S2A_22WDD_20250602_0_L1C,20250602T154321,97,2,152194,2617,8869,0,0,0.0006,0.0,0.913,0.0157,0.0532,0.0,155218,0.9311,1,0.0006,0.0,0.9805,0.8946,0.4215,0.3308,66.0960613932933,41.5077983347331,185.07148184086,0
S2C_22WDD_20250603_0_L1C,20250603T155321,168,0,157547,2,8869,0,0,0.001,0.0,0.9451,0.0,0.0532,0.0,157833,0.9468,1,0.0011,0.0,0.9982,0.9188,,0.3711,40.5487703565566,41.5365076505149,188.119990198439,0
S2C_22WDD_20250604_0_L1C,20250604T152328,0,15214,0,142964,8869,6468,8612,0.0,0.0913,0.0,0.8576,0.0532,0.0388,17015,0.1021,0,0.0,0.8942,0.0,,0.4622,,79.6598535858416,41.7994071535068,178.815725689562,0
S2B_22WDD_20250605_0_L1C,20250605T154304,0,0,0,164869,8869,0,8766,0.0,0.0,0.0,0.989,0.0532,0.0,1732,0.0104,0,0.0,0.0,0.0,,,,98.5818328406342,41.8581426546223,184.83831011116,0
S2A_22WDD_20250606_1_L1C,20250606T152323,102,44,15,131244,8869,8022,8450,0.0006,0.0003,0.0001,0.7873,0.0532,0.0481,27019,0.1621,0,0.0038,0.0016,0.0006,0.9273,0.4726,0.6888,99.4152716199156,42.0089223428394,178.680309534653,0
S2C_22WDD_20250607_0_L1C,20250607T153326,0,0,0,135736,8869,0,8372,0.0,0.0,0.0,0.8142,0.0532,0.0,30471,0.1828,0,0.0,0.0,0.0,,,,87.1464361432112,42.1017589403611,181.741921539063,0
S2B_22WDD_20250608_0_L1C,20250608T155300,118,0,157312,143,8869,0,0,0.0007,0.0,0.9437,0.0009,0.0532,0.0,157692,0.9459,1,0.0007,0.0,0.9976,0.9448,,0.5316,18.3062225664859,42.0586994405946,187.761702257752,0
S2A_22WDD_20250609_1_L1C,20250609T153322,85,0,157649,0,8869,0,0,0.0005,0.0,0.9457,0.0,0.0532,0.0,157835,0.9468,1,0.0005,0.0,0.9988,0.941,,0.4194,20.9598375586013,42.273092310218,181.599900954838,0
S2C_22WDD_20250610_0_L1C,20250610T154324,0,0,0,164948,8869,0,8798,0.0,0.0,0.0,0.9895,0.0532,0.0,1685,0.0101,0,0.0,0.0,0.0,,,,79.4154498492042,42.3041824165756,184.663578789754,0
S2A_22WDD_20250612_1_L1C,20250612T154319,67,0,157692,0,8869,0,0,0.0004,0.0,0.9459,0.0,0.0532,0.0,157835,0.9468,1,0.0004,0.0,0.9991,0.8959,,0.5469,3.40296146098238,42.437071770157,184.514808478683,0
S2C_22WDD_20250613_0_L1C,20250613T155320,1,0,14911,146881,8869,0,6061,0.0,0.0,0.0894,0.8811,0.0532,0.0,17015,0.1021,0,0.0001,0.0,0.8763,0.8933,,0.3435,81.6203892705073,42.4065072069071,187.575883552565,0
S2C_22WDD_20250614_0_L1C,20250614T152326,0,82,5,156446,8869,7383,8745,0.0,0.0005,0.0,0.9385,0.0532,0.0443,2751,0.0165,0,0.0,0.0298,0.0018,,0.416,0.7384,94.5178961849313,42.578534804494,178.190566970971,0
S2A_22WDD_20250615_1_L1C,20250615T155315,0,0,3560,157281,8869,0,7135,0.0,0.0,0.0214,0.9435,0.0532,0.0,7689,0.0461,0,0.0,0.0,0.463,,,0.2922,90.4188751074985,42.5007466143874,187.419918363345,0
S2A_22WDD_20250616_0_L1C,20250616T152321,3,35,3502,121757,8869,9803,8100,0.0,0.0002,0.021,0.7304,0.0532,0.0588,34375,0.2062,0,0.0001,0.001,0.1019,0.9027,0.5534,0.2526,59.0365447955934,42.6524166084659,178.024821498768,0
S2C_22WDD_20250617_0_L1C,20250617T153324,0,0,0,165066,8869,0,8798,0.0,0.0,0.0,0.9902,0.0532,0.0,1567,0.0094,0,0.0,0.0,0.0,,,,76.6377019319777,42.6861727134952,181.098750611075,0
S2B_22WDD_20250618_0_L1C,20250618T155301,0,6,4787,107407,8869,0,2187,0.0,0.0,0.0287,0.6443,0.0532,0.0,52615,0.3156,1,0.0,0.0001,0.091,,0.5695,0.2752,5.29691174093414,42.5915253034641,187.151323133871,0
S2A_22WDD_20250619_1_L1C,20250619T153319,120,0,157613,0,8869,0,0,0.0007,0.0,0.9455,0.0,0.0532,0.0,157835,0.9468,1,0.0008,0.0,0.9986,0.9419,,0.5567,13.2389441309087,42.7209140265051,180.933828673796,0
S2C_22WDD_20250620_0_L1C,20250620T154322,105,0,127498,30883,8869,0,979,0.0006,0.0,0.7648,0.1853,0.0532,0.0,127931,0.7674,1,0.0008,0.0,0.9966,0.9443,,0.463,19.9505210666189,42.6925361146774,184.005866365292,0
S2A_22WDD_20250622_1_L1C,20250622T154318,0,0,2927,159061,8869,0,8798,0.0,0.0,0.0176,0.9542,0.0532,0.0,7572,0.0454,0,0.0,0.0,0.3866,,,0.3383,71.918659858461,42.6878565671525,183.847828368292,0
S2C_22WDD_20250623_0_L1C,20250623T155320,16,8,21998,117731,8869,0,6769,0.0001,0.0,0.132,0.7062,0.0532,0.0,46873,0.2812,0,0.0003,0.0002,0.4693,0.8027,0.5964,0.2647,76.8099030731331,42.5974870712325,186.9115478009,0
S2C_22WDD_20250624_0_L1C,20250624T152327,48,0,149342,0,8869,7730,0,0.0003,0.0,0.8959,0.0,0.0532,0.0464,150105,0.9004,1,0.0003,0.0,0.9949,0.9618,,0.5394,0.0434360482047253,42.6729756067539,177.513273400778,0
S2B_22WDD_20250625_0_L1C,20250625T154306,42,0,157710,0,8869,0,0,0.0003,0.0,0.946,0.0,0.0532,0.0,157835,0.9468,1,0.0003,0.0,0.9992,0.9657,,0.5837,9.2840634238108,42.6294748130491,183.578163910039,0
S2A_22WDD_20250626_0_L1C,20250626T152323,20,34,12231,94128,8869,8557,2598,0.0001,0.0002,0.0734,0.5646,0.0532,0.0513,57748,0.3464,1,0.0003,0.0006,0.2118,0.9992,0.5063,0.2668,44.7652126002141,42.6087440911487,177.360552508928,0
S2C_22WDD_20250627_0_L1C,20250627T153327,6,2,22466,78564,8869,0,1150,0.0,0.0,0.1348,0.4713,0.0532,0.0,80421,0.4824,1,0.0001,0.0,0.2794,0.9115,0.4908,0.41,15.2911702350025,42.5826135028728,180.434029481139,0
S2B_22WDD_20250628_0_L1C,20250628T155303,0,47,0,129516,8869,0,7395,0.0,0.0003,0.0,0.7769,0.0532,0.0,35714,0.2142,0,0.0,0.0013,0.0,,0.4045,,92.2319766767212,42.4367705163594,186.483829256672,0
S2A_22WDD_20250629_1_L1C,20250629T153323,0,2012,0,162893,8869,0,8779,0.0,0.0121,0.0,0.9771,0.0532,0.0,3721,0.0223,0,0.0,0.5407,0.0,,0.4798,,98.504434291857,42.4793641703061,180.28564836941,0
S2C_22WDD_20250630_0_L1C,20250630T154325,105,0,154456,3196,8869,0,0,0.0006,0.0,0.9265,0.0192,0.0532,0.0,154639,0.9276,1,0.0007,0.0,0.9988,0.9533,,0.5457,32.9384574039237,42.3911451150155,183.353227054235,0
S2A_22WDD_20250702_1_L1C,20250702T154322,0,0,0,164946,8869,0,8777,0.0,0.0,0.0,0.9895,0.0532,0.0,1666,0.01,0,0.0,0.0,0.0,,,,99.9773405075663,42.2491491424184,183.20975774717,0
S2C_22WDD_20250703_0_L1C,20250703T155323,0,5316,0,159433,8869,0,8677,0.0,0.0319,0.0,0.9564,0.0532,0.0,7079,0.0425,0,0.0,0.751,0.0,,0.4737,,99.6046014327104,42.0992236569466,186.267107725351,0
S2C_22WDD_20250704_0_L1C,20250704T152329,70,7,45450,95936,8869,5712,5131,0.0004,0.0,0.2726,0.5755,0.0532,0.0343,61318,0.3678,1,0.0011,0.0001,0.7412,0.8979,0.6009,0.381,70.4304296272039,42.0814390414945,176.921415229454,0
S2A_22WDD_20250705_0_L1C,20250705T155319,147,41,22553,139044,8869,0,7982,0.0009,0.0002,0.1353,0.8341,0.0532,0.0,26773,0.1606,0,0.0055,0.0015,0.8424,0.8283,0.6115,0.3563,34.3485167059947,41.9188778957931,186.128741936163,0
S2A_22WDD_20250706_0_L1C,20250706T152325,45,51,35,156939,8869,7338,8781,0.0003,0.0003,0.0002,0.9414,0.0532,0.044,2339,0.014,0,0.0192,0.0218,0.015,0.9211,0.5156,0.6572,99.3237163640536,41.8825749140516,176.801246995126,0
S2C_22WDD_20250707_0_L1C,20250707T153329,160,2876,98,110894,8869,0,8127,0.001,0.0173,0.0006,0.6652,0.0532,0.0,55068,0.3303,1,0.0029,0.0522,0.0018,0.7341,0.481,0.2161,86.1571859416525,41.7972095279515,179.868706479829,0
S2B_22WDD_20250708_0_L1C,20250708T155304,0,4397,0,161702,8869,0,8653,0.0,0.0264,0.0,0.97,0.0532,0.0,4786,0.0287,0,0.0,0.9187,0.0,,0.5038,,98.0193542611543,41.6000217939127,185.888780290014,0
S2A_22WDD_20250709_1_L1C,20250709T153325,0,17,0,165066,8869,0,8798,0.0,0.0001,0.0,0.9902,0.0532,0.0,1567,0.0094,0,0.0,0.0108,0.0,,0.4588,,99.9641076174266,41.5610037850064,179.756343125892,0
S2C_22WDD_20250710_0_L1C,20250710T154327,561,0,157186,0,8869,0,0,0.0034,0.0,0.9429,0.0,0.0532,0.0,157835,0.9468,1,0.0036,0.0,0.9959,0.9512,,0.554,20.6081399862641,41.4140932815467,182.815121158054,0
S2A_22WDD_20250712_1_L1C,20250712T154323,0,4676,0,161848,8869,0,8689,0.0,0.028,0.0,0.9709,0.0532,0.0,4676,0.028,0,0.0,1.0,0.0,,0.5458,,99.5136313416346,41.1411168094266,182.71018147189,0
S2C_22WDD_20250713_0_L1C,20250713T155324,0,0,0,47556,8869,0,1551,0.0,0.0,0.0,0.2853,0.0532,0.0,111830,0.6708,1,0.0,0.0,0.0,,,,98.8589424716417,40.9331483718681,185.755686226696,0
S2C_22WDD_20250714_0_L1C,20250714T152330,9,11,21028,124331,8869,5146,8757,0.0001,0.0001,0.1261,0.7458,0.0532,0.0309,37115,0.2226,0,0.0002,0.0003,0.5666,0.9015,0.4628,0.384,49.0454220223825,40.8328856480064,176.522957388872,0
S2B_22WDD_20250715_0_L1C,20250715T154307,1867,0,155869,0,8869,0,0,0.0112,0.0,0.935,0.0,0.0532,0.0,157835,0.9468,1,0.0118,0.0,0.9875,0.9614,,0.5671,5.29911314162859,40.6853783501219,182.519679193562,0
S2B_22WDD_20260213_0_L1C,20260213T155256,0,0,0,141404,8869,0,8740,0.0,0.0,0.0,0.8482,0.0532,0.0,25171,0.151,0,0.0,0.0,0.0,,,,95.8500830328996,6.071610308854304,182.429418282728,0
S2B_22WDD_20260214_0_L1C,20260214T152302,35787,66,92693,0,8869,13138,0,0.2147,0.0004,0.556,0.0,0.0532,0.0788,144697,0.868,1,0.2473,0.0005,0.6406,0.8984,0.5643,0.3311,16.8697759310663,6.3515476710171015,175.107154551768,0
S2C_22WDD_20260219_0_L1C,20260219T152309,0,0,12,143491,8869,5023,8792,0.0,0.0,0.0001,0.8608,0.0532,0.0301,18113,0.1087,0,0.0,0.0,0.0007,,,0.5796,99.9180304653437,8.1036493106689,175.17138163342,0
S2B_22WDD_20260220_0_L1C,20260220T154301,0,2753,0,71950,8869,0,6996,0.0,0.0165,0.0,0.4316,0.0532,0.0,92881,0.5572,1,0.0,0.0296,0.0,,0.4587,,78.9492967840186,8.535423213195202,180.120382684071,0
S2C_22WDD_20260222_0_L1C,20260222T153308,0,0,0,163639,8869,0,8779,0.0,0.0,0.0,0.9816,0.0532,0.0,2975,0.0178,0,0.0,0.0,0.0,,,,99.9422198333781,9.244190274318399,177.714139256483,0
S2B_22WDD_20260223_0_L1C,20260223T155258,0,0,0,162766,8869,0,8771,0.0,0.0,0.0,0.9764,0.0532,0.0,3840,0.023,0,0.0,0.0,0.0,,,,100,9.610204166687097,182.709158852752,0
S2B_22WDD_20260224_0_L1C,20260224T152305,0,0,49,130219,8869,8710,7905,0.0,0.0,0.0003,0.7811,0.0532,0.0522,26811,0.1608,0,0.0,0.0,0.0018,,,0.7311,99.9996708236158,9.928407097019303,175.257599253484,0
S2C_22WDD_20260225_0_L1C,20260225T154305,12,37164,0,90053,8869,0,2161,0.0001,0.2229,0.0,0.5402,0.0532,0.0,69943,0.4196,1,0.0002,0.5313,0.0,0.7064,0.4774,,93.6982591298635,10.369685143726599,180.311939681706,0
S2B_22WDD_20260227_0_L1C,20260227T153301,75128,8351,51765,0,8869,0,0,0.4507,0.0501,0.3105,0.0,0.0532,0.0,157835,0.9468,1,0.476,0.0529,0.328,0.802,0.6681,0.3769,56.2044511849644,11.104199927341895,177.870086045777,0
S2C_22WDD_20260228_0_L1C,20260228T155302,0,21275,0,118249,8869,0,6717,0.0,0.1276,0.0,0.7093,0.0532,0.0,46303,0.2778,0,0.0,0.4595,0.0,,0.4961,,94.5163844775616,11.475259867591006,182.963878200065,0
S2C_22WDD_20260301_0_L1C,20260301T152308,36652,40,102220,0,8869,4647,0,0.2199,0.0002,0.6132,0.0,0.0532,0.0279,153188,0.9189,1,0.2393,0.0003,0.6673,0.8653,0.6086,0.3557,33.6549927010762,11.812996925702706,175.439580823401,0
S2B_22WDD_20260302_0_L1C,20260302T154302,0,149,0,151998,8869,0,8408,0.0,0.0009,0.0,0.9118,0.0532,0.0,14245,0.0855,0,0.0,0.0105,0.0,,0.4084,,99.8485472841829,12.258108700418504,180.536595552984,0
S2C_22WDD_20260304_0_L1C,20260304T153306,8160,47,128031,18318,8869,0,0,0.0489,0.0003,0.768,0.1099,0.0532,0.0,139517,0.8369,1,0.0585,0.0003,0.9177,0.8878,0.58,0.3722,11.9714234524769,13.014035611693899,178.11100710756,0
S2B_22WDD_20260305_0_L1C,20260305T155259,20,4661,0,78986,8869,0,3770,0.0001,0.028,0.0,0.4738,0.0532,0.0,82619,0.4956,1,0.0002,0.0564,0.0,0.7127,0.5431,,96.581855606375,13.385748748708295,183.255036373221,0
S2A_22WDD_20260306_0_L1C,20260306T153325,3075,9,149902,4361,8869,0,0,0.0184,0.0001,0.8992,0.0262,0.0532,0.0,153474,0.9206,1,0.02,0.0001,0.9767,0.9101,0.6063,0.3866,17.8369912508585,13.7897383201515,178.300425537679,0
S2C_22WDD_20260307_0_L1C,20260307T154305,0,0,0,163925,8869,0,8747,0.0,0.0,0.0,0.9833,0.0532,0.0,2657,0.0159,0,0.0,0.0,0.0,,,,99.7236107378542,14.187254085492299,180.842270298817,0
S2A_22WDD_20260309_1_L1C,20260309T154324,27385,62421,13,1712,8869,0,0,0.1643,0.3744,0.0001,0.0103,0.0532,0.0,156123,0.9365,1,0.1754,0.3998,0.0001,0.7202,0.6618,0.2027,90.8705545104363,14.967125682425703,181.055685751328,0
S2C_22WDD_20260310_0_L1C,20260310T155302,66321,33,71553,11,8869,0,0,0.3978,0.0002,0.4292,0.0001,0.0532,0.0,157824,0.9467,1,0.4202,0.0002,0.4534,0.8632,0.6167,0.3499,19.8862995939975,15.3282232200592,183.622896440314,0
S2C_22WDD_20260311_0_L1C,20260311T152309,54671,33,81023,22,8869,6144,0,0.328,0.0002,0.486,0.0001,0.0532,0.0369,151669,0.9098,1,0.3605,0.0002,0.5342,0.8956,0.6065,0.3162,37.3434952125394,15.703645184477793,175.942940799027,0
S2B_22WDD_20260312_0_L1C,20260312T154301,34468,9751,86582,3978,8869,0,119,0.2068,0.0585,0.5194,0.0239,0.0532,0.0,153976,0.9236,1,0.2239,0.0633,0.5623,0.8525,0.6258,0.333,33.9976410164532,16.1445387864551,181.169813882995,0
S2A_22WDD_20260313_1_L1C,20260313T152328,57,44,24,146414,8869,6121,8542,0.0003,0.0003,0.0001,0.8783,0.0532,0.0367,13842,0.083,0,0.0041,0.0032,0.0017,0.9999,0.6133,0.5578,97.5343724846085,16.496001384480294,176.14567256673,0
S2C_22WDD_20260314_0_L1C,20260314T153308,3782,5973,3717,143667,8869,0,7387,0.0227,0.0358,0.0223,0.8618,0.0532,0.0,21555,0.1293,0,0.1755,0.2771,0.1724,0.771,0.5919,0.2571,70.8653886350742,16.929976715776107,178.733546592404,0
S2B_22WDD_20260315_0_L1C,20260315T155257,3160,81410,135,36314,8869,0,0,0.019,0.4884,0.0008,0.2178,0.0532,0.0,121521,0.729,1,0.026,0.6699,0.0011,0.7151,0.6147,0.2067,97.4555218946139,17.2908838768885,183.998704501347,0
S2A_22WDD_20260316_1_L1C,20260316T153327,6362,130359,6529,504,8869,0,0,0.0382,0.782,0.0392,0.003,0.0532,0.0,157331,0.9438,1,0.0404,0.8286,0.0415,0.7463,0.5681,0.3113,73.5814147929171,17.721933490226405,178.957545218461,0
S2C_22WDD_20260317_0_L1C,20260317T154306,2,449,0,163668,8869,0,8781,0.0,0.0027,0.0,0.9818,0.0532,0.0,2948,0.0177,0,0.0007,0.1523,0.0,0.705,0.4803,,88.2837648182985,18.116368823748502,181.571161078753,0
S2A_22WDD_20260319_1_L1C,20260319T154325,0,59,0,163578,8869,0,8692,0.0,0.0004,0.0,0.9812,0.0532,0.0,2949,0.0177,0,0.0,0.02,0.0,,0.4058,,99.9993729284243,18.905502328860905,181.815576232449,0
S2C_22WDD_20260320_0_L1C,20260320T155303,5685,63210,0,96466,8869,0,8121,0.0341,0.3792,0.0,0.5787,0.0532,0.0,69490,0.4168,1,0.0818,0.9096,0.0,0.7307,0.5983,,94.3740581202799,19.258675915398896,184.453444449888,0
S2C_22WDD_20260321_0_L1C,20260321T152309,19606,132358,122,0,8869,5244,0,0.1176,0.794,0.0007,0.0,0.0532,0.0315,152591,0.9153,1,0.1285,0.8674,0.0008,0.7628,0.6364,0.2504,89.2160549369153,19.668258269547493,176.597763191477,0
S2B_22WDD_20260322_0_L1C,20260322T154300,2284,132102,0,23457,8869,0,8,0.0137,0.7924,0.0,0.1407,0.0532,0.0,134386,0.8061,1,0.017,0.983,0.0,0.7151,0.615,,92.3529815760399,20.089682224592494,181.955061230882,0
S2C_22WDD_20260324_0_L1C,20260324T153308,0,5260,0,154481,8869,0,8296,0.0,0.0316,0.0,0.9267,0.0532,0.0,11650,0.0699,0,0.0,0.4515,0.0,,0.4524,,97.5912687748216,20.884949595593596,179.481578569449,0
S2B_22WDD_20260325_0_L1C,20260325T155258,0,32305,0,129534,8869,0,5772,0.0,0.1938,0.0,0.777,0.0532,0.0,34073,0.2044,0,0.0,0.9481,0.0,,0.5128,,99.9880552190161,21.220151842973493,184.88604089679,0
S2A_22WDD_20260326_1_L1C,20260326T153327,157073,15,717,0,8869,0,0,0.9422,0.0001,0.0043,0.0,0.0532,0.0,157835,0.9468,1,0.9952,0.0001,0.0045,0.8236,0.6601,0.2338,63.3759742004837,21.671247652428406,179.726033790037,0
S2C_22WDD_20260327_0_L1C,20260327T154305,4463,152303,1067,0,8869,0,0,0.0268,0.9136,0.0064,0.0,0.0532,0.0,157835,0.9468,1,0.0283,0.965,0.0068,0.7085,0.6466,0.3597,32.2467078742274,22.050158510980197,182.407433814885,0
S2A_22WDD_20260329_2_L1C,20260329T154325,131077,26701,8,0,8869,0,0,0.7863,0.1602,0.0,0.0,0.0532,0.0,157835,0.9468,1,0.8305,0.1692,0.0001,0.7494,0.6848,0.2058,83.4929972194162,22.8269872287255,182.668125775008,0
S2C_22WDD_20260330_0_L1C,20260330T155302,129433,24750,0,3652,8869,0,0,0.7764,0.1485,0.0,0.0219,0.0532,0.0,154183,0.9249,1,0.8395,0.1605,0.0,0.7399,0.6838,,98.3472089819598,23.1603425328408,185.37154041618,0
S2C_22WDD_20260331_0_L1C,20260331T152308,0,1062,30,156710,8869,5850,8766,0.0,0.0064,0.0002,0.94,0.0532,0.0351,4041,0.0242,0,0.0,0.2628,0.0074,,0.4893,0.7075,99.2165222837431,23.597147193389702,177.32512583333,0
S2A_22WDD_20260401_1_L1C,20260401T155321,4688,152827,290,3,8869,0,0,0.0281,0.9168,0.0017,0.0,0.0532,0.0,157832,0.9468,1,0.0297,0.9683,0.0018,0.7161,0.6423,0.3021,72.1849540155502,23.9258323817202,185.646479298206,0
S2A_21WXU_20260402_1_L1C,20260402T152329,16220,18993,32,140420,8672,6850,4677,0.0868,0.1017,0.0002,0.7516,0.0464,0.0367,35570,0.1904,0,0.456,0.534,0.0009,0.7405,0.6466,0.7053,67.9076803968969,24.405716842992405,176.933426642477,0
S2C_22WDD_20260403_0_L1C,20260403T153306,20856,119671,0,17388,8869,0,301,0.1251,0.7179,0.0,0.1043,0.0532,0.0,140748,0.8443,1,0.1482,0.8503,0.0,0.7057,0.6588,,98.7093373943683,24.771894379169296,180.280768045752,0
S2B_22WDD_20260404_0_L1C,20260404T155259,8208,6189,3,131096,8869,0,7212,0.0492,0.0371,0.0,0.7864,0.0532,0.0,33951,0.2037,0,0.2418,0.1823,0.0001,0.7747,0.5564,0.2494,48.1455577131153,25.0695014693285,185.833406499401,0
S2A_22WDD_20260405_1_L1C,20260405T153326,157034,7,787,0,8869,0,0,0.942,0.0,0.0047,0.0,0.0532,0.0,157835,0.9468,1,0.9949,0.0,0.005,0.8161,0.664,0.3817,17.8804682134432,25.5325592788749,180.534932248434,0
S2C_22WDD_20260406_0_L1C,20260406T154302,16907,81862,0,60614,8869,0,1582,0.1014,0.4911,0.0,0.3636,0.0532,0.0,98803,0.5927,1,0.1711,0.8285,0.0,0.7285,0.6199,,88.0390277404521,25.885877208412595,183.269511537137,0
S2A_22WDD_20260408_1_L1C,20260408T154324,157131,2,696,0,8869,0,0,0.9426,0.0,0.0042,0.0,0.0532,0.0,157835,0.9468,1,0.9955,0.0,0.0044,0.8688,0.6418,0.3577,18.0024187046493,26.631564149480397,183.539346777555,0
S2C_22WDD_20260409_0_L1C,20260409T155258,157155,2,673,0,8869,0,0,0.9427,0.0,0.004,0.0,0.0532,0.0,157835,0.9468,1,0.9957,0.0,0.0043,0.8838,0.6913,0.3519,6.03526601654238,26.9362410497423,186.287216314256,0
S2C_22WDD_20260410_0_L1C,20260410T152304,45436,1064,212,110358,8869,6795,7240,0.2726,0.0064,0.0013,0.662,0.0532,0.0408,47922,0.2875,0,0.9481,0.0222,0.0044,0.8908,0.5449,0.3895,71.0526373097502,27.391014740850203,178.039538622784,0
S2B_22WDD_20260411_0_L1C,20260411T154302,157209,4,620,0,8869,0,0,0.943,0.0,0.0037,0.0,0.0532,0.0,157835,0.9468,1,0.996,0.0,0.0039,0.9024,0.6771,0.3653,7.6025262026337,27.738695566614503,183.688311696265,0
S2C_22WDD_20260413_0_L1C,20260413T153304,157301,10,517,0,8869,0,0,0.9436,0.0001,0.0031,0.0,0.0532,0.0,157835,0.9468,1,0.9966,0.0001,0.0033,0.9056,0.6681,0.3158,4.12625041058258,28.496772429084402,181.050161151113,0
S2B_22WDD_20260414_0_L1C,20260414T155258,93656,3196,0,61484,8869,0,503,0.5618,0.0192,0.0,0.3688,0.0532,0.0,96854,0.581,1,0.967,0.033,0.0,0.8002,0.6663,,74.2623048287085,28.749103246768698,186.728055641687,0
S2A_22WDD_20260415_1_L1C,20260415T153325,106152,7970,0,44876,8869,0,1284,0.6368,0.0478,0.0,0.2692,0.0532,0.0,114243,0.6853,1,0.9292,0.0698,0.0,0.8016,0.6702,,82.876078712413,29.213654768161803,181.290730731382,0
S2C_22WDD_20260416_0_L1C,20260416T154303,41919,115916,0,4,8869,0,4,0.2515,0.6953,0.0,0.0,0.0532,0.0,157835,0.9468,1,0.2656,0.7344,0.0,0.7199,0.6699,,70.7476783421422,29.5327851551595,184.086277857333,0
S2A_22WDD_20260418_1_L1C,20260418T154323,0,1642,0,164969,8869,0,8793,0.0,0.0098,0.0,0.9896,0.0532,0.0,1659,0.01,0,0.0,0.9898,0.0,,0.4925,,86.5116740181491,30.229439074548097,184.325873293226,0
S2C_22WDD_20260419_0_L1C,20260419T155300,157295,27,448,116,8869,0,116,0.9436,0.0002,0.0027,0.0007,0.0532,0.0,157835,0.9468,1,0.9966,0.0002,0.0028,0.8333,0.6754,0.2817,49.8684553961006,30.4963631278069,187.143136995681,0
S2C_22WDD_20260420_0_L1C,20260420T152307,0,2536,1,157878,8869,4365,8737,0.0,0.0152,0.0,0.9471,0.0532,0.0262,4329,0.026,0,0.0,0.5858,0.0002,,0.479,1.0,99.9147650999475,30.957071784381597,178.681838519104,0
S2A_22WDD_20260421_1_L1C,20260421T155318,0,10,0,164689,8869,0,8798,0.0,0.0001,0.0,0.9879,0.0532,0.0,1944,0.0117,0,0.0,0.0051,0.0,,0.4314,,100,31.171331777764102,187.380007308603,0
S2A_22WDD_20260422_1_L1C,20260422T152325,116,6301,19,155080,8869,4828,8660,0.0007,0.0378,0.0001,0.9303,0.0532,0.029,6587,0.0395,0,0.0176,0.9566,0.0029,0.9336,0.5498,0.5652,99.9778875769812,31.634876052104403,178.873783384936,0
S2C_22WDD_20260423_0_L1C,20260423T153306,76,1318,69,161693,8869,0,8761,0.0005,0.0079,0.0004,0.9699,0.0532,0.0,4903,0.0294,0,0.0155,0.2688,0.0141,0.7238,0.5252,0.2184,62.9589118815133,31.9661200566212,181.712950587065,0
S2B_22WDD_20260424_0_L1C,20260424T155256,0,1926,0,164560,8869,0,8758,0.0,0.0116,0.0,0.9871,0.0532,0.0,2033,0.0122,0,0.0,0.9474,0.0,,0.5407,,97.0244653900555,32.1674884826827,187.485994133926,0
S2A_22WDD_20260425_1_L1C,20260425T153323,0,0,0,164968,8869,0,8765,0.0,0.0,0.0,0.9896,0.0532,0.0,1632,0.0098,0,0.0,0.0,0.0,,,,97.7712980381618,32.6201959128128,181.901017229648,0
S2C_22WDD_20260426_0_L1C,20260426T154304,5368,1237,134,142835,8869,0,8136,0.0322,0.0074,0.0008,0.8568,0.0532,0.0,23136,0.1388,0,0.232,0.0535,0.0058,0.829,0.6219,0.2859,70.4946101705037,32.8972556056299,184.762064813282,0
S2A_22WDD_20260428_2_L1C,20260428T154319,0,52,0,164313,8869,0,8765,0.0,0.0003,0.0,0.9857,0.0532,0.0,2287,0.0137,0,0.0,0.0227,0.0,,0.4181,,98.8984741258324,33.5264006427871,184.944230298675,0
S2C_22WDD_20260429_0_L1C,20260429T155302,79905,37389,22819,4278,8869,0,0,0.4793,0.2243,0.1369,0.0257,0.0532,0.0,153557,0.9211,1,0.5204,0.2435,0.1486,0.729,0.6497,0.246,54.5402584591624,33.7484579732577,187.823438735695,0
S2C_22WDD_20260430_0_L1C,20260430T152308,65541,10390,3,79624,8869,3685,5255,0.3932,0.0623,0.0,0.4776,0.0532,0.0221,79781,0.4786,1,0.8215,0.1302,0.0,0.7592,0.6627,0.3023,78.8658410090003,34.1983769931563,179.146310897695,0
S2B_22WDD_20260501_0_L1C,20260501T154301,28613,46663,0,86564,8869,0,4225,0.1716,0.2799,0.0,0.5193,0.0532,0.0,75496,0.4529,1,0.379,0.6181,0.0,0.7405,0.645,,95.840634238108,34.4454418486015,185.000049082839,0
S2C_22WDD_20260503_1_L1C,20260503T153307,8417,4535,345,152101,8869,0,8404,0.0505,0.0272,0.0021,0.9124,0.0532,0.0,14138,0.0848,0,0.5953,0.3208,0.0244,0.8079,0.6126,0.3027,72.8174483452868,35.085998704053,182.175035721616,0
S2B_22WDD_20260504_0_L1C,20260504T155258,148026,39,8522,0,8869,0,0,0.888,0.0002,0.0511,0.0,0.0532,0.0,157835,0.9468,1,0.9379,0.0002,0.054,0.8584,0.6529,0.457,55.1237111706764,35.2326794973224,188.055398173362,0
S2A_22WDD_20260505_2_L1C,20260505T153319,111554,46,43363,1569,8869,0,0,0.6692,0.0003,0.2601,0.0094,0.0532,0.0,156266,0.9374,1,0.7139,0.0003,0.2775,0.8789,0.6466,0.3707,26.7532324046702,35.6600441037742,182.296017998529,0
S2C_22WDD_20260506_0_L1C,20260506T154304,76792,23,80200,0,8869,0,0,0.4606,0.0001,0.4811,0.0,0.0532,0.0,157835,0.9468,1,0.4865,0.0001,0.5081,0.9032,0.6567,0.4802,25.4433396040491,35.8895272940218,185.212242366514,0
S2A_22WDD_20260508_1_L1C,20260508T154317,66125,31,86778,0,8869,0,0,0.3967,0.0002,0.5206,0.0,0.0532,0.0,157835,0.9468,1,0.419,0.0002,0.5498,0.9199,0.639,0.5112,0.0619142822034029,36.4346820517629,185.330582669786,0
S2C_22WDD_20260509_0_L1C,20260509T155301,0,903,0,163892,8869,0,8798,0.0,0.0054,0.0,0.9831,0.0532,0.0,2741,0.0164,0,0.0,0.3294,0.0,,0.4737,,99.8253010023194,36.6073173918409,188.252956432214,0
S2C_22WDD_20260510_0_L1C,20260510T152307,292,12674,272,131674,8869,5993,6838,0.0018,0.076,0.0016,0.7899,0.0532,0.0359,27006,0.162,0,0.0108,0.4693,0.0101,0.7144,0.5616,0.2179,88.7961142165736,37.0278090394094,179.364858040609,0
S2A_22WDD_20260511_1_L1C,20260511T155314,0,0,0,163522,8869,0,8798,0.0,0.0,0.0,0.9809,0.0532,0.0,3111,0.0187,0,0.0,0.0,0.0,,,,96.7898778612875,37.1221959463129,188.370944422977,0
S2A_22WDD_20260512_1_L1C,20260512T152321,3669,506,86978,45271,8869,9453,2093,0.022,0.003,0.5218,0.2716,0.0532,0.0567,105204,0.6311,1,0.0349,0.0048,0.8268,0.8266,0.5849,0.3948,56.2050469977264,37.5372430259446,179.444197027668,0
S2C_22WDD_20260513_0_L1C,20260513T153306,1275,10022,1855,117399,8869,0,5432,0.0076,0.0601,0.0111,0.7042,0.0532,0.0,45868,0.2751,0,0.0278,0.2185,0.0404,0.7302,0.5188,0.2114,73.5706649944758,37.773107316149,182.369469437886,0
S2B_22WDD_20260514_0_L1C,20260514T155257,7491,1774,122787,1763,8869,0,0,0.0449,0.0106,0.7366,0.0106,0.0532,0.0,156072,0.9362,1,0.048,0.0114,0.7867,0.8306,0.6315,0.3545,2.05578236858253,37.8648279772656,188.339511325092,0
S2A_22WDD_20260515_1_L1C,20260515T153321,0,0,0,158018,8869,0,7548,0.0,0.0,0.0,0.9479,0.0532,0.0,7365,0.0442,0,0.0,0.0,0.0,,,,65.3898892173549,38.2504679751617,182.448244569939,0
S2C_22WDD_20260516_0_L1C,20260516T154301,0,0,0,8634,8869,0,1020,0.0,0.0,0.0,0.0518,0.0532,0.0,150221,0.9011,1,0.0,0.0,0.0,,,,75.7394651083241,38.4283980549029,185.375684207028,0
S2A_22WDD_20260518_1_L1C,20260518T154319,0,0,272,157322,8869,0,8798,0.0,0.0,0.0016,0.9437,0.0532,0.0,9311,0.0559,0,0.0,0.0,0.0292,,,0.2983,67.9510884170922,38.872425774883,185.452893585013,0
S2C_22WDD_20260519_0_L1C,20260519T155300,33,0,157601,0,8869,0,0,0.0002,0.0,0.9454,0.0,0.0532,0.0,157835,0.9468,1,0.0002,0.0,0.9985,0.9164,,0.5664,1.64010373491019,38.9922928866222,188.37839290832,0
S2C_22WDD_20260520_0_L1C,20260520T152306,31,0,149629,168,8869,7332,0,0.0002,0.0,0.8976,0.001,0.0532,0.044,150335,0.9018,1,0.0002,0.0,0.9953,0.9403,,0.5407,0.647975349474596,39.3625418509118,179.296962212352,0
S2B_22WDD_20260521_0_L1C,20260521T154300,4,13,3219,124750,8869,0,2763,0.0,0.0001,0.0193,0.7483,0.0532,0.0,35848,0.215,0,0.0001,0.0004,0.0898,0.799,0.5626,0.2274,88.6022574576727,39.5024058147762,185.328123811959,0
S2C_22WDD_20260523_0_L1C,20260523T153304,7,1,9696,77699,8869,0,1263,0.0,0.0,0.0582,0.4661,0.0532,0.0,81399,0.4883,1,0.0001,0.0,0.1191,0.9265,0.4942,0.4058,6.08044432500224,39.9449570075771,182.266926051628,0
S2B_22WDD_20260524_0_L1C,20260524T155256,0,0,0,164785,8869,0,8779,0.0,0.0,0.0,0.9885,0.0532,0.0,1829,0.011,0,0.0,0.0,0.0,,,,95.4752302149895,39.9821970308888,188.311196799506,0
S2A_22WDD_20260525_1_L1C,20260525T153322,2,4,15681,144067,8869,0,8126,0.0,0.0,0.0941,0.8642,0.0532,0.0,21894,0.1313,0,0.0001,0.0002,0.7162,0.841,0.606,0.41,85.6045567201171,40.3096211548247,182.308166094325,0
S2C_22WDD_20260526_0_L1C,20260526T154301,117,0,157476,423,8869,0,336,0.0007,0.0,0.9446,0.0025,0.0532,0.0,157748,0.9463,1,0.0007,0.0,0.9983,0.9372,,0.5377,23.0670070769506,40.4323096507338,185.235085886382,0
S2A_22WDD_20260528_1_L1C,20260528T154321,114,0,148304,9219,8869,0,0,0.0007,0.0,0.8896,0.0553,0.0532,0.0,148616,0.8915,1,0.0008,0.0,0.9979,0.8943,,0.5333,13.8801296319997,40.7599835932229,185.274572541477,0
S2C_22WDD_20260529_0_L1C,20260529T155258,115,0,157609,0,8869,0,0,0.0007,0.0,0.9454,0.0,0.0532,0.0,157835,0.9468,1,0.0007,0.0,0.9986,0.9553,,0.5611,0.49113368250679,40.8236663201839,188.199378600789,0
S2C_22WDD_20260530_0_L1C,20260530T152304,71,0,137020,12269,8869,9442,1752,0.0004,0.0,0.8219,0.0736,0.0532,0.0566,137876,0.8271,1,0.0005,0.0,0.9938,0.9532,,0.4478,14.2173184778005,41.1242436543106,178.961885343224,0
S2A_22WDD_20260531_1_L1C,20260531T155317,13,32,16645,112183,8869,0,874,0.0001,0.0002,0.0998,0.6729,0.0532,0.0,46526,0.2791,0,0.0003,0.0007,0.3578,0.8408,0.5261,0.2609,76.4600827591439,41.1137005647931,188.232569405594,0
S2A_22WDD_20260601_1_L1C,20260601T152323,0,5,1423,154852,8869,8414,8791,0.0,0.0,0.0085,0.9289,0.0532,0.0505,3360,0.0202,0,0.0,0.0015,0.4235,,0.481,0.2924,95.9259192176325,41.402787860085,178.966798421114,0
S2C_22WDD_20260602_0_L1C,20260602T153304,0,0,0,164203,8869,0,8784,0.0,0.0,0.0,0.985,0.0532,0.0,2416,0.0145,0,0.0,0.0,0.0,,,,99.9975215742483,41.5272896836378,181.907873988911,0
S2B_22WDD_20260603_0_L1C,20260603T155257,90,0,122475,37871,8869,0,3221,0.0005,0.0,0.7347,0.2272,0.0532,0.0,123185,0.7389,1,0.0007,0.0,0.9942,0.8716,,0.528,41.3535172651588,41.5111039044538,188.009948777594,0
S2A_22WDD_20260604_0_L1C,20260604T153322,109,0,157652,0,8869,0,0,0.0007,0.0,0.9457,0.0,0.0532,0.0,157835,0.9468,1,0.0007,0.0,0.9988,0.9362,,0.5766,1.47054256621577,41.767182142909,181.900919348959,0
S2C_22WDD_20260605_0_L1C,20260605T154302,108,0,157646,0,8869,0,0,0.0006,0.0,0.9457,0.0,0.0532,0.0,157835,0.9468,1,0.0007,0.0,0.9988,0.9479,,0.5859,11.6270715757413,41.8317432173059,184.848517009072,0
S2A_22WDD_20260607_1_L1C,20260607T154319,124,2,122415,29193,8869,0,2237,0.0007,0.0,0.7343,0.1751,0.0532,0.0,130879,0.7851,1,0.0009,0.0,0.9353,0.9516,0.6333,0.5317,15.7776881961241,42.0325717365344,184.829143314981,0
S2C_22WDD_20260608_0_L1C,20260608T155300,1,16644,0,149710,8869,0,8520,0.0,0.0998,0.0,0.8981,0.0532,0.0,16645,0.0998,0,0.0001,0.9999,0.0,0.7003,0.6435,,97.0328956922104,42.0370735702416,187.778841569355,0
S2C_22WDD_20260609_0_L1C,20260609T152306,0,4214,0,148434,8869,7631,8726,0.0,0.0253,0.0,0.8904,0.0532,0.0458,10496,0.063,0,0.0,0.4015,0.0,,0.4174,,87.9690059188795,42.2534519340447,178.428723723638,0
S2B_22WDD_20260610_0_L1C,20260610T154301,96,0,157628,0,8869,0,0,0.0006,0.0,0.9456,0.0,0.0532,0.0,157835,0.9468,1,0.0006,0.0,0.9987,0.9681,,0.6168,0.0133775269491475,42.2887192004265,184.564655575058,0
S2C_22WDD_20260612_0_L1C,20260612T153305,71,0,157632,0,8869,0,0,0.0004,0.0,0.9456,0.0,0.0532,0.0,157835,0.9468,1,0.0004,0.0,0.9987,0.968,,0.5573,0,42.4654352752544,181.345829151497,0
S2B_22WDD_20260613_0_L1C,20260613T155259,92,0,157633,0,8869,0,0,0.0006,0.0,0.9456,0.0,0.0532,0.0,157835,0.9468,1,0.0006,0.0,0.9987,0.9637,,0.5517,20.652669565792,42.3973320472872,187.479243386658,0
S2A_22WDD_20260614_1_L1C,20260614T153321,38,27,14359,128020,8869,0,8576,0.0002,0.0002,0.0861,0.7679,0.0532,0.0,38391,0.2303,0,0.001,0.0007,0.374,0.7429,0.6029,0.2334,74.3046373436054,42.5716130662805,181.297640327103,0
S2C_22WDD_20260615_1_L1C,20260615T154304,105,0,157642,0,8869,0,0,0.0006,0.0,0.9456,0.0,0.0532,0.0,157835,0.9468,1,0.0007,0.0,0.9988,0.9679,,0.6049,0.219223913836367,42.576537758754,184.257866211544,0
S2A_22WDD_20260617_1_L1C,20260617T154320,152,0,153197,4328,8869,0,0,0.0009,0.0,0.919,0.026,0.0532,0.0,153507,0.9208,1,0.001,0.0,0.998,0.9681,,0.591,41.1580759426207,42.642133874373,184.209000181147,0
S2C_22WDD_20260618_0_L1C,20260618T155300,42,2,82344,20523,8869,0,279,0.0003,0.0,0.494,0.1231,0.0532,0.0,137591,0.8254,1,0.0003,0.0,0.5985,0.9418,0.5646,0.4856,7.10825500507015,42.5867101207845,187.161424721643,0
S2C_22WDD_20260619_0_L1C,20260619T152307,66,0,149404,13,8869,7648,13,0.0004,0.0,0.8962,0.0001,0.0532,0.0459,150187,0.9009,1,0.0004,0.0,0.9948,0.9616,,0.5559,1.4831026903733,42.7083529952477,177.760436199575,0
S2A_22WDD_20260620_1_L1C,20260620T155317,0,1287,0,161239,8869,0,8798,0.0,0.0077,0.0,0.9672,0.0532,0.0,5394,0.0324,0,0.0,0.2386,0.0,,0.4421,,94.8091643031441,42.6115006287506,187.112525174681,0
S2A_22WDD_20260621_1_L1C,20260621T152323,83,0,148639,0,8869,8662,0,0.0005,0.0,0.8916,0.0,0.0532,0.052,149173,0.8948,1,0.0006,0.0,0.9964,0.9718,,0.6306,1.17188722259764,42.7174711565776,177.710401255042,0
S2C_22WDD_20260622_0_L1C,20260622T153305,204,9,132568,20926,8869,0,76,0.0012,0.0001,0.7952,0.1255,0.0532,0.0,136985,0.8217,1,0.0015,0.0001,0.9678,0.9316,0.6416,0.5284,45.9016990653647,42.7229499991405,180.670728575769,0
S2B_22WDD_20260623_0_L1C,20260623T155259,6,9,11548,127786,8869,0,5775,0.0,0.0001,0.0693,0.7665,0.0532,0.0,35824,0.2149,0,0.0002,0.0003,0.3224,0.8238,0.5363,0.3611,52.0209185234638,42.6040860672132,186.814335212698,0
S2A_22WDD_20260624_1_L1C,20260624T153322,110,0,156654,925,8869,0,0,0.0007,0.0,0.9397,0.0055,0.0532,0.0,156910,0.9412,1,0.0007,0.0,0.9984,0.9685,,0.6252,5.90023589835468,42.6913006069959,180.62468238916,0
S2C_22WDD_20260625_0_L1C,20260625T154303,0,998,0,165049,8869,0,8797,0.0,0.006,0.0,0.9901,0.0532,0.0,1583,0.0095,0,0.0,0.6304,0.0,,0.5178,,98.7306876884947,42.6362230482896,183.579330794057,0
S2A_22WDD_20260627_1_L1C,20260627T154320,22,245,246,164900,8869,0,8772,0.0001,0.0015,0.0015,0.9892,0.0532,0.0,1707,0.0102,0,0.0129,0.1435,0.1441,0.7723,0.5308,0.3146,55.8152527695661,42.5639166618544,183.537168385972,0
S2C_22WDD_20260628_0_L1C,20260628T155259,52,0,157651,0,8869,0,0,0.0003,0.0,0.9457,0.0,0.0532,0.0,157835,0.9468,1,0.0003,0.0,0.9988,0.9543,,0.5483,7.62735804844925,42.4486446081532,186.48173297713,0
S2C_22WDD_20260629_0_L1C,20260629T152306,74,0,93758,55263,8869,9279,1301,0.0004,0.0,0.5624,0.3315,0.0532,0.0557,94594,0.5674,1,0.0008,0.0,0.9912,0.9358,,0.4528,67.7111650018813,42.4739726146987,177.098540660598,0
S2B_22WDD_20260630_0_L1C,20260630T154301,118,0,157409,225,8869,0,0,0.0007,0.0,0.9442,0.0013,0.0532,0.0,157610,0.9454,1,0.0007,0.0,0.9987,0.9652,,0.6139,1.63423810803547,42.4080334745147,183.245787649968,0
S2C_22WDD_20260702_0_L1C,20260702T153304,0,0,1,165066,8869,0,8798,0.0,0.0,0.0,0.9902,0.0532,0.0,1567,0.0094,0,0.0,0.0,0.0006,,,0.2589,84.4473110573621,42.2922789916642,180.02745036122,0
S2B_22WDD_20260703_0_L1C,20260703T155258,0,0,114,147086,8869,0,8789,0.0,0.0,0.0007,0.8823,0.0532,0.0,19538,0.1172,0,0.0,0.0,0.0058,,,0.2311,75.6213091275317,42.1228731999318,186.157501218229,0
S2A_22WDD_20260704_1_L1C,20260704T153322,11,0,10052,154339,8869,0,8798,0.0001,0.0,0.0603,0.9258,0.0532,0.0,12294,0.0737,0,0.0009,0.0,0.8176,0.9071,,0.3953,38.4026695332796,42.1249514069679,180.004948156954,0
S2C_22WDD_20260705_0_L1C,20260705T154303,72,0,157673,0,8869,0,0,0.0004,0.0,0.9458,0.0,0.0532,0.0,157835,0.9468,1,0.0005,0.0,0.999,0.9625,,0.5803,0.154886679208098,42.0103394032969,182.96010620909,0
S2A_22WDD_20260707_1_L1C,20260707T154319,114,1,72485,70720,8869,0,7428,0.0007,0.0,0.4348,0.4242,0.0532,0.0,94543,0.5671,1,0.0012,0.0,0.7667,0.8366,0.6952,0.2662,54.9617124456714,41.8035663437091,182.935290300553,0
S2C_22WDD_20260708_0_L1C,20260708T155300,0,6359,0,159296,8869,0,8329,0.0,0.0381,0.0,0.9556,0.0532,0.0,6868,0.0412,0,0.0,0.9259,0.0,,0.5851,,99.7797244700267,41.6288136426991,185.886138133779,0
S2C_22WDD_20260709_0_L1C,20260709T152307,0,0,0,156115,8869,7769,8766,0.0,0.0,0.0,0.9365,0.0532,0.0466,2717,0.0163,0,0.0,0.0,0.0,,,,100,41.5650533401269,176.587217734872,0
S2A_22WDD_20260710_2_L1C,20260710T155316,0,0,0,164811,8869,0,8786,0.0,0.0,0.0,0.9886,0.0532,0.0,1810,0.0109,0,0.0,0.0,0.0,,,,80.5309384564352,41.3830968346949,185.864225395834,0
S2A_22WDD_20260711_1_L1C,20260711T152323,113,0,146879,97,8869,10257,0,0.0007,0.0,0.8811,0.0006,0.0532,0.0615,147481,0.8847,1,0.0008,0.0,0.9959,0.9571,,0.6187,13.7087884502284,41.3063260985592,176.588840073811,0
S2C_22WDD_20260712_0_L1C,20260712T153306,19,0,9354,152805,8869,0,7055,0.0001,0.0,0.0561,0.9166,0.0532,0.0,12085,0.0725,0,0.0016,0.0,0.774,0.8309,,0.3097,76.3215384155992,41.1932287948765,179.551235604831,0
S2B_22WDD_20260713_0_L1C,20260713T155300,0,5340,0,160971,8869,0,8740,0.0,0.032,0.0,0.9656,0.0532,0.0,5604,0.0336,0,0.0,0.9529,0.0,,0.5577,,99.583973242228,40.9719184842606,185.643654220715,0
S2A_22WDD_20260714_1_L1C,20260714T153322,4,3,1644,163303,8869,0,8798,0.0,0.0,0.0099,0.9796,0.0532,0.0,3330,0.02,0,0.0012,0.0009,0.4937,0.7809,0.4131,0.2835,65.3179850100033,40.89671568681,179.561276063492,0
S2C_22WDD_20260715_0_L1C,20260715T154305,587,2,106081,49389,8869,0,83,0.0035,0.0,0.6363,0.2963,0.0532,0.0,108529,0.651,1,0.0054,0.0,0.9774,0.8943,0.6896,0.3831,44.5113320791902,40.7237617363133,182.513333123274,0
