filepath,date,cloud_status,cloud_prob,frac_water,frac_thin sea ice,frac_sea ice
../data/satellite/aqua/2016/20160612_AQUA.jpg,2016-06-12,clear,0.43958193,0.3795110204354661,0.37981203384728585,0.24067694571724807
../data/satellite/aqua/2016/20160613_AQUA.jpg,2016-06-13,cloudy,0.5847976,,,
../data/satellite/aqua/2016/20160614_AQUA.jpg,2016-06-14,clear,0.13860628,0.19398642095053345,0.4460349844476404,0.35997859460182613
../data/satellite/aqua/2016/20160615_AQUA.jpg,2016-06-15,clear,0.16781382,0.340278939094953,0.464564032241881,0.195157028663166
../data/satellite/aqua/2016/20160616_AQUA.jpg,2016-06-16,cloudy,0.85374284,,,
../data/satellite/aqua/2016/20160617_AQUA.jpg,2016-06-17,clear,0.4565476,0.39740459547142043,0.35720258202615474,0.24539282250242483
../data/satellite/aqua/2016/20160618_AQUA.jpg,2016-06-18,cloudy,0.7747174,,,
../data/satellite/aqua/2016/20160619_AQUA.jpg,2016-06-19,clear,0.49038666,0.5057025318572528,0.3095755710893341,0.18472189705341316
../data/satellite/aqua/2016/20160620_AQUA.jpg,2016-06-20,cloudy,0.8999871,,,
../data/satellite/aqua/2016/20160621_AQUA.jpg,2016-06-21,cloudy,0.83377147,,,
../data/satellite/aqua/2016/20160622_AQUA.jpg,2016-06-22,cloudy,0.7477419,,,
../data/satellite/aqua/2016/20160623_AQUA.jpg,2016-06-23,clear,0.02848293,0.0493661995384461,0.39044784106491853,0.5601859593966353
../data/satellite/aqua/2016/20160624_AQUA.jpg,2016-06-24,clear,0.11046008,0.11823137897588548,0.3842937890899361,0.4974748319341784
../data/satellite/aqua/2016/20160625_AQUA.jpg,2016-06-25,clear,0.4090992,0.16080805378106292,0.34583096424629584,0.4933609819726412
../data/satellite/aqua/2016/20160626_AQUA.jpg,2016-06-26,clear,0.11252498,0.2900765911903408,0.41730492658617346,0.29261848222348574
../data/satellite/aqua/2016/20160627_AQUA.jpg,2016-06-27,clear,0.11296816,0.07702598749122044,0.43857654102143884,0.4843974714873407
../data/satellite/aqua/2016/20160628_AQUA.jpg,2016-06-28,cloudy,0.84477293,,,
../data/satellite/aqua/2016/20160629_AQUA.jpg,2016-06-29,cloudy,0.7219806,,,
../data/satellite/aqua/2016/20160630_AQUA.jpg,2016-06-30,clear,0.17389044,0.18809993645272416,0.37001237499581924,0.44188768855145655
../data/satellite/aqua/2016/20160701_AQUA.jpg,2016-07-01,clear,0.43643793,0.4410180942506438,0.4299474898826048,0.1290344158667514
../data/satellite/aqua/2016/20160702_AQUA.jpg,2016-07-02,cloudy,0.6938607,,,
../data/satellite/aqua/2016/20160703_AQUA.jpg,2016-07-03,cloudy,0.9397697,,,
../data/satellite/aqua/2016/20160704_AQUA.jpg,2016-07-04,cloudy,0.77342343,,,
../data/satellite/aqua/2016/20160705_AQUA.jpg,2016-07-05,cloudy,0.7965893,,,
../data/satellite/aqua/2016/20160706_AQUA.jpg,2016-07-06,cloudy,0.7053023,,,
../data/satellite/aqua/2016/20160707_AQUA.jpg,2016-07-07,cloudy,0.95037967,,,
../data/satellite/aqua/2016/20160708_AQUA.jpg,2016-07-08,cloudy,0.823984,,,
../data/satellite/aqua/2016/20160709_AQUA.jpg,2016-07-09,clear,0.11522872,0.31649887956118933,0.4380414060670925,0.24545971437171812
../data/satellite/aqua/2016/20160710_AQUA.jpg,2016-07-10,cloudy,0.96098685,,,
../data/satellite/aqua/2016/20160711_AQUA.jpg,2016-07-11,cloudy,0.8396725,,,
../data/satellite/aqua/2016/20160712_AQUA.jpg,2016-07-12,cloudy,0.8584357,,,
../data/satellite/aqua/2016/20160713_AQUA.jpg,2016-07-13,cloudy,0.9665455,,,
../data/satellite/aqua/2016/20160714_AQUA.jpg,2016-07-14,clear,0.38318935,0.3443258971871969,0.3093414495468076,0.3463326532659955
../data/satellite/aqua/2016/20160715_AQUA.jpg,2016-07-15,cloudy,0.6606711,,,
../data/satellite/aqua/2016/20160716_AQUA.jpg,2016-07-16,cloudy,0.88422334,,,
../data/satellite/aqua/2016/20160717_AQUA.jpg,2016-07-17,clear,0.22361572,0.2429847152078665,0.41024783437573165,0.3467674504164019
../data/satellite/aqua/2016/20160718_AQUA.jpg,2016-07-18,cloudy,0.66784155,,,
../data/satellite/aqua/2016/20160719_AQUA.jpg,2016-07-19,clear,0.06351751,0.041506404896484834,0.3534900832803773,0.6050035118231379
../data/satellite/aqua/2016/20160720_AQUA.jpg,2016-07-20,clear,0.14165682,0.34850663901802736,0.24358674203150607,0.4079066189504666
../data/satellite/aqua/2016/20160721_AQUA.jpg,2016-07-21,cloudy,0.59037346,,,
../data/satellite/aqua/2016/20160722_AQUA.jpg,2016-07-22,clear,0.22638409,0.2585370748185558,0.4868724706511923,0.25459045453025186
../data/satellite/aqua/2016/20160723_AQUA.jpg,2016-07-23,cloudy,0.90986514,,,
../data/satellite/aqua/2016/20160724_AQUA.jpg,2016-07-24,cloudy,0.8041015,,,
../data/satellite/aqua/2016/20160725_AQUA.jpg,2016-07-25,cloudy,0.7059332,,,
../data/satellite/aqua/2016/20160726_AQUA.jpg,2016-07-26,cloudy,0.81231076,,,
../data/satellite/aqua/2016/20160727_AQUA.jpg,2016-07-27,cloudy,0.7321801,,,
../data/satellite/aqua/2016/20160728_AQUA.jpg,2016-07-28,cloudy,0.8566981,,,
../data/satellite/aqua/2016/20160729_AQUA.jpg,2016-07-29,clear,0.16402261,0.5090136793872705,0.35880798688919363,0.1321783337235359
../data/satellite/aqua/2016/20160730_AQUA.jpg,2016-07-30,cloudy,0.70163566,,,
../data/satellite/aqua/2016/20160731_AQUA.jpg,2016-07-31,cloudy,0.7923666,,,
../data/satellite/aqua/2016/20160801_AQUA.jpg,2016-08-01,clear,0.20804007,0.3896451386333991,0.40024749991638514,0.21010736145021572
../data/satellite/aqua/2016/20160802_AQUA.jpg,2016-08-02,cloudy,0.94546723,,,
../data/satellite/aqua/2016/20160803_AQUA.jpg,2016-08-03,clear,0.44708318,0.5361717783203451,0.2869661192682029,0.1768621024114519
../data/satellite/aqua/2016/20160804_AQUA.jpg,2016-08-04,cloudy,0.8289464,,,
../data/satellite/aqua/2016/20160805_AQUA.jpg,2016-08-05,clear,0.04946947,0.30837151744205493,0.4117529014348306,0.2798755811231145
../data/satellite/aqua/2016/20160806_AQUA.jpg,2016-08-06,clear,0.2447209,0.3955316231312084,0.41402722499080236,0.19044115187798924
../data/satellite/aqua/2016/20160807_AQUA.jpg,2016-08-07,clear,0.011057745,0.2002073647948092,0.5136961102378006,0.2860965249673902
../data/satellite/aqua/2016/20160810_AQUA.jpg,2016-08-10,cloudy,0.57025355,,,
../data/satellite/aqua/2016/20160811_AQUA.jpg,2016-08-11,cloudy,0.9589977,,,
../data/satellite/aqua/2016/20160812_AQUA.jpg,2016-08-12,cloudy,0.8597214,,,
../data/satellite/aqua/2016/20160813_AQUA.jpg,2016-08-13,cloudy,0.8603552,,,
../data/satellite/aqua/2016/20160814_AQUA.jpg,2016-08-14,cloudy,0.8796192,,,
../data/satellite/aqua/2016/20160815_AQUA.jpg,2016-08-15,cloudy,0.79007196,,,
../data/satellite/aqua/2016/20160816_AQUA.jpg,2016-08-16,cloudy,0.92256695,,,
../data/satellite/aqua/2016/20160817_AQUA.jpg,2016-08-17,cloudy,0.7244602,,,
../data/satellite/aqua/2016/20160819_AQUA.jpg,2016-08-19,clear,0.06809505,0.029967557443392755,0.2649586942707114,0.7050737482858959
../data/satellite/aqua/2016/20160820_AQUA.jpg,2016-08-20,clear,0.10187573,0.2581357236027961,0.46650389645138635,0.2753603799458176
../data/satellite/aqua/2016/20160821_AQUA.jpg,2016-08-21,cloudy,0.66294324,,,
../data/satellite/aqua/2016/20160822_AQUA.jpg,2016-08-22,cloudy,0.8437174,,,
../data/satellite/aqua/2016/20160823_AQUA.jpg,2016-08-23,clear,0.008504401,0.029599652162279676,0.2869661192682029,0.6834342285695174
../data/satellite/aqua/2016/20160824_AQUA.jpg,2016-08-24,clear,0.0278671,0.03501789357503596,0.2824174721562594,0.6825646342687046
../data/satellite/aqua/2016/20160825_AQUA.jpg,2016-08-25,clear,0.47408262,0.47586875815244656,0.3457640723770026,0.17836716947055087
../data/satellite/aqua/2016/20160826_AQUA.jpg,2016-08-26,clear,0.020744665,0.15114217866818289,0.3881066256396535,0.4607511956921636
../data/satellite/aqua/2016/20160827_AQUA.jpg,2016-08-27,clear,0.2008247,0.13488745442991404,0.5034951001705743,0.3616174453995117
../data/satellite/aqua/2016/20160828_AQUA.jpg,2016-08-28,clear,0.20474733,0.3192414462022141,0.4590454530251848,0.2217131007726011
../data/satellite/aqua/2016/20160829_AQUA.jpg,2016-08-29,clear,0.21714915,0.349008328037727,0.43168667848423026,0.21930499347804275
../data/satellite/aqua/2016/20160830_AQUA.jpg,2016-08-30,cloudy,0.92805874,,,
../data/satellite/aqua/2016/20160831_AQUA.jpg,2016-08-31,clear,0.10920533,0.02638884243620188,0.215525602862972,0.7580855547008262
../data/satellite/aqua/2016/20160901_AQUA.jpg,2016-09-01,clear,0.14015333,0.6312585705207532,0.2691728820361885,0.09956854744305829
../data/satellite/aqua/2016/20160902_AQUA.jpg,2016-09-02,cloudy,0.92775476,,,
../data/satellite/aqua/2016/20160903_AQUA.jpg,2016-09-03,clear,0.4317531,0.4065687815646008,0.2950934813873374,0.2983377370480618
../data/satellite/aqua/2016/20160904_AQUA.jpg,2016-09-04,cloudy,0.5160052,,,
../data/satellite/aqua/2016/20160905_AQUA.jpg,2016-09-05,clear,0.0706861,0.09592294056657413,0.4022208100605371,0.5018562493728888
../data/satellite/aqua/2016/20160906_AQUA.jpg,2016-09-06,clear,0.24264807,0.26509247800929797,0.43499782601424797,0.29990969597645406
../data/satellite/aqua/2016/20160907_AQUA.jpg,2016-09-07,clear,0.3097547,0.3128867186193518,0.4047292551590354,0.28238402622161274
../data/satellite/aqua/2016/20160908_AQUA.jpg,2016-09-08,clear,0.07371688,0.12107428342085019,0.5031271948894612,0.37579852168968864
../data/satellite/aqua/2016/20160909_AQUA.jpg,2016-09-09,cloudy,0.5225167,,,
../data/satellite/aqua/2016/20160910_AQUA.jpg,2016-09-10,cloudy,0.5092872,,,
../data/satellite/aqua/2016/20160911_AQUA.jpg,2016-09-11,cloudy,0.9192463,,,
../data/satellite/aqua/2016/20160912_AQUA.jpg,2016-09-12,cloudy,0.9126395,,,
../data/satellite/aqua/2016/20160913_AQUA.jpg,2016-09-13,cloudy,0.87162066,,,
../data/satellite/aqua/2016/20160914_AQUA.jpg,2016-09-14,cloudy,0.6311696,,,
../data/satellite/aqua/2016/20160915_AQUA.jpg,2016-09-15,cloudy,0.784598,,,
../data/satellite/aqua/2016/20160916_AQUA.jpg,2016-09-16,cloudy,0.72164786,,,
../data/satellite/aqua/2016/20160917_AQUA.jpg,2016-09-17,clear,0.30868793,0.27629686611592363,0.450483293755644,0.27321984012843237
../data/satellite/aqua/2016/20160918_AQUA.jpg,2016-09-18,cloudy,0.8753897,,,
../data/satellite/aqua/2016/20160919_AQUA.jpg,2016-09-19,cloudy,0.66106176,,,
../data/satellite/aqua/2016/20160920_AQUA.jpg,2016-09-20,cloudy,0.6713534,,,
../data/satellite/aqua/2016/20160921_AQUA.jpg,2016-09-21,cloudy,0.9437972,,,
../data/satellite/aqua/2016/20160922_AQUA.jpg,2016-09-22,clear,0.108255126,0.0777617980534466,0.3317167798254122,0.5905214221211412
../data/satellite/aqua/2016/20160923_AQUA.jpg,2016-09-23,clear,0.021810954,0.23850295996521623,0.4116860095655373,0.34981103046924644
../data/satellite/aqua/2016/20160924_AQUA.jpg,2016-09-24,cloudy,0.79848456,,,
../data/satellite/aqua/2016/20160925_AQUA.jpg,2016-09-25,cloudy,0.9263911,,,
../data/satellite/aqua/2016/20160926_AQUA.jpg,2016-09-26,cloudy,0.9266512,,,
../data/satellite/aqua/2016/20160927_AQUA.jpg,2016-09-27,clear,0.057391927,0.2910465232950935,0.4454329576240008,0.26352051908090574
../data/satellite/aqua/2016/20160928_AQUA.jpg,2016-09-28,clear,0.12059547,0.12468644436268772,0.42289039767216297,0.4524231579651493
../data/satellite/aqua/2016/20160929_AQUA.jpg,2016-09-29,clear,0.31259185,0.367503929897321,0.40205358038730393,0.2304424897153751
../data/satellite/aqua/2016/20160930_AQUA.jpg,2016-09-30,cloudy,0.96013165,,,
../data/satellite/aqua/2016/20161001_AQUA.jpg,2016-10-01,clear,0.03890345,0.1332486036322285,0.48055118900297666,0.3862002073647948
../data/satellite/aqua/2016/20161002_AQUA.jpg,2016-10-02,clear,0.25421447,0.3850964915214556,0.36566440349175555,0.24923910498678886
../data/satellite/aqua/2016/20161004_AQUA.jpg,2016-10-04,cloudy,0.8762346,,,
../data/satellite/aqua/2016/20161006_AQUA.jpg,2016-10-06,cloudy,0.97956437,,,
../data/satellite/aqua/2016/20161007_AQUA.jpg,2016-10-07,clear,0.49459893,0.2670992340880966,0.4996822636208569,0.23321850229104651
../data/satellite/aqua/2016/20161008_AQUA.jpg,2016-10-08,clear,0.43069255,0.17615973778387237,0.5414227900598683,0.2824174721562594
../data/satellite/aqua/2016/20161009_AQUA.jpg,2016-10-09,clear,0.47176722,0.2485032944245627,0.42720492324158,0.3242917823338573
../data/satellite/aqua/2016/20161010_AQUA.jpg,2016-10-10,clear,0.1237433,0.3254289441118432,0.44041606742700423,0.23415498846115254
../data/satellite/aqua/2016/20161011_AQUA.jpg,2016-10-11,cloudy,0.8830133,,,
../data/satellite/aqua/2016/20161012_AQUA.jpg,2016-10-12,cloudy,0.886038,,,
../data/satellite/aqua/2016/20161013_AQUA.jpg,2016-10-13,cloudy,0.76641,,,
../data/satellite/aqua/2016/20161014_AQUA.jpg,2016-10-14,cloudy,0.80561244,,,
../data/satellite/aqua/2016/20161015_AQUA.jpg,2016-10-15,clear,0.33734402,0.04555336298872872,0.30549516706244356,0.6489514699488277
../data/satellite/aqua/2016/20161016_AQUA.jpg,2016-10-16,clear,0.17314616,0.4206829659854845,0.4188768855145657,0.16044014849994984
../data/satellite/aqua/2016/20161017_AQUA.jpg,2016-10-17,cloudy,0.80075395,,,
../data/satellite/aqua/2016/20161018_AQUA.jpg,2016-10-18,clear,0.42246535,0.43743937924345294,0.33930900699020033,0.2232516137663467
../data/satellite/aqua/2016/20161019_AQUA.jpg,2016-10-19,cloudy,0.91935956,,,
../data/satellite/aqua/2016/20161020_AQUA.jpg,2016-10-20,clear,0.25312644,0.5046657078832067,0.3353623867018964,0.1599719054148968
../data/satellite/aqua/2016/20161021_AQUA.jpg,2016-10-21,cloudy,0.82087976,,,
../data/satellite/aqua/2016/20161022_AQUA.jpg,2016-10-22,cloudy,0.6096443,,,
../data/satellite/aqua/2016/20161023_AQUA.jpg,2016-10-23,cloudy,0.8458058,,,
../data/satellite/aqua/2016/20161025_AQUA.jpg,2016-10-25,cloudy,0.9743444,,,
../data/satellite/aqua/2016/20161026_AQUA.jpg,2016-10-26,cloudy,0.9743444,,,
../data/satellite/aqua/2016/20161027_AQUA.jpg,2016-10-27,cloudy,0.9743444,,,
../data/satellite/aqua/2016/20161028_AQUA.jpg,2016-10-28,cloudy,0.9743444,,,
../data/satellite/aqua/2016/20161029_AQUA.jpg,2016-10-29,cloudy,0.9743444,,,
../data/satellite/aqua/2016/20161030_AQUA.jpg,2016-10-30,cloudy,0.9743444,,,
../data/satellite/aqua/2016/20161031_AQUA.jpg,2016-10-31,cloudy,0.9743259,,,
../data/satellite/aqua/2016/20161101_AQUA.jpg,2016-11-01,cloudy,0.9743259,,,
../data/satellite/aqua/2016/20161102_AQUA.jpg,2016-11-02,cloudy,0.9743259,,,
../data/satellite/aqua/2016/20161104_AQUA.jpg,2016-11-04,cloudy,0.9743259,,,
../data/satellite/aqua/2016/20161105_AQUA.jpg,2016-11-05,cloudy,0.9743259,,,
../data/satellite/aqua/2016/20161106_AQUA.jpg,2016-11-06,cloudy,0.9743259,,,
../data/satellite/aqua/2016/20161107_AQUA.jpg,2016-11-07,cloudy,0.9743259,,,
../data/satellite/aqua/2017/20170207_AQUA.jpg,2017-02-07,cloudy,0.8776478,,,
../data/satellite/aqua/2017/20170208_AQUA.jpg,2017-02-08,cloudy,0.97007376,,,
../data/satellite/aqua/2017/20170209_AQUA.jpg,2017-02-09,cloudy,0.55772537,,,
../data/satellite/aqua/2017/20170210_AQUA.jpg,2017-02-10,clear,0.3969803,0.08752801097026656,0.4014181076290177,0.5110538814007157
../data/satellite/aqua/2017/20170211_AQUA.jpg,2017-02-11,cloudy,0.6403235,,,
../data/satellite/aqua/2017/20170212_AQUA.jpg,2017-02-12,clear,0.15825628,0.21141175290143482,0.5717916987190207,0.21679654837954446
../data/satellite/aqua/2017/20170213_AQUA.jpg,2017-02-13,cloudy,0.76857114,,,
../data/satellite/aqua/2017/20170214_AQUA.jpg,2017-02-14,cloudy,0.87866503,,,
../data/satellite/aqua/2017/20170215_AQUA.jpg,2017-02-15,clear,0.35842088,0.19482256931669956,0.5234623231546206,0.2817151075286799
../data/satellite/aqua/2017/20170216_AQUA.jpg,2017-02-16,cloudy,0.7589507,,,
../data/satellite/aqua/2017/20170217_AQUA.jpg,2017-02-17,cloudy,0.7806822,,,
../data/satellite/aqua/2017/20170218_AQUA.jpg,2017-02-18,cloudy,0.82715815,,,
../data/satellite/aqua/2017/20170219_AQUA.jpg,2017-02-19,cloudy,0.583536,,,
../data/satellite/aqua/2017/20170220_AQUA.jpg,2017-02-20,clear,0.17592949,0.5357704271045854,0.3775377102913141,0.08669186260410047
../data/satellite/aqua/2017/20170221_AQUA.jpg,2017-02-21,cloudy,0.8610565,,,
../data/satellite/aqua/2017/20170222_AQUA.jpg,2017-02-22,clear,0.27608135,0.24254991805746012,0.658215993845948,0.09923408809659186
../data/satellite/aqua/2017/20170223_AQUA.jpg,2017-02-23,cloudy,0.8955937,,,
../data/satellite/aqua/2017/20170224_AQUA.jpg,2017-02-24,cloudy,0.77173334,,,
../data/satellite/aqua/2017/20170225_AQUA.jpg,2017-02-25,cloudy,0.85991603,,,
../data/satellite/aqua/2017/20170226_AQUA.jpg,2017-02-26,cloudy,0.8520308,,,
../data/satellite/aqua/2017/20170227_AQUA.jpg,2017-02-27,clear,0.1775749,0.16712933542927857,0.5419579250142145,0.2909127395565069
../data/satellite/aqua/2017/20170228_AQUA.jpg,2017-02-28,cloudy,0.6093193,,,
../data/satellite/aqua/2017/20170301_AQUA.jpg,2017-03-01,cloudy,0.7568913,,,
../data/satellite/aqua/2017/20170302_AQUA.jpg,2017-03-02,cloudy,0.9426002,,,
../data/satellite/aqua/2017/20170303_AQUA.jpg,2017-03-03,cloudy,0.6603108,,,
../data/satellite/aqua/2017/20170304_AQUA.jpg,2017-03-04,cloudy,0.6395946,,,
../data/satellite/aqua/2017/20170305_AQUA.jpg,2017-03-05,cloudy,0.8080545,,,
../data/satellite/aqua/2017/20170306_AQUA.jpg,2017-03-06,clear,0.46350735,0.28633064650991674,0.576273453961671,0.13739589952841233
../data/satellite/aqua/2017/20170307_AQUA.jpg,2017-03-07,cloudy,0.83104926,,,
../data/satellite/aqua/2017/20170308_AQUA.jpg,2017-03-08,cloudy,0.8270789,,,
../data/satellite/aqua/2017/20170309_AQUA.jpg,2017-03-09,cloudy,0.5221377,,,
../data/satellite/aqua/2017/20170310_AQUA.jpg,2017-03-10,cloudy,0.65214676,,,
../data/satellite/aqua/2017/20170311_AQUA.jpg,2017-03-11,cloudy,0.8314334,,,
../data/satellite/aqua/2017/20170312_AQUA.jpg,2017-03-12,cloudy,0.5746498,,,
../data/satellite/aqua/2017/20170313_AQUA.jpg,2017-03-13,clear,0.35404745,0.24706511923475702,0.5630957557108933,0.18983912505434963
../data/satellite/aqua/2017/20170314_AQUA.jpg,2017-03-14,clear,0.35981357,0.17987223652964981,0.6925649687280511,0.12756279474229906
../data/satellite/aqua/2017/20170315_AQUA.jpg,2017-03-15,cloudy,0.7974609,,,
../data/satellite/aqua/2017/20170316_AQUA.jpg,2017-03-16,clear,0.09910523,0.06006889862537208,0.7638382554600488,0.17609284591457908
../data/satellite/aqua/2017/20170317_AQUA.jpg,2017-03-17,cloudy,0.85234094,,,
../data/satellite/aqua/2017/20170318_AQUA.jpg,2017-03-18,clear,0.103999674,0.09073882069634435,0.7114284758687581,0.19783270343489748
../data/satellite/aqua/2017/20170319_AQUA.jpg,2017-03-19,clear,0.3067157,0.11672631191678652,0.7626342018127696,0.12063948627044382
../data/satellite/aqua/2017/20170320_AQUA.jpg,2017-03-20,clear,0.4931015,0.1826148031706746,0.7498913007123984,0.067493896116927
../data/satellite/aqua/2017/20170321_AQUA.jpg,2017-03-21,clear,0.24204962,0.0844175390481287,0.7919662864978761,0.12361617445399511
../data/satellite/aqua/2017/20170322_AQUA.jpg,2017-03-22,cloudy,0.5915858,,,
../data/satellite/aqua/2017/20170323_AQUA.jpg,2017-03-23,cloudy,0.7315643,,,
../data/satellite/aqua/2017/20170324_AQUA.jpg,2017-03-24,cloudy,0.8061917,,,
../data/satellite/aqua/2017/20170325_AQUA.jpg,2017-03-25,clear,0.38747102,0.0915415231278638,0.6323288404294458,0.2761296364426904
../data/satellite/aqua/2017/20170326_AQUA.jpg,2017-03-26,cloudy,0.9598633,,,
../data/satellite/aqua/2017/20170327_AQUA.jpg,2017-03-27,cloudy,0.9708128,,,
../data/satellite/aqua/2017/20170328_AQUA.jpg,2017-03-28,cloudy,0.8446367,,,
../data/satellite/aqua/2017/20170329_AQUA.jpg,2017-03-29,cloudy,0.94776785,,,
../data/satellite/aqua/2017/20170330_AQUA.jpg,2017-03-30,clear,0.24221332,0.04545302518478879,0.552894745643667,0.4016522291715442
../data/satellite/aqua/2017/20170331_AQUA.jpg,2017-03-31,cloudy,0.83994585,,,
../data/satellite/aqua/2017/20170518_AQUA.jpg,2017-05-18,clear,0.18089339,0.02829526071106057,0.227164788120004,0.7445399511689355
../data/satellite/aqua/2017/20170519_AQUA.jpg,2017-05-19,clear,0.08318691,0.012843238904311181,0.21395364393457975,0.7732031171611091
../data/satellite/aqua/2017/20170520_AQUA.jpg,2017-05-20,cloudy,0.7161968,,,
../data/satellite/aqua/2017/20170521_AQUA.jpg,2017-05-21,clear,0.37718958,0.07843071674637948,0.27917321649553495,0.6423960667580856
../data/satellite/aqua/2017/20170522_AQUA.jpg,2017-05-22,cloudy,0.7995663,,,
../data/satellite/aqua/2017/20170523_AQUA.jpg,2017-05-23,cloudy,0.7049848,,,
../data/satellite/aqua/2017/20170528_AQUA.jpg,2017-05-28,clear,0.46354854,0.025051005050336132,0.2960299675574434,0.6789190273922204
../data/satellite/aqua/2017/20170529_AQUA.jpg,2017-05-29,cloudy,0.7755449,,,
../data/satellite/aqua/2017/20170530_AQUA.jpg,2017-05-30,cloudy,0.6627019,,,
../data/satellite/aqua/2017/20170531_AQUA.jpg,2017-05-31,cloudy,0.8898148,,,
../data/satellite/aqua/2017/20170601_AQUA.jpg,2017-06-01,cloudy,0.90187186,,,
../data/satellite/aqua/2017/20170602_AQUA.jpg,2017-06-02,cloudy,0.8407437,,,
../data/satellite/aqua/2017/20170603_AQUA.jpg,2017-06-03,clear,0.22384135,0.093682062945249,0.3137897588548112,0.5925281781999397
../data/satellite/aqua/2017/20170604_AQUA.jpg,2017-06-04,cloudy,0.872213,,,
../data/satellite/aqua/2017/20170605_AQUA.jpg,2017-06-05,cloudy,0.60475665,,,
../data/satellite/aqua/2017/20170607_AQUA.jpg,2017-06-07,cloudy,0.6814945,,,
../data/satellite/aqua/2017/20170608_AQUA.jpg,2017-06-08,cloudy,0.9574135,,,
../data/satellite/aqua/2017/20170609_AQUA.jpg,2017-06-09,clear,0.21859327,0.1731161577310278,0.42182012776347033,0.4050637145055019
../data/satellite/aqua/2017/20170610_AQUA.jpg,2017-06-10,cloudy,0.9371005,,,
../data/satellite/aqua/2017/20170611_AQUA.jpg,2017-06-11,clear,0.053754497,0.02277668149436436,0.21562594066691193,0.7615973778387237
../data/satellite/aqua/2017/20170612_AQUA.jpg,2017-06-12,cloudy,0.52808934,,,
../data/satellite/aqua/2017/20170613_AQUA.jpg,2017-06-13,cloudy,0.87200564,,,
../data/satellite/aqua/2017/20170614_AQUA.jpg,2017-06-14,cloudy,0.9137883,,,
../data/satellite/aqua/2017/20170615_AQUA.jpg,2017-06-15,cloudy,0.51387435,,,
../data/satellite/aqua/2017/20170616_AQUA.jpg,2017-06-16,clear,0.22270681,0.2860630790327436,0.43345931302050233,0.2804776079467541
../data/satellite/aqua/2017/20170617_AQUA.jpg,2017-06-17,clear,0.09952569,0.32034516204555336,0.3584066356734339,0.32124820228101275
../data/satellite/aqua/2017/20170618_AQUA.jpg,2017-06-18,clear,0.10982632,0.1207732700090304,0.4609518713000435,0.4182748586909261
../data/satellite/aqua/2017/20170619_AQUA.jpg,2017-06-19,clear,0.055384077,0.2987056423291749,0.4448978226696545,0.2563965350011706
../data/satellite/aqua/2017/20170620_AQUA.jpg,2017-06-20,clear,0.16510282,0.3071674637947757,0.3612495401183986,0.3315829960868256
../data/satellite/aqua/2017/20170621_AQUA.jpg,2017-06-21,clear,0.41729736,0.24094451319442123,0.5090136793872705,0.2500418074183083
../data/satellite/aqua/2017/20170622_AQUA.jpg,2017-06-22,clear,0.18418926,0.2198066824977424,0.38208635740325764,0.398106960099
../data/satellite/aqua/2017/20170623_AQUA.jpg,2017-06-23,clear,0.24975094,0.2668985584802167,0.5141643533228536,0.21893708819692967
../data/satellite/aqua/2017/20170624_AQUA.jpg,2017-06-24,clear,0.032062344,0.032910799692297404,0.2838890932807117,0.6832001070269909
../data/satellite/aqua/2017/20170625_AQUA.jpg,2017-06-25,clear,0.2001444,0.1925482457607278,0.5252349576908927,0.28221679654837956
../data/satellite/aqua/2017/20170626_AQUA.jpg,2017-06-26,clear,0.32836783,0.32101408073848625,0.3769022375330279,0.3020836817284859
../data/satellite/aqua/2017/20170627_AQUA.jpg,2017-06-27,cloudy,0.9323377,,,
../data/satellite/aqua/2017/20170628_AQUA.jpg,2017-06-28,clear,0.44224447,0.24325228268503962,0.47653767684537945,0.2802100404695809
../data/satellite/aqua/2017/20170629_AQUA.jpg,2017-06-29,clear,0.30631164,0.2245560052175658,0.40944513194421217,0.365998862838222
../data/satellite/aqua/2017/20170630_AQUA.jpg,2017-06-30,clear,0.16625616,0.3231211746212248,0.3628549449814375,0.3140238803973377
../data/satellite/aqua/2017/20170701_AQUA.jpg,2017-07-01,clear,0.3694748,0.22662965316565772,0.390782300411385,0.3825880464229573
../data/satellite/aqua/2017/20170702_AQUA.jpg,2017-07-02,cloudy,0.7777506,,,
../data/satellite/aqua/2017/20170703_AQUA.jpg,2017-07-03,clear,0.28480345,0.6353389745476438,0.246128633064651,0.11853239238770527
../data/satellite/aqua/2017/20170704_AQUA.jpg,2017-07-04,clear,0.2875843,0.43376032643232215,0.3201444864376735,0.24609518713000436
../data/satellite/aqua/2017/20170705_AQUA.jpg,2017-07-05,cloudy,0.8083593,,,
../data/satellite/aqua/2017/20170706_AQUA.jpg,2017-07-06,cloudy,0.9266072,,,
../data/satellite/aqua/2017/20170707_AQUA.jpg,2017-07-07,cloudy,0.89644414,,,
../data/satellite/aqua/2017/20170708_AQUA.jpg,2017-07-08,cloudy,0.6039783,,,
../data/satellite/aqua/2017/20170709_AQUA.jpg,2017-07-09,clear,0.1908344,0.320846851065253,0.48202281012742904,0.19713033880731798
../data/satellite/aqua/2017/20170710_AQUA.jpg,2017-07-10,clear,0.26847228,0.3196093514833272,0.3598782567978862,0.3205123917187866
../data/satellite/aqua/2017/20170711_AQUA.jpg,2017-07-11,cloudy,0.826647,,,
../data/satellite/aqua/2017/20170712_AQUA.jpg,2017-07-12,clear,0.17380506,0.3689755510217733,0.37797250744172045,0.25305194153650623
../data/satellite/aqua/2017/20170713_AQUA.jpg,2017-07-13,cloudy,0.93896455,,,
../data/satellite/aqua/2017/20170714_AQUA.jpg,2017-07-14,clear,0.07783398,0.14819893641927823,0.3450617077494231,0.5067393558312987
../data/satellite/aqua/2017/20170715_AQUA.jpg,2017-07-15,clear,0.05009075,0.16970467239707013,0.3875714906853072,0.4427238369176227
../data/satellite/aqua/2017/20170716_AQUA.jpg,2017-07-16,clear,0.26999968,0.29124719890297335,0.2971336834007826,0.41161911769624404
../data/satellite/aqua/2017/20170717_AQUA.jpg,2017-07-17,clear,0.16105546,0.4071039165189471,0.35499515033947626,0.23790093314157665
../data/satellite/aqua/2017/20170718_AQUA.jpg,2017-07-18,cloudy,0.9259208,,,
../data/satellite/aqua/2017/20170719_AQUA.jpg,2017-07-19,clear,0.013858866,0.009966888524699822,0.24632930867253086,0.7437038028027694
../data/satellite/aqua/2017/20170720_AQUA.jpg,2017-07-20,cloudy,0.8031406,,,
../data/satellite/aqua/2017/20170721_AQUA.jpg,2017-07-21,clear,0.07916336,0.26783504465032276,0.3890096658751129,0.34315528947456436
../data/satellite/aqua/2017/20170722_AQUA.jpg,2017-07-22,cloudy,0.7509343,,,
../data/satellite/aqua/2017/20170724_AQUA.jpg,2017-07-24,clear,0.088452406,0.3938927723335229,0.35171744874410515,0.25438977892237197
../data/satellite/aqua/2017/20170725_AQUA.jpg,2017-07-25,cloudy,0.86723214,,,
../data/satellite/aqua/2017/20170726_AQUA.jpg,2017-07-26,clear,0.4192882,0.6851734171711429,0.19619385263721195,0.1186327301916452
../data/satellite/aqua/2017/20170727_AQUA.jpg,2017-07-27,cloudy,0.84345216,,,
../data/satellite/aqua/2017/20170728_AQUA.jpg,2017-07-28,cloudy,0.8907511,,,
../data/satellite/aqua/2017/20170729_AQUA.jpg,2017-07-29,clear,0.4705662,0.13074015853373022,0.32730191645205525,0.5419579250142145
../data/satellite/aqua/2017/20170730_AQUA.jpg,2017-07-30,cloudy,0.8060201,,,
../data/satellite/aqua/2017/20170731_AQUA.jpg,2017-07-31,cloudy,0.76519036,,,
../data/satellite/aqua/2017/20170801_AQUA.jpg,2017-08-01,clear,0.16492695,0.23107796247366133,0.3452623833573029,0.4236596541690357
../data/satellite/aqua/2017/20170802_AQUA.jpg,2017-08-02,cloudy,0.7125459,,,
../data/satellite/aqua/2017/20170803_AQUA.jpg,2017-08-03,cloudy,0.9002796,,,
../data/satellite/aqua/2017/20170804_AQUA.jpg,2017-08-04,cloudy,0.7365145,,,
../data/satellite/aqua/2017/20170805_AQUA.jpg,2017-08-05,cloudy,0.86915374,,,
../data/satellite/aqua/2017/20170806_AQUA.jpg,2017-08-06,clear,0.1912726,0.3450951536840697,0.41974647981537844,0.23515836650055186
../data/satellite/aqua/2017/20170807_AQUA.jpg,2017-08-07,cloudy,0.94339514,,,
../data/satellite/aqua/2017/20170808_AQUA.jpg,2017-08-08,cloudy,0.5887077,,,
../data/satellite/aqua/2017/20170809_AQUA.jpg,2017-08-09,cloudy,0.8080025,,,
../data/satellite/aqua/2017/20170810_AQUA.jpg,2017-08-10,cloudy,0.89630175,,,
../data/satellite/aqua/2017/20170811_AQUA.jpg,2017-08-11,cloudy,0.9316656,,,
../data/satellite/aqua/2017/20170812_AQUA.jpg,2017-08-12,cloudy,0.88913697,,,
../data/satellite/aqua/2017/20170813_AQUA.jpg,2017-08-13,cloudy,0.6775291,,,
../data/satellite/aqua/2017/20170814_AQUA.jpg,2017-08-14,cloudy,0.7274894,,,
../data/satellite/aqua/2017/20170815_AQUA.jpg,2017-08-15,clear,0.099081606,0.27643064985451016,0.3774708184220208,0.346098531723469
../data/satellite/aqua/2017/20170816_AQUA.jpg,2017-08-16,clear,0.03833627,0.20201344526572795,0.3666008896618616,0.43138566507241044
../data/satellite/aqua/2017/20170817_AQUA.jpg,2017-08-17,clear,0.11507218,0.27495902873005784,0.41449546807585536,0.31054550319408675
../data/satellite/aqua/2017/20170818_AQUA.jpg,2017-08-18,clear,0.3138805,0.2567644402822837,0.4387437706946721,0.30449178902304425
../data/satellite/aqua/2017/20170819_AQUA.jpg,2017-08-19,clear,0.02516473,0.26750058530385634,0.4453660657547075,0.28713334894143616
../data/satellite/aqua/2017/20170820_AQUA.jpg,2017-08-20,clear,0.15691285,0.3321515769758186,0.39733770360212717,0.27051071942205424
../data/satellite/aqua/2017/20170821_AQUA.jpg,2017-08-21,cloudy,0.9002175,,,
../data/satellite/aqua/2017/20170822_AQUA.jpg,2017-08-22,clear,0.12156763,0.24094451319442123,0.42429512692732196,0.3347603598782568
../data/satellite/aqua/2017/20170825_AQUA.jpg,2017-08-25,cloudy,0.782823,,,
../data/satellite/aqua/2017/20170826_AQUA.jpg,2017-08-26,cloudy,0.829581,,,
../data/satellite/aqua/2017/20170827_AQUA.jpg,2017-08-27,cloudy,0.63184553,,,
../data/satellite/aqua/2017/20170828_AQUA.jpg,2017-08-28,clear,0.039015528,0.019666209572226496,0.22044215525602864,0.7598916351717449
../data/satellite/aqua/2017/20170829_AQUA.jpg,2017-08-29,clear,0.049791407,0.039365865079099636,0.30917421987357435,0.651459915047326
../data/satellite/aqua/2017/20170830_AQUA.jpg,2017-08-30,clear,0.08821593,0.011806414930265225,0.2621157898257467,0.7260777952439881
../data/satellite/aqua/2017/20170831_AQUA.jpg,2017-08-31,clear,0.17944701,0.25642998093581726,0.47175490819090937,0.27181511087327337
../data/satellite/aqua/2017/20170901_AQUA.jpg,2017-09-01,cloudy,0.6503507,,,
../data/satellite/aqua/2017/20170902_AQUA.jpg,2017-09-02,cloudy,0.8830295,,,
../data/satellite/aqua/2017/20170903_AQUA.jpg,2017-09-03,clear,0.24306677,0.15518913676042678,0.5507207598916352,0.29409010334793806
../data/satellite/aqua/2017/20170904_AQUA.jpg,2017-09-04,cloudy,0.79315555,,,
../data/satellite/aqua/2017/20170905_AQUA.jpg,2017-09-05,cloudy,0.74724543,,,
../data/satellite/aqua/2017/20170906_AQUA.jpg,2017-09-06,clear,0.2993698,0.6950065219572561,0.22014114184420883,0.08485233619853506
../data/satellite/aqua/2017/20170907_AQUA.jpg,2017-09-07,cloudy,0.8345219,,,
../data/satellite/aqua/2017/20170908_AQUA.jpg,2017-09-08,cloudy,0.79945546,,,
../data/satellite/aqua/2017/20170909_AQUA.jpg,2017-09-09,clear,0.023084803,0.01862938559818054,0.21358573865346667,0.7677848757483527
../data/satellite/aqua/2017/20170910_AQUA.jpg,2017-09-10,clear,0.06334503,0.05444998160473594,0.3815512224489113,0.5639987959463527
../data/satellite/aqua/2017/20170911_AQUA.jpg,2017-09-11,clear,0.20812532,0.22151242516472122,0.48396267433693435,0.2945249004983444
../data/satellite/aqua/2017/20170912_AQUA.jpg,2017-09-12,clear,0.10550644,0.3297100237466136,0.37921000702364627,0.2910799692297401
../data/satellite/aqua/2017/20170913_AQUA.jpg,2017-09-13,clear,0.23880914,0.14465366734673402,0.4262015452021807,0.4291447874510853
../data/satellite/aqua/2017/20170914_AQUA.jpg,2017-09-14,clear,0.29774582,0.10237800595337637,0.4044951336165089,0.4931268604301147
../data/satellite/aqua/2017/20170915_AQUA.jpg,2017-09-15,clear,0.033827096,0.027492558279541123,0.2620488979564534,0.7104585437640055
../data/satellite/aqua/2017/20170916_AQUA.jpg,2017-09-16,clear,0.42291585,0.10729455834643299,0.4569049132077996,0.43580052844576744
../data/satellite/aqua/2017/20170917_AQUA.jpg,2017-09-17,clear,0.04880033,0.15455366400214055,0.45442991404394795,0.3910164219539115
../data/satellite/aqua/2017/20170918_AQUA.jpg,2017-09-18,cloudy,0.5184766,,,
../data/satellite/aqua/2017/20170919_AQUA.jpg,2017-09-19,clear,0.08636377,0.061674303488410985,0.3557309609017024,0.5825947356098866
../data/satellite/aqua/2017/20170920_AQUA.jpg,2017-09-20,cloudy,0.70422274,,,
../data/satellite/aqua/2017/20170921_AQUA.jpg,2017-09-21,cloudy,0.75933915,,,
../data/satellite/aqua/2017/20170922_AQUA.jpg,2017-09-22,clear,0.1642489,0.31225124586106556,0.4283420850195659,0.25940666911936855
../data/satellite/aqua/2017/20170923_AQUA.jpg,2017-09-23,cloudy,0.9318643,,,
../data/satellite/aqua/2017/20170924_AQUA.jpg,2017-09-24,cloudy,0.7323012,,,
../data/satellite/aqua/2017/20170925_AQUA.jpg,2017-09-25,clear,0.4402726,0.2615137630021071,0.5537977858791264,0.1846884511187665
../data/satellite/aqua/2017/20170926_AQUA.jpg,2017-09-26,cloudy,0.86925393,,,
../data/satellite/aqua/2017/20170927_AQUA.jpg,2017-09-27,cloudy,0.93550295,,,
../data/satellite/aqua/2017/20170928_AQUA.jpg,2017-09-28,clear,0.13954352,0.1307067125990836,0.4954680758553798,0.37382521154553666
../data/satellite/aqua/2017/20170929_AQUA.jpg,2017-09-29,clear,0.29867086,0.22044215525602864,0.4942640222081006,0.28529382253587077
../data/satellite/aqua/2017/20170930_AQUA.jpg,2017-09-30,cloudy,0.86746305,,,
../data/satellite/aqua/2017/20171001_AQUA.jpg,2017-10-01,clear,0.20784897,0.45693835914244624,0.3379711696043346,0.20509047125321916
../data/satellite/aqua/2017/20171002_AQUA.jpg,2017-10-02,cloudy,0.84450734,,,
../data/satellite/aqua/2017/20171003_AQUA.jpg,2017-10-03,clear,0.062047005,0.01662262951938192,0.19575905548680558,0.7876183149938125
../data/satellite/aqua/2017/20171004_AQUA.jpg,2017-10-04,clear,0.23828836,0.10244489782266965,0.3848623699789291,0.5126927321984013
../data/satellite/aqua/2017/20171006_AQUA.jpg,2017-10-06,cloudy,0.7913865,,,
../data/satellite/aqua/2017/20171007_AQUA.jpg,2017-10-07,clear,0.47672614,0.2613130873942272,0.49767550754205825,0.24101140506371452
../data/satellite/aqua/2017/20171008_AQUA.jpg,2017-10-08,cloudy,0.71126693,,,
../data/satellite/aqua/2017/20171009_AQUA.jpg,2017-10-09,clear,0.414423,0.38255460048831064,0.48295929629753503,0.13448610321415433
../data/satellite/aqua/2017/20171010_AQUA.jpg,2017-10-10,cloudy,0.915293,,,
../data/satellite/aqua/2017/20171011_AQUA.jpg,2017-10-11,cloudy,0.9385901,,,
../data/satellite/aqua/2017/20171012_AQUA.jpg,2017-10-12,cloudy,0.90984046,,,
../data/satellite/aqua/2017/20171013_AQUA.jpg,2017-10-13,clear,0.19585907,0.311649219037426,0.45352687380848855,0.2348239071540854
../data/satellite/aqua/2017/20171014_AQUA.jpg,2017-10-14,cloudy,0.8986646,,,
../data/satellite/aqua/2017/20171015_AQUA.jpg,2017-10-15,cloudy,0.8521383,,,
../data/satellite/aqua/2017/20171016_AQUA.jpg,2017-10-16,cloudy,0.90301085,,,
../data/satellite/aqua/2017/20171017_AQUA.jpg,2017-10-17,clear,0.15789722,0.2829860530452524,0.4242282350580287,0.292785711896719
../data/satellite/aqua/2017/20171018_AQUA.jpg,2017-10-18,clear,0.118719146,0.44643633566340013,0.47402923174688116,0.07953443258971872
../data/satellite/aqua/2017/20171019_AQUA.jpg,2017-10-19,cloudy,0.9217851,,,
../data/satellite/aqua/2017/20171020_AQUA.jpg,2017-10-20,cloudy,0.6167052,,,
../data/satellite/aqua/2017/20171021_AQUA.jpg,2017-10-21,cloudy,0.92752814,,,
../data/satellite/aqua/2017/20171022_AQUA.jpg,2017-10-22,cloudy,0.7082173,,,
../data/satellite/aqua/2017/20171023_AQUA.jpg,2017-10-23,cloudy,0.62245744,,,
../data/satellite/aqua/2017/20171024_AQUA.jpg,2017-10-24,clear,0.28311026,0.09254490116726312,0.24693133549617044,0.6605237633365665
../data/satellite/aqua/2017/20171025_AQUA.jpg,2017-10-25,clear,0.16586827,0.28061139168534066,0.36472791732164955,0.3546606909930098
../data/satellite/aqua/2017/20171026_AQUA.jpg,2017-10-26,clear,0.4066005,0.33402454931603065,0.4239272216462089,0.24204822903776047
../data/satellite/aqua/2017/20171027_AQUA.jpg,2017-10-27,cloudy,0.5929595,,,
../data/satellite/aqua/2017/20171029_AQUA.jpg,2017-10-29,clear,0.46257266,0.09297969831766949,0.1876651393023178,0.7193551623800127
../data/satellite/aqua/2017/20171030_AQUA.jpg,2017-10-30,clear,0.39328274,0.03725877119636108,0.18880230108030369,0.7739389277233353
../data/satellite/aqua/2017/20171031_AQUA.jpg,2017-10-31,cloudy,0.9144967,,,
../data/satellite/aqua/2017/20171101_AQUA.jpg,2017-11-01,clear,0.22300509,0.20455533629887288,0.15508879895648683,0.6403558647446402
../data/satellite/aqua/2017/20171102_AQUA.jpg,2017-11-02,cloudy,0.83871347,,,
../data/satellite/aqua/2017/20171103_AQUA.jpg,2017-11-03,cloudy,0.90233326,,,
../data/satellite/aqua/2018/20180206_AQUA.jpg,2018-02-06,cloudy,0.56799775,,,
../data/satellite/aqua/2018/20180207_AQUA.jpg,2018-02-07,clear,0.41434997,0.3249607010267902,0.03655640656878156,0.6384828924044282
../data/satellite/aqua/2018/20180208_AQUA.jpg,2018-02-08,cloudy,0.7111053,,,
../data/satellite/aqua/2018/20180209_AQUA.jpg,2018-02-09,cloudy,0.820646,,,
../data/satellite/aqua/2018/20180210_AQUA.jpg,2018-02-10,clear,0.25909367,0.07511956921636175,0.3423191411083983,0.58256128967524
../data/satellite/aqua/2018/20180211_AQUA.jpg,2018-02-11,cloudy,0.9672774,,,
../data/satellite/aqua/2018/20180212_AQUA.jpg,2018-02-12,cloudy,0.77444893,,,
../data/satellite/aqua/2018/20180213_AQUA.jpg,2018-02-13,cloudy,0.88607925,,,
../data/satellite/aqua/2018/20180214_AQUA.jpg,2018-02-14,cloudy,0.68592155,,,
../data/satellite/aqua/2018/20180215_AQUA.jpg,2018-02-15,cloudy,0.7170211,,,
../data/satellite/aqua/2018/20180216_AQUA.jpg,2018-02-16,clear,0.15227565,0.08595605204187431,0.5983812167631024,0.31566273119502325
../data/satellite/aqua/2018/20180217_AQUA.jpg,2018-02-17,clear,0.117964074,0.08565503863005451,0.5716579149804342,0.34268704638951136
../data/satellite/aqua/2018/20180218_AQUA.jpg,2018-02-18,cloudy,0.69291127,,,
../data/satellite/aqua/2018/20180219_AQUA.jpg,2018-02-19,cloudy,0.62399226,,,
../data/satellite/aqua/2018/20180220_AQUA.jpg,2018-02-20,clear,0.4401128,0.3878056122278337,0.4503495100170574,0.16184487775510886
../data/satellite/aqua/2018/20180221_AQUA.jpg,2018-02-21,cloudy,0.9319163,,,
../data/satellite/aqua/2018/20180222_AQUA.jpg,2018-02-22,cloudy,0.5600067,,,
../data/satellite/aqua/2018/20180223_AQUA.jpg,2018-02-23,cloudy,0.8201994,,,
../data/satellite/aqua/2018/20180224_AQUA.jpg,2018-02-24,cloudy,0.5568565,,,
../data/satellite/aqua/2018/20180225_AQUA.jpg,2018-02-25,cloudy,0.64079756,,,
../data/satellite/aqua/2018/20180226_AQUA.jpg,2018-02-26,cloudy,0.84144074,,,
../data/satellite/aqua/2018/20180227_AQUA.jpg,2018-02-27,cloudy,0.7712147,,,
../data/satellite/aqua/2018/20180228_AQUA.jpg,2018-02-28,cloudy,0.85991424,,,
../data/satellite/aqua/2018/20180301_AQUA.jpg,2018-03-01,clear,0.45843622,0.11940198668851801,0.667513963677715,0.213084049633767
../data/satellite/aqua/2018/20180302_AQUA.jpg,2018-03-02,cloudy,0.5072902,,,
../data/satellite/aqua/2018/20180303_AQUA.jpg,2018-03-03,cloudy,0.5034899,,,
../data/satellite/aqua/2018/20180304_AQUA.jpg,2018-03-04,cloudy,0.53696305,,,
../data/satellite/aqua/2018/20180305_AQUA.jpg,2018-03-05,cloudy,0.7248833,,,
../data/satellite/aqua/2018/20180306_AQUA.jpg,2018-03-06,cloudy,0.9616627,,,
../data/satellite/aqua/2018/20180307_AQUA.jpg,2018-03-07,cloudy,0.8952887,,,
../data/satellite/aqua/2018/20180308_AQUA.jpg,2018-03-08,cloudy,0.6146495,,,
../data/satellite/aqua/2018/20180309_AQUA.jpg,2018-03-09,cloudy,0.94209456,,,
../data/satellite/aqua/2018/20180310_AQUA.jpg,2018-03-10,cloudy,0.64015543,,,
../data/satellite/aqua/2018/20180311_AQUA.jpg,2018-03-11,clear,0.3895847,0.17636041339175224,0.7414963711160908,0.08214321549215693
../data/satellite/aqua/2018/20180312_AQUA.jpg,2018-03-12,cloudy,0.6351919,,,
../data/satellite/aqua/2018/20180313_AQUA.jpg,2018-03-13,cloudy,0.6463235,,,
../data/satellite/aqua/2018/20180314_AQUA.jpg,2018-03-14,clear,0.26920646,0.10017057426669788,0.8003946620288304,0.09943476370447173
../data/satellite/aqua/2018/20180315_AQUA.jpg,2018-03-15,clear,0.35753575,0.03648951469948828,0.8958493595103515,0.0676611257901602
../data/satellite/aqua/2018/20180316_AQUA.jpg,2018-03-16,cloudy,0.86937606,,,
../data/satellite/aqua/2018/20180317_AQUA.jpg,2018-03-17,cloudy,0.7255923,,,
../data/satellite/aqua/2018/20180318_AQUA.jpg,2018-03-18,cloudy,0.890077,,,
../data/satellite/aqua/2018/20180319_AQUA.jpg,2018-03-19,cloudy,0.9310991,,,
../data/satellite/aqua/2018/20180320_AQUA.jpg,2018-03-20,clear,0.4681046,0.16930332118131042,0.6263085721930499,0.20438810662563967
../data/satellite/aqua/2018/20180321_AQUA.jpg,2018-03-21,clear,0.10885907,0.12482022810127429,0.6954747650423091,0.1797050068564166
../data/satellite/aqua/2018/20180322_AQUA.jpg,2018-03-22,cloudy,0.88630265,,,
../data/satellite/aqua/2018/20180323_AQUA.jpg,2018-03-23,cloudy,0.5076347,,,
../data/satellite/aqua/2018/20180324_AQUA.jpg,2018-03-24,cloudy,0.9157483,,,
../data/satellite/aqua/2018/20180325_AQUA.jpg,2018-03-25,cloudy,0.9373939,,,
../data/satellite/aqua/2018/20180326_AQUA.jpg,2018-03-26,cloudy,0.90588856,,,
../data/satellite/aqua/2018/20180327_AQUA.jpg,2018-03-27,cloudy,0.83961135,,,
../data/satellite/aqua/2018/20180328_AQUA.jpg,2018-03-28,cloudy,0.8167631,,,
../data/satellite/aqua/2018/20180329_AQUA.jpg,2018-03-29,clear,0.24311613,0.08301280979296967,0.521254891467942,0.3957322987390883
../data/satellite/aqua/2018/20180330_AQUA.jpg,2018-03-30,cloudy,0.6927704,,,
../data/satellite/aqua/2018/20180331_AQUA.jpg,2018-03-31,cloudy,0.6661034,,,
../data/satellite/aqua/2018/20180401_AQUA.jpg,2018-04-01,cloudy,0.9502436,,,
../data/satellite/aqua/2018/20180402_AQUA.jpg,2018-04-02,cloudy,0.89496106,,,
../data/satellite/aqua/2018/20180403_AQUA.jpg,2018-04-03,cloudy,0.7681511,,,
../data/satellite/aqua/2018/20180404_AQUA.jpg,2018-04-04,cloudy,0.7530064,,,
../data/satellite/aqua/2018/20180405_AQUA.jpg,2018-04-05,cloudy,0.7307355,,,
../data/satellite/aqua/2018/20180406_AQUA.jpg,2018-04-06,cloudy,0.9195455,,,
../data/satellite/aqua/2018/20180407_AQUA.jpg,2018-04-07,cloudy,0.7948899,,,
../data/satellite/aqua/2018/20180408_AQUA.jpg,2018-04-08,cloudy,0.685166,,,
../data/satellite/aqua/2018/20180409_AQUA.jpg,2018-04-09,clear,0.24067931,0.06873139569885281,0.4726245024917221,0.45864410180942505
../data/satellite/aqua/2018/20180410_AQUA.jpg,2018-04-10,cloudy,0.64660054,,,
../data/satellite/aqua/2018/20180411_AQUA.jpg,2018-04-11,cloudy,0.5765284,,,
../data/satellite/aqua/2018/20180412_AQUA.jpg,2018-04-12,cloudy,0.5660588,,,
../data/satellite/aqua/2018/20180413_AQUA.jpg,2018-04-13,cloudy,0.54791933,,,
../data/satellite/aqua/2018/20180414_AQUA.jpg,2018-04-14,clear,0.11551764,0.10147496571791699,0.5711227800260879,0.3274022542559952
../data/satellite/aqua/2018/20180415_AQUA.jpg,2018-04-15,clear,0.11742819,0.06699220709722734,0.5110204354660691,0.42198735743670357
../data/satellite/aqua/2018/20180416_AQUA.jpg,2018-04-16,cloudy,0.7833336,,,
../data/satellite/aqua/2018/20180417_AQUA.jpg,2018-04-17,cloudy,0.8692716,,,
../data/satellite/aqua/2018/20180418_AQUA.jpg,2018-04-18,cloudy,0.7154814,,,
../data/satellite/aqua/2018/20180419_AQUA.jpg,2018-04-19,cloudy,0.91148233,,,
../data/satellite/aqua/2018/20180420_AQUA.jpg,2018-04-20,cloudy,0.97167116,,,
../data/satellite/aqua/2018/20180421_AQUA.jpg,2018-04-21,cloudy,0.85265434,,,
../data/satellite/aqua/2018/20180422_AQUA.jpg,2018-04-22,cloudy,0.81245834,,,
../data/satellite/aqua/2018/20180423_AQUA.jpg,2018-04-23,cloudy,0.72307867,,,
../data/satellite/aqua/2018/20180424_AQUA.jpg,2018-04-24,clear,0.053900104,0.07093882738553128,0.4354326231646543,0.4936285494498144
../data/satellite/aqua/2018/20180425_AQUA.jpg,2018-04-25,clear,0.12740982,0.10127429011003712,0.3995785812234523,0.49914712866651056
../data/satellite/aqua/2018/20180426_AQUA.jpg,2018-04-26,clear,0.47351554,0.13759657513629217,0.39018027358774543,0.4722231512759624
../data/satellite/aqua/2018/20180427_AQUA.jpg,2018-04-27,clear,0.39131638,0.12405097160440148,0.5308538747115288,0.3450951536840697
../data/satellite/aqua/2018/20180428_AQUA.jpg,2018-04-28,cloudy,0.57438815,,,
../data/satellite/aqua/2018/20180429_AQUA.jpg,2018-04-29,cloudy,0.5370981,,,
../data/satellite/aqua/2018/20180430_AQUA.jpg,2018-04-30,cloudy,0.89550906,,,
../data/satellite/aqua/2018/20180501_AQUA.jpg,2018-05-01,clear,0.2481277,0.12746245693835914,0.39007993578380545,0.4824576072778354
../data/satellite/aqua/2018/20180502_AQUA.jpg,2018-05-02,clear,0.3000515,0.08933409144118533,0.4313187732031172,0.4793471353556975
../data/satellite/aqua/2018/20180503_AQUA.jpg,2018-05-03,cloudy,0.83451474,,,
../data/satellite/aqua/2018/20180504_AQUA.jpg,2018-05-04,cloudy,0.6323606,,,
../data/satellite/aqua/2018/20180505_AQUA.jpg,2018-05-05,cloudy,0.8950213,,,
../data/satellite/aqua/2018/20180506_AQUA.jpg,2018-05-06,cloudy,0.50389224,,,
../data/satellite/aqua/2018/20180507_AQUA.jpg,2018-05-07,cloudy,0.7159962,,,
../data/satellite/aqua/2018/20180508_AQUA.jpg,2018-05-08,cloudy,0.8999044,,,
../data/satellite/aqua/2018/20180509_AQUA.jpg,2018-05-09,cloudy,0.87786466,,,
../data/satellite/aqua/2018/20180510_AQUA.jpg,2018-05-10,cloudy,0.9104517,,,
../data/satellite/aqua/2018/20180511_AQUA.jpg,2018-05-11,clear,0.2696477,0.10997023311816449,0.4211512090705375,0.46887855781129806
../data/satellite/aqua/2018/20180512_AQUA.jpg,2018-05-12,clear,0.49236506,0.11391685340646844,0.3719522392053246,0.514130907388207
../data/satellite/aqua/2018/20180513_AQUA.jpg,2018-05-13,clear,0.08758314,0.15264724572728186,0.3435566406903241,0.5037961135823941
../data/satellite/aqua/2018/20180514_AQUA.jpg,2018-05-14,cloudy,0.5928315,,,
../data/satellite/aqua/2018/20180515_AQUA.jpg,2018-05-15,cloudy,0.5535492,,,
../data/satellite/aqua/2018/20180516_AQUA.jpg,2018-05-16,cloudy,0.5802576,,,
../data/satellite/aqua/2018/20180517_AQUA.jpg,2018-05-17,cloudy,0.8342971,,,
../data/satellite/aqua/2018/20180518_AQUA.jpg,2018-05-18,cloudy,0.80624723,,,
../data/satellite/aqua/2018/20180519_AQUA.jpg,2018-05-19,clear,0.3136324,0.18325027592896084,0.43044917890230444,0.38630054516873474
../data/satellite/aqua/2018/20180520_AQUA.jpg,2018-05-20,clear,0.3979233,0.12351583665005518,0.4040268905314559,0.4724572728184889
../data/satellite/aqua/2018/20180521_AQUA.jpg,2018-05-21,cloudy,0.65877956,,,
../data/satellite/aqua/2018/20180522_AQUA.jpg,2018-05-22,cloudy,0.9447476,,,
../data/satellite/aqua/2018/20180523_AQUA.jpg,2018-05-23,cloudy,0.8616265,,,
../data/satellite/aqua/2018/20180524_AQUA.jpg,2018-05-24,clear,0.42195597,0.13318171176293522,0.49834442623499114,0.36847386200207366
../data/satellite/aqua/2018/20180525_AQUA.jpg,2018-05-25,cloudy,0.53213465,,,
../data/satellite/aqua/2018/20180526_AQUA.jpg,2018-05-26,cloudy,0.7047005,,,
../data/satellite/aqua/2018/20180527_AQUA.jpg,2018-05-27,clear,0.321815,0.1944881099702331,0.4438275527609619,0.361684337268805
../data/satellite/aqua/2018/20180528_AQUA.jpg,2018-05-28,cloudy,0.5514832,,,
../data/satellite/aqua/2018/20180529_AQUA.jpg,2018-05-29,clear,0.16824038,0.35683467674504166,0.4227231679989297,0.22044215525602864
../data/satellite/aqua/2018/20180530_AQUA.jpg,2018-05-30,clear,0.102896206,0.0600020067560788,0.4371718117662798,0.5028261814776414
../data/satellite/aqua/2018/20180531_AQUA.jpg,2018-05-31,cloudy,0.6867565,,,
../data/satellite/aqua/2018/20180601_AQUA.jpg,2018-06-01,clear,0.38135755,0.21478979230074585,0.4828924044282418,0.30231780327101243
../data/satellite/aqua/2018/20180602_AQUA.jpg,2018-06-02,clear,0.103308246,0.3508813003779391,0.32248570186293857,0.32663299775912236
../data/satellite/aqua/2018/20180603_AQUA.jpg,2018-06-03,clear,0.32731438,0.345630288638416,0.415565737984548,0.23880397337703602
../data/satellite/aqua/2018/20180604_AQUA.jpg,2018-06-04,cloudy,0.74253917,,,
../data/satellite/aqua/2018/20180605_AQUA.jpg,2018-06-05,clear,0.31400612,0.2740559884945985,0.3851299374561022,0.3408140740492993
../data/satellite/aqua/2018/20180606_AQUA.jpg,2018-06-06,clear,0.46540695,0.07555436636676811,0.4774072711461922,0.4470383624870397
../data/satellite/aqua/2018/20180607_AQUA.jpg,2018-06-07,clear,0.016067035,0.10552192381016087,0.4120204689120037,0.4824576072778354
../data/satellite/aqua/2018/20180608_AQUA.jpg,2018-06-08,clear,0.08969876,0.15027258436737015,0.4351985016221278,0.414528914010502
../data/satellite/aqua/2018/20180609_AQUA.jpg,2018-06-09,cloudy,0.72348493,,,
../data/satellite/aqua/2018/20180610_AQUA.jpg,2018-06-10,cloudy,0.7762573,,,
../data/satellite/aqua/2018/20180611_AQUA.jpg,2018-06-11,cloudy,0.71863997,,,
../data/satellite/aqua/2018/20180612_AQUA.jpg,2018-06-12,cloudy,0.8795395,,,
../data/satellite/aqua/2018/20180613_AQUA.jpg,2018-06-13,cloudy,0.75124425,,,
../data/satellite/aqua/2018/20180614_AQUA.jpg,2018-06-14,cloudy,0.76036847,,,
../data/satellite/aqua/2018/20180615_AQUA.jpg,2018-06-15,cloudy,0.5316598,,,
../data/satellite/aqua/2018/20180616_AQUA.jpg,2018-06-16,cloudy,0.6299476,,,
../data/satellite/aqua/2018/20180617_AQUA.jpg,2018-06-17,cloudy,0.5780965,,,
../data/satellite/aqua/2018/20180618_AQUA.jpg,2018-06-18,cloudy,0.622295,,,
../data/satellite/aqua/2018/20180619_AQUA.jpg,2018-06-19,clear,0.06507241,0.2105421586006221,0.4521555904879762,0.3373022509114017
../data/satellite/aqua/2018/20180620_AQUA.jpg,2018-06-20,cloudy,0.74354744,,,
../data/satellite/aqua/2018/20180621_AQUA.jpg,2018-06-21,clear,0.07780337,0.17338372520820095,0.4113515502190709,0.41526472457272817
../data/satellite/aqua/2018/20180622_AQUA.jpg,2018-06-22,clear,0.10754585,0.22813472022475667,0.4682765309876584,0.30358874878758485
../data/satellite/aqua/2018/20180623_AQUA.jpg,2018-06-23,cloudy,0.88126814,,,
../data/satellite/aqua/2018/20180624_AQUA.jpg,2018-06-24,cloudy,0.54456085,,,
../data/satellite/aqua/2018/20180625_AQUA.jpg,2018-06-25,clear,0.040359892,0.030235124920565907,0.34720224756680823,0.6225626275126258
../data/satellite/aqua/2018/20180626_AQUA.jpg,2018-06-26,clear,0.18225689,0.3889762199404662,0.3717515635974447,0.23927221646208904
../data/satellite/aqua/2018/20180627_AQUA.jpg,2018-06-27,cloudy,0.87817454,,,
../data/satellite/aqua/2018/20180628_AQUA.jpg,2018-06-28,clear,0.19131453,0.48349443125188135,0.2927522659620723,0.22375330278604635
../data/satellite/aqua/2018/20180629_AQUA.jpg,2018-06-29,clear,0.058186643,0.16963778052777684,0.376233318840095,0.4541289006321282
../data/satellite/aqua/2018/20180630_AQUA.jpg,2018-06-30,clear,0.2719078,0.3629552827853774,0.3628549449814375,0.2741897722331851
../data/satellite/aqua/2018/20180701_AQUA.jpg,2018-07-01,cloudy,0.61499065,,,
../data/satellite/aqua/2018/20180702_AQUA.jpg,2018-07-02,clear,0.39439076,0.28636409244456335,0.3999130405699187,0.31372286698551793
../data/satellite/aqua/2018/20180703_AQUA.jpg,2018-07-03,clear,0.16994996,0.1974647981537844,0.4247968159470216,0.37773838589919395
../data/satellite/aqua/2018/20180704_AQUA.jpg,2018-07-04,cloudy,0.5149232,,,
../data/satellite/aqua/2018/20180705_AQUA.jpg,2018-07-05,clear,0.21243767,0.16850061874979097,0.4348640422756614,0.39663533897454767
../data/satellite/aqua/2018/20180706_AQUA.jpg,2018-07-06,clear,0.37475917,0.363657647412957,0.2810127429011004,0.3553296096859427
../data/satellite/aqua/2018/20180707_AQUA.jpg,2018-07-07,cloudy,0.8447275,,,
../data/satellite/aqua/2018/20180708_AQUA.jpg,2018-07-08,cloudy,0.75778294,,,
../data/satellite/aqua/2018/20180709_AQUA.jpg,2018-07-09,cloudy,0.6435365,,,
../data/satellite/aqua/2018/20180710_AQUA.jpg,2018-07-10,clear,0.28929606,0.23137897588548112,0.4913542258938426,0.2772667982206763
../data/satellite/aqua/2018/20180711_AQUA.jpg,2018-07-11,clear,0.03561353,0.0395665406869795,0.3283387404261012,0.6320947188869193
../data/satellite/aqua/2018/20180712_AQUA.jpg,2018-07-12,cloudy,0.7183462,,,
../data/satellite/aqua/2018/20180713_AQUA.jpg,2018-07-13,clear,0.04975665,0.016120940499682265,0.27472490718753134,0.7091541523127863
../data/satellite/aqua/2018/20180714_AQUA.jpg,2018-07-14,clear,0.3386557,0.26285160038797284,0.3475367069132747,0.38961169269875245
../data/satellite/aqua/2018/20180715_AQUA.jpg,2018-07-15,clear,0.021083843,0.013980400682297067,0.21117763135890832,0.7748419679587946
../data/satellite/aqua/2018/20180716_AQUA.jpg,2018-07-16,clear,0.049355574,0.0634469380246831,0.2844911201043513,0.6520619418709656
../data/satellite/aqua/2018/20180717_AQUA.jpg,2018-07-17,cloudy,0.75368303,,,
../data/satellite/aqua/2018/20180718_AQUA.jpg,2018-07-18,clear,0.34328187,0.24786782166627647,0.3877052744238938,0.36442690390982974
../data/satellite/aqua/2018/20180719_AQUA.jpg,2018-07-19,cloudy,0.89066786,,,
../data/satellite/aqua/2018/20180720_AQUA.jpg,2018-07-20,cloudy,0.8386802,,,
../data/satellite/aqua/2018/20180721_AQUA.jpg,2018-07-21,cloudy,0.6322739,,,
../data/satellite/aqua/2018/20180722_AQUA.jpg,2018-07-22,clear,0.06425403,0.17345061707749423,0.3816850061874979,0.44486437673500784
../data/satellite/aqua/2018/20180723_AQUA.jpg,2018-07-23,clear,0.029660607,0.01608749456503562,0.20632797083514498,0.7775845345998194
../data/satellite/aqua/2018/20180724_AQUA.jpg,2018-07-24,clear,0.2813116,0.2051908090571591,0.4231579651493361,0.3716512257935048
../data/satellite/aqua/2018/20180725_AQUA.jpg,2018-07-25,clear,0.08497928,0.07886551389678585,0.3629218368507308,0.5582126492524834
../data/satellite/aqua/2018/20180726_AQUA.jpg,2018-07-26,clear,0.10441314,0.06759423392086691,0.3274022542559952,0.6050035118231379
../data/satellite/aqua/2018/20180727_AQUA.jpg,2018-07-27,clear,0.056420933,0.08980233452623834,0.462122479012676,0.44807518646108563
../data/satellite/aqua/2018/20180728_AQUA.jpg,2018-07-28,clear,0.3861627,0.6582828857152413,0.26194856015251344,0.07976855413224522
../data/satellite/aqua/2018/20180729_AQUA.jpg,2018-07-29,clear,0.16203293,0.25689822402087026,0.37385865748018327,0.3692431184989465
../data/satellite/aqua/2018/20180730_AQUA.jpg,2018-07-30,cloudy,0.7884179,,,
../data/satellite/aqua/2018/20180731_AQUA.jpg,2018-07-31,cloudy,0.8899079,,,
../data/satellite/aqua/2018/20180801_AQUA.jpg,2018-08-01,clear,0.21754196,0.14241278972540888,0.38385899193952977,0.47372821833506135
../data/satellite/aqua/2018/20180802_AQUA.jpg,2018-08-02,clear,0.045944612,0.10127429011003712,0.460617411953577,0.43810829793638584
../data/satellite/aqua/2018/20180803_AQUA.jpg,2018-08-03,clear,0.21207838,0.006421619452155591,0.19703000100337803,0.7965483795444663
../data/satellite/aqua/2018/20180804_AQUA.jpg,2018-08-04,cloudy,0.85177284,,,
../data/satellite/aqua/2018/20180805_AQUA.jpg,2018-08-05,cloudy,0.8675778,,,
../data/satellite/aqua/2018/20180806_AQUA.jpg,2018-08-06,clear,0.33877358,0.05612227833706813,0.3617177832034516,0.5821599384594802
../data/satellite/aqua/2018/20180807_AQUA.jpg,2018-08-07,clear,0.010392933,0.008093916184487775,0.19090939496304224,0.80099668885247
../data/satellite/aqua/2018/20180808_AQUA.jpg,2018-08-08,clear,0.18445459,0.05391484665038965,0.30947523328539417,0.6366099200642162
../data/satellite/aqua/2018/20180809_AQUA.jpg,2018-08-09,clear,0.17500971,0.21167932037860798,0.462590722097729,0.325729957523663
../data/satellite/aqua/2018/20180810_AQUA.jpg,2018-08-10,clear,0.31022012,0.424763370012375,0.3248603632228503,0.25037626676477476
../data/satellite/aqua/2018/20180811_AQUA.jpg,2018-08-11,cloudy,0.59992576,,,
../data/satellite/aqua/2018/20180812_AQUA.jpg,2018-08-12,clear,0.1700432,0.11137496237332352,0.3055286129970902,0.5830964246295862
../data/satellite/aqua/2018/20180813_AQUA.jpg,2018-08-13,cloudy,0.9487634,,,
../data/satellite/aqua/2018/20180814_AQUA.jpg,2018-08-14,cloudy,0.7107022,,,
../data/satellite/aqua/2018/20180815_AQUA.jpg,2018-08-15,clear,0.33663994,0.32777015953710825,0.44172045887822337,0.23050938158466838
../data/satellite/aqua/2018/20180816_AQUA.jpg,2018-08-16,cloudy,0.7782597,,,
../data/satellite/aqua/2018/20180817_AQUA.jpg,2018-08-17,clear,0.0686514,0.0711729489280578,0.3835914244623566,0.5452356266095856
../data/satellite/aqua/2018/20180818_AQUA.jpg,2018-08-18,clear,0.101130076,0.15341650222415465,0.48111976989196964,0.3654637278838757
../data/satellite/aqua/2018/20180819_AQUA.jpg,2018-08-19,clear,0.36577663,0.18646108565503863,0.437339041439513,0.3761998729054483
../data/satellite/aqua/2018/20180822_AQUA.jpg,2018-08-22,cloudy,0.92790747,,,
../data/satellite/aqua/2018/20180823_AQUA.jpg,2018-08-23,clear,0.28088033,0.19315027258436737,0.42954613866684505,0.3773035887487876
../data/satellite/aqua/2018/20180825_AQUA.jpg,2018-08-25,clear,0.007815903,0.04980099668885247,0.37650088631726814,0.5736981169938794
../data/satellite/aqua/2018/20180826_AQUA.jpg,2018-08-26,cloudy,0.68622833,,,
../data/satellite/aqua/2018/20180827_AQUA.jpg,2018-08-27,clear,0.02198533,0.20391986354058664,0.5333288738753804,0.2627512625840329
../data/satellite/aqua/2018/20180828_AQUA.jpg,2018-08-28,clear,0.08036817,0.18716345028261816,0.4683768687915984,0.3444596809257835
../data/satellite/aqua/2018/20180829_AQUA.jpg,2018-08-29,clear,0.006621343,0.3645272417137697,0.41138499615371754,0.2240877621325128
../data/satellite/aqua/2018/20180830_AQUA.jpg,2018-08-30,clear,0.0753586,0.20248168835078095,0.5013211144185424,0.2961971972306766
../data/satellite/aqua/2018/20180831_AQUA.jpg,2018-08-31,clear,0.08203847,0.17916987190207032,0.5250677280176594,0.2957624000802702
../data/satellite/aqua/2018/20180901_AQUA.jpg,2018-09-01,clear,0.20736004,0.09160841499715709,0.5067728017659453,0.40161878323689754
../data/satellite/aqua/2018/20180903_AQUA.jpg,2018-09-03,clear,0.028791547,0.25241646877822,0.44743971370279945,0.30014381751898056
../data/satellite/aqua/2018/20180904_AQUA.jpg,2018-09-04,cloudy,0.6899696,,,
../data/satellite/aqua/2018/20180905_AQUA.jpg,2018-09-05,cloudy,0.77963245,,,
../data/satellite/aqua/2018/20180906_AQUA.jpg,2018-09-06,clear,0.18540686,0.3342252249239105,0.44891133482725176,0.21686344024883775
../data/satellite/aqua/2018/20180907_AQUA.jpg,2018-09-07,clear,0.4831144,0.23673032542894412,0.41416100872938894,0.34910866584166694
../data/satellite/aqua/2018/20180908_AQUA.jpg,2018-09-08,clear,0.45036477,0.2857286196862771,0.5515569082578012,0.1627144720559216
../data/satellite/aqua/2018/20180909_AQUA.jpg,2018-09-09,clear,0.2707372,0.19218034047961471,0.4252985049667213,0.382521154553664
../data/satellite/aqua/2018/20180910_AQUA.jpg,2018-09-10,clear,0.066600874,0.21542526505903206,0.5122244891133483,0.27235024582761963
../data/satellite/aqua/2018/20180912_AQUA.jpg,2018-09-12,cloudy,0.8410449,,,
../data/satellite/aqua/2018/20180913_AQUA.jpg,2018-09-13,clear,0.4616786,0.4761697715642664,0.3555302852938225,0.1682999431419111
../data/satellite/aqua/2018/20180914_AQUA.jpg,2018-09-14,clear,0.17854841,0.35777116291514766,0.36576474129569553,0.2764640957891568
../data/satellite/aqua/2018/20180915_AQUA.jpg,2018-09-15,clear,0.44340652,0.10682631526137998,0.5579450817753102,0.3352286029633098
../data/satellite/aqua/2018/20180916_AQUA.jpg,2018-09-16,cloudy,0.7222229,,,
../data/satellite/aqua/2018/20180920_AQUA.jpg,2018-09-20,cloudy,0.8116766,,,
../data/satellite/aqua/2018/20180921_AQUA.jpg,2018-09-21,cloudy,0.9684018,,,
../data/satellite/aqua/2018/20180922_AQUA.jpg,2018-09-22,cloudy,0.7925347,,,
../data/satellite/aqua/2018/20180923_AQUA.jpg,2018-09-23,cloudy,0.8154789,,,
../data/satellite/aqua/2018/20180924_AQUA.jpg,2018-09-24,clear,0.20251846,0.2523161309742801,0.46503227532693403,0.2826515936987859
../data/satellite/aqua/2018/20180925_AQUA.jpg,2018-09-25,clear,0.21251129,0.4958025352018462,0.3459647479848824,0.15823271681327133
../data/satellite/aqua/2018/20180926_AQUA.jpg,2018-09-26,clear,0.22233185,0.09027057761129134,0.3857654102143884,0.5239640121743202
../data/satellite/aqua/2018/20180927_AQUA.jpg,2018-09-27,cloudy,0.79940724,,,
../data/satellite/aqua/2018/20180928_AQUA.jpg,2018-09-28,clear,0.33602065,0.39884277066122614,0.3947958125689822,0.20636141676979164
../data/satellite/aqua/2018/20180929_AQUA.jpg,2018-09-29,cloudy,0.53998643,,,
../data/satellite/aqua/2018/20180930_AQUA.jpg,2018-09-30,clear,0.10739414,0.18619351817786547,0.4785778788588247,0.3352286029633098
../data/satellite/aqua/2018/20181001_AQUA.jpg,2018-10-01,clear,0.11070061,0.21014080738486238,0.47041707080504364,0.31944212181009396
../data/satellite/aqua/2018/20181005_AQUA.jpg,2018-10-05,cloudy,0.9452811,,,
../data/satellite/aqua/2018/20181006_AQUA.jpg,2018-10-06,cloudy,0.5049662,,,
../data/satellite/aqua/2018/20181007_AQUA.jpg,2018-10-07,clear,0.4370588,0.3285728619686277,0.41165256363089064,0.25977457440048163
../data/satellite/aqua/2018/20181008_AQUA.jpg,2018-10-08,cloudy,0.9063458,,,
../data/satellite/aqua/2018/20181009_AQUA.jpg,2018-10-09,cloudy,0.84822434,,,
../data/satellite/aqua/2018/20181010_AQUA.jpg,2018-10-10,clear,0.34566486,0.45610221077628016,0.3539583263654303,0.18993946285828958
../data/satellite/aqua/2018/20181011_AQUA.jpg,2018-10-11,cloudy,0.9212791,,,
../data/satellite/aqua/2018/20181012_AQUA.jpg,2018-10-12,cloudy,0.76575416,,,
../data/satellite/aqua/2018/20181013_AQUA.jpg,2018-10-13,cloudy,0.83194715,,,
../data/satellite/aqua/2018/20181014_AQUA.jpg,2018-10-14,cloudy,0.6534801,,,
../data/satellite/aqua/2018/20181015_AQUA.jpg,2018-10-15,cloudy,0.8512371,,,
../data/satellite/aqua/2018/20181016_AQUA.jpg,2018-10-16,clear,0.15351078,0.1537509615706211,0.38997959797986553,0.45626944044951334
../data/satellite/aqua/2018/20181017_AQUA.jpg,2018-10-17,cloudy,0.9630104,,,
../data/satellite/aqua/2018/20181018_AQUA.jpg,2018-10-18,cloudy,0.855909,,,
../data/satellite/aqua/2018/20181019_AQUA.jpg,2018-10-19,cloudy,0.94036597,,,
../data/satellite/aqua/2018/20181020_AQUA.jpg,2018-10-20,clear,0.29587546,0.6106558747784206,0.2628850463226195,0.12645907889895983
../data/satellite/aqua/2018/20181021_AQUA.jpg,2018-10-21,cloudy,0.53489107,,,
../data/satellite/aqua/2018/20181022_AQUA.jpg,2018-10-22,cloudy,0.9403411,,,
../data/satellite/aqua/2018/20181023_AQUA.jpg,2018-10-23,cloudy,0.83559656,,,
../data/satellite/aqua/2018/20181024_AQUA.jpg,2018-10-24,cloudy,0.9770145,,,
../data/satellite/aqua/2018/20181026_AQUA.jpg,2018-10-26,cloudy,0.52050674,,,
../data/satellite/aqua/2018/20181027_AQUA.jpg,2018-10-27,clear,0.4535512,0.06244355998528379,0.1943877721662932,0.7431686678484231
../data/satellite/aqua/2018/20181028_AQUA.jpg,2018-10-28,clear,0.21301302,0.09639118365162715,0.4167028997625339,0.486905916585839
../data/satellite/aqua/2018/20181029_AQUA.jpg,2018-10-29,clear,0.3673665,0.3355630623097762,0.3125188133382387,0.351918124351985
../data/satellite/aqua/2018/20181030_AQUA.jpg,2018-10-30,cloudy,0.95284855,,,
../data/satellite/aqua/2018/20181031_AQUA.jpg,2018-10-31,cloudy,0.9034407,,,
../data/satellite/aqua/2018/20181101_AQUA.jpg,2018-11-01,cloudy,0.9802244,,,
../data/satellite/aqua/2018/20181102_AQUA.jpg,2018-11-02,cloudy,0.98991865,,,
../data/satellite/aqua/2018/20181103_AQUA.jpg,2018-11-03,cloudy,0.9828843,,,
../data/satellite/aqua/2019/20190206_AQUA.jpg,2019-02-06,cloudy,0.77358013,,,
../data/satellite/aqua/2019/20190207_AQUA.jpg,2019-02-07,cloudy,0.9221038,,,
../data/satellite/aqua/2019/20190208_AQUA.jpg,2019-02-08,cloudy,0.9396104,,,
../data/satellite/aqua/2019/20190209_AQUA.jpg,2019-02-09,cloudy,0.95498824,,,
../data/satellite/aqua/2019/20190210_AQUA.jpg,2019-02-10,cloudy,0.6129014,,,
../data/satellite/aqua/2019/20190211_AQUA.jpg,2019-02-11,cloudy,0.79402536,,,
../data/satellite/aqua/2019/20190212_AQUA.jpg,2019-02-12,cloudy,0.92580336,,,
../data/satellite/aqua/2019/20190213_AQUA.jpg,2019-02-13,cloudy,0.74278057,,,
../data/satellite/aqua/2019/20190214_AQUA.jpg,2019-02-14,cloudy,0.6759452,,,
../data/satellite/aqua/2019/20190215_AQUA.jpg,2019-02-15,cloudy,0.6623975,,,
../data/satellite/aqua/2019/20190216_AQUA.jpg,2019-02-16,cloudy,0.84296006,,,
../data/satellite/aqua/2019/20190217_AQUA.jpg,2019-02-17,cloudy,0.84715956,,,
../data/satellite/aqua/2019/20190218_AQUA.jpg,2019-02-18,cloudy,0.7155315,,,
../data/satellite/aqua/2019/20190219_AQUA.jpg,2019-02-19,clear,0.20660107,0.2941569952172313,0.40011371617779856,0.30572928860497006
../data/satellite/aqua/2019/20190220_AQUA.jpg,2019-02-20,clear,0.27127957,0.39646810930131443,0.48061808087227,0.1229138098264156
../data/satellite/aqua/2019/20190221_AQUA.jpg,2019-02-21,clear,0.21434508,0.267433693434563,0.5953710826449045,0.13719522392053246
../data/satellite/aqua/2019/20190222_AQUA.jpg,2019-02-22,clear,0.28054613,0.44048295929629755,0.43469681260242815,0.12482022810127429
../data/satellite/aqua/2019/20190223_AQUA.jpg,2019-02-23,cloudy,0.81875145,,,
../data/satellite/aqua/2019/20190224_AQUA.jpg,2019-02-24,cloudy,0.8875606,,,
../data/satellite/aqua/2019/20190225_AQUA.jpg,2019-02-25,clear,0.094706155,0.2182012776347035,0.6952406434997827,0.0865580788655139
../data/satellite/aqua/2019/20190226_AQUA.jpg,2019-02-26,cloudy,0.8834272,,,
../data/satellite/aqua/2019/20190227_AQUA.jpg,2019-02-27,cloudy,0.79153246,,,
../data/satellite/aqua/2019/20190228_AQUA.jpg,2019-02-28,cloudy,0.90700233,,,
../data/satellite/aqua/2019/20190301_AQUA.jpg,2019-03-01,cloudy,0.8896488,,,
../data/satellite/aqua/2019/20190302_AQUA.jpg,2019-03-02,cloudy,0.7838943,,,
../data/satellite/aqua/2019/20190303_AQUA.jpg,2019-03-03,clear,0.35786644,0.2205090471253219,0.4322218134385765,0.34726913943610155
../data/satellite/aqua/2019/20190304_AQUA.jpg,2019-03-04,clear,0.3744348,0.21846884511187664,0.5304525234957691,0.25107863139235426
../data/satellite/aqua/2019/20190305_AQUA.jpg,2019-03-05,cloudy,0.7773067,,,
../data/satellite/aqua/2019/20190306_AQUA.jpg,2019-03-06,cloudy,0.92958945,,,
../data/satellite/aqua/2019/20190307_AQUA.jpg,2019-03-07,clear,0.11686398,0.22274992474664704,0.5928626375464062,0.1843874377069467
../data/satellite/aqua/2019/20190308_AQUA.jpg,2019-03-08,cloudy,0.7575684,,,
../data/satellite/aqua/2019/20190309_AQUA.jpg,2019-03-09,cloudy,0.92377114,,,
../data/satellite/aqua/2019/20190310_AQUA.jpg,2019-03-10,clear,0.44993445,0.30572928860497006,0.48613666008896617,0.20813405130606374
../data/satellite/aqua/2019/20190311_AQUA.jpg,2019-03-11,cloudy,0.75628364,,,
../data/satellite/aqua/2019/20190312_AQUA.jpg,2019-03-12,cloudy,0.96131116,,,
../data/satellite/aqua/2019/20190313_AQUA.jpg,2019-03-13,cloudy,0.9737544,,,
../data/satellite/aqua/2019/20190314_AQUA.jpg,2019-03-14,cloudy,0.9354298,,,
../data/satellite/aqua/2019/20190316_AQUA.jpg,2019-03-16,cloudy,0.7644102,,,
../data/satellite/aqua/2019/20190317_AQUA.jpg,2019-03-17,cloudy,0.9015128,,,
../data/satellite/aqua/2019/20190318_AQUA.jpg,2019-03-18,cloudy,0.92819583,,,
../data/satellite/aqua/2019/20190319_AQUA.jpg,2019-03-19,clear,0.36826974,0.19452155590487977,0.6978494264022208,0.10762901769289943
../data/satellite/aqua/2019/20190320_AQUA.jpg,2019-03-20,cloudy,0.8413141,,,
../data/satellite/aqua/2019/20190321_AQUA.jpg,2019-03-21,cloudy,0.9376976,,,
../data/satellite/aqua/2019/20190322_AQUA.jpg,2019-03-22,cloudy,0.5876235,,,
../data/satellite/aqua/2019/20190323_AQUA.jpg,2019-03-23,clear,0.4523697,0.12191043178701629,0.615505535302184,0.2625840329107997
../data/satellite/aqua/2019/20190324_AQUA.jpg,2019-03-24,cloudy,0.92254233,,,
../data/satellite/aqua/2019/20190325_AQUA.jpg,2019-03-25,clear,0.14625628,0.1051540185290478,0.566875146325964,0.32797083514498815
../data/satellite/aqua/2019/20190326_AQUA.jpg,2019-03-26,cloudy,0.6203133,,,
../data/satellite/aqua/2019/20190327_AQUA.jpg,2019-03-27,cloudy,0.8347053,,,
../data/satellite/aqua/2019/20190328_AQUA.jpg,2019-03-28,cloudy,0.8744474,,,
../data/satellite/aqua/2019/20190329_AQUA.jpg,2019-03-29,cloudy,0.6619804,,,
../data/satellite/aqua/2019/20190330_AQUA.jpg,2019-03-30,clear,0.04771248,0.12625840329107996,0.5593163650958226,0.31442523161309743
../data/satellite/aqua/2019/20190331_AQUA.jpg,2019-03-31,cloudy,0.6525406,,,
../data/satellite/aqua/2019/20190401_AQUA.jpg,2019-04-01,cloudy,0.6034954,,,
../data/satellite/aqua/2019/20190402_AQUA.jpg,2019-04-02,cloudy,0.5731064,,,
../data/satellite/aqua/2019/20190403_AQUA.jpg,2019-04-03,clear,0.39690614,0.10017057426669788,0.5937991237165122,0.3060303020167899
../data/satellite/aqua/2019/20190404_AQUA.jpg,2019-04-04,clear,0.17739771,0.05331281982675006,0.5784808856483494,0.3682062945249005
../data/satellite/aqua/2019/20190405_AQUA.jpg,2019-04-05,cloudy,0.83792615,,,
../data/satellite/aqua/2019/20190406_AQUA.jpg,2019-04-06,cloudy,0.61993843,,,
../data/satellite/aqua/2019/20190407_AQUA.jpg,2019-04-07,clear,0.32212406,0.1483327201578648,0.48235726947389546,0.36931001036823974
../data/satellite/aqua/2019/20190408_AQUA.jpg,2019-04-08,cloudy,0.7733885,,,
../data/satellite/aqua/2019/20190409_AQUA.jpg,2019-04-09,cloudy,0.75457597,,,
../data/satellite/aqua/2019/20190410_AQUA.jpg,2019-04-10,cloudy,0.94830847,,,
../data/satellite/aqua/2019/20190411_AQUA.jpg,2019-04-11,cloudy,0.9555281,,,
../data/satellite/aqua/2019/20190412_AQUA.jpg,2019-04-12,cloudy,0.7126703,,,
../data/satellite/aqua/2019/20190413_AQUA.jpg,2019-04-13,clear,0.10946049,0.055988494598481556,0.5871768286564768,0.35683467674504166
../data/satellite/aqua/2019/20190414_AQUA.jpg,2019-04-14,clear,0.20398425,0.015786481153215827,0.2925850362888391,0.6916284825579451
../data/satellite/aqua/2019/20190415_AQUA.jpg,2019-04-15,cloudy,0.6454059,,,
../data/satellite/aqua/2019/20190416_AQUA.jpg,2019-04-16,cloudy,0.8831306,,,
../data/satellite/aqua/2019/20190417_AQUA.jpg,2019-04-17,cloudy,0.7121013,,,
../data/satellite/aqua/2019/20190418_AQUA.jpg,2019-04-18,cloudy,0.85692847,,,
../data/satellite/aqua/2019/20190419_AQUA.jpg,2019-04-19,cloudy,0.9022658,,,
../data/satellite/aqua/2019/20190420_AQUA.jpg,2019-04-20,cloudy,0.768787,,,
../data/satellite/aqua/2019/20190421_AQUA.jpg,2019-04-21,clear,0.38868937,0.08184220208033713,0.6973811833171678,0.22077661460249506
../data/satellite/aqua/2019/20190422_AQUA.jpg,2019-04-22,cloudy,0.6141606,,,
../data/satellite/aqua/2019/20190423_AQUA.jpg,2019-04-23,clear,0.24682105,0.14415197832703436,0.5683467674504165,0.28750125422254924
../data/satellite/aqua/2019/20190424_AQUA.jpg,2019-04-24,clear,0.13578299,0.20806715943677045,0.5718251446536673,0.2201076959095622
../data/satellite/aqua/2019/20190425_AQUA.jpg,2019-04-25,clear,0.18296805,0.17492223820194655,0.5404863038897622,0.28459145790829127
../data/satellite/aqua/2019/20190426_AQUA.jpg,2019-04-26,cloudy,0.5314379,,,
../data/satellite/aqua/2019/20190427_AQUA.jpg,2019-04-27,cloudy,0.74784684,,,
../data/satellite/aqua/2019/20190428_AQUA.jpg,2019-04-28,cloudy,0.7230383,,,
../data/satellite/aqua/2019/20190429_AQUA.jpg,2019-04-29,cloudy,0.6745819,,,
../data/satellite/aqua/2019/20190430_AQUA.jpg,2019-04-30,cloudy,0.75658816,,,
../data/satellite/aqua/2019/20190501_AQUA.jpg,2019-05-01,cloudy,0.91050154,,,
../data/satellite/aqua/2019/20190502_AQUA.jpg,2019-05-02,cloudy,0.62391126,,,
../data/satellite/aqua/2019/20190503_AQUA.jpg,2019-05-03,cloudy,0.8154984,,,
../data/satellite/aqua/2019/20190504_AQUA.jpg,2019-05-04,cloudy,0.9112739,,,
../data/satellite/aqua/2019/20190505_AQUA.jpg,2019-05-05,cloudy,0.7763574,,,
../data/satellite/aqua/2019/20190506_AQUA.jpg,2019-05-06,cloudy,0.7048813,,,
../data/satellite/aqua/2019/20190507_AQUA.jpg,2019-05-07,clear,0.30023238,0.23171343523194757,0.30151510083949296,0.4667714639285595
../data/satellite/aqua/2019/20190508_AQUA.jpg,2019-05-08,cloudy,0.9606356,,,
../data/satellite/aqua/2019/20190509_AQUA.jpg,2019-05-09,cloudy,0.7682853,,,
../data/satellite/aqua/2019/20190510_AQUA.jpg,2019-05-10,cloudy,0.8081706,,,
../data/satellite/aqua/2019/20190511_AQUA.jpg,2019-05-11,clear,0.45155287,0.2489715375096157,0.36563095755710895,0.38539750493327535
../data/satellite/aqua/2019/20190512_AQUA.jpg,2019-05-12,cloudy,0.9376185,,,
../data/satellite/aqua/2019/20190513_AQUA.jpg,2019-05-13,cloudy,0.9276618,,,
../data/satellite/aqua/2019/20190514_AQUA.jpg,2019-05-14,cloudy,0.834467,,,
../data/satellite/aqua/2019/20190515_AQUA.jpg,2019-05-15,cloudy,0.82002217,,,
../data/satellite/aqua/2019/20190516_AQUA.jpg,2019-05-16,clear,0.0870863,0.08608983578046088,0.479581256898224,0.43432890732131507
../data/satellite/aqua/2019/20190517_AQUA.jpg,2019-05-17,clear,0.41794315,0.13244590120070907,0.6333656644034917,0.2341884343957992
../data/satellite/aqua/2019/20190518_AQUA.jpg,2019-05-18,cloudy,0.76716447,,,
../data/satellite/aqua/2019/20190519_AQUA.jpg,2019-05-19,cloudy,0.5988666,,,
../data/satellite/aqua/2019/20190520_AQUA.jpg,2019-05-20,cloudy,0.8437124,,,
../data/satellite/aqua/2019/20190521_AQUA.jpg,2019-05-21,clear,0.22181164,0.26194856015251344,0.43797451419779926,0.3000769256496873
../data/satellite/aqua/2019/20190522_AQUA.jpg,2019-05-22,cloudy,0.56082493,,,
../data/satellite/aqua/2019/20190523_AQUA.jpg,2019-05-23,cloudy,0.87311083,,,
../data/satellite/aqua/2019/20190524_AQUA.jpg,2019-05-24,cloudy,0.889798,,,
../data/satellite/aqua/2019/20190525_AQUA.jpg,2019-05-25,cloudy,0.8256473,,,
../data/satellite/aqua/2019/20190526_AQUA.jpg,2019-05-26,cloudy,0.6989539,,,
../data/satellite/aqua/2019/20190527_AQUA.jpg,2019-05-27,cloudy,0.8053976,,,
../data/satellite/aqua/2019/20190528_AQUA.jpg,2019-05-28,cloudy,0.86294794,,,
../data/satellite/aqua/2019/20190529_AQUA.jpg,2019-05-29,cloudy,0.88816786,,,
../data/satellite/aqua/2019/20190530_AQUA.jpg,2019-05-30,cloudy,0.91910005,,,
../data/satellite/aqua/2019/20190531_AQUA.jpg,2019-05-31,cloudy,0.88915354,,,
../data/satellite/aqua/2019/20190601_AQUA.jpg,2019-06-01,cloudy,0.54568183,,,
../data/satellite/aqua/2019/20190602_AQUA.jpg,2019-06-02,cloudy,0.8188835,,,
../data/satellite/aqua/2019/20190603_AQUA.jpg,2019-06-03,clear,0.17765653,0.40181945884477743,0.33680056189170204,0.2613799792635205
../data/satellite/aqua/2019/20190604_AQUA.jpg,2019-06-04,clear,0.13582437,0.23064316532325496,0.4682430850530118,0.3011137496237332
../data/satellite/aqua/2019/20190605_AQUA.jpg,2019-06-05,cloudy,0.9300806,,,
../data/satellite/aqua/2019/20190606_AQUA.jpg,2019-06-06,clear,0.3418405,0.10214388441084986,0.5612227833706813,0.33663333221846886
../data/satellite/aqua/2019/20190607_AQUA.jpg,2019-06-07,clear,0.100419775,0.29967557443392756,0.387872504097127,0.31245192146894546
../data/satellite/aqua/2019/20190608_AQUA.jpg,2019-06-08,cloudy,0.65738714,,,
../data/satellite/aqua/2019/20190609_AQUA.jpg,2019-06-09,clear,0.16421336,0.2478343757316298,0.43145255694170376,0.32071306732666643
../data/satellite/aqua/2019/20190610_AQUA.jpg,2019-06-10,cloudy,0.71841824,,,
../data/satellite/aqua/2019/20190611_AQUA.jpg,2019-06-11,cloudy,0.85744745,,,
../data/satellite/aqua/2019/20190612_AQUA.jpg,2019-06-12,cloudy,0.90939504,,,
../data/satellite/aqua/2019/20190613_AQUA.jpg,2019-06-13,cloudy,0.7874823,,,
../data/satellite/aqua/2019/20190614_AQUA.jpg,2019-06-14,clear,0.38246942,0.04913207799591959,0.326198200608716,0.6246697213953644
../data/satellite/aqua/2019/20190615_AQUA.jpg,2019-06-15,cloudy,0.60332,,,
../data/satellite/aqua/2019/20190616_AQUA.jpg,2019-06-16,cloudy,0.87818587,,,
../data/satellite/aqua/2019/20190619_AQUA.jpg,2019-06-19,cloudy,0.56730974,,,
../data/satellite/aqua/2019/20190620_AQUA.jpg,2019-06-20,clear,0.36281163,0.12147563463660992,0.40603364661025454,0.47249071875313553
../data/satellite/aqua/2019/20190621_AQUA.jpg,2019-06-21,clear,0.12551339,0.08431720124418877,0.37452757617311616,0.5411552225826951
../data/satellite/aqua/2019/20190622_AQUA.jpg,2019-06-22,clear,0.32109207,0.25566072443894444,0.3948292585036289,0.3495100170574267
../data/satellite/aqua/2019/20190623_AQUA.jpg,2019-06-23,clear,0.046188038,0.2447573497441386,0.28452456603899795,0.47071808421686345
../data/satellite/aqua/2019/20190624_AQUA.jpg,2019-06-24,cloudy,0.53272474,,,
../data/satellite/aqua/2019/20190625_AQUA.jpg,2019-06-25,clear,0.07624994,0.04133917522325161,0.32208435064717883,0.6365764741295695
../data/satellite/aqua/2019/20190626_AQUA.jpg,2019-06-26,cloudy,0.6110442,,,
../data/satellite/aqua/2019/20190627_AQUA.jpg,2019-06-27,clear,0.08052954,0.31385665072410446,0.44847653767684537,0.23766681159905015
../data/satellite/aqua/2019/20190628_AQUA.jpg,2019-06-28,cloudy,0.5726185,,,
../data/satellite/aqua/2019/20190629_AQUA.jpg,2019-06-29,cloudy,0.6614092,,,
../data/satellite/aqua/2019/20190630_AQUA.jpg,2019-06-30,clear,0.32733816,0.27733369008996955,0.4751329475902204,0.24753336231981002
../data/satellite/aqua/2019/20190701_AQUA.jpg,2019-07-01,clear,0.4439602,0.13278036054717549,0.49667212950265893,0.37054750995016555
../data/satellite/aqua/2019/20190702_AQUA.jpg,2019-07-02,cloudy,0.8847036,,,
../data/satellite/aqua/2019/20190703_AQUA.jpg,2019-07-03,cloudy,0.55431616,,,
../data/satellite/aqua/2019/20190704_AQUA.jpg,2019-07-04,cloudy,0.79563534,,,
../data/satellite/aqua/2019/20190705_AQUA.jpg,2019-07-05,clear,0.1414844,0.0560219405331282,0.3232549583598114,0.6207231011070604
../data/satellite/aqua/2019/20190706_AQUA.jpg,2019-07-06,clear,0.055984147,0.6064751329475903,0.27265125923943945,0.12087360781297034
../data/satellite/aqua/2019/20190707_AQUA.jpg,2019-07-07,cloudy,0.746042,,,
../data/satellite/aqua/2019/20190708_AQUA.jpg,2019-07-08,cloudy,0.7083282,,,
../data/satellite/aqua/2019/20190709_AQUA.jpg,2019-07-09,cloudy,0.8654174,,,
../data/satellite/aqua/2019/20190710_AQUA.jpg,2019-07-10,cloudy,0.7308244,,,
../data/satellite/aqua/2019/20190711_AQUA.jpg,2019-07-11,cloudy,0.7785827,,,
../data/satellite/aqua/2019/20190712_AQUA.jpg,2019-07-12,cloudy,0.58603644,,,
../data/satellite/aqua/2019/20190713_AQUA.jpg,2019-07-13,cloudy,0.87343466,,,
../data/satellite/aqua/2019/20190714_AQUA.jpg,2019-07-14,cloudy,0.79837704,,,
../data/satellite/aqua/2019/20190716_AQUA.jpg,2019-07-16,cloudy,0.7679116,,,
../data/satellite/aqua/2019/20190717_AQUA.jpg,2019-07-17,clear,0.23815493,0.07070470584300478,0.3489079902337871,0.5803873039232081
../data/satellite/aqua/2019/20190718_AQUA.jpg,2019-07-18,clear,0.040360287,0.026990869259841465,0.2927522659620723,0.6802568647780862
../data/satellite/aqua/2019/20190719_AQUA.jpg,2019-07-19,cloudy,0.6364459,,,
../data/satellite/aqua/2019/20190720_AQUA.jpg,2019-07-20,clear,0.38644177,0.17478845446335997,0.44904511856583834,0.3761664269708017
../data/satellite/aqua/2019/20190721_AQUA.jpg,2019-07-21,cloudy,0.50239795,,,
../data/satellite/aqua/2019/20190722_AQUA.jpg,2019-07-22,clear,0.09882271,0.46376132981036156,0.354827920666243,0.18141074952339542
../data/satellite/aqua/2019/20190723_AQUA.jpg,2019-07-23,cloudy,0.6201729,,,
../data/satellite/aqua/2019/20190724_AQUA.jpg,2019-07-24,cloudy,0.7672216,,,
../data/satellite/aqua/2019/20190725_AQUA.jpg,2019-07-25,clear,0.4719012,0.5026589518044082,0.35058028696611926,0.14676076122947257
../data/satellite/aqua/2019/20190726_AQUA.jpg,2019-07-26,clear,0.40413997,0.5837653433225192,0.2373323522525837,0.17890230442489716
../data/satellite/aqua/2019/20190727_AQUA.jpg,2019-07-27,cloudy,0.6225053,,,
../data/satellite/aqua/2019/20190728_AQUA.jpg,2019-07-28,clear,0.4060606,0.5237633365664404,0.3533562995417907,0.12288036389176896
../data/satellite/aqua/2019/20190729_AQUA.jpg,2019-07-29,cloudy,0.82185227,,,
../data/satellite/aqua/2019/20190730_AQUA.jpg,2019-07-30,clear,0.4655553,0.7751429813706144,0.21080972607779525,0.014047292551590354
../data/satellite/aqua/2019/20190731_AQUA.jpg,2019-07-31,cloudy,0.8261959,,,
../data/satellite/aqua/2019/20190801_AQUA.jpg,2019-08-01,cloudy,0.9090649,,,
../data/satellite/aqua/2019/20190802_AQUA.jpg,2019-08-02,cloudy,0.85232764,,,
../data/satellite/aqua/2019/20190803_AQUA.jpg,2019-08-03,cloudy,0.52386993,,,
../data/satellite/aqua/2019/20190804_AQUA.jpg,2019-08-04,clear,0.30605817,0.09839793973042577,0.4445633633231881,0.45703869694638616
../data/satellite/aqua/2019/20190805_AQUA.jpg,2019-08-05,cloudy,0.6398148,,,
../data/satellite/aqua/2019/20190806_AQUA.jpg,2019-08-06,cloudy,0.68449914,,,
../data/satellite/aqua/2019/20190807_AQUA.jpg,2019-08-07,clear,0.09280074,0.29332084685106524,0.5274089434429245,0.17927020970601024
../data/satellite/aqua/2019/20190808_AQUA.jpg,2019-08-08,cloudy,0.6555632,,,
../data/satellite/aqua/2019/20190809_AQUA.jpg,2019-08-09,cloudy,0.59867895,,,
../data/satellite/aqua/2019/20190810_AQUA.jpg,2019-08-10,cloudy,0.7483083,,,
../data/satellite/aqua/2019/20190811_AQUA.jpg,2019-08-11,cloudy,0.8895777,,,
../data/satellite/aqua/2019/20190812_AQUA.jpg,2019-08-12,cloudy,0.8296336,,,
../data/satellite/aqua/2019/20190813_AQUA.jpg,2019-08-13,cloudy,0.77157706,,,
../data/satellite/aqua/2019/20190814_AQUA.jpg,2019-08-14,cloudy,0.67547786,,,
../data/satellite/aqua/2019/20190815_AQUA.jpg,2019-08-15,cloudy,0.68458754,,,
../data/satellite/aqua/2019/20190816_AQUA.jpg,2019-08-16,clear,0.101595715,0.35265393491421115,0.4550319408675875,0.19231412421820127
../data/satellite/aqua/2019/20190817_AQUA.jpg,2019-08-17,cloudy,0.7699392,,,
../data/satellite/aqua/2019/20190818_AQUA.jpg,2019-08-18,cloudy,0.72925246,,,
../data/satellite/aqua/2019/20190819_AQUA.jpg,2019-08-19,clear,0.27144533,0.46346031639854174,0.37760460216060737,0.15893508144085086
../data/satellite/aqua/2019/20190820_AQUA.jpg,2019-08-20,clear,0.2925715,0.2342553262650925,0.4273052610455199,0.3384394126893876
../data/satellite/aqua/2019/20190821_AQUA.jpg,2019-08-21,clear,0.20237124,0.5439646810930131,0.30619753169002306,0.14983778721696378
../data/satellite/aqua/2019/20190822_AQUA.jpg,2019-08-22,cloudy,0.7526293,,,
../data/satellite/aqua/2019/20190823_AQUA.jpg,2019-08-23,cloudy,0.94104534,,,
../data/satellite/aqua/2019/20190824_AQUA.jpg,2019-08-24,cloudy,0.789103,,,
../data/satellite/aqua/2019/20190825_AQUA.jpg,2019-08-25,clear,0.36286467,0.4303822870330111,0.32455934981103046,0.2450583631559584
../data/satellite/aqua/2019/20190826_AQUA.jpg,2019-08-26,cloudy,0.89132416,,,
../data/satellite/aqua/2019/20190827_AQUA.jpg,2019-08-27,cloudy,0.9610854,,,
../data/satellite/aqua/2019/20190828_AQUA.jpg,2019-08-28,cloudy,0.55710363,,,
../data/satellite/aqua/2019/20190829_AQUA.jpg,2019-08-29,cloudy,0.8140132,,,
../data/satellite/aqua/2019/20190830_AQUA.jpg,2019-08-30,cloudy,0.65604144,,,
../data/satellite/aqua/2019/20190831_AQUA.jpg,2019-08-31,cloudy,0.98251075,,,
../data/satellite/aqua/2019/20190901_AQUA.jpg,2019-09-01,cloudy,0.85463095,,,
../data/satellite/aqua/2019/20190902_AQUA.jpg,2019-09-02,clear,0.038518764,0.09642462958627379,0.36502893073346937,0.5385464396802568
../data/satellite/aqua/2019/20190903_AQUA.jpg,2019-09-03,cloudy,0.8336763,,,
../data/satellite/aqua/2019/20190904_AQUA.jpg,2019-09-04,clear,0.08845837,0.0748520017391886,0.39757182514465367,0.5275761731161577
../data/satellite/aqua/2019/20190905_AQUA.jpg,2019-09-05,cloudy,0.5630989,,,
../data/satellite/aqua/2019/20190906_AQUA.jpg,2019-09-06,cloudy,0.8384101,,,
../data/satellite/aqua/2019/20190907_AQUA.jpg,2019-09-07,clear,0.09102597,0.23810160874945652,0.5032275326934011,0.2586708585571424
../data/satellite/aqua/2019/20190908_AQUA.jpg,2019-09-08,clear,0.064068645,0.12943576708251112,0.409746145356032,0.4608180875614569
../data/satellite/aqua/2019/20190909_AQUA.jpg,2019-09-09,cloudy,0.8659838,,,
../data/satellite/aqua/2019/20190910_AQUA.jpg,2019-09-10,clear,0.08946441,0.2968661159236095,0.42533195090136794,0.27780193317502255
../data/satellite/aqua/2019/20190911_AQUA.jpg,2019-09-11,cloudy,0.6951685,,,
../data/satellite/aqua/2019/20190912_AQUA.jpg,2019-09-12,clear,0.24853638,0.4745978126358741,0.3311481989364193,0.1942539884277066
../data/satellite/aqua/2019/20190913_AQUA.jpg,2019-09-13,clear,0.13029793,0.5413893441252215,0.3013144252316131,0.15729623064316534
../data/satellite/aqua/2019/20190914_AQUA.jpg,2019-09-14,clear,0.14279015,0.303856316264758,0.43630221746546705,0.2598414662697749
../data/satellite/aqua/2019/20190915_AQUA.jpg,2019-09-15,clear,0.036674824,0.3125522592728854,0.43148600287635036,0.25596173785076426
../data/satellite/aqua/2019/20190916_AQUA.jpg,2019-09-16,clear,0.31076702,0.5259707682531188,0.28405632295394495,0.1899729087929362
../data/satellite/aqua/2019/20190917_AQUA.jpg,2019-09-17,cloudy,0.5831276,,,
../data/satellite/aqua/2019/20190918_AQUA.jpg,2019-09-18,cloudy,0.66413665,,,
../data/satellite/aqua/2019/20190919_AQUA.jpg,2019-09-19,cloudy,0.80921733,,,
../data/satellite/aqua/2019/20190920_AQUA.jpg,2019-09-20,clear,0.031230753,0.018495601859593966,0.2174320211378307,0.7640723770025754
../data/satellite/aqua/2019/20190921_AQUA.jpg,2019-09-21,clear,0.34251478,0.05077092879360514,0.376701561925148,0.5725275092812468
../data/satellite/aqua/2019/20190922_AQUA.jpg,2019-09-22,clear,0.22901757,0.4110839827418977,0.3377370480618081,0.2511789691962942
../data/satellite/aqua/2019/20190923_AQUA.jpg,2019-09-23,cloudy,0.88947266,,,
../data/satellite/aqua/2019/20190924_AQUA.jpg,2019-09-24,clear,0.23827389,0.6079467540720426,0.2683701796046691,0.1236830663232884
../data/satellite/aqua/2019/20190925_AQUA.jpg,2019-09-25,cloudy,0.6589801,,,
../data/satellite/aqua/2019/20190926_AQUA.jpg,2019-09-26,cloudy,0.6407078,,,
../data/satellite/aqua/2019/20190927_AQUA.jpg,2019-09-27,cloudy,0.9022311,,,
../data/satellite/aqua/2019/20190928_AQUA.jpg,2019-09-28,cloudy,0.9549627,,,
../data/satellite/aqua/2019/20190929_AQUA.jpg,2019-09-29,clear,0.46910405,0.7631024448978226,0.18813338238737082,0.048764172714806514
../data/satellite/aqua/2019/20190930_AQUA.jpg,2019-09-30,clear,0.49363783,0.5672764975417238,0.2997090203685742,0.13301448208970199
../data/satellite/aqua/2019/20191001_AQUA.jpg,2019-10-01,cloudy,0.695237,,,
../data/satellite/aqua/2019/20191002_AQUA.jpg,2019-10-02,cloudy,0.57076114,,,
../data/satellite/aqua/2019/20191003_AQUA.jpg,2019-10-03,cloudy,0.7569756,,,
../data/satellite/aqua/2019/20191004_AQUA.jpg,2019-10-04,clear,0.12431867,0.4945650356199204,0.390782300411385,0.1146526639686946
../data/satellite/aqua/2019/20191005_AQUA.jpg,2019-10-05,clear,0.3812012,0.06468443760660891,0.37305595504866385,0.5622596073447272
../data/satellite/aqua/2019/20191006_AQUA.jpg,2019-10-06,clear,0.25848418,0.3142245560052176,0.4482758620689655,0.2374995819258169
../data/satellite/aqua/2019/20191007_AQUA.jpg,2019-10-07,clear,0.3234661,0.29204990133449277,0.5067728017659453,0.20117729689956185
../data/satellite/aqua/2019/20191008_AQUA.jpg,2019-10-08,cloudy,0.8658234,,,
../data/satellite/aqua/2019/20191009_AQUA.jpg,2019-10-09,cloudy,0.7365037,,,
../data/satellite/aqua/2019/20191010_AQUA.jpg,2019-10-10,cloudy,0.53938377,,,
../data/satellite/aqua/2019/20191011_AQUA.jpg,2019-10-11,clear,0.320356,0.10107361450215727,0.5156694203819526,0.38325696511589014
../data/satellite/aqua/2019/20191012_AQUA.jpg,2019-10-12,cloudy,0.8184522,,,
../data/satellite/aqua/2019/20191013_AQUA.jpg,2019-10-13,cloudy,0.5011099,,,
../data/satellite/aqua/2019/20191014_AQUA.jpg,2019-10-14,cloudy,0.64324737,,,
../data/satellite/aqua/2019/20191015_AQUA.jpg,2019-10-15,clear,0.22903553,0.0337469480584635,0.23469012341549886,0.7315629285260377
../data/satellite/aqua/2019/20191016_AQUA.jpg,2019-10-16,cloudy,0.93704104,,,
../data/satellite/aqua/2019/20191017_AQUA.jpg,2019-10-17,clear,0.21016747,0.4351650556874812,0.22288370848523362,0.3419512358272852
../data/satellite/aqua/2019/20191018_AQUA.jpg,2019-10-18,clear,0.09532638,0.04659018696277468,0.29355496839359174,0.6598548446436335
../data/satellite/aqua/2019/20191019_AQUA.jpg,2019-10-19,clear,0.27501598,0.21201377972507443,0.44034917555771097,0.3476370447172146
../data/satellite/aqua/2019/20191020_AQUA.jpg,2019-10-20,cloudy,0.7603473,,,
../data/satellite/aqua/2019/20191021_AQUA.jpg,2019-10-21,cloudy,0.98313993,,,
../data/satellite/aqua/2019/20191022_AQUA.jpg,2019-10-22,cloudy,0.75149345,,,
../data/satellite/aqua/2019/20191023_AQUA.jpg,2019-10-23,cloudy,0.7450133,,,
../data/satellite/aqua/2019/20191024_AQUA.jpg,2019-10-24,clear,0.18076885,0.02240877621325128,0.13441921134486104,0.8431720124418877
../data/satellite/aqua/2019/20191025_AQUA.jpg,2019-10-25,cloudy,0.6866035,,,
../data/satellite/aqua/2019/20191026_AQUA.jpg,2019-10-26,cloudy,0.97368425,,,
../data/satellite/aqua/2019/20191027_AQUA.jpg,2019-10-27,clear,0.48193112,0.37452757617311616,0.3358975216562427,0.28957490217064114
../data/satellite/aqua/2019/20191028_AQUA.jpg,2019-10-28,clear,0.08487793,0.44713870029097963,0.28037727014281416,0.2724840295662062
../data/satellite/aqua/2019/20191029_AQUA.jpg,2019-10-29,cloudy,0.9932367,,,
../data/satellite/aqua/2019/20191030_AQUA.jpg,2019-10-30,cloudy,0.948366,,,
../data/satellite/aqua/2019/20191031_AQUA.jpg,2019-10-31,cloudy,0.97139186,,,
../data/satellite/aqua/2019/20191101_AQUA.jpg,2019-11-01,cloudy,0.8552966,,,
../data/satellite/aqua/2019/20191102_AQUA.jpg,2019-11-02,cloudy,0.5701911,,,
../data/satellite/aqua/2019/20191103_AQUA.jpg,2019-11-03,cloudy,0.9511671,,,
../data/satellite/aqua/2019/20191104_AQUA.jpg,2019-11-04,cloudy,0.9890603,,,
../data/satellite/aqua/2020/20200207_AQUA.jpg,2020-02-07,cloudy,0.91193867,,,
../data/satellite/aqua/2020/20200208_AQUA.jpg,2020-02-08,clear,0.438368,0.22224823572694738,0.0289307334693468,0.7488210308037058
../data/satellite/aqua/2020/20200209_AQUA.jpg,2020-02-09,cloudy,0.69435,,,
../data/satellite/aqua/2020/20200210_AQUA.jpg,2020-02-10,cloudy,0.7471598,,,
../data/satellite/aqua/2020/20200211_AQUA.jpg,2020-02-11,cloudy,0.91616297,,,
../data/satellite/aqua/2020/20200212_AQUA.jpg,2020-02-12,clear,0.38463864,0.08565503863005451,0.2229506003545269,0.6913943610154186
../data/satellite/aqua/2020/20200213_AQUA.jpg,2020-02-13,clear,0.43611777,0.13709488611659254,0.33412488711997057,0.528780226763437
../data/satellite/aqua/2020/20200214_AQUA.jpg,2020-02-14,cloudy,0.85264957,,,
../data/satellite/aqua/2020/20200215_AQUA.jpg,2020-02-15,cloudy,0.8349067,,,
../data/satellite/aqua/2020/20200216_AQUA.jpg,2020-02-16,cloudy,0.615291,,,
../data/satellite/aqua/2020/20200217_AQUA.jpg,2020-02-17,clear,0.24274372,0.033780393993110135,0.21091006388173517,0.7553095421251547
../data/satellite/aqua/2020/20200218_AQUA.jpg,2020-02-18,cloudy,0.92771566,,,
../data/satellite/aqua/2020/20200219_AQUA.jpg,2020-02-19,clear,0.44494048,0.03394762366634336,0.1966955416569116,0.7693568346767451
../data/satellite/aqua/2020/20200220_AQUA.jpg,2020-02-20,cloudy,0.6091108,,,
../data/satellite/aqua/2020/20200221_AQUA.jpg,2020-02-21,cloudy,0.56032234,,,
../data/satellite/aqua/2020/20200222_AQUA.jpg,2020-02-22,clear,0.4149959,0.08488578213318171,0.3305461721127797,0.5845680457540386
../data/satellite/aqua/2020/20200223_AQUA.jpg,2020-02-23,cloudy,0.8644851,,,
../data/satellite/aqua/2020/20200224_AQUA.jpg,2020-02-24,cloudy,0.92214954,,,
../data/satellite/aqua/2020/20200225_AQUA.jpg,2020-02-25,cloudy,0.8121724,,,
../data/satellite/aqua/2020/20200226_AQUA.jpg,2020-02-26,cloudy,0.94040614,,,
../data/satellite/aqua/2020/20200227_AQUA.jpg,2020-02-27,cloudy,0.9038191,,,
../data/satellite/aqua/2020/20200228_AQUA.jpg,2020-02-28,cloudy,0.8835262,,,
../data/satellite/aqua/2020/20200229_AQUA.jpg,2020-02-29,cloudy,0.9173556,,,
../data/satellite/aqua/2020/20200301_AQUA.jpg,2020-03-01,cloudy,0.9095435,,,
../data/satellite/aqua/2020/20200302_AQUA.jpg,2020-03-02,cloudy,0.9446274,,,
../data/satellite/aqua/2020/20200303_AQUA.jpg,2020-03-03,cloudy,0.95394915,,,
../data/satellite/aqua/2020/20200307_AQUA.jpg,2020-03-07,clear,0.4572353,0.1738185223586073,0.520318405297836,0.30586307234355664
../data/satellite/aqua/2020/20200308_AQUA.jpg,2020-03-08,clear,0.15829311,0.054985116559082246,0.4824576072778354,0.4625572761630824
../data/satellite/aqua/2020/20200310_AQUA.jpg,2020-03-10,cloudy,0.9131251,,,
../data/satellite/aqua/2020/20200311_AQUA.jpg,2020-03-11,cloudy,0.94471794,,,
../data/satellite/aqua/2020/20200313_AQUA.jpg,2020-03-13,clear,0.406385,0.2112445232282016,0.5614234589785612,0.22733201779323722
../data/satellite/aqua/2020/20200314_AQUA.jpg,2020-03-14,cloudy,0.53212386,,,
../data/satellite/aqua/2020/20200316_AQUA.jpg,2020-03-16,cloudy,0.72852135,,,
../data/satellite/aqua/2020/20200317_AQUA.jpg,2020-03-17,clear,0.31253567,0.06327970835144989,0.25733302117127665,0.6793872704772735
../data/satellite/aqua/2020/20200318_AQUA.jpg,2020-03-18,cloudy,0.5190551,,,
../data/satellite/aqua/2020/20200321_AQUA.jpg,2020-03-21,cloudy,0.5151402,,,
../data/satellite/aqua/2020/20200322_AQUA.jpg,2020-03-22,cloudy,0.80580586,,,
../data/satellite/aqua/2020/20200323_AQUA.jpg,2020-03-23,cloudy,0.8567525,,,
../data/satellite/aqua/2020/20200324_AQUA.jpg,2020-03-24,clear,0.05538933,0.05715910231111408,0.288839091608415,0.6540018060804709
../data/satellite/aqua/2020/20200325_AQUA.jpg,2020-03-25,clear,0.08589507,0.008194253988427706,0.2073982407438376,0.7844075052677347
../data/satellite/aqua/2020/20200326_AQUA.jpg,2020-03-26,cloudy,0.54231244,,,
../data/satellite/aqua/2020/20200327_AQUA.jpg,2020-03-27,clear,0.20944396,0.04685775443994782,0.31221779992641896,0.6409244456336333
../data/satellite/aqua/2020/20200328_AQUA.jpg,2020-03-28,cloudy,0.62320966,,,
../data/satellite/aqua/2020/20200329_AQUA.jpg,2020-03-29,clear,0.18250366,0.008227699923074351,0.149536773805144,0.8422355262717817
../data/satellite/aqua/2020/20200330_AQUA.jpg,2020-03-30,clear,0.21351536,0.041004715876785176,0.2620823438911,0.6969129402321148
../data/satellite/aqua/2020/20200331_AQUA.jpg,2020-03-31,clear,0.35280597,0.043713836583163315,0.23843606809592294,0.7178500953209137
../data/satellite/aqua/2020/20200401_AQUA.jpg,2020-04-01,cloudy,0.93745303,,,
../data/satellite/aqua/2020/20200402_AQUA.jpg,2020-04-02,cloudy,0.9449788,,,
../data/satellite/aqua/2020/20200403_AQUA.jpg,2020-04-03,cloudy,0.95077693,,,
../data/satellite/aqua/2020/20200404_AQUA.jpg,2020-04-04,cloudy,0.92682207,,,
../data/satellite/aqua/2020/20200405_AQUA.jpg,2020-04-05,cloudy,0.8483104,,,
../data/satellite/aqua/2020/20200406_AQUA.jpg,2020-04-06,cloudy,0.90697813,,,
../data/satellite/aqua/2020/20200407_AQUA.jpg,2020-04-07,cloudy,0.66196173,,,
../data/satellite/aqua/2020/20200408_AQUA.jpg,2020-04-08,cloudy,0.8889376,,,
../data/satellite/aqua/2020/20200409_AQUA.jpg,2020-04-09,cloudy,0.93101776,,,
../data/satellite/aqua/2020/20200410_AQUA.jpg,2020-04-10,cloudy,0.931386,,,
../data/satellite/aqua/2020/20200411_AQUA.jpg,2020-04-11,cloudy,0.7436555,,,
../data/satellite/aqua/2020/20200412_AQUA.jpg,2020-04-12,clear,0.12642412,0.004916552393056624,0.3588748787584869,0.6362085688484564
../data/satellite/aqua/2020/20200413_AQUA.jpg,2020-04-13,clear,0.33273152,0.2688384226897221,0.40489648483226864,0.3262650924780093
../data/satellite/aqua/2020/20200414_AQUA.jpg,2020-04-14,cloudy,0.5974057,,,
../data/satellite/aqua/2020/20200415_AQUA.jpg,2020-04-15,cloudy,0.93819827,,,
../data/satellite/aqua/2020/20200416_AQUA.jpg,2020-04-16,clear,0.03816625,0.12458610655874779,0.4915549015017225,0.38385899193952977
../data/satellite/aqua/2020/20200417_AQUA.jpg,2020-04-17,cloudy,0.9876837,,,
../data/satellite/aqua/2020/20200418_AQUA.jpg,2020-04-18,cloudy,0.7896082,,,
../data/satellite/aqua/2020/20200419_AQUA.jpg,2020-04-19,cloudy,0.9098915,,,
../data/satellite/aqua/2020/20200420_AQUA.jpg,2020-04-20,cloudy,0.58262473,,,
../data/satellite/aqua/2020/20200421_AQUA.jpg,2020-04-21,cloudy,0.5750967,,,
../data/satellite/aqua/2020/20200422_AQUA.jpg,2020-04-22,cloudy,0.97595507,,,
../data/satellite/aqua/2020/20200424_AQUA.jpg,2020-04-24,cloudy,0.7436716,,,
../data/satellite/aqua/2020/20200425_AQUA.jpg,2020-04-25,cloudy,0.66801065,,,
../data/satellite/aqua/2020/20200426_AQUA.jpg,2020-04-26,cloudy,0.9752322,,,
../data/satellite/aqua/2020/20200427_AQUA.jpg,2020-04-27,clear,0.10356751,0.04551991705408208,0.4263687748754139,0.528111308070504
../data/satellite/aqua/2020/20200428_AQUA.jpg,2020-04-28,cloudy,0.60592204,,,
../data/satellite/aqua/2020/20200429_AQUA.jpg,2020-04-29,cloudy,0.95189124,,,
../data/satellite/aqua/2020/20200430_AQUA.jpg,2020-04-30,cloudy,0.5880573,,,
../data/satellite/aqua/2020/20200501_AQUA.jpg,2020-05-01,clear,0.25511694,0.16448710659219373,0.4050637145055019,0.43044917890230444
../data/satellite/aqua/2020/20200502_AQUA.jpg,2020-05-02,cloudy,0.8738635,,,
../data/satellite/aqua/2020/20200503_AQUA.jpg,2020-05-03,clear,0.09469745,0.11963610823104452,0.5319910364895147,0.3483728552794408
../data/satellite/aqua/2020/20200504_AQUA.jpg,2020-05-04,cloudy,0.520496,,,
../data/satellite/aqua/2020/20200505_AQUA.jpg,2020-05-05,cloudy,0.77978027,,,
../data/satellite/aqua/2020/20200506_AQUA.jpg,2020-05-06,cloudy,0.9212103,,,
../data/satellite/aqua/2020/20200507_AQUA.jpg,2020-05-07,cloudy,0.87580377,,,
../data/satellite/aqua/2020/20200508_AQUA.jpg,2020-05-08,cloudy,0.9292717,,,
../data/satellite/aqua/2020/20200509_AQUA.jpg,2020-05-09,clear,0.057572566,0.1356901568614335,0.45519917054082076,0.40911067259774575
../data/satellite/aqua/2020/20200510_AQUA.jpg,2020-05-10,cloudy,0.8102627,,,
../data/satellite/aqua/2020/20200511_AQUA.jpg,2020-05-11,clear,0.2619752,0.26599551824475737,0.3565002173985752,0.37750426435666745
../data/satellite/aqua/2020/20200512_AQUA.jpg,2020-05-12,cloudy,0.95001215,,,
../data/satellite/aqua/2020/20200513_AQUA.jpg,2020-05-13,clear,0.4783537,0.17181176627980868,0.4191110070570922,0.4090772266630991
../data/satellite/aqua/2020/20200514_AQUA.jpg,2020-05-14,clear,0.4222547,0.19024047627010937,0.45884477741730495,0.3509147463125857
../data/satellite/aqua/2020/20200515_AQUA.jpg,2020-05-15,cloudy,0.81789774,,,
../data/satellite/aqua/2020/20200516_AQUA.jpg,2020-05-16,cloudy,0.8507429,,,
../data/satellite/aqua/2020/20200517_AQUA.jpg,2020-05-17,cloudy,0.78703606,,,
../data/satellite/aqua/2020/20200518_AQUA.jpg,2020-05-18,cloudy,0.8819913,,,
../data/satellite/aqua/2020/20200519_AQUA.jpg,2020-05-19,cloudy,0.85069025,,,
../data/satellite/aqua/2020/20200520_AQUA.jpg,2020-05-20,cloudy,0.6625593,,,
../data/satellite/aqua/2020/20200521_AQUA.jpg,2020-05-21,cloudy,0.8804398,,,
../data/satellite/aqua/2020/20200522_AQUA.jpg,2020-05-22,cloudy,0.8948579,,,
../data/satellite/aqua/2020/20200523_AQUA.jpg,2020-05-23,cloudy,0.9366949,,,
../data/satellite/aqua/2020/20200524_AQUA.jpg,2020-05-24,cloudy,0.8441528,,,
../data/satellite/aqua/2020/20200525_AQUA.jpg,2020-05-25,clear,0.13744366,0.18870196327636377,0.4352988394260678,0.3759991972975685
../data/satellite/aqua/2020/20200526_AQUA.jpg,2020-05-26,clear,0.33952332,0.3582728519348473,0.31873975718251446,0.3229873908826382
../data/satellite/aqua/2020/20200527_AQUA.jpg,2020-05-27,clear,0.07749178,0.25760058864844976,0.3962674336934346,0.34613197765811565
../data/satellite/aqua/2020/20200528_AQUA.jpg,2020-05-28,cloudy,0.5640883,,,
../data/satellite/aqua/2020/20200529_AQUA.jpg,2020-05-29,cloudy,0.6041771,,,
../data/satellite/aqua/2020/20200530_AQUA.jpg,2020-05-30,cloudy,0.5287022,,,
../data/satellite/aqua/2020/20200531_AQUA.jpg,2020-05-31,cloudy,0.55439556,,,
../data/satellite/aqua/2020/20200601_AQUA.jpg,2020-06-01,clear,0.1957903,0.22502424830261883,0.413592427840396,0.3613833238569852
../data/satellite/aqua/2020/20200602_AQUA.jpg,2020-06-02,clear,0.037948564,0.1614100806047025,0.46305896518278206,0.3755309542125155
../data/satellite/aqua/2020/20200603_AQUA.jpg,2020-06-03,clear,0.203791,0.43753971704739286,0.31850563563998796,0.24395464731261915
../data/satellite/aqua/2020/20200604_AQUA.jpg,2020-06-04,cloudy,0.83972967,,,
../data/satellite/aqua/2020/20200605_AQUA.jpg,2020-06-05,clear,0.022649728,0.2283019498979899,0.4167028997625339,0.35499515033947626
../data/satellite/aqua/2020/20200606_AQUA.jpg,2020-06-06,clear,0.0802071,0.06779490952874678,0.40763905147329343,0.5245660389979598
../data/satellite/aqua/2020/20200607_AQUA.jpg,2020-06-07,clear,0.043783862,0.15331616442021473,0.42466303220843504,0.42202080337135023
../data/satellite/aqua/2020/20200608_AQUA.jpg,2020-06-08,clear,0.1855187,0.15572427171477307,0.4471721462256263,0.39710358205960067
../data/satellite/aqua/2020/20200609_AQUA.jpg,2020-06-09,clear,0.2653144,0.2944914545636978,0.35499515033947626,0.350513395096826
../data/satellite/aqua/2020/20200610_AQUA.jpg,2020-06-10,clear,0.11566639,0.11010401685675106,0.4608849794307502,0.42901100371249873
../data/satellite/aqua/2020/20200612_AQUA.jpg,2020-06-12,clear,0.33222902,0.49232415799859525,0.3066657747750761,0.20101006722632864
../data/satellite/aqua/2020/20200613_AQUA.jpg,2020-06-13,cloudy,0.84483737,,,
../data/satellite/aqua/2020/20200614_AQUA.jpg,2020-06-14,clear,0.33109683,0.31178300277601256,0.3320512391718787,0.35616575805210876
../data/satellite/aqua/2020/20200615_AQUA.jpg,2020-06-15,cloudy,0.6853688,,,
../data/satellite/aqua/2020/20200616_AQUA.jpg,2020-06-16,cloudy,0.6634182,,,
../data/satellite/aqua/2020/20200617_AQUA.jpg,2020-06-17,clear,0.41381302,0.2892738887588214,0.4834609853172347,0.22726512592394393
../data/satellite/aqua/2020/20200618_AQUA.jpg,2020-06-18,cloudy,0.6136084,,,
../data/satellite/aqua/2020/20200619_AQUA.jpg,2020-06-19,cloudy,0.7635532,,,
../data/satellite/aqua/2020/20200620_AQUA.jpg,2020-06-20,cloudy,0.81832796,,,
../data/satellite/aqua/2020/20200621_AQUA.jpg,2020-06-21,clear,0.43836963,0.39131743536573127,0.37252082009431753,0.23616174453995117
../data/satellite/aqua/2020/20200622_AQUA.jpg,2020-06-22,clear,0.43987828,0.4866383491086658,0.3131208401618783,0.20024081072945585
../data/satellite/aqua/2020/20200624_AQUA.jpg,2020-06-24,clear,0.039052203,0.11749556841365932,0.4564032241880999,0.42610120739824076
../data/satellite/aqua/2020/20200625_AQUA.jpg,2020-06-25,clear,0.15336727,0.24479079567878526,0.4692130171577645,0.28599618716345027
../data/satellite/aqua/2020/20200626_AQUA.jpg,2020-06-26,clear,0.47030956,0.40840830797016625,0.37442723836917624,0.21716445366065754
../data/satellite/aqua/2020/20200627_AQUA.jpg,2020-06-27,clear,0.3161691,0.21796715609217698,0.40385966085822267,0.37817318304960035
../data/satellite/aqua/2020/20200628_AQUA.jpg,2020-06-28,cloudy,0.8299953,,,
../data/satellite/aqua/2020/20200629_AQUA.jpg,2020-06-29,clear,0.018678661,0.09940131776982508,0.46616943710491987,0.43442924512525505
../data/satellite/aqua/2020/20200630_AQUA.jpg,2020-06-30,cloudy,0.56794757,,,
../data/satellite/aqua/2020/20200701_AQUA.jpg,2020-07-01,cloudy,0.7293189,,,
../data/satellite/aqua/2020/20200702_AQUA.jpg,2020-07-02,cloudy,0.7311759,,,
../data/satellite/aqua/2020/20200703_AQUA.jpg,2020-07-03,cloudy,0.59747094,,,
../data/satellite/aqua/2020/20200704_AQUA.jpg,2020-07-04,clear,0.11655496,0.1138834074718218,0.3613498779223385,0.5247667146058397
../data/satellite/aqua/2020/20200705_AQUA.jpg,2020-07-05,clear,0.42729405,0.07665808221010736,0.308739422723168,0.6146024950667246
../data/satellite/aqua/2020/20200706_AQUA.jpg,2020-07-06,clear,0.289026,0.15605873106123952,0.472825178099602,0.3711160908391585
../data/satellite/aqua/2020/20200707_AQUA.jpg,2020-07-07,clear,0.080777876,0.26696545034951,0.39864209505334625,0.33439245459714373
../data/satellite/aqua/2020/20200708_AQUA.jpg,2020-07-08,clear,0.32899663,0.3967691227131342,0.33817184521221444,0.2650590320746513
../data/satellite/aqua/2020/20200709_AQUA.jpg,2020-07-09,clear,0.030811995,0.12729522726512593,0.4397471487340714,0.4329576240008027
../data/satellite/aqua/2020/20200710_AQUA.jpg,2020-07-10,clear,0.22822921,0.23452289374226562,0.3770025753369678,0.38847453092076656
../data/satellite/aqua/2020/20200711_AQUA.jpg,2020-07-11,cloudy,0.56874526,,,
../data/satellite/aqua/2020/20200712_AQUA.jpg,2020-07-12,clear,0.3301508,0.26783504465032276,0.4226228301949898,0.30954212515468743
../data/satellite/aqua/2020/20200713_AQUA.jpg,2020-07-13,clear,0.019354604,0.19977256764440282,0.515535636643366,0.2846917957122312
../data/satellite/aqua/2020/20200714_AQUA.jpg,2020-07-14,clear,0.32752708,0.5510886651727482,0.2728519348473193,0.17605939997993245
../data/satellite/aqua/2020/20200715_AQUA.jpg,2020-07-15,clear,0.021331485,0.08368172848590254,0.4718218000602027,0.44449647145389476
../data/satellite/aqua/2020/20200716_AQUA.jpg,2020-07-16,clear,0.3654844,0.5331281982675006,0.2910799692297401,0.1757918325027593
../data/satellite/aqua/2020/20200717_AQUA.jpg,2020-07-17,cloudy,0.8120896,,,
../data/satellite/aqua/2020/20200718_AQUA.jpg,2020-07-18,cloudy,0.51602364,,,
../data/satellite/aqua/2020/20200719_AQUA.jpg,2020-07-19,cloudy,0.6614421,,,
../data/satellite/aqua/2020/20200720_AQUA.jpg,2020-07-20,cloudy,0.9125842,,,
../data/satellite/aqua/2020/20200721_AQUA.jpg,2020-07-21,clear,0.2249341,0.2720157864811532,0.42396066758085554,0.30402354593799125
../data/satellite/aqua/2020/20200722_AQUA.jpg,2020-07-22,cloudy,0.8979033,,,
../data/satellite/aqua/2020/20200723_AQUA.jpg,2020-07-23,cloudy,0.70962876,,,
../data/satellite/aqua/2020/20200724_AQUA.jpg,2020-07-24,clear,0.04941141,0.12776347035017893,0.46774139603331216,0.4044951336165089
../data/satellite/aqua/2020/20200725_AQUA.jpg,2020-07-25,clear,0.08027467,0.1051540185290478,0.4513194421218101,0.4435265393491421
../data/satellite/aqua/2020/20200726_AQUA.jpg,2020-07-26,clear,0.09191881,0.1157898257466805,0.37228669855179103,0.5119234757015285
../data/satellite/aqua/2020/20200727_AQUA.jpg,2020-07-27,clear,0.15342519,0.175256697548413,0.42864309843138565,0.39610020402020135
../data/satellite/aqua/2020/20200728_AQUA.jpg,2020-07-28,clear,0.1869168,0.3823539248804308,0.37910966921970635,0.23853640589986286
../data/satellite/aqua/2020/20200729_AQUA.jpg,2020-07-29,clear,0.17431945,0.2763637579852169,0.44770728117997255,0.27592896083481055
../data/satellite/aqua/2020/20200731_AQUA.jpg,2020-07-31,cloudy,0.5428111,,,
../data/satellite/aqua/2020/20200801_AQUA.jpg,2020-08-01,cloudy,0.6804465,,,
../data/satellite/aqua/2020/20200802_AQUA.jpg,2020-08-02,cloudy,0.7792499,,,
../data/satellite/aqua/2020/20200803_AQUA.jpg,2020-08-03,clear,0.100408494,0.15020569249807686,0.35479447473159637,0.4949998327703268
../data/satellite/aqua/2020/20200804_AQUA.jpg,2020-08-04,cloudy,0.7955112,,,
../data/satellite/aqua/2020/20200805_AQUA.jpg,2020-08-05,cloudy,0.7201011,,,
../data/satellite/aqua/2020/20200806_AQUA.jpg,2020-08-06,clear,0.3334956,0.13518846784173383,0.3149269206327971,0.5498846115254691
../data/satellite/aqua/2020/20200807_AQUA.jpg,2020-08-07,clear,0.28509265,0.2948259139101642,0.4210843172012442,0.2840897688885916
../data/satellite/aqua/2020/20200808_AQUA.jpg,2020-08-08,cloudy,0.5158211,,,
../data/satellite/aqua/2020/20200809_AQUA.jpg,2020-08-09,cloudy,0.6750546,,,
../data/satellite/aqua/2020/20200810_AQUA.jpg,2020-08-10,cloudy,0.65707785,,,
../data/satellite/aqua/2020/20200811_AQUA.jpg,2020-08-11,clear,0.4398388,0.5137964480417405,0.3326867119301649,0.1535168400280946
../data/satellite/aqua/2020/20200812_AQUA.jpg,2020-08-12,clear,0.060520425,0.12408441753904813,0.3732566306565437,0.5026589518044082
../data/satellite/aqua/2020/20200813_AQUA.jpg,2020-08-13,clear,0.016764082,0.036188501287668484,0.2973343590086625,0.6664771397036691
../data/satellite/aqua/2020/20200814_AQUA.jpg,2020-08-14,cloudy,0.9116548,,,
../data/satellite/aqua/2020/20200815_AQUA.jpg,2020-08-15,cloudy,0.94964874,,,
../data/satellite/aqua/2020/20200903_AQUA.jpg,2020-09-03,cloudy,0.81564575,,,
../data/satellite/aqua/2020/20200904_AQUA.jpg,2020-09-04,cloudy,0.87556636,,,
../data/satellite/aqua/2020/20200905_AQUA.jpg,2020-09-05,cloudy,0.5863979,,,
../data/satellite/aqua/2020/20200906_AQUA.jpg,2020-09-06,clear,0.050594162,0.3144586775477441,0.37720325094484763,0.3083380715074083
../data/satellite/aqua/2020/20200907_AQUA.jpg,2020-09-07,clear,0.13993062,0.21672965651025117,0.49844476403893107,0.28482557945081777
../data/satellite/aqua/2020/20200909_AQUA.jpg,2020-09-09,cloudy,0.8113359,,,
../data/satellite/aqua/2020/20200910_AQUA.jpg,2020-09-10,clear,0.18303978,0.228669855179103,0.444195458042075,0.327134686778822
../data/satellite/aqua/2020/20200911_AQUA.jpg,2020-09-11,cloudy,0.79011685,,,
../data/satellite/aqua/2020/20200912_AQUA.jpg,2020-09-12,cloudy,0.7155408,,,
../data/satellite/aqua/2020/20200913_AQUA.jpg,2020-09-13,cloudy,0.900674,,,
../data/satellite/aqua/2020/20200914_AQUA.jpg,2020-09-14,cloudy,0.87463266,,,
../data/satellite/aqua/2020/20200915_AQUA.jpg,2020-09-15,cloudy,0.8053542,,,
../data/satellite/aqua/2020/20200916_AQUA.jpg,2020-09-16,clear,0.1662566,0.16234656677480852,0.4581424127897254,0.3795110204354661
../data/satellite/aqua/2020/20200917_AQUA.jpg,2020-09-17,clear,0.46901125,0.3532559617378508,0.4304157329676578,0.21632830529449146
../data/satellite/aqua/2020/20200920_AQUA.jpg,2020-09-20,clear,0.257155,0.49322719823405464,0.31335496170440486,0.19341784006154053
../data/satellite/aqua/2020/20200921_AQUA.jpg,2020-09-21,clear,0.12031011,0.34452657279507676,0.3760995351015084,0.27937389210341484
../data/satellite/aqua/2020/20200922_AQUA.jpg,2020-09-22,cloudy,0.93658346,,,
../data/satellite/aqua/2020/20200923_AQUA.jpg,2020-09-23,cloudy,0.941947,,,
../data/satellite/aqua/2020/20200924_AQUA.jpg,2020-09-24,cloudy,0.9175835,,,
../data/satellite/aqua/2020/20200925_AQUA.jpg,2020-09-25,clear,0.3896143,0.28780226763436906,0.542760627445734,0.169437104919897
../data/satellite/aqua/2020/20200926_AQUA.jpg,2020-09-26,clear,0.47202983,0.1838188568179538,0.4682765309876584,0.3479046121943878
../data/satellite/aqua/2020/20200927_AQUA.jpg,2020-09-27,cloudy,0.7018998,,,
../data/satellite/aqua/2020/20200928_AQUA.jpg,2020-09-28,clear,0.3824411,0.4654001806080471,0.32810461888357473,0.20649520050837822
../data/satellite/aqua/2020/20200929_AQUA.jpg,2020-09-29,cloudy,0.8019687,,,
../data/satellite/aqua/2020/20200930_AQUA.jpg,2020-09-30,cloudy,0.9084641,,,
../data/satellite/aqua/2020/20201001_AQUA.jpg,2020-10-01,cloudy,0.85809094,,,
../data/satellite/aqua/2020/20201002_AQUA.jpg,2020-10-02,clear,0.081795245,0.15120907053747618,0.43981404060336465,0.40897688885915917
../data/satellite/aqua/2020/20201003_AQUA.jpg,2020-10-03,clear,0.09399359,0.3132211779658183,0.45453025184788787,0.23224857018629386
../data/satellite/aqua/2020/20201004_AQUA.jpg,2020-10-04,cloudy,0.5461978,,,
../data/satellite/aqua/2020/20201005_AQUA.jpg,2020-10-05,cloudy,0.9977297,,,
../data/satellite/aqua/2020/20201006_AQUA.jpg,2020-10-06,cloudy,0.98677397,,,
../data/satellite/aqua/2020/20201007_AQUA.jpg,2020-10-07,cloudy,0.86270225,,,
../data/satellite/aqua/2020/20201008_AQUA.jpg,2020-10-08,cloudy,0.8775217,,,
../data/satellite/aqua/2020/20201009_AQUA.jpg,2020-10-09,cloudy,0.93552715,,,
../data/satellite/aqua/2020/20201010_AQUA.jpg,2020-10-10,cloudy,0.500836,,,
../data/satellite/aqua/2020/20201011_AQUA.jpg,2020-10-11,cloudy,0.6098291,,,
../data/satellite/aqua/2020/20201012_AQUA.jpg,2020-10-12,cloudy,0.9832772,,,
../data/satellite/aqua/2020/20201013_AQUA.jpg,2020-10-13,clear,0.25140917,0.3027191544867721,0.5112880029432423,0.1859928425699856
../data/satellite/aqua/2020/20201014_AQUA.jpg,2020-10-14,cloudy,0.8291936,,,
../data/satellite/aqua/2020/20201015_AQUA.jpg,2020-10-15,clear,0.04102155,0.4478076189839125,0.4396133649954848,0.11257901602060269
../data/satellite/aqua/2020/20201016_AQUA.jpg,2020-10-16,clear,0.0417008,0.04856349710692665,0.36596541690357537,0.5854710859894979
../data/satellite/aqua/2020/20201017_AQUA.jpg,2020-10-17,clear,0.09398496,0.15722933877387205,0.34760359878256797,0.49516706244355996
../data/satellite/aqua/2020/20201018_AQUA.jpg,2020-10-18,cloudy,0.54929066,,,
../data/satellite/aqua/2020/20201019_AQUA.jpg,2020-10-19,clear,0.1793796,0.20940499682263622,0.3171009063848289,0.47349409679253485
../data/satellite/aqua/2020/20201020_AQUA.jpg,2020-10-20,clear,0.04387465,0.07846416268102611,0.37613298103615506,0.5454028562828188
../data/satellite/aqua/2020/20201021_AQUA.jpg,2020-10-21,clear,0.31954938,0.3483059634101475,0.4225559383256965,0.229138098264156
../data/satellite/aqua/2020/20201022_AQUA.jpg,2020-10-22,cloudy,0.84890115,,,
../data/satellite/aqua/2020/20201023_AQUA.jpg,2020-10-23,cloudy,0.9402138,,,
../data/satellite/aqua/2020/20201024_AQUA.jpg,2020-10-24,cloudy,0.68908453,,,
../data/satellite/aqua/2020/20201025_AQUA.jpg,2020-10-25,cloudy,0.96585953,,,
../data/satellite/aqua/2020/20201026_AQUA.jpg,2020-10-26,clear,0.44078887,0.4904177397237366,0.3515502190708719,0.1580320412053915
../data/satellite/aqua/2020/20201027_AQUA.jpg,2020-10-27,cloudy,0.871773,,,
../data/satellite/aqua/2020/20201028_AQUA.jpg,2020-10-28,cloudy,0.9100499,,,
../data/satellite/aqua/2020/20201029_AQUA.jpg,2020-10-29,cloudy,0.52021134,,,
../data/satellite/aqua/2020/20201030_AQUA.jpg,2020-10-30,cloudy,0.9858819,,,
../data/satellite/aqua/2020/20201031_AQUA.jpg,2020-10-31,cloudy,0.97033453,,,
../data/satellite/aqua/2020/20201102_AQUA.jpg,2020-11-02,cloudy,0.97288436,,,
../data/satellite/aqua/2021/20210206_AQUA.jpg,2021-02-06,cloudy,0.8681838,,,
../data/satellite/aqua/2021/20210207_AQUA.jpg,2021-02-07,cloudy,0.9828515,,,
../data/satellite/aqua/2021/20210208_AQUA.jpg,2021-02-08,cloudy,0.9627001,,,
../data/satellite/aqua/2021/20210209_AQUA.jpg,2021-02-09,cloudy,0.95597917,,,
../data/satellite/aqua/2021/20210210_AQUA.jpg,2021-02-10,cloudy,0.8940569,,,
../data/satellite/aqua/2021/20210211_AQUA.jpg,2021-02-11,cloudy,0.9975769,,,
../data/satellite/aqua/2021/20210212_AQUA.jpg,2021-02-12,cloudy,0.94168246,,,
../data/satellite/aqua/2021/20210214_AQUA.jpg,2021-02-14,cloudy,0.7974611,,,
../data/satellite/aqua/2021/20210215_AQUA.jpg,2021-02-15,cloudy,0.72556704,,,
../data/satellite/aqua/2021/20210216_AQUA.jpg,2021-02-16,cloudy,0.7124717,,,
../data/satellite/aqua/2021/20210217_AQUA.jpg,2021-02-17,cloudy,0.5146378,,,
../data/satellite/aqua/2021/20210218_AQUA.jpg,2021-02-18,cloudy,0.9632978,,,
../data/satellite/aqua/2021/20210219_AQUA.jpg,2021-02-19,cloudy,0.6394472,,,
../data/satellite/aqua/2021/20210220_AQUA.jpg,2021-02-20,cloudy,0.71317905,,,
../data/satellite/aqua/2021/20210221_AQUA.jpg,2021-02-21,cloudy,0.88376945,,,
../data/satellite/aqua/2021/20210222_AQUA.jpg,2021-02-22,cloudy,0.9719366,,,
../data/satellite/aqua/2021/20210223_AQUA.jpg,2021-02-23,clear,0.36826563,0.3550954881434162,0.4175056021940533,0.2273989096625305
../data/satellite/aqua/2021/20210224_AQUA.jpg,2021-02-24,cloudy,0.9946026,,,
../data/satellite/aqua/2021/20210225_AQUA.jpg,2021-02-25,cloudy,0.9766144,,,
../data/satellite/aqua/2021/20210226_AQUA.jpg,2021-02-26,clear,0.3926393,0.23562660958560486,0.5170741496371116,0.24729924077728352
../data/satellite/aqua/2021/20210227_AQUA.jpg,2021-02-27,cloudy,0.97058195,,,
../data/satellite/aqua/2021/20210301_AQUA.jpg,2021-03-01,cloudy,0.6837593,,,
../data/satellite/aqua/2021/20210302_AQUA.jpg,2021-03-02,clear,0.23225994,0.20502357938392587,0.7530017726345363,0.04197464798153784
../data/satellite/aqua/2021/20210303_AQUA.jpg,2021-03-03,clear,0.07638963,0.13181042844242283,0.719522392053246,0.14866717950433125
../data/satellite/aqua/2021/20210304_AQUA.jpg,2021-03-04,cloudy,0.97589445,,,
../data/satellite/aqua/2021/20210305_AQUA.jpg,2021-03-05,cloudy,0.9037482,,,
../data/satellite/aqua/2021/20210306_AQUA.jpg,2021-03-06,cloudy,0.5134499,,,
../data/satellite/aqua/2021/20210308_AQUA.jpg,2021-03-08,cloudy,0.9793452,,,
../data/satellite/aqua/2021/20210309_AQUA.jpg,2021-03-09,cloudy,0.92355263,,,
../data/satellite/aqua/2021/20210310_AQUA.jpg,2021-03-10,cloudy,0.6478138,,,
../data/satellite/aqua/2021/20210312_AQUA.jpg,2021-03-12,cloudy,0.98859626,,,
../data/satellite/aqua/2021/20210314_AQUA.jpg,2021-03-14,cloudy,0.6875967,,,
../data/satellite/aqua/2021/20210315_AQUA.jpg,2021-03-15,cloudy,0.7852835,,,
../data/satellite/aqua/2021/20210316_AQUA.jpg,2021-03-16,clear,0.45679146,0.16268102612127497,0.7327000903040235,0.10461888357470149
../data/satellite/aqua/2021/20210317_AQUA.jpg,2021-03-17,cloudy,0.965032,,,
../data/satellite/aqua/2021/20210318_AQUA.jpg,2021-03-18,cloudy,0.65456164,,,
../data/satellite/aqua/2021/20210319_AQUA.jpg,2021-03-19,cloudy,0.9507925,,,
../data/satellite/aqua/2021/20210320_AQUA.jpg,2021-03-20,cloudy,0.660937,,,
../data/satellite/aqua/2021/20210321_AQUA.jpg,2021-03-21,cloudy,0.8673914,,,
../data/satellite/aqua/2021/20210322_AQUA.jpg,2021-03-22,cloudy,0.96791595,,,
../data/satellite/aqua/2021/20210323_AQUA.jpg,2021-03-23,cloudy,0.973612,,,
../data/satellite/aqua/2021/20210324_AQUA.jpg,2021-03-24,cloudy,0.65862566,,,
../data/satellite/aqua/2021/20210325_AQUA.jpg,2021-03-25,cloudy,0.9732438,,,
../data/satellite/aqua/2021/20210326_AQUA.jpg,2021-03-26,cloudy,0.9134312,,,
../data/satellite/aqua/2021/20210327_AQUA.jpg,2021-03-27,cloudy,0.9613091,,,
../data/satellite/aqua/2021/20210328_AQUA.jpg,2021-03-28,cloudy,0.9178802,,,
../data/satellite/aqua/2021/20210329_AQUA.jpg,2021-03-29,cloudy,0.63266534,,,
../data/satellite/aqua/2021/20210330_AQUA.jpg,2021-03-30,clear,0.081148125,0.032208435064717884,0.484464363356634,0.4833272015786481
../data/satellite/aqua/2021/20210331_AQUA.jpg,2021-03-31,clear,0.2847857,0.11231144854342955,0.5450349510017057,0.3426536004548647
../data/satellite/aqua/2021/20210401_AQUA.jpg,2021-04-01,clear,0.31893697,0.015753035218569182,0.61155891501388,0.37268804976755077
../data/satellite/aqua/2021/20210402_AQUA.jpg,2021-04-02,cloudy,0.93350506,,,
../data/satellite/aqua/2021/20210403_AQUA.jpg,2021-04-03,cloudy,0.79544646,,,
../data/satellite/aqua/2021/20210404_AQUA.jpg,2021-04-04,cloudy,0.83167183,,,
../data/satellite/aqua/2021/20210405_AQUA.jpg,2021-04-05,clear,0.38917607,0.06117261446871133,0.4804842971336834,0.4583430883976053
../data/satellite/aqua/2021/20210407_AQUA.jpg,2021-04-07,cloudy,0.8404769,,,
../data/satellite/aqua/2021/20210409_AQUA.jpg,2021-04-09,clear,0.03269689,0.05665741329141443,0.5332285360714405,0.41011405063714507
../data/satellite/aqua/2021/20210410_AQUA.jpg,2021-04-10,clear,0.18276742,0.03588748787584869,0.3759991972975685,0.5881133148265828
../data/satellite/aqua/2021/20210411_AQUA.jpg,2021-04-11,clear,0.2841497,0.018228034382420818,0.21512425164721227,0.7666477139703669
../data/satellite/aqua/2021/20210412_AQUA.jpg,2021-04-12,clear,0.09429894,0.007358105622261614,0.17652764306498545,0.816114251312753
../data/satellite/aqua/2021/20210414_AQUA.jpg,2021-04-14,cloudy,0.79510725,,,
../data/satellite/aqua/2021/20210415_AQUA.jpg,2021-04-15,cloudy,0.93358606,,,
../data/satellite/aqua/2021/20210417_AQUA.jpg,2021-04-17,cloudy,0.63784575,,,
../data/satellite/aqua/2021/20210419_AQUA.jpg,2021-04-19,clear,0.3346837,0.1366935349008328,0.48182213451954914,0.38148433057961806
../data/satellite/aqua/2021/20210420_AQUA.jpg,2021-04-20,cloudy,0.7083477,,,
../data/satellite/aqua/2021/20210421_AQUA.jpg,2021-04-21,cloudy,0.92828774,,,
../data/satellite/aqua/2021/20210422_AQUA.jpg,2021-04-22,cloudy,0.75413907,,,
../data/satellite/aqua/2021/20210423_AQUA.jpg,2021-04-23,clear,0.37511194,0.11201043513160976,0.2999765878457473,0.5880129770226429
../data/satellite/aqua/2021/20210424_AQUA.jpg,2021-04-24,clear,0.27753973,0.10953543596775812,0.2947255761062243,0.5957389879260175
../data/satellite/aqua/2021/20210425_AQUA.jpg,2021-04-25,cloudy,0.86297125,,,
../data/satellite/aqua/2021/20210426_AQUA.jpg,2021-04-26,clear,0.34181917,0.13144252316130975,0.39041439513027193,0.47814308170841835
../data/satellite/aqua/2021/20210427_AQUA.jpg,2021-04-27,clear,0.16419978,0.06588849125388808,0.36218602628850466,0.5719254824576073
../data/satellite/aqua/2021/20210428_AQUA.jpg,2021-04-28,cloudy,0.8365692,,,
../data/satellite/aqua/2021/20210429_AQUA.jpg,2021-04-29,cloudy,0.918538,,,
../data/satellite/aqua/2021/20210430_AQUA.jpg,2021-04-30,cloudy,0.6384836,,,
../data/satellite/aqua/2021/20210501_AQUA.jpg,2021-05-01,cloudy,0.92132854,,,
../data/satellite/aqua/2021/20210502_AQUA.jpg,2021-05-02,cloudy,0.9406934,,,
../data/satellite/aqua/2021/20210503_AQUA.jpg,2021-05-03,cloudy,0.8330104,,,
../data/satellite/aqua/2021/20210505_AQUA.jpg,2021-05-05,cloudy,0.89989614,,,
../data/satellite/aqua/2021/20210506_AQUA.jpg,2021-05-06,cloudy,0.84008193,,,
../data/satellite/aqua/2021/20210507_AQUA.jpg,2021-05-07,cloudy,0.70033914,,,
../data/satellite/aqua/2021/20210508_AQUA.jpg,2021-05-08,cloudy,0.96721685,,,
../data/satellite/aqua/2021/20210510_AQUA.jpg,2021-05-10,clear,0.2977902,0.15177765142646912,0.36004548647111945,0.48817686210241146
../data/satellite/aqua/2021/20210511_AQUA.jpg,2021-05-11,clear,0.08059899,0.10308037058095589,0.4033245259038764,0.4935951035151677
../data/satellite/aqua/2021/20210512_AQUA.jpg,2021-05-12,cloudy,0.74970424,,,
../data/satellite/aqua/2021/20210513_AQUA.jpg,2021-05-13,cloudy,0.5546585,,,
../data/satellite/aqua/2021/20210514_AQUA.jpg,2021-05-14,cloudy,0.5226971,,,
../data/satellite/aqua/2021/20210515_AQUA.jpg,2021-05-15,cloudy,0.91829747,,,
../data/satellite/aqua/2021/20210516_AQUA.jpg,2021-05-16,clear,0.2816751,0.07127328673199773,0.336900899695642,0.5918258135723603
../data/satellite/aqua/2021/20210517_AQUA.jpg,2021-05-17,cloudy,0.617561,,,
../data/satellite/aqua/2021/20210519_AQUA.jpg,2021-05-19,clear,0.3483187,0.21542526505903206,0.3615505535302184,0.42302418141074954
../data/satellite/aqua/2021/20210520_AQUA.jpg,2021-05-20,clear,0.2460084,0.20057527007592227,0.4615873440583297,0.337837385865748
../data/satellite/aqua/2021/20210523_AQUA.jpg,2021-05-23,cloudy,0.79623365,,,
../data/satellite/aqua/2021/20210524_AQUA.jpg,2021-05-24,clear,0.49861228,0.34178400615405197,0.3833573029198301,0.2748586909261179
../data/satellite/aqua/2021/20210525_AQUA.jpg,2021-05-25,clear,0.20290214,0.15776447372821834,0.4899829425733302,0.35225258369845147
../data/satellite/aqua/2021/20210527_AQUA.jpg,2021-05-27,cloudy,0.9485443,,,
../data/satellite/aqua/2021/20210528_AQUA.jpg,2021-05-28,cloudy,0.90838367,,,
../data/satellite/aqua/2021/20210529_AQUA.jpg,2021-05-29,cloudy,0.6394809,,,
../data/satellite/aqua/2021/20210530_AQUA.jpg,2021-05-30,clear,0.17969233,0.15017224656343023,0.47630355530285295,0.37352419813371684
../data/satellite/aqua/2021/20210531_AQUA.jpg,2021-05-31,clear,0.21404964,0.09749489949496638,0.4948660490317402,0.40763905147329343
../data/satellite/aqua/2021/20210601_AQUA.jpg,2021-06-01,cloudy,0.53121597,,,
../data/satellite/aqua/2021/20210603_AQUA.jpg,2021-06-03,cloudy,0.9407965,,,
../data/satellite/aqua/2021/20210604_AQUA.jpg,2021-06-04,cloudy,0.8892137,,,
../data/satellite/aqua/2021/20210605_AQUA.jpg,2021-06-05,cloudy,0.8864781,,,
../data/satellite/aqua/2021/20210606_AQUA.jpg,2021-06-06,cloudy,0.9938899,,,
../data/satellite/aqua/2021/20210607_AQUA.jpg,2021-06-07,cloudy,0.91550153,,,
../data/satellite/aqua/2021/20210608_AQUA.jpg,2021-06-08,cloudy,0.6353305,,,
../data/satellite/aqua/2021/20210609_AQUA.jpg,2021-06-09,cloudy,0.8875304,,,
../data/satellite/aqua/2021/20210610_AQUA.jpg,2021-06-10,cloudy,0.72384226,,,
../data/satellite/aqua/2021/20210611_AQUA.jpg,2021-06-11,clear,0.19170603,0.16990534800495,0.4829258503628884,0.3471688016321616
../data/satellite/aqua/2021/20210613_AQUA.jpg,2021-06-13,clear,0.20162591,0.18141074952339542,0.43228870530786984,0.38630054516873474
../data/satellite/aqua/2021/20210614_AQUA.jpg,2021-06-14,cloudy,0.87116253,,,
../data/satellite/aqua/2021/20210615_AQUA.jpg,2021-06-15,cloudy,0.9586226,,,
../data/satellite/aqua/2021/20210616_AQUA.jpg,2021-06-16,clear,0.34362128,0.33586407572159604,0.4626576139670223,0.20147831031138166
../data/satellite/aqua/2021/20210618_AQUA.jpg,2021-06-18,cloudy,0.91278833,,,
../data/satellite/aqua/2021/20210619_AQUA.jpg,2021-06-19,cloudy,0.8921908,,,
../data/satellite/aqua/2021/20210620_AQUA.jpg,2021-06-20,cloudy,0.8786284,,,
../data/satellite/aqua/2021/20210621_AQUA.jpg,2021-06-21,cloudy,0.7469578,,,
../data/satellite/aqua/2021/20210622_AQUA.jpg,2021-06-22,cloudy,0.77932125,,,
../data/satellite/aqua/2021/20210623_AQUA.jpg,2021-06-23,cloudy,0.8091922,,,
../data/satellite/aqua/2021/20210625_AQUA.jpg,2021-06-25,clear,0.14443105,0.2606107227666477,0.45807552092043213,0.28131375631292016
../data/satellite/aqua/2021/20210626_AQUA.jpg,2021-06-26,cloudy,0.70704544,,,
../data/satellite/aqua/2021/20210627_AQUA.jpg,2021-06-27,clear,0.08632987,0.34887454429914044,0.42496404562025486,0.2261614100806047
../data/satellite/aqua/2021/20210629_AQUA.jpg,2021-06-29,clear,0.05608636,0.0695675440650189,0.38837419311682664,0.5420582628181545
../data/satellite/aqua/2021/20210630_AQUA.jpg,2021-06-30,clear,0.08301244,0.06853072009097294,0.3775711562259607,0.5538981236830663
../data/satellite/aqua/2021/20210701_AQUA.jpg,2021-07-01,clear,0.2976906,0.09923408809659186,0.45489815712900095,0.44586775477440715
../data/satellite/aqua/2021/20210702_AQUA.jpg,2021-07-02,clear,0.04135227,0.04327903943275695,0.3060303020167899,0.6506906585504532
../data/satellite/aqua/2021/20210703_AQUA.jpg,2021-07-03,clear,0.017311066,0.08729388942774007,0.4367035686812268,0.47600254189103314
../data/satellite/aqua/2021/20210704_AQUA.jpg,2021-07-04,clear,0.07862776,0.23104451653901467,0.5003511823137897,0.2686043011471956
../data/satellite/aqua/2021/20210705_AQUA.jpg,2021-07-05,clear,0.21926567,0.2784039599986622,0.42794073380380615,0.29365530619753166
../data/satellite/aqua/2021/20210706_AQUA.jpg,2021-07-06,clear,0.2541537,0.3841265594167029,0.3950299341115088,0.22084350647178835
../data/satellite/aqua/2021/20210708_AQUA.jpg,2021-07-08,clear,0.10576559,0.21368607645740662,0.4071039165189471,0.37921000702364627
../data/satellite/aqua/2021/20210709_AQUA.jpg,2021-07-09,cloudy,0.7578852,,,
../data/satellite/aqua/2021/20210710_AQUA.jpg,2021-07-10,cloudy,0.6028521,,,
../data/satellite/aqua/2021/20210711_AQUA.jpg,2021-07-11,cloudy,0.8752508,,,
../data/satellite/aqua/2021/20210712_AQUA.jpg,2021-07-12,cloudy,0.76494706,,,
../data/satellite/aqua/2021/20210713_AQUA.jpg,2021-07-13,clear,0.040408418,0.010836482825512559,0.2918826716612596,0.6972808455132279
../data/satellite/aqua/2021/20210715_AQUA.jpg,2021-07-15,cloudy,0.97435826,,,
../data/satellite/aqua/2021/20210716_AQUA.jpg,2021-07-16,clear,0.3618989,0.5340981303722533,0.2708451787685207,0.19505669085922606
../data/satellite/aqua/2021/20210717_AQUA.jpg,2021-07-17,clear,0.056202978,0.004013512157597244,0.38432723502458277,0.61165925281782
../data/satellite/aqua/2021/20210718_AQUA.jpg,2021-07-18,clear,0.067355454,0.24626241680323757,0.4369376902237533,0.31679989297300915
../data/satellite/aqua/2021/20210719_AQUA.jpg,2021-07-19,clear,0.079179965,0.05746011572293388,0.3188400949864544,0.6236997892906118
../data/satellite/aqua/2021/20210720_AQUA.jpg,2021-07-20,clear,0.17703743,0.07020301682330513,0.4437606608916686,0.48603632228502625
../data/satellite/aqua/2021/20210721_AQUA.jpg,2021-07-21,clear,0.44177133,0.1847553429880598,0.3728887253754306,0.4423559316365096
../data/satellite/aqua/2021/20210722_AQUA.jpg,2021-07-22,clear,0.21749091,0.08826382153249272,0.39007993578380545,0.5216562426837018
../data/satellite/aqua/2021/20210723_AQUA.jpg,2021-07-23,clear,0.49297833,0.05866416937021305,0.31549550152179,0.6258403291079969
../data/satellite/aqua/2021/20210724_AQUA.jpg,2021-07-24,clear,0.36858344,0.44539951168935416,0.21917120973945617,0.33542927857118965
../data/satellite/aqua/2021/20210725_AQUA.jpg,2021-07-25,cloudy,0.614651,,,
../data/satellite/aqua/2021/20210726_AQUA.jpg,2021-07-26,clear,0.024647651,0.010970266564099133,0.2714472055921603,0.7175825278437405
../data/satellite/aqua/2021/20210727_AQUA.jpg,2021-07-27,clear,0.20198184,0.40422756613933575,0.3732566306565437,0.22251580320412054
../data/satellite/aqua/2021/20210728_AQUA.jpg,2021-07-28,cloudy,0.7928804,,,
../data/satellite/aqua/2021/20210729_AQUA.jpg,2021-07-29,clear,0.152125,0.18565838322351919,0.4207833037894244,0.3935583129870564
../data/satellite/aqua/2021/20210730_AQUA.jpg,2021-07-30,cloudy,0.798677,,,
../data/satellite/aqua/2021/20210731_AQUA.jpg,2021-07-31,cloudy,0.59582543,,,
../data/satellite/aqua/2021/20210801_AQUA.jpg,2021-08-01,cloudy,0.9412772,,,
../data/satellite/aqua/2021/20210803_AQUA.jpg,2021-08-03,clear,0.31486624,0.37910966921970635,0.43750627111274626,0.18338405966754742
../data/satellite/aqua/2021/20210804_AQUA.jpg,2021-08-04,cloudy,0.68426543,,,
../data/satellite/aqua/2021/20210805_AQUA.jpg,2021-08-05,cloudy,0.79075515,,,
../data/satellite/aqua/2021/20210806_AQUA.jpg,2021-08-06,clear,0.39460158,0.39419378574534264,0.39018027358774543,0.21562594066691193
../data/satellite/aqua/2021/20210807_AQUA.jpg,2021-08-07,cloudy,0.79242057,,,
../data/satellite/aqua/2021/20210808_AQUA.jpg,2021-08-08,clear,0.22996229,0.11900063547275828,0.5100839492959631,0.37091541523127863
../data/satellite/aqua/2021/20210809_AQUA.jpg,2021-08-09,cloudy,0.546222,,,
../data/satellite/aqua/2021/20210810_AQUA.jpg,2021-08-10,clear,0.092894025,0.021706411585671763,0.24214856684170039,0.7361450215726278
../data/satellite/aqua/2021/20210811_AQUA.jpg,2021-08-11,clear,0.0146719245,0.11154219204655674,0.41526472457272817,0.4731930833807151
../data/satellite/aqua/2021/20210812_AQUA.jpg,2021-08-12,clear,0.039127655,0.06311247867821666,0.35951035151677313,0.5773771698050102
../data/satellite/aqua/2021/20210813_AQUA.jpg,2021-08-13,clear,0.037936796,0.023211478644770727,0.19629419044115187,0.7804943309140774
../data/satellite/aqua/2021/20210814_AQUA.jpg,2021-08-14,clear,0.1134427,0.0554868055787819,0.3111475300177263,0.6333656644034917
../data/satellite/aqua/2021/20210815_AQUA.jpg,2021-08-15,clear,0.34602138,0.020368574199806012,0.2616809926753403,0.7179504331248536
../data/satellite/aqua/2021/20210816_AQUA.jpg,2021-08-16,clear,0.024811806,0.2877688216997224,0.3588414328238403,0.3533897454764373
../data/satellite/aqua/2021/20210817_AQUA.jpg,2021-08-17,clear,0.39356127,0.5712231178300278,0.2954948326030971,0.13328204956687514
../data/satellite/aqua/2021/20210818_AQUA.jpg,2021-08-18,cloudy,0.73152703,,,
../data/satellite/aqua/2021/20210819_AQUA.jpg,2021-08-19,clear,0.3972026,0.15766413592427841,0.47048396267433695,0.3718519014013847
../data/satellite/aqua/2021/20210820_AQUA.jpg,2021-08-20,clear,0.2745967,0.4753336231981003,0.35238636743703805,0.1722800093648617
../data/satellite/aqua/2021/20210821_AQUA.jpg,2021-08-21,cloudy,0.7348568,,,
../data/satellite/aqua/2021/20210822_AQUA.jpg,2021-08-22,cloudy,0.9012407,,,
../data/satellite/aqua/2021/20210823_AQUA.jpg,2021-08-23,clear,0.09211789,0.3026188166828322,0.3793772366968795,0.3180039466202883
../data/satellite/aqua/2021/20210824_AQUA.jpg,2021-08-24,clear,0.15298353,0.3822870330111375,0.38161811431820464,0.23609485267065788
../data/satellite/aqua/2021/20210825_AQUA.jpg,2021-08-25,clear,0.040038865,0.0926786849058497,0.3504465032275327,0.5568748118666176
../data/satellite/aqua/2021/20210826_AQUA.jpg,2021-08-26,clear,0.08222418,0.12308103949964881,0.4277735041305729,0.44914545636977826
../data/satellite/aqua/2021/20210827_AQUA.jpg,2021-08-27,clear,0.09561204,0.25689822402087026,0.4458008629051139,0.29730091307401585
../data/satellite/aqua/2021/20210828_AQUA.jpg,2021-08-28,clear,0.28237143,0.42964647647078497,0.3698116993879394,0.20054182414127564
../data/satellite/aqua/2021/20210829_AQUA.jpg,2021-08-29,clear,0.19514483,0.2943576708251112,0.468978895615238,0.23666343355965083
../data/satellite/aqua/2021/20210830_AQUA.jpg,2021-08-30,clear,0.4674932,0.343656978494264,0.4641626810261213,0.19218034047961471
../data/satellite/aqua/2021/20210831_AQUA.jpg,2021-08-31,cloudy,0.5710344,,,
../data/satellite/aqua/2021/20210901_AQUA.jpg,2021-09-01,cloudy,0.7773976,,,
../data/satellite/aqua/2021/20210902_AQUA.jpg,2021-09-02,cloudy,0.8422465,,,
../data/satellite/aqua/2021/20210903_AQUA.jpg,2021-09-03,clear,0.37483215,0.07976855413224522,0.3885414227900599,0.5316900230776949
../data/satellite/aqua/2021/20210904_AQUA.jpg,2021-09-04,clear,0.08081977,0.2555938325696512,0.5263721194688785,0.21803404796147027
../data/satellite/aqua/2021/20210905_AQUA.jpg,2021-09-05,clear,0.45812997,0.15298170507374828,0.3673701461587344,0.4796481487675173
../data/satellite/aqua/2021/20210906_AQUA.jpg,2021-09-06,clear,0.26109424,0.024549316030636478,0.2536205224254992,0.7218301615438644
../data/satellite/aqua/2021/20210907_AQUA.jpg,2021-09-07,cloudy,0.9844661,,,
../data/satellite/aqua/2021/20210908_AQUA.jpg,2021-09-08,clear,0.2037839,0.29740125087795577,0.35743670356868124,0.345162045553363
../data/satellite/aqua/2021/20210909_AQUA.jpg,2021-09-09,cloudy,0.75510967,,,
../data/satellite/aqua/2021/20210910_AQUA.jpg,2021-09-10,cloudy,0.76402086,,,
../data/satellite/aqua/2021/20210911_AQUA.jpg,2021-09-11,cloudy,0.8384078,,,
../data/satellite/aqua/2021/20210912_AQUA.jpg,2021-09-12,cloudy,0.8882225,,,
../data/satellite/aqua/2021/20210913_AQUA.jpg,2021-09-13,clear,0.14856492,0.3203786079802,0.4700826114585772,0.20953878056122277
../data/satellite/aqua/2021/20210914_AQUA.jpg,2021-09-14,cloudy,0.87855315,,,
../data/satellite/aqua/2021/20210915_AQUA.jpg,2021-09-15,clear,0.057227205,0.311649219037426,0.46172112779691626,0.22662965316565772
../data/satellite/aqua/2021/20210916_AQUA.jpg,2021-09-16,cloudy,0.9145656,,,
../data/satellite/aqua/2021/20210917_AQUA.jpg,2021-09-17,cloudy,0.79060453,,,
../data/satellite/aqua/2021/20210918_AQUA.jpg,2021-09-18,cloudy,0.94160146,,,
../data/satellite/aqua/2021/20210919_AQUA.jpg,2021-09-19,cloudy,0.91031367,,,
../data/satellite/aqua/2021/20210920_AQUA.jpg,2021-09-20,clear,0.3011639,0.19358506973477374,0.4840295662062276,0.32238536405899865
../data/satellite/aqua/2021/20210921_AQUA.jpg,2021-09-21,cloudy,0.910405,,,
../data/satellite/aqua/2021/20210922_AQUA.jpg,2021-09-22,cloudy,0.644928,,,
../data/satellite/aqua/2021/20210923_AQUA.jpg,2021-09-23,cloudy,0.81294847,,,
../data/satellite/aqua/2021/20210924_AQUA.jpg,2021-09-24,cloudy,0.768109,,,
../data/satellite/aqua/2021/20210925_AQUA.jpg,2021-09-25,cloudy,0.8019659,,,
../data/satellite/aqua/2021/20210926_AQUA.jpg,2021-09-26,cloudy,0.9735937,,,
../data/satellite/aqua/2021/20210927_AQUA.jpg,2021-09-27,cloudy,0.8427953,,,
../data/satellite/aqua/2021/20210928_AQUA.jpg,2021-09-28,cloudy,0.9242517,,,
../data/satellite/aqua/2021/20210929_AQUA.jpg,2021-09-29,clear,0.19414802,0.43743937924345294,0.40185290477942404,0.16070771597712297
../data/satellite/aqua/2021/20210930_AQUA.jpg,2021-09-30,clear,0.20946646,0.14936954413191075,0.4507843071674638,0.39984614870062546
../data/satellite/aqua/2021/20211001_AQUA.jpg,2021-10-01,clear,0.21753702,0.08515334961035487,0.37957791230475935,0.5352687380848857
../data/satellite/aqua/2021/20211002_AQUA.jpg,2021-10-02,cloudy,0.6978487,,,
../data/satellite/aqua/2021/20211003_AQUA.jpg,2021-10-03,clear,0.1274364,0.05632295394494799,0.34542961303053615,0.5982474330245159
../data/satellite/aqua/2021/20211004_AQUA.jpg,2021-10-04,clear,0.35372946,0.2161276296866116,0.5486471119435432,0.23522525836984515
../data/satellite/aqua/2021/20211005_AQUA.jpg,2021-10-05,clear,0.24440251,0.4925582795411218,0.33676711595705544,0.1706746045018228
../data/satellite/aqua/2021/20211006_AQUA.jpg,2021-10-06,clear,0.4971967,0.3367336700224088,0.45088464497140374,0.2123816850061875
../data/satellite/aqua/2021/20211007_AQUA.jpg,2021-10-07,cloudy,0.82725614,,,
../data/satellite/aqua/2021/20211008_AQUA.jpg,2021-10-08,cloudy,0.5255107,,,
../data/satellite/aqua/2021/20211009_AQUA.jpg,2021-10-09,clear,0.17455816,0.08401618783236897,0.4915549015017225,0.42442891066590854
../data/satellite/aqua/2021/20211010_AQUA.jpg,2021-10-10,clear,0.2783421,0.03959998662162614,0.2535536305562059,0.7068463828221679
../data/satellite/aqua/2021/20211011_AQUA.jpg,2021-10-11,clear,0.44244158,0.1871968962172648,0.3817853439914378,0.43101775979129736
../data/satellite/aqua/2021/20211012_AQUA.jpg,2021-10-12,clear,0.41421866,0.3651292685374093,0.37248737415967087,0.26238335730291984
../data/satellite/aqua/2021/20211013_AQUA.jpg,2021-10-13,clear,0.28829038,0.22572661293019833,0.2767985551356233,0.4974748319341784
../data/satellite/aqua/2021/20211014_AQUA.jpg,2021-10-14,clear,0.48306862,0.1502391384327235,0.5244991471286665,0.32526171443860996
../data/satellite/aqua/2021/20211015_AQUA.jpg,2021-10-15,cloudy,0.87771827,,,
../data/satellite/aqua/2021/20211016_AQUA.jpg,2021-10-16,cloudy,0.84045404,,,
../data/satellite/aqua/2021/20211017_AQUA.jpg,2021-10-17,cloudy,0.88689214,,,
../data/satellite/aqua/2021/20211018_AQUA.jpg,2021-10-18,cloudy,0.8257493,,,
../data/satellite/aqua/2021/20211019_AQUA.jpg,2021-10-19,clear,0.28548422,0.6018595939663534,0.25281781999397973,0.14532258603966688
../data/satellite/aqua/2021/20211020_AQUA.jpg,2021-10-20,clear,0.15163358,0.19014013846616945,0.38325696511589014,0.4266028964179404
../data/satellite/aqua/2021/20211021_AQUA.jpg,2021-10-21,cloudy,0.81204677,,,
../data/satellite/aqua/2021/20211022_AQUA.jpg,2021-10-22,clear,0.45657545,0.41606742700424765,0.4253653968360146,0.15856717615973778
../data/satellite/aqua/2021/20211023_AQUA.jpg,2021-10-23,cloudy,0.6910691,,,
../data/satellite/aqua/2021/20211024_AQUA.jpg,2021-10-24,cloudy,0.6053998,,,
../data/satellite/aqua/2021/20211025_AQUA.jpg,2021-10-25,cloudy,0.8271499,,,
../data/satellite/aqua/2021/20211026_AQUA.jpg,2021-10-26,cloudy,0.75230736,,,
../data/satellite/aqua/2021/20211027_AQUA.jpg,2021-10-27,cloudy,0.86338925,,,
../data/satellite/aqua/2021/20211028_AQUA.jpg,2021-10-28,cloudy,0.97194076,,,
../data/satellite/aqua/2021/20211029_AQUA.jpg,2021-10-29,cloudy,0.9518411,,,
../data/satellite/aqua/2021/20211030_AQUA.jpg,2021-10-30,clear,0.087498434,0.03685741998060136,0.1842870999030068,0.7788554801163918
../data/satellite/aqua/2021/20211031_AQUA.jpg,2021-10-31,clear,0.117069356,0.14375062711127462,0.3242917823338573,0.531957590554868
../data/satellite/aqua/2021/20211101_AQUA.jpg,2021-11-01,cloudy,0.8722501,,,
../data/satellite/aqua/2021/20211102_AQUA.jpg,2021-11-02,cloudy,0.81423366,,,
../data/satellite/aqua/2021/20211103_AQUA.jpg,2021-11-03,cloudy,0.770219,,,
../data/satellite/aqua/2022/20220207_AQUA.jpg,2022-02-07,clear,0.35285226,0.22796749055152346,0.1349209003645607,0.6371116090839158
../data/satellite/aqua/2022/20220209_AQUA.jpg,2022-02-09,clear,0.21247895,0.06682497742399411,0.26713268002274326,0.6660423425532627
../data/satellite/aqua/2022/20220210_AQUA.jpg,2022-02-10,cloudy,0.8417767,,,
../data/satellite/aqua/2022/20220211_AQUA.jpg,2022-02-11,clear,0.08875663,0.01715776447372822,0.22833539583263654,0.7545068396936352
../data/satellite/aqua/2022/20220212_AQUA.jpg,2022-02-12,clear,0.18894513,0.021305060369912036,0.2994080069567544,0.6792869326733335
../data/satellite/aqua/2022/20220213_AQUA.jpg,2022-02-13,clear,0.25656256,0.09217699588615004,0.2606107227666477,0.6472122813472022
../data/satellite/aqua/2022/20220214_AQUA.jpg,2022-02-14,clear,0.24773759,0.18167831700056858,0.37322318472189703,0.4450984982775344
../data/satellite/aqua/2022/20220215_AQUA.jpg,2022-02-15,clear,0.05361641,0.10997023311816449,0.2697080169905348,0.6203217498913007
../data/satellite/aqua/2022/20220216_AQUA.jpg,2022-02-16,cloudy,0.97959214,,,
../data/satellite/aqua/2022/20220217_AQUA.jpg,2022-02-17,clear,0.46507177,0.04521890364226228,0.28783571356901566,0.6669453827887221
../data/satellite/aqua/2022/20220226_AQUA.jpg,2022-02-26,cloudy,0.5903642,,,
../data/satellite/aqua/2022/20220227_AQUA.jpg,2022-02-27,cloudy,0.5903642,,,
../data/satellite/aqua/2022/20220228_AQUA.jpg,2022-02-28,cloudy,0.9848141,,,
../data/satellite/aqua/2022/20220301_AQUA.jpg,2022-03-01,cloudy,0.88331485,,,
../data/satellite/aqua/2022/20220302_AQUA.jpg,2022-03-02,clear,0.19082569,0.18983912505434963,0.5461052209103984,0.264055654035252
../data/satellite/aqua/2022/20220303_AQUA.jpg,2022-03-03,cloudy,0.9138426,,,
../data/satellite/aqua/2022/20220304_AQUA.jpg,2022-03-04,cloudy,0.9456641,,,
../data/satellite/aqua/2022/20220305_AQUA.jpg,2022-03-05,cloudy,0.6071087,,,
../data/satellite/aqua/2022/20220306_AQUA.jpg,2022-03-06,clear,0.26494735,0.3399110338138399,0.4376066089166862,0.2224823572694739
../data/satellite/aqua/2022/20220307_AQUA.jpg,2022-03-07,cloudy,0.8203944,,,
../data/satellite/aqua/2022/20220308_AQUA.jpg,2022-03-08,cloudy,0.9085018,,,
../data/satellite/aqua/2022/20220309_AQUA.jpg,2022-03-09,cloudy,0.73854214,,,
../data/satellite/aqua/2022/20220310_AQUA.jpg,2022-03-10,cloudy,0.73854214,,,
../data/satellite/aqua/2022/20220311_AQUA.jpg,2022-03-11,cloudy,0.94192797,,,
../data/satellite/aqua/2022/20220312_AQUA.jpg,2022-03-12,cloudy,0.7680047,,,
../data/satellite/aqua/2022/20220313_AQUA.jpg,2022-03-13,cloudy,0.88921857,,,
../data/satellite/aqua/2022/20220314_AQUA.jpg,2022-03-14,clear,0.2809269,0.11799725743335898,0.4606508578882237,0.42135188467841733
../data/satellite/aqua/2022/20220315_AQUA.jpg,2022-03-15,clear,0.4290336,0.11398374527576173,0.5187798923040904,0.36723636242014784
../data/satellite/aqua/2022/20220316_AQUA.jpg,2022-03-16,cloudy,0.7500333,,,
../data/satellite/aqua/2022/20220317_AQUA.jpg,2022-03-17,cloudy,0.86256874,,,
../data/satellite/aqua/2022/20220318_AQUA.jpg,2022-03-18,clear,0.35456762,0.060336466102545235,0.36516271447205595,0.5745008194253989
../data/satellite/aqua/2022/20220319_AQUA.jpg,2022-03-19,clear,0.13006026,0.02612127495902873,0.21997391217097562,0.7539048128699957
../data/satellite/aqua/2022/20220320_AQUA.jpg,2022-03-20,cloudy,0.79194456,,,
../data/satellite/aqua/2022/20220321_AQUA.jpg,2022-03-21,cloudy,0.8350463,,,
../data/satellite/aqua/2022/20220322_AQUA.jpg,2022-03-22,clear,0.2514634,0.06468443760660891,0.5656710926786849,0.36964446971470616
../data/satellite/aqua/2022/20220323_AQUA.jpg,2022-03-23,cloudy,0.66328275,,,
../data/satellite/aqua/2022/20220324_AQUA.jpg,2022-03-24,clear,0.20100236,0.06491855914913543,0.8605304525234958,0.07455098832736881
../data/satellite/aqua/2022/20220325_AQUA.jpg,2022-03-25,clear,0.24217896,0.12431853908157463,0.7580521087661795,0.11762935215224589
../data/satellite/aqua/2022/20220326_AQUA.jpg,2022-03-26,cloudy,0.73884094,,,
../data/satellite/aqua/2022/20220327_AQUA.jpg,2022-03-27,cloudy,0.90363526,,,
../data/satellite/aqua/2022/20220328_AQUA.jpg,2022-03-28,cloudy,0.8263957,,,
../data/satellite/aqua/2022/20220329_AQUA.jpg,2022-03-29,cloudy,0.8873286,,,
../data/satellite/aqua/2022/20220330_AQUA.jpg,2022-03-30,cloudy,0.894659,,,
../data/satellite/aqua/2022/20220331_AQUA.jpg,2022-03-31,cloudy,0.8475733,,,
../data/satellite/aqua/2022/20220417_AQUA.jpg,2022-04-17,cloudy,0.55161303,,,
../data/satellite/aqua/2022/20220418_AQUA.jpg,2022-04-18,clear,0.30227542,0.06354727582862303,0.5185123248269173,0.4179403993444597
../data/satellite/aqua/2022/20220419_AQUA.jpg,2022-04-19,cloudy,0.8862326,,,
../data/satellite/aqua/2022/20220420_AQUA.jpg,2022-04-20,cloudy,0.7004578,,,
../data/satellite/aqua/2022/20220421_AQUA.jpg,2022-04-21,clear,0.2166931,0.05558714338272183,0.4638282216796548,0.4805846349376233
../data/satellite/aqua/2022/20220422_AQUA.jpg,2022-04-22,clear,0.22871996,0.03120505702531857,0.3819860195993177,0.5868089233753637
../data/satellite/aqua/2022/20220423_AQUA.jpg,2022-04-23,clear,0.26619193,0.08361483661660925,0.3017157764473728,0.6146693869360179
../data/satellite/aqua/2022/20220424_AQUA.jpg,2022-04-24,cloudy,0.6377445,,,
../data/satellite/aqua/2022/20220426_AQUA.jpg,2022-04-26,clear,0.10830389,0.05140640155189137,0.38385899193952977,0.5647346065085789
../data/satellite/aqua/2022/20220427_AQUA.jpg,2022-04-27,clear,0.09940403,0.012007090538145089,0.2553931569617713,0.7325997525000836
../data/satellite/aqua/2022/20220428_AQUA.jpg,2022-04-28,cloudy,0.89803493,,,
../data/satellite/aqua/2022/20220429_AQUA.jpg,2022-04-29,clear,0.16095054,0.06284491120104352,0.3603464998829392,0.5768085889160173
../data/satellite/aqua/2022/20220430_AQUA.jpg,2022-04-30,cloudy,0.8321306,,,
../data/satellite/aqua/2022/20220501_AQUA.jpg,2022-05-01,cloudy,0.8090485,,,
../data/satellite/aqua/2022/20220502_AQUA.jpg,2022-05-02,cloudy,0.87593913,,,
../data/satellite/aqua/2022/20220503_AQUA.jpg,2022-05-03,cloudy,0.92424303,,,
../data/satellite/aqua/2022/20220504_AQUA.jpg,2022-05-04,clear,0.28863233,0.10104016856751062,0.3994782434195124,0.49948158801297704
../data/satellite/aqua/2022/20220506_AQUA.jpg,2022-05-06,cloudy,0.9119507,,,
../data/satellite/aqua/2022/20220507_AQUA.jpg,2022-05-07,cloudy,0.9456517,,,
../data/satellite/aqua/2022/20220508_AQUA.jpg,2022-05-08,cloudy,0.9372781,,,
../data/satellite/aqua/2022/20220509_AQUA.jpg,2022-05-09,clear,0.06838112,0.020502357938392588,0.29124719890297335,0.688250443158634
../data/satellite/aqua/2022/20220510_AQUA.jpg,2022-05-10,cloudy,0.8548634,,,
../data/satellite/aqua/2022/20220511_AQUA.jpg,2022-05-11,cloudy,0.7266721,,,
../data/satellite/aqua/2022/20220512_AQUA.jpg,2022-05-12,cloudy,0.67775756,,,
../data/satellite/aqua/2022/20220513_AQUA.jpg,2022-05-13,cloudy,0.79317355,,,
../data/satellite/aqua/2022/20220514_AQUA.jpg,2022-05-14,cloudy,0.63753504,,,
../data/satellite/aqua/2022/20220515_AQUA.jpg,2022-05-15,cloudy,0.66158426,,,
../data/satellite/aqua/2022/20220516_AQUA.jpg,2022-05-16,cloudy,0.5735956,,,
../data/satellite/aqua/2022/20220518_AQUA.jpg,2022-05-18,cloudy,0.9197669,,,
../data/satellite/aqua/2022/20220519_AQUA.jpg,2022-05-19,cloudy,0.86669946,,,
../data/satellite/aqua/2022/20220520_AQUA.jpg,2022-05-20,cloudy,0.8534297,,,
../data/satellite/aqua/2022/20220521_AQUA.jpg,2022-05-21,cloudy,0.5829039,,,
../data/satellite/aqua/2022/20220522_AQUA.jpg,2022-05-22,clear,0.052482147,0.03642262283019499,0.387872504097127,0.575704873072678
../data/satellite/aqua/2022/20220523_AQUA.jpg,2022-05-23,clear,0.16008279,0.14094116860095654,0.38479547810963577,0.47426335328940766
../data/satellite/aqua/2022/20220524_AQUA.jpg,2022-05-24,cloudy,0.6884263,,,
../data/satellite/aqua/2022/20220525_AQUA.jpg,2022-05-25,clear,0.46658906,0.26475801866283155,0.31750225760058864,0.4177397237365798
../data/satellite/aqua/2022/20220526_AQUA.jpg,2022-05-26,cloudy,0.51662946,,,
../data/satellite/aqua/2022/20220527_AQUA.jpg,2022-05-27,cloudy,0.9126286,,,
../data/satellite/aqua/2022/20220528_AQUA.jpg,2022-05-28,cloudy,0.77364194,,,
../data/satellite/aqua/2022/20220529_AQUA.jpg,2022-05-29,cloudy,0.7864143,,,
../data/satellite/aqua/2022/20220530_AQUA.jpg,2022-05-30,cloudy,0.724617,,,
../data/satellite/aqua/2022/20220531_AQUA.jpg,2022-05-31,cloudy,0.90942156,,,
../data/satellite/aqua/2022/20220601_AQUA.jpg,2022-06-01,cloudy,0.74676985,,,
../data/satellite/aqua/2022/20220602_AQUA.jpg,2022-06-02,cloudy,0.9054473,,,
../data/satellite/aqua/2022/20220603_AQUA.jpg,2022-06-03,cloudy,0.6824454,,,
../data/satellite/aqua/2022/20220604_AQUA.jpg,2022-06-04,cloudy,0.7769722,,,
../data/satellite/aqua/2022/20220605_AQUA.jpg,2022-06-05,cloudy,0.9423473,,,
../data/satellite/aqua/2022/20220606_AQUA.jpg,2022-06-06,cloudy,0.94966453,,,
../data/satellite/aqua/2022/20220607_AQUA.jpg,2022-06-07,cloudy,0.9342809,,,
../data/satellite/aqua/2022/20220608_AQUA.jpg,2022-06-08,clear,0.31844816,0.4195792501421452,0.38937757115622595,0.19104317870162882
../data/satellite/aqua/2022/20220609_AQUA.jpg,2022-06-09,clear,0.15471344,0.06578815344994816,0.37078163149269205,0.5634302150573598
../data/satellite/aqua/2022/20220610_AQUA.jpg,2022-06-10,clear,0.14358972,0.3573363657647413,0.3591090003010134,0.2835546339342453
../data/satellite/aqua/2022/20220611_AQUA.jpg,2022-06-11,cloudy,0.7235347,,,
../data/satellite/aqua/2022/20220612_AQUA.jpg,2022-06-12,clear,0.31003714,0.15525602862972004,0.43469681260242815,0.41004715876785175
../data/satellite/aqua/2022/20220613_AQUA.jpg,2022-06-13,clear,0.2885521,0.3100438141743871,0.40258871534165025,0.28736747048396266
../data/satellite/aqua/2022/20220614_AQUA.jpg,2022-06-14,cloudy,0.9250324,,,
../data/satellite/aqua/2022/20220615_AQUA.jpg,2022-06-15,cloudy,0.667,,,
../data/satellite/aqua/2022/20220616_AQUA.jpg,2022-06-16,cloudy,0.8947628,,,
../data/satellite/aqua/2022/20220617_AQUA.jpg,2022-06-17,clear,0.0542577,0.17191210408374863,0.45068396936352384,0.37740392655272753
../data/satellite/aqua/2022/20220618_AQUA.jpg,2022-06-18,clear,0.29258445,0.14254657346399546,0.3931569617712967,0.4642964647647079
../data/satellite/aqua/2022/20220619_AQUA.jpg,2022-06-19,cloudy,0.7451634,,,
../data/satellite/aqua/2022/20220620_AQUA.jpg,2022-06-20,cloudy,0.859876,,,
../data/satellite/aqua/2022/20220621_AQUA.jpg,2022-06-21,clear,0.03906567,0.05331281982675006,0.38208635740325764,0.5646008227699923
../data/satellite/aqua/2022/20220622_AQUA.jpg,2022-06-22,clear,0.2406174,0.21278303622194722,0.4731596374460684,0.31405732633198435
../data/satellite/aqua/2022/20220623_AQUA.jpg,2022-06-23,clear,0.054592878,0.04261012073982407,0.37084852336198537,0.5865413558981906
../data/satellite/aqua/2022/20220624_AQUA.jpg,2022-06-24,clear,0.13098313,0.27733369008996955,0.4005150673935583,0.32215124251647215
../data/satellite/aqua/2022/20220625_AQUA.jpg,2022-06-25,clear,0.27738288,0.07441720458878223,0.3741596708920031,0.5514231245192147
../data/satellite/aqua/2022/20220626_AQUA.jpg,2022-06-26,cloudy,0.8928634,,,
../data/satellite/aqua/2022/20220629_AQUA.jpg,2022-06-29,clear,0.012319718,0.18445432957624,0.4725241646877822,0.3430215057359778
../data/satellite/aqua/2022/20220630_AQUA.jpg,2022-06-30,cloudy,0.6958866,,,
../data/satellite/aqua/2022/20220701_AQUA.jpg,2022-07-01,cloudy,0.8357634,,,
../data/satellite/aqua/2022/20220702_AQUA.jpg,2022-07-02,cloudy,0.5111563,,,
../data/satellite/aqua/2022/20220703_AQUA.jpg,2022-07-03,cloudy,0.81159425,,,
../data/satellite/aqua/2022/20220704_AQUA.jpg,2022-07-04,cloudy,0.76019293,,,
../data/satellite/aqua/2022/20220705_AQUA.jpg,2022-07-05,cloudy,0.8104037,,,
../data/satellite/aqua/2022/20220706_AQUA.jpg,2022-07-06,cloudy,0.81988883,,,
../data/satellite/aqua/2022/20220707_AQUA.jpg,2022-07-07,clear,0.24875067,0.3125188133382387,0.4123883741931168,0.2750928124686444
../data/satellite/aqua/2022/20220708_AQUA.jpg,2022-07-08,clear,0.47328764,0.38767182848924714,0.36462757951770963,0.24770059199304326
../data/satellite/aqua/2022/20220709_AQUA.jpg,2022-07-09,cloudy,0.9283371,,,
../data/satellite/aqua/2022/20220710_AQUA.jpg,2022-07-10,cloudy,0.5082302,,,
../data/satellite/aqua/2022/20220711_AQUA.jpg,2022-07-11,cloudy,0.56321347,,,
../data/satellite/aqua/2022/20220712_AQUA.jpg,2022-07-12,clear,0.14722261,0.18164487106592195,0.5239640121743202,0.2943911167597579
../data/satellite/aqua/2022/20220713_AQUA.jpg,2022-07-13,clear,0.46517438,0.21228134720224756,0.44904511856583834,0.3386735342319141
../data/satellite/aqua/2022/20220714_AQUA.jpg,2022-07-14,cloudy,0.8361502,,,
../data/satellite/aqua/2022/20220715_AQUA.jpg,2022-07-15,cloudy,0.79878366,,,
../data/satellite/aqua/2022/20220716_AQUA.jpg,2022-07-16,cloudy,0.9056003,,,
../data/satellite/aqua/2022/20220717_AQUA.jpg,2022-07-17,cloudy,0.9112069,,,
../data/satellite/aqua/2022/20220718_AQUA.jpg,2022-07-18,clear,0.34942514,0.4673734907521991,0.29000969932104753,0.2426168099267534
../data/satellite/aqua/2022/20220719_AQUA.jpg,2022-07-19,clear,0.062020052,0.2335864075721596,0.4231579651493361,0.3432556272785043
../data/satellite/aqua/2022/20220720_AQUA.jpg,2022-07-20,clear,0.28004137,0.566607578848791,0.3196762433526205,0.11371617779858859
../data/satellite/aqua/2022/20220721_AQUA.jpg,2022-07-21,clear,0.015468565,0.013244590120070905,0.23559316365095823,0.7511622462289709
../data/satellite/aqua/2022/20220722_AQUA.jpg,2022-07-22,clear,0.07317169,0.29663199438108295,0.43593431218435397,0.267433693434563
../data/satellite/aqua/2022/20220723_AQUA.jpg,2022-07-23,clear,0.025536584,0.1797050068564166,0.36335663400113716,0.45693835914244624
../data/satellite/aqua/2022/20220803_AQUA.jpg,2022-08-03,cloudy,0.9743576,,,
../data/satellite/aqua/2022/20220804_AQUA.jpg,2022-08-04,clear,0.023010498,0.03501789357503596,0.30733469346800896,0.6576474129569551
../data/satellite/aqua/2022/20220805_AQUA.jpg,2022-08-05,clear,0.25775248,0.46228970868590924,0.34121542526505905,0.19649486604903174
../data/satellite/aqua/2022/20220806_AQUA.jpg,2022-08-06,clear,0.13728096,0.2384695140305696,0.4654001806080471,0.29613030536138335
../data/satellite/aqua/2022/20220807_AQUA.jpg,2022-08-07,clear,0.12814154,0.1846884511187665,0.5437305595504867,0.27158098933074687
../data/satellite/aqua/2022/20220808_AQUA.jpg,2022-08-08,clear,0.090001315,0.06839693635238636,0.4239941135155022,0.5076089501321115
../data/satellite/aqua/2022/20220809_AQUA.jpg,2022-08-09,clear,0.03184258,0.13334894143616843,0.5340646844376066,0.33258637412622494
../data/satellite/aqua/2022/20220810_AQUA.jpg,2022-08-10,clear,0.21941732,0.17194555001839526,0.4589116692865982,0.3691427806950065
../data/satellite/aqua/2022/20220811_AQUA.jpg,2022-08-11,clear,0.11067851,0.29000969932104753,0.46162078999297634,0.24836951068597612
../data/satellite/aqua/2022/20220812_AQUA.jpg,2022-08-12,clear,0.30762294,0.20963911836516272,0.31221779992641896,0.47814308170841835
../data/satellite/aqua/2022/20220813_AQUA.jpg,2022-08-13,clear,0.10079639,0.34282083012809794,0.39887621659587275,0.2583029532760293
../data/satellite/aqua/2022/20220814_AQUA.jpg,2022-08-14,clear,0.20757937,0.07889895983143248,0.4069032409110673,0.5141977992575002
../data/satellite/aqua/2022/20220815_AQUA.jpg,2022-08-15,clear,0.07695122,0.13013813171009064,0.4311180975952373,0.4387437706946721
../data/satellite/aqua/2022/20220816_AQUA.jpg,2022-08-16,clear,0.235007,0.3734238603297769,0.3886417605939998,0.23793437907622328
../data/satellite/aqua/2022/20220817_AQUA.jpg,2022-08-17,clear,0.025215736,0.0934479414027225,0.3995785812234523,0.5069734773738253
../data/satellite/aqua/2022/20220818_AQUA.jpg,2022-08-18,clear,0.31314003,0.36061406736011237,0.43459647479848823,0.20478945784139937
../data/satellite/aqua/2022/20220819_AQUA.jpg,2022-08-19,cloudy,0.6840606,,,
../data/satellite/aqua/2022/20220820_AQUA.jpg,2022-08-20,cloudy,0.63569546,,,
../data/satellite/aqua/2022/20220821_AQUA.jpg,2022-08-21,clear,0.3273393,0.26783504465032276,0.48887922672999096,0.24328572861968628
../data/satellite/aqua/2022/20220822_AQUA.jpg,2022-08-22,clear,0.082818165,0.0130104685775444,0.22114451988360814,0.7658450115388474
../data/satellite/aqua/2022/20220823_AQUA.jpg,2022-08-23,clear,0.12401387,0.02187364125890498,0.18823372019131074,0.7898926385497843
../data/satellite/aqua/2022/20220824_AQUA.jpg,2022-08-24,clear,0.04221468,0.18993946285828958,0.38141743871032474,0.42864309843138565
../data/satellite/aqua/2022/20220825_AQUA.jpg,2022-08-25,clear,0.09924134,0.08645774106157396,0.3205123917187866,0.5930298672196395
../data/satellite/aqua/2022/20220826_AQUA.jpg,2022-08-26,clear,0.07378982,0.17575838656811266,0.43489748821030805,0.3893441252215793
../data/satellite/aqua/2022/20220827_AQUA.jpg,2022-08-27,cloudy,0.57754725,,,
../data/satellite/aqua/2022/20220828_AQUA.jpg,2022-08-28,cloudy,0.91553205,,,
../data/satellite/aqua/2022/20220829_AQUA.jpg,2022-08-29,clear,0.22689398,0.11639185257032007,0.3255292819157831,0.5580788655138967
../data/satellite/aqua/2022/20220830_AQUA.jpg,2022-08-30,clear,0.30269015,0.19107662463627545,0.28439078230041137,0.5245325930633131
../data/satellite/aqua/2022/20220831_AQUA.jpg,2022-08-31,clear,0.0619998,0.14033914177731696,0.42603431552894744,0.4336265426937356
../data/satellite/aqua/2022/20220901_AQUA.jpg,2022-09-01,clear,0.16719885,0.33492758955149,0.45325930633131545,0.21181310411719456
../data/satellite/aqua/2022/20220902_AQUA.jpg,2022-09-02,clear,0.056671835,0.0392655272751597,0.2824174721562594,0.6783170005685809
../data/satellite/aqua/2022/20220903_AQUA.jpg,2022-09-03,cloudy,0.6295395,,,
../data/satellite/aqua/2022/20220904_AQUA.jpg,2022-09-04,clear,0.47053126,0.10555536974480752,0.271380313722867,0.6230643165323255
../data/satellite/aqua/2022/20220905_AQUA.jpg,2022-09-05,clear,0.108641855,0.05354694136927656,0.37977858791263924,0.5666744707180842
../data/satellite/aqua/2022/20220906_AQUA.jpg,2022-09-06,clear,0.26032653,0.06531991036489515,0.4007157430014382,0.5339643466336667
../data/satellite/aqua/2022/20220907_AQUA.jpg,2022-09-07,clear,0.046456322,0.3595437974514198,0.46523295093481387,0.17522325161376634
../data/satellite/aqua/2022/20220908_AQUA.jpg,2022-09-08,clear,0.08354667,0.09639118365162715,0.32960968594267365,0.5739991304056992
../data/satellite/aqua/2022/20220909_AQUA.jpg,2022-09-09,clear,0.37606174,0.03307802936553062,0.2668985584802167,0.7000234121542527
../data/satellite/aqua/2022/20220910_AQUA.jpg,2022-09-10,clear,0.2691273,0.022676343690424428,0.24121208067159436,0.7361115756379812
../data/satellite/aqua/2022/20220911_AQUA.jpg,2022-09-11,clear,0.021165693,0.028161476972473995,0.3135556373122847,0.6582828857152413
../data/satellite/aqua/2022/20220912_AQUA.jpg,2022-09-12,clear,0.036108483,0.04923241579985953,0.27890564901836185,0.6718619351817786
../data/satellite/aqua/2022/20220913_AQUA.jpg,2022-09-13,clear,0.3695139,0.11184320545837653,0.46566774808522027,0.4224890464564032
../data/satellite/aqua/2022/20220914_AQUA.jpg,2022-09-14,clear,0.41241792,0.05568748118666176,0.32114786447707283,0.6231646543362654
../data/satellite/aqua/2022/20220915_AQUA.jpg,2022-09-15,clear,0.14724784,0.1555235961068932,0.40944513194421217,0.4350312719488946
../data/satellite/aqua/2022/20220916_AQUA.jpg,2022-09-16,cloudy,0.87523943,,,
../data/satellite/aqua/2022/20220917_AQUA.jpg,2022-09-17,clear,0.2708337,0.39104986788855817,0.40385966085822267,0.20509047125321916
../data/satellite/aqua/2022/20220918_AQUA.jpg,2022-09-18,clear,0.27861375,0.26295193819191276,0.4212515468744774,0.31579651493360983
../data/satellite/aqua/2022/20220919_AQUA.jpg,2022-09-19,cloudy,0.56878924,,,
../data/satellite/aqua/2022/20220920_AQUA.jpg,2022-09-20,clear,0.08951176,0.14813204454998494,0.5939329074550989,0.25793504799491623
../data/satellite/aqua/2022/20220921_AQUA.jpg,2022-09-21,clear,0.36468947,0.1778654804508512,0.5651359577243386,0.2569985618248102
../data/satellite/aqua/2022/20220922_AQUA.jpg,2022-09-22,clear,0.065225855,0.2895080103013479,0.42646911267935383,0.2840228770192983
../data/satellite/aqua/2022/20220923_AQUA.jpg,2022-09-23,clear,0.079201885,0.1912438543095087,0.414528914010502,0.3942272316799893
../data/satellite/aqua/2022/20220924_AQUA.jpg,2022-09-24,cloudy,0.5938291,,,
../data/satellite/aqua/2022/20220925_AQUA.jpg,2022-09-25,cloudy,0.92404926,,,
../data/satellite/aqua/2022/20220926_AQUA.jpg,2022-09-26,clear,0.17565791,0.28505970099334427,0.4529917388541423,0.26194856015251344
../data/satellite/aqua/2022/20220927_AQUA.jpg,2022-09-27,clear,0.13814422,0.08662497073480718,0.47309274557677516,0.44028228368841765
../data/satellite/aqua/2022/20220928_AQUA.jpg,2022-09-28,clear,0.102489084,0.1615773102779357,0.43138566507241044,0.40703702464965386
../data/satellite/aqua/2022/20220929_AQUA.jpg,2022-09-29,clear,0.31304547,0.30449178902304425,0.5260711060570588,0.169437104919897
../data/satellite/aqua/2022/20220930_AQUA.jpg,2022-09-30,cloudy,0.5461346,,,
../data/satellite/aqua/2022/20221001_AQUA.jpg,2022-10-01,cloudy,0.83742446,,,
../data/satellite/aqua/2022/20221002_AQUA.jpg,2022-10-02,cloudy,0.9177365,,,
../data/satellite/aqua/2022/20221003_AQUA.jpg,2022-10-03,cloudy,0.6392882,,,
../data/satellite/aqua/2022/20221004_AQUA.jpg,2022-10-04,clear,0.36810213,0.393692096725643,0.39703669019030735,0.20927121308404964
../data/satellite/aqua/2022/20221005_AQUA.jpg,2022-10-05,cloudy,0.5388973,,,
../data/satellite/aqua/2022/20221006_AQUA.jpg,2022-10-06,clear,0.1996351,0.37322318472189703,0.3844275728285227,0.24234924244958025
../data/satellite/aqua/2022/20221007_AQUA.jpg,2022-10-07,clear,0.11495075,0.3661326465768086,0.4096123616174454,0.224254991805746
../data/satellite/aqua/2022/20221008_AQUA.jpg,2022-10-08,clear,0.4485936,0.3759657513629218,0.39131743536573127,0.23271681327134686
../data/satellite/aqua/2022/20221009_AQUA.jpg,2022-10-09,cloudy,0.92335856,,,
../data/satellite/aqua/2022/20221010_AQUA.jpg,2022-10-10,cloudy,0.55128866,,,
../data/satellite/aqua/2022/20221011_AQUA.jpg,2022-10-11,cloudy,0.8321505,,,
../data/satellite/aqua/2022/20221012_AQUA.jpg,2022-10-12,cloudy,0.6888645,,,
../data/satellite/aqua/2022/20221013_AQUA.jpg,2022-10-13,clear,0.33135664,0.2818823372019131,0.5253352954948326,0.1927823673032543
../data/satellite/aqua/2022/20221014_AQUA.jpg,2022-10-14,cloudy,0.70380145,,,
../data/satellite/aqua/2022/20221015_AQUA.jpg,2022-10-15,cloudy,0.86212957,,,
../data/satellite/aqua/2022/20221016_AQUA.jpg,2022-10-16,clear,0.16771689,0.014749657179169873,0.13000434797150406,0.8552459948493261
../data/satellite/aqua/2022/20221017_AQUA.jpg,2022-10-17,clear,0.022308853,0.008629051138834075,0.147095220575939,0.8442757282852269
../data/satellite/aqua/2022/20221018_AQUA.jpg,2022-10-18,clear,0.40843523,0.12418475534298806,0.43750627111274626,0.4383089735442657
../data/satellite/aqua/2022/20221019_AQUA.jpg,2022-10-19,clear,0.4602572,0.43145255694170376,0.37268804976755077,0.1958593932907455
../data/satellite/aqua/2022/20221020_AQUA.jpg,2022-10-20,clear,0.23900674,0.04702498411318104,0.34720224756680823,0.6057727683200107
../data/satellite/aqua/2022/20221021_AQUA.jpg,2022-10-21,clear,0.09932889,0.031138165156025285,0.18977223318505634,0.7790896016589184
../data/satellite/aqua/2022/20221022_AQUA.jpg,2022-10-22,clear,0.110599786,0.0504364694471387,0.2982373992441219,0.6513261313087394
../data/satellite/aqua/2022/20221023_AQUA.jpg,2022-10-23,cloudy,0.5422815,,,
../data/satellite/aqua/2022/20221024_AQUA.jpg,2022-10-24,clear,0.4985623,0.2445232282016121,0.4326900565236296,0.32278671527475833
../data/satellite/aqua/2022/20221025_AQUA.jpg,2022-10-25,clear,0.2811956,0.20853540252182348,0.5040636810595672,0.2874009164186093
../data/satellite/aqua/2022/20221026_AQUA.jpg,2022-10-26,clear,0.21131934,0.3116157731027794,0.25305194153650623,0.4353322853607144
../data/satellite/aqua/2022/20221027_AQUA.jpg,2022-10-27,cloudy,0.7521329,,,
../data/satellite/aqua/2022/20221028_AQUA.jpg,2022-10-28,cloudy,0.6603792,,,
../data/satellite/aqua/2022/20221029_AQUA.jpg,2022-10-29,clear,0.030474702,0.20769925415565738,0.4510853205792836,0.34121542526505905
../data/satellite/aqua/2022/20221030_AQUA.jpg,2022-10-30,cloudy,0.7469109,,,
../data/satellite/aqua/2022/20221031_AQUA.jpg,2022-10-31,cloudy,0.99151057,,,
../data/satellite/aqua/2022/20221101_AQUA.jpg,2022-11-01,cloudy,0.8297919,,,
../data/satellite/aqua/2022/20221102_AQUA.jpg,2022-11-02,cloudy,0.97067314,,,
../data/satellite/aqua/2022/20221103_AQUA.jpg,2022-11-03,cloudy,0.9951396,,,
../data/satellite/aqua/2023/20230206_AQUA.jpg,2023-02-06,cloudy,0.7703671,,,
../data/satellite/aqua/2023/20230208_AQUA.jpg,2023-02-08,cloudy,0.9659471,,,
../data/satellite/aqua/2023/20230209_AQUA.jpg,2023-02-09,cloudy,0.83436805,,,
../data/satellite/aqua/2023/20230210_AQUA.jpg,2023-02-10,clear,0.20075876,0.09756179136425967,0.5130606374795144,0.38937757115622595
../data/satellite/aqua/2023/20230211_AQUA.jpg,2023-02-11,cloudy,0.6255521,,,
../data/satellite/aqua/2023/20230212_AQUA.jpg,2023-02-12,cloudy,0.8409231,,,
../data/satellite/aqua/2023/20230213_AQUA.jpg,2023-02-13,cloudy,0.8422956,,,
../data/satellite/aqua/2023/20230214_AQUA.jpg,2023-02-14,cloudy,0.7458773,,,
../data/satellite/aqua/2023/20230215_AQUA.jpg,2023-02-15,clear,0.24050558,0.5228937422656276,0.40947857787885883,0.06762767985551356
../data/satellite/aqua/2023/20230216_AQUA.jpg,2023-02-16,cloudy,0.8536445,,,
../data/satellite/aqua/2023/20230217_AQUA.jpg,2023-02-17,cloudy,0.892556,,,
../data/satellite/aqua/2023/20230218_AQUA.jpg,2023-02-18,clear,0.27273172,0.39051473293421185,0.452456603899796,0.15702866316599218
../data/satellite/aqua/2023/20230219_AQUA.jpg,2023-02-19,clear,0.44583368,0.3048596943041573,0.4311849894645306,0.2639553162313121
../data/satellite/aqua/2023/20230220_AQUA.jpg,2023-02-20,clear,0.28026167,0.3654637278838757,0.4773403792768989,0.1571958928392254
../data/satellite/aqua/2023/20230221_AQUA.jpg,2023-02-21,cloudy,0.64126414,,,
../data/satellite/aqua/2023/20230222_AQUA.jpg,2023-02-22,cloudy,0.7560881,,,
../data/satellite/aqua/2023/20230302_AQUA.jpg,2023-03-02,cloudy,0.96232444,,,
../data/satellite/aqua/2023/20230303_AQUA.jpg,2023-03-03,cloudy,0.76525784,,,
../data/satellite/aqua/2023/20230304_AQUA.jpg,2023-03-04,cloudy,0.7658573,,,
../data/satellite/aqua/2023/20230305_AQUA.jpg,2023-03-05,cloudy,0.891794,,,
../data/satellite/aqua/2023/20230306_AQUA.jpg,2023-03-06,cloudy,0.7524513,,,
../data/satellite/aqua/2023/20230307_AQUA.jpg,2023-03-07,cloudy,0.8715193,,,
../data/satellite/aqua/2023/20230308_AQUA.jpg,2023-03-08,cloudy,0.5744728,,,
../data/satellite/aqua/2023/20230309_AQUA.jpg,2023-03-09,cloudy,0.8359513,,,
../data/satellite/aqua/2023/20230310_AQUA.jpg,2023-03-10,cloudy,0.9373997,,,
../data/satellite/aqua/2023/20230311_AQUA.jpg,2023-03-11,cloudy,0.87585557,,,
../data/satellite/aqua/2023/20230312_AQUA.jpg,2023-03-12,cloudy,0.9162691,,,
../data/satellite/aqua/2023/20230313_AQUA.jpg,2023-03-13,cloudy,0.88218147,,,
../data/satellite/aqua/2023/20230314_AQUA.jpg,2023-03-14,cloudy,0.76489997,,,
../data/satellite/aqua/2023/20230315_AQUA.jpg,2023-03-15,clear,0.43604487,0.24114518880230107,0.5800528445767417,0.1788019666209572
../data/satellite/aqua/2023/20230316_AQUA.jpg,2023-03-16,cloudy,0.67199206,,,
../data/satellite/aqua/2023/20230317_AQUA.jpg,2023-03-17,cloudy,0.70140725,,,
../data/satellite/aqua/2023/20230318_AQUA.jpg,2023-03-18,cloudy,0.7745479,,,
../data/satellite/aqua/2023/20230319_AQUA.jpg,2023-03-19,cloudy,0.9162191,,,
../data/satellite/aqua/2023/20230320_AQUA.jpg,2023-03-20,cloudy,0.6590149,,,
../data/satellite/aqua/2023/20230321_AQUA.jpg,2023-03-21,cloudy,0.8559929,,,
../data/satellite/aqua/2023/20230322_AQUA.jpg,2023-03-22,cloudy,0.7699218,,,
../data/satellite/aqua/2023/20230323_AQUA.jpg,2023-03-23,cloudy,0.75605536,,,
../data/satellite/aqua/2023/20230324_AQUA.jpg,2023-03-24,cloudy,0.89608777,,,
../data/satellite/aqua/2023/20230325_AQUA.jpg,2023-03-25,cloudy,0.95191854,,,
../data/satellite/aqua/2023/20230326_AQUA.jpg,2023-03-26,cloudy,0.8051857,,,
../data/satellite/aqua/2023/20230327_AQUA.jpg,2023-03-27,cloudy,0.8302316,,,
../data/satellite/aqua/2023/20230328_AQUA.jpg,2023-03-28,cloudy,0.91717196,,,
../data/satellite/aqua/2023/20230329_AQUA.jpg,2023-03-29,cloudy,0.869056,,,
../data/satellite/aqua/2023/20230330_AQUA.jpg,2023-03-30,cloudy,0.60722595,,,
../data/satellite/aqua/2023/20230331_AQUA.jpg,2023-03-31,cloudy,0.667533,,,
../data/satellite/aqua/2023/20230401_AQUA.jpg,2023-04-01,cloudy,0.8195555,,,
../data/satellite/aqua/2023/20230402_AQUA.jpg,2023-04-02,cloudy,0.9138176,,,
../data/satellite/aqua/2023/20230403_AQUA.jpg,2023-04-03,cloudy,0.8766141,,,
../data/satellite/aqua/2023/20230404_AQUA.jpg,2023-04-04,cloudy,0.90106416,,,
../data/satellite/aqua/2023/20230405_AQUA.jpg,2023-04-05,cloudy,0.6533692,,,
../data/satellite/aqua/2023/20230406_AQUA.jpg,2023-04-06,cloudy,0.58938414,,,
../data/satellite/aqua/2023/20230407_AQUA.jpg,2023-04-07,cloudy,0.76558286,,,
../data/satellite/aqua/2023/20230408_AQUA.jpg,2023-04-08,cloudy,0.65192103,,,
../data/satellite/aqua/2023/20230409_AQUA.jpg,2023-04-09,cloudy,0.5815994,,,
../data/satellite/aqua/2023/20230410_AQUA.jpg,2023-04-10,cloudy,0.7954683,,,
../data/satellite/aqua/2023/20230411_AQUA.jpg,2023-04-11,cloudy,0.8867634,,,
../data/satellite/aqua/2023/20230412_AQUA.jpg,2023-04-12,cloudy,0.903939,,,
../data/satellite/aqua/2023/20230413_AQUA.jpg,2023-04-13,cloudy,0.83422035,,,
../data/satellite/aqua/2023/20230414_AQUA.jpg,2023-04-14,cloudy,0.78333056,,,
../data/satellite/aqua/2023/20230415_AQUA.jpg,2023-04-15,cloudy,0.80688024,,,
../data/satellite/aqua/2023/20230416_AQUA.jpg,2023-04-16,cloudy,0.8703239,,,
../data/satellite/aqua/2023/20230417_AQUA.jpg,2023-04-17,cloudy,0.84803015,,,
../data/satellite/aqua/2023/20230418_AQUA.jpg,2023-04-18,clear,0.27184045,0.13147596909595638,0.5133282049566875,0.3551958259473561
../data/satellite/aqua/2023/20230419_AQUA.jpg,2023-04-19,clear,0.077672705,0.05772768320010703,0.4705843004782769,0.4716880163216161
../data/satellite/aqua/2023/20230420_AQUA.jpg,2023-04-20,cloudy,0.5486419,,,
../data/satellite/aqua/2023/20230421_AQUA.jpg,2023-04-21,cloudy,0.63682705,,,
../data/satellite/aqua/2023/20230423_AQUA.jpg,2023-04-23,clear,0.13339931,0.03434897488210308,0.2760292986387505,0.6896217264791464
../data/satellite/aqua/2023/20230424_AQUA.jpg,2023-04-24,cloudy,0.53607243,,,
../data/satellite/aqua/2023/20230425_AQUA.jpg,2023-04-25,clear,0.041285045,0.04555336298872872,0.28174855346332656,0.6726980835479447
../data/satellite/aqua/2023/20230426_AQUA.jpg,2023-04-26,clear,0.3568591,0.09137429345463059,0.327703267667815,0.5809224388775545
../data/satellite/aqua/2023/20230427_AQUA.jpg,2023-04-27,cloudy,0.56112826,,,
../data/satellite/aqua/2023/20230428_AQUA.jpg,2023-04-28,cloudy,0.724211,,,
../data/satellite/aqua/2023/20230429_AQUA.jpg,2023-04-29,cloudy,0.89074284,,,
../data/satellite/aqua/2023/20230430_AQUA.jpg,2023-04-30,cloudy,0.94087327,,,
../data/satellite/aqua/2023/20230501_AQUA.jpg,2023-05-01,cloudy,0.76699823,,,
../data/satellite/aqua/2023/20230503_AQUA.jpg,2023-05-03,clear,0.041280385,0.011639185257032008,0.24515870095989833,0.7432021137830697
../data/satellite/aqua/2023/20230504_AQUA.jpg,2023-05-04,cloudy,0.5349327,,,
../data/satellite/aqua/2023/20230505_AQUA.jpg,2023-05-05,clear,0.35588095,0.01836181812100739,0.20171243185390816,0.7799257500250845
../data/satellite/aqua/2023/20230506_AQUA.jpg,2023-05-06,clear,0.15768152,0.06431653232549583,0.3173350279273554,0.6183484397471487
../data/satellite/aqua/2023/20230507_AQUA.jpg,2023-05-07,clear,0.38312754,0.06652396401217432,0.3301782668316666,0.6032977691561591
../data/satellite/aqua/2023/20230508_AQUA.jpg,2023-05-08,clear,0.37276992,0.037894243954647314,0.29365530619753166,0.668450449847821
../data/satellite/aqua/2023/20230509_AQUA.jpg,2023-05-09,cloudy,0.57744664,,,
../data/satellite/aqua/2023/20230510_AQUA.jpg,2023-05-10,cloudy,0.8743382,,,
../data/satellite/aqua/2023/20230511_AQUA.jpg,2023-05-11,cloudy,0.85592973,,,
../data/satellite/aqua/2023/20230512_AQUA.jpg,2023-05-12,cloudy,0.88674146,,,
../data/satellite/aqua/2023/20230513_AQUA.jpg,2023-05-13,cloudy,0.60428,,,
../data/satellite/aqua/2023/20230514_AQUA.jpg,2023-05-14,clear,0.22442341,0.1596374460684304,0.34114853339576573,0.4992140205358039
../data/satellite/aqua/2023/20230515_AQUA.jpg,2023-05-15,cloudy,0.7908169,,,
../data/satellite/aqua/2023/20230516_AQUA.jpg,2023-05-16,cloudy,0.9077202,,,
../data/satellite/aqua/2023/20230517_AQUA.jpg,2023-05-17,cloudy,0.8352205,,,
../data/satellite/aqua/2023/20230518_AQUA.jpg,2023-05-18,cloudy,0.71323115,,,
../data/satellite/aqua/2023/20230519_AQUA.jpg,2023-05-19,clear,0.21614751,0.2562961971972307,0.33840596675474094,0.4052978360480284
../data/satellite/aqua/2023/20230520_AQUA.jpg,2023-05-20,clear,0.16532613,0.04347971504063681,0.2765978795277434,0.6799224054316197
../data/satellite/aqua/2023/20230521_AQUA.jpg,2023-05-21,cloudy,0.5844098,,,
../data/satellite/aqua/2023/20230522_AQUA.jpg,2023-05-22,cloudy,0.91261625,,,
../data/satellite/aqua/2023/20230523_AQUA.jpg,2023-05-23,clear,0.30901363,0.11157563798120339,0.44018194588447773,0.44824241613431887
../data/satellite/aqua/2023/20230525_AQUA.jpg,2023-05-25,cloudy,0.64901817,,,
../data/satellite/aqua/2023/20230526_AQUA.jpg,2023-05-26,clear,0.13959725,0.00488310645840998,0.15438643432890733,0.8407304592126827
../data/satellite/aqua/2023/20230529_AQUA.jpg,2023-05-29,cloudy,0.57704234,,,
../data/satellite/aqua/2023/20230530_AQUA.jpg,2023-05-30,clear,0.31715387,0.016421953911502057,0.19512358272851935,0.7884544633599786
../data/satellite/aqua/2023/20230601_AQUA.jpg,2023-06-01,clear,0.23350723,0.040870932138198604,0.2513461988695274,0.7077828689922739
../data/satellite/aqua/2023/20230602_AQUA.jpg,2023-06-02,clear,0.31951362,0.08578882236864109,0.30459212682698417,0.6096190508043747
../data/satellite/aqua/2023/20230603_AQUA.jpg,2023-06-03,clear,0.29795665,0.012709455165724606,0.2534867386869126,0.7338038061473627
../data/satellite/aqua/2023/20230604_AQUA.jpg,2023-06-04,clear,0.4460209,0.17271480651526808,0.29606341349209003,0.5312217799926419
../data/satellite/aqua/2023/20230605_AQUA.jpg,2023-06-05,clear,0.17831194,0.019900331114753003,0.2638215324927255,0.7162781363925215
../data/satellite/aqua/2023/20230606_AQUA.jpg,2023-06-06,cloudy,0.52292675,,,
../data/satellite/aqua/2023/20230607_AQUA.jpg,2023-06-07,clear,0.15289247,0.16318271514097463,0.3881066256396535,0.44871065921937187
../data/satellite/aqua/2023/20230608_AQUA.jpg,2023-06-08,cloudy,0.6328198,,,
../data/satellite/aqua/2023/20230609_AQUA.jpg,2023-06-09,clear,0.22670707,0.19773236563095756,0.3764005485133282,0.42586708585571426
../data/satellite/aqua/2023/20230610_AQUA.jpg,2023-06-10,clear,0.066592544,0.0042476337001237496,0.21037492892738888,0.7853774373724873
../data/satellite/aqua/2023/20230611_AQUA.jpg,2023-06-11,cloudy,0.52274895,,,
../data/satellite/aqua/2023/20230612_AQUA.jpg,2023-06-12,cloudy,0.6225454,,,
../data/satellite/aqua/2023/20230613_AQUA.jpg,2023-06-13,clear,0.4970343,0.11284658349777585,0.37275494163684403,0.5143984748653802
../data/satellite/aqua/2023/20230614_AQUA.jpg,2023-06-14,cloudy,0.59941065,,,
../data/satellite/aqua/2023/20230615_AQUA.jpg,2023-06-15,clear,0.3780379,0.21662931870631125,0.4536272116124285,0.3297434696812602
../data/satellite/aqua/2023/20230616_AQUA.jpg,2023-06-16,clear,0.16647598,0.08374862035519583,0.4164687782200074,0.4997826014247968
../data/satellite/aqua/2023/20230617_AQUA.jpg,2023-06-17,clear,0.34385714,0.24358674203150607,0.3952640556540353,0.3611492023144587
../data/satellite/aqua/2023/20230618_AQUA.jpg,2023-06-18,cloudy,0.8165513,,,
../data/satellite/aqua/2023/20230619_AQUA.jpg,2023-06-19,clear,0.10900601,0.005251011739523061,0.2720826783504465,0.7226663099100304
../data/satellite/aqua/2023/20230620_AQUA.jpg,2023-06-20,clear,0.015585141,0.02314458677547744,0.2528512659286264,0.7240041472958962
../data/satellite/aqua/2023/20230621_AQUA.jpg,2023-06-21,clear,0.20027405,0.035118231378975885,0.303388073179705,0.6614936954413191
../data/satellite/aqua/2023/20230622_AQUA.jpg,2023-06-22,clear,0.4231986,0.10746178801966622,0.49071875313555635,0.40181945884477743
../data/satellite/aqua/2023/20230623_AQUA.jpg,2023-06-23,cloudy,0.56287926,,,
../data/satellite/aqua/2023/20230624_AQUA.jpg,2023-06-24,cloudy,0.7423734,,,
../data/satellite/aqua/2023/20230625_AQUA.jpg,2023-06-25,cloudy,0.82246333,,,
../data/satellite/aqua/2023/20230627_AQUA.jpg,2023-06-27,clear,0.038169146,0.10124084417539048,0.2981370614401819,0.6006220943844276
../data/satellite/aqua/2023/20230628_AQUA.jpg,2023-06-28,clear,0.22325109,0.30496003210809725,0.3779390615070738,0.3171009063848289
../data/satellite/aqua/2023/20230629_AQUA.jpg,2023-06-29,clear,0.16225864,0.09364861701060236,0.42472992407772836,0.4816214589116693
../data/satellite/aqua/2023/20230630_AQUA.jpg,2023-06-30,clear,0.45909035,0.16712933542927857,0.49195625271748217,0.34091441185323923
../data/satellite/aqua/2023/20230701_AQUA.jpg,2023-07-01,clear,0.18558511,0.06578815344994816,0.38288905983477706,0.5513227867152748
../data/satellite/aqua/2023/20230702_AQUA.jpg,2023-07-02,cloudy,0.9216606,,,
../data/satellite/aqua/2023/20230703_AQUA.jpg,2023-07-03,clear,0.34010962,0.28957490217064114,0.2615137630021071,0.44891133482725176
../data/satellite/aqua/2023/20230704_AQUA.jpg,2023-07-04,clear,0.12641022,0.047961470283287067,0.39028061139168535,0.5617579183250276
../data/satellite/aqua/2023/20230705_AQUA.jpg,2023-07-05,clear,0.060300566,0.004949998327703268,0.243218836750393,0.7518311649219037
../data/satellite/aqua/2023/20230706_AQUA.jpg,2023-07-06,clear,0.24952045,0.0594668718017325,0.20967256429980935,0.7308605638984581
../data/satellite/aqua/2023/20230707_AQUA.jpg,2023-07-07,clear,0.07900645,0.010000334459346467,0.3099769223050938,0.6800227432355597
../data/satellite/aqua/2023/20230708_AQUA.jpg,2023-07-08,cloudy,0.74861664,,,
../data/satellite/aqua/2023/20230709_AQUA.jpg,2023-07-09,clear,0.3087029,0.13445265727950767,0.4441285661727817,0.42141877654771065
../data/satellite/aqua/2023/20230710_AQUA.jpg,2023-07-10,clear,0.07754259,0.1627813639252149,0.44041606742700423,0.39680256864778085
../data/satellite/aqua/2023/20230711_AQUA.jpg,2023-07-11,clear,0.39268395,0.40697013278036054,0.37706946720626106,0.21596040001337838
../data/satellite/aqua/2023/20230712_AQUA.jpg,2023-07-12,clear,0.45946273,0.3156961771296699,0.4702163951971638,0.21408742767316633
../data/satellite/aqua/2023/20230713_AQUA.jpg,2023-07-13,clear,0.097374305,0.3026857085521255,0.5172748252449915,0.18003946620288305
../data/satellite/aqua/2023/20230714_AQUA.jpg,2023-07-14,clear,0.06593498,0.022542559951837855,0.25321917120973947,0.7242382688384227
../data/satellite/aqua/2023/20230715_AQUA.jpg,2023-07-15,clear,0.11329929,0.013077360446837686,0.25154687447740726,0.7353757650757551
../data/satellite/aqua/2023/20230716_AQUA.jpg,2023-07-16,clear,0.05974432,0.08672530853874712,0.44767383524532595,0.46560085621592695
../data/satellite/aqua/2023/20230717_AQUA.jpg,2023-07-17,clear,0.034274843,0.2796749055152346,0.3998127027659788,0.3205123917187866
../data/satellite/aqua/2023/20230718_AQUA.jpg,2023-07-18,cloudy,0.7944051,,,
../data/satellite/aqua/2023/20230719_AQUA.jpg,2023-07-19,clear,0.11074745,0.3156961771296699,0.3078698284223553,0.3764339944479749
../data/satellite/aqua/2023/20230720_AQUA.jpg,2023-07-20,clear,0.032318927,0.006822970667915315,0.21769958861500385,0.7754774407170808
../data/satellite/aqua/2023/20230727_AQUA.jpg,2023-07-27,cloudy,0.92499626,,,
../data/satellite/aqua/2023/20230728_AQUA.jpg,2023-07-28,clear,0.4032562,0.3490752199070203,0.425231613097428,0.2256931669955517
../data/satellite/aqua/2023/20230729_AQUA.jpg,2023-07-29,cloudy,0.5018577,,,
../data/satellite/aqua/2023/20230730_AQUA.jpg,2023-07-30,clear,0.12678848,0.29706679153148935,0.46466437004582095,0.23826883842268973
../data/satellite/aqua/2023/20230731_AQUA.jpg,2023-07-31,clear,0.1564536,0.27549416368440416,0.39864209505334625,0.3258637412622496
../data/satellite/aqua/2023/20230801_AQUA.jpg,2023-08-01,cloudy,0.8614067,,,
../data/satellite/aqua/2023/20230802_AQUA.jpg,2023-08-02,cloudy,0.77774674,,,
../data/satellite/aqua/2023/20230803_AQUA.jpg,2023-08-03,clear,0.17924234,0.35790494665373423,0.3662329843807485,0.27586206896551724
../data/satellite/aqua/2023/20230804_AQUA.jpg,2023-08-04,clear,0.035410974,0.35185123248269173,0.41148533395765746,0.23666343355965083
../data/satellite/aqua/2023/20230805_AQUA.jpg,2023-08-05,cloudy,0.54650646,,,
../data/satellite/aqua/2023/20230806_AQUA.jpg,2023-08-06,cloudy,0.865628,,,
../data/satellite/aqua/2023/20230807_AQUA.jpg,2023-08-07,cloudy,0.76550686,,,
../data/satellite/aqua/2023/20230808_AQUA.jpg,2023-08-08,cloudy,0.60946554,,,
../data/satellite/aqua/2023/20230809_AQUA.jpg,2023-08-09,clear,0.35044774,0.38369176226629653,0.4454998494932941,0.17080838824040936
../data/satellite/aqua/2023/20230810_AQUA.jpg,2023-08-10,clear,0.16429794,0.19743135221913777,0.39007993578380545,0.4124887119970568
../data/satellite/aqua/2023/20230811_AQUA.jpg,2023-08-11,clear,0.053179264,0.03174019197966487,0.23184721897053412,0.736412589049801
../data/satellite/aqua/2023/20230812_AQUA.jpg,2023-08-12,clear,0.10419913,0.03605471754908191,0.2608113983745276,0.7031338840763905
../data/satellite/aqua/2023/20230813_AQUA.jpg,2023-08-13,clear,0.026118817,0.10465232950934814,0.35629954179069534,0.5390481286999566
../data/satellite/aqua/2023/20230814_AQUA.jpg,2023-08-14,clear,0.044020936,0.11271279975918927,0.35278771865279773,0.534499481588013
../data/satellite/aqua/2023/20230815_AQUA.jpg,2023-08-15,clear,0.22709812,0.374828589584936,0.3639921067594234,0.2611793036556407
../data/satellite/aqua/2023/20230816_AQUA.jpg,2023-08-16,cloudy,0.669701,,,
../data/satellite/aqua/2023/20230817_AQUA.jpg,2023-08-17,cloudy,0.8678711,,,
../data/satellite/aqua/2023/20230818_AQUA.jpg,2023-08-18,cloudy,0.52570647,,,
../data/satellite/aqua/2023/20230819_AQUA.jpg,2023-08-19,clear,0.063062,0.004582093046590187,0.15629285260376602,0.8391250543496438
../data/satellite/aqua/2023/20230822_AQUA.jpg,2023-08-22,clear,0.1829949,0.19816716278136393,0.2874678082879026,0.5143650289307334
../data/satellite/aqua/2023/20230823_AQUA.jpg,2023-08-23,clear,0.20638101,0.03786079802000067,0.31258570520753204,0.6495534967724673
../data/satellite/aqua/2023/20230824_AQUA.jpg,2023-08-24,cloudy,0.6027144,,,
../data/satellite/aqua/2023/20230825_AQUA.jpg,2023-08-25,clear,0.055943977,0.251479982608114,0.46185491153550284,0.28666510585638316
../data/satellite/aqua/2023/20230826_AQUA.jpg,2023-08-26,clear,0.48523405,0.061540519749824406,0.35318906986855747,0.5852704103816181
../data/satellite/aqua/2023/20230827_AQUA.jpg,2023-08-27,cloudy,0.81462497,,,
../data/satellite/aqua/2023/20230828_AQUA.jpg,2023-08-28,clear,0.3966489,0.4814207833037894,0.3239573229873909,0.1946218937088197
../data/satellite/aqua/2023/20230829_AQUA.jpg,2023-08-29,cloudy,0.5016631,,,
../data/satellite/aqua/2023/20230830_AQUA.jpg,2023-08-30,clear,0.020032763,0.17522325161376634,0.5122244891133483,0.3125522592728854
../data/satellite/aqua/2023/20230831_AQUA.jpg,2023-08-31,clear,0.16956598,0.17967156092176995,0.3560319743135222,0.4642964647647079
../data/satellite/aqua/2023/20230901_AQUA.jpg,2023-09-01,clear,0.23896281,0.45917923676377137,0.3391083313823205,0.20171243185390816
../data/satellite/aqua/2023/20230902_AQUA.jpg,2023-09-02,clear,0.05024603,0.250911401719121,0.42496404562025486,0.3241245526606241
../data/satellite/aqua/2023/20230903_AQUA.jpg,2023-09-03,cloudy,0.65826565,,,
../data/satellite/aqua/2023/20230904_AQUA.jpg,2023-09-04,clear,0.33906496,0.39486270443827554,0.47780862236195193,0.12732867319977256
../data/satellite/aqua/2023/20230905_AQUA.jpg,2023-09-05,clear,0.09452111,0.22204756011906754,0.41024783437573165,0.36770460550520084
../data/satellite/aqua/2023/20230906_AQUA.jpg,2023-09-06,clear,0.035121713,0.07585537977858792,0.4876751730827118,0.4364694471387003
../data/satellite/aqua/2023/20230907_AQUA.jpg,2023-09-07,clear,0.35788172,0.1927823673032543,0.5361048864510519,0.2711127462456938
../data/satellite/aqua/2023/20230908_AQUA.jpg,2023-09-08,clear,0.06487007,0.4443292417806616,0.3992106759423392,0.15646008227699923
../data/satellite/aqua/2023/20230909_AQUA.jpg,2023-09-09,cloudy,0.5735162,,,
../data/satellite/aqua/2023/20230910_AQUA.jpg,2023-09-10,clear,0.43754014,0.1940867587544734,0.24853674035920933,0.5573765008863173
../data/satellite/aqua/2023/20230911_AQUA.jpg,2023-09-11,clear,0.116915636,0.12271313421853573,0.35536305562058934,0.521923810160875
../data/satellite/aqua/2023/20230912_AQUA.jpg,2023-09-12,clear,0.003119691,0.06893207130673266,0.4122211445198836,0.5188467841733837
../data/satellite/aqua/2023/20230917_AQUA.jpg,2023-09-17,cloudy,0.72783035,,,
../data/satellite/aqua/2023/20231015_AQUA.jpg,2023-10-15,clear,0.39707103,0.2876350379611358,0.3967691227131342,0.31559583932572993
../data/satellite/aqua/2023/20231016_AQUA.jpg,2023-10-16,cloudy,0.8086157,,,
../data/satellite/aqua/2023/20231017_AQUA.jpg,2023-10-17,cloudy,0.93751496,,,
../data/satellite/aqua/2024/20240225_AQUA.jpg,2024-02-25,clear,0.12807366,0.34405832971002376,0.5177096223953979,0.1382320478945784
../data/satellite/aqua/2024/20240226_AQUA.jpg,2024-02-26,cloudy,0.6578577,,,
../data/satellite/aqua/2024/20240229_AQUA.jpg,2024-02-29,cloudy,0.505583,,,
../data/satellite/aqua/2024/20240309_AQUA.jpg,2024-03-09,cloudy,0.9074046,,,
../data/satellite/aqua/2024/20240403_AQUA.jpg,2024-04-03,clear,0.47855118,0.09200976621291682,0.3156961771296699,0.5922940566574133
../data/satellite/aqua/2024/20240404_AQUA.jpg,2024-04-04,clear,0.06729826,0.08297936385832302,0.5454363022174654,0.37158433392421153
../data/satellite/aqua/2024/20240406_AQUA.jpg,2024-04-06,clear,0.4134028,0.05695842670323422,0.3945616910264557,0.5484798822703101
../data/satellite/aqua/2024/20240407_AQUA.jpg,2024-04-07,cloudy,0.7140382,,,
../data/satellite/aqua/2024/20240410_AQUA.jpg,2024-04-10,clear,0.29813612,0.10134118197933041,0.5205190809057159,0.3781397371149537
../data/satellite/aqua/2024/20240411_AQUA.jpg,2024-04-11,clear,0.47563612,0.07093882738553128,0.4270711395029934,0.5019900331114753
../data/satellite/aqua/2024/20240708_AQUA.jpg,2024-07-08,cloudy,0.77444345,,,
../data/satellite/aqua/2024/20240709_AQUA.jpg,2024-07-09,clear,0.042418372,0.4149637111609084,0.3433559650824442,0.24168032375664739
../data/satellite/aqua/2024/20240710_AQUA.jpg,2024-07-10,cloudy,0.7574762,,,
../data/satellite/aqua/2024/20240711_AQUA.jpg,2024-07-11,clear,0.14668798,0.09522057593899462,0.4253653968360146,0.4794140272249908
../data/satellite/aqua/2024/20240712_AQUA.jpg,2024-07-12,cloudy,0.8676706,,,
../data/satellite/aqua/2024/20240713_AQUA.jpg,2024-07-13,cloudy,0.9624405,,,
../data/satellite/aqua/2024/20240714_AQUA.jpg,2024-07-14,clear,0.40755737,0.1857587210274591,0.5938994615204521,0.2203418174520887
../data/satellite/aqua/2024/20240715_AQUA.jpg,2024-07-15,cloudy,0.9304747,,,
../data/satellite/aqua/2024/20240716_AQUA.jpg,2024-07-16,cloudy,0.59375435,,,
../data/satellite/aqua/2024/20240717_AQUA.jpg,2024-07-17,cloudy,0.8757034,,,
../data/satellite/aqua/2024/20240718_AQUA.jpg,2024-07-18,cloudy,0.8920589,,,
../data/satellite/aqua/2024/20240719_AQUA.jpg,2024-07-19,cloudy,0.8695263,,,
../data/satellite/aqua/2024/20240720_AQUA.jpg,2024-07-20,cloudy,0.8821513,,,
../data/satellite/aqua/2024/20240721_AQUA.jpg,2024-07-21,cloudy,0.89871323,,,
../data/satellite/aqua/2024/20240722_AQUA.jpg,2024-07-22,cloudy,0.83499885,,,
../data/satellite/aqua/2024/20240723_AQUA.jpg,2024-07-23,cloudy,0.5247601,,,
../data/satellite/aqua/2024/20240724_AQUA.jpg,2024-07-24,clear,0.099995986,0.06471788354125556,0.21204722565972106,0.7232348907990234
../data/satellite/aqua/2024/20240725_AQUA.jpg,2024-07-25,clear,0.07664914,0.2534198468176193,0.42335864075721596,0.3232215124251647
../data/satellite/aqua/2024/20240726_AQUA.jpg,2024-07-26,clear,0.07291206,0.10308037058095589,0.48305963410147496,0.4138599953175692
../data/satellite/aqua/2024/20240727_AQUA.jpg,2024-07-27,cloudy,0.90531784,,,
../data/satellite/aqua/2024/20240730_AQUA.jpg,2024-07-30,clear,0.46335933,0.2979029398976554,0.469915381785344,0.23218167831700057
../data/satellite/aqua/2024/20240731_AQUA.jpg,2024-07-31,cloudy,0.58784515,,,
../data/satellite/aqua/2024/20240801_AQUA.jpg,2024-08-01,cloudy,0.6809171,,,
../data/satellite/aqua/2024/20240802_AQUA.jpg,2024-08-02,cloudy,0.8351991,,,
../data/satellite/aqua/2024/20240803_AQUA.jpg,2024-08-03,cloudy,0.9323484,,,
../data/satellite/aqua/2024/20240804_AQUA.jpg,2024-08-04,cloudy,0.86427104,,,
../data/satellite/aqua/2024/20240805_AQUA.jpg,2024-08-05,cloudy,0.92965335,,,
../data/satellite/aqua/2024/20240808_AQUA.jpg,2024-08-08,clear,0.04120374,0.24358674203150607,0.45366065754707513,0.30275260042141877
../data/satellite/aqua/2024/20240809_AQUA.jpg,2024-08-09,clear,0.26575106,0.0809726077795244,0.3571691360915081,0.5618582561289676
../data/satellite/aqua/2024/20240810_AQUA.jpg,2024-08-10,clear,0.14977662,0.2002073647948092,0.564166025619586,0.23562660958560486
../data/satellite/aqua/2024/20240811_AQUA.jpg,2024-08-11,cloudy,0.52889967,,,
../data/satellite/aqua/2024/20240812_AQUA.jpg,2024-08-12,cloudy,0.855691,,,
../data/satellite/aqua/2024/20240813_AQUA.jpg,2024-08-13,clear,0.11526329,0.03779390615070738,0.3180039466202883,0.6442021472290043
../data/satellite/aqua/2024/20240815_AQUA.jpg,2024-08-15,clear,0.018649116,0.1841533161644202,0.5075420582628182,0.3083046255727616
../data/satellite/aqua/2024/20240816_AQUA.jpg,2024-08-16,clear,0.31997558,0.2828857152413124,0.4745978126358741,0.24251647212281346
../data/satellite/aqua/2024/20240817_AQUA.jpg,2024-08-17,clear,0.066011205,0.3110471922137864,0.467473828556139,0.2214789792300746
../data/satellite/aqua/2024/20240818_AQUA.jpg,2024-08-18,cloudy,0.61519617,,,
../data/satellite/aqua/2024/20240819_AQUA.jpg,2024-08-19,clear,0.124046445,0.37285527944078395,0.4539282250242483,0.17321649553496773
../data/satellite/aqua/2024/20240820_AQUA.jpg,2024-08-20,cloudy,0.7641185,,,
../data/satellite/aqua/2024/20240821_AQUA.jpg,2024-08-21,clear,0.3792868,0.5728954145623599,0.2914478745108532,0.13565671092678686
../data/satellite/aqua/2024/20240824_AQUA.jpg,2024-08-24,clear,0.07786095,0.009565537308940098,0.18512324826917287,0.805311214421887
../data/satellite/aqua/2024/20240825_AQUA.jpg,2024-08-25,clear,0.47917247,0.5222582695073413,0.3600789324057661,0.11766279808689253
../data/satellite/aqua/2024/20240826_AQUA.jpg,2024-08-26,clear,0.19456965,0.20017391886016256,0.5605204187431018,0.23930566239673567
../data/satellite/aqua/2024/20240827_AQUA.jpg,2024-08-27,clear,0.024228828,0.3120505702531857,0.5067393558312987,0.18121007391551558
../data/satellite/aqua/2024/20240828_AQUA.jpg,2024-08-28,cloudy,0.8016632,,,
../data/satellite/aqua/2024/20240829_AQUA.jpg,2024-08-29,clear,0.21916163,0.3945282450918091,0.42268972206428307,0.18278203284390782
../data/satellite/aqua/2024/20240830_AQUA.jpg,2024-08-30,clear,0.48107108,0.3478711662597411,0.4673400448175524,0.18478878892270645
../data/satellite/aqua/2024/20240831_AQUA.jpg,2024-08-31,clear,0.2518431,0.2909127395565069,0.49653834576407235,0.21254891467942072
../data/satellite/aqua/2024/20240901_AQUA.jpg,2024-09-01,clear,0.21975107,0.4569049132077996,0.4003478377203251,0.1427472490718753
../data/satellite/aqua/2024/20240902_AQUA.jpg,2024-09-02,clear,0.12389155,0.2258603966687849,0.4421218100939831,0.332017793237232
../data/satellite/aqua/2024/20240903_AQUA.jpg,2024-09-03,clear,0.2899129,0.5278437405933308,0.3313823204789458,0.14077393892772333
../data/satellite/aqua/2024/20240904_AQUA.jpg,2024-09-04,clear,0.22164321,0.40971269942138533,0.40322418809993643,0.1870631124786782
../data/satellite/aqua/2024/20240905_AQUA.jpg,2024-09-05,clear,0.14912592,0.05368072510786314,0.33198434730258536,0.6143349275895514
../data/satellite/aqua/2024/20240906_AQUA.jpg,2024-09-06,clear,0.05382152,0.06137329007659119,0.44483093080036124,0.4937957791230476
../data/satellite/aqua/2024/20240907_AQUA.jpg,2024-09-07,clear,0.3538019,0.21977323656309575,0.45978126358741095,0.3204454998494933
../data/satellite/aqua/2024/20240908_AQUA.jpg,2024-09-08,cloudy,0.869413,,,
../data/satellite/aqua/2024/20240909_AQUA.jpg,2024-09-09,cloudy,0.9107711,,,
../data/satellite/aqua/2024/20240910_AQUA.jpg,2024-09-10,cloudy,0.6686539,,,
../data/satellite/aqua/2024/20240911_AQUA.jpg,2024-09-11,cloudy,0.88214076,,,
../data/satellite/aqua/2024/20240912_AQUA.jpg,2024-09-12,cloudy,0.9140782,,,
../data/satellite/aqua/2024/20240913_AQUA.jpg,2024-09-13,cloudy,0.9074641,,,
../data/satellite/aqua/2024/20240914_AQUA.jpg,2024-09-14,cloudy,0.69210595,,,
../data/satellite/aqua/2024/20240915_AQUA.jpg,2024-09-15,clear,0.060577594,0.24960701026790194,0.47085186795545003,0.279541121776648
../data/satellite/aqua/2024/20240916_AQUA.jpg,2024-09-16,clear,0.48572066,0.38720358540419414,0.36656744372721495,0.2462289708685909
../data/satellite/aqua/2024/20240917_AQUA.jpg,2024-09-17,cloudy,0.79629326,,,
../data/satellite/aqua/2024/20240918_AQUA.jpg,2024-09-18,cloudy,0.9283164,,,
../data/satellite/aqua/2024/20240919_AQUA.jpg,2024-09-19,clear,0.15629762,0.34419211344861034,0.3866684504498478,0.26913943610154184
../data/satellite/aqua/2024/20240920_AQUA.jpg,2024-09-20,cloudy,0.936844,,,
../data/satellite/aqua/2024/20240921_AQUA.jpg,2024-09-21,cloudy,0.6020534,,,
../data/satellite/aqua/2024/20240922_AQUA.jpg,2024-09-22,cloudy,0.9282843,,,
../data/satellite/aqua/2024/20240923_AQUA.jpg,2024-09-23,cloudy,0.74428445,,,
../data/satellite/aqua/2024/20240925_AQUA.jpg,2024-09-25,cloudy,0.898385,,,
../data/satellite/aqua/2024/20240926_AQUA.jpg,2024-09-26,clear,0.11602315,0.3307802936553062,0.5147663801464932,0.1544533261982006
../data/satellite/aqua/2024/20240927_AQUA.jpg,2024-09-27,clear,0.28992125,0.08241078296933008,0.3989765543998127,0.5186126626308573
../data/satellite/aqua/2024/20240928_AQUA.jpg,2024-09-28,clear,0.39337918,0.08264490451185659,0.41891033144921236,0.49844476403893107
../data/satellite/aqua/2024/20240929_AQUA.jpg,2024-09-29,clear,0.37698063,0.07465132613130875,0.33164988795611894,0.5936987859125723
../data/satellite/aqua/2024/20240930_AQUA.jpg,2024-09-30,clear,0.20539705,0.24556005217565804,0.5067393558312987,0.24770059199304326
../data/satellite/aqua/2024/20241001_AQUA.jpg,2024-10-01,clear,0.2235347,0.22565972106090504,0.4758018662831533,0.29853841265594167
../data/satellite/aqua/2024/20241002_AQUA.jpg,2024-10-02,clear,0.120190084,0.02729188267166126,0.20060871601056893,0.7720994013177698
../data/satellite/aqua/2024/20241003_AQUA.jpg,2024-10-03,clear,0.038739074,0.1255225927288538,0.3857319642797418,0.4887454429914044
../data/satellite/aqua/2024/20241004_AQUA.jpg,2024-10-04,cloudy,0.76845706,,,
../data/satellite/aqua/2024/20241005_AQUA.jpg,2024-10-05,cloudy,0.6771198,,,
../data/satellite/aqua/2024/20241006_AQUA.jpg,2024-10-06,clear,0.09812186,0.16726311916786515,0.4743636910933476,0.35837318973878723
../data/satellite/aqua/2024/20241007_AQUA.jpg,2024-10-07,clear,0.36258528,0.15686143349275897,0.4194454664035586,0.4236931001036824
../data/satellite/aqua/2024/20241008_AQUA.jpg,2024-10-08,clear,0.3633758,0.5098498277534366,0.3884076390514733,0.10174253319509013
../data/satellite/aqua/2024/20241010_AQUA.jpg,2024-10-10,cloudy,0.76758605,,,
../data/satellite/aqua/2024/20241014_AQUA.jpg,2024-10-14,clear,0.23370363,0.09632429178233386,0.42794073380380615,0.47573497441386
../data/satellite/aqua/2024/20241015_AQUA.jpg,2024-10-15,clear,0.4746529,0.3559985283788755,0.5119569216361751,0.13204454998494933
../data/satellite/aqua/2024/20241016_AQUA.jpg,2024-10-16,cloudy,0.9106002,,,
../data/satellite/aqua/2024/20241017_AQUA.jpg,2024-10-17,cloudy,0.9322881,,,
../data/satellite/aqua/2024/20241018_AQUA.jpg,2024-10-18,clear,0.41480258,0.5697849426402221,0.31579651493360983,0.1144185424261681
../data/satellite/aqua/2024/20241019_AQUA.jpg,2024-10-19,cloudy,0.68843454,,,
../data/satellite/aqua/2024/20241020_AQUA.jpg,2024-10-20,clear,0.13072352,0.4066691193685408,0.46055052008428377,0.13278036054717549
../data/satellite/aqua/2024/20241021_AQUA.jpg,2024-10-21,cloudy,0.67072636,,,
../data/satellite/aqua/2024/20241022_AQUA.jpg,2024-10-22,cloudy,0.5538482,,,
../data/satellite/aqua/2024/20241023_AQUA.jpg,2024-10-23,clear,0.047190536,0.18301615438643432,0.32158266162747917,0.4954011839860865
../data/satellite/aqua/2024/20241024_AQUA.jpg,2024-10-24,clear,0.34988272,0.5491153550285963,0.31037827352085356,0.1405063714505502
../data/satellite/aqua/2024/20241025_AQUA.jpg,2024-10-25,cloudy,0.770534,,,
../data/satellite/aqua/2024/20241026_AQUA.jpg,2024-10-26,clear,0.35061973,0.46620288303956653,0.3031539516371785,0.23064316532325496
../data/satellite/aqua/2024/20241027_AQUA.jpg,2024-10-27,cloudy,0.9783683,,,
../data/satellite/aqua/2024/20241028_AQUA.jpg,2024-10-28,cloudy,0.96972084,,,
../data/satellite/aqua/2024/20241029_AQUA.jpg,2024-10-29,clear,0.2923405,0.4817886885849025,0.30817084183417504,0.21004046958092243
../data/satellite/aqua/2024/20241030_AQUA.jpg,2024-10-30,cloudy,0.90894175,,,
../data/satellite/aqua/2024/20241031_AQUA.jpg,2024-10-31,cloudy,0.8222797,,,
../data/satellite/aqua/2024/20241101_AQUA.jpg,2024-11-01,clear,0.37522942,0.12699421385330614,0.060670925449011676,0.8123348606976822
../data/satellite/aqua/2024/20241102_AQUA.jpg,2024-11-02,cloudy,0.9177995,,,
../data/satellite/aqua/2024/20241103_AQUA.jpg,2024-11-03,cloudy,0.97524536,,,
../data/satellite/aqua/2025/20250206_AQUA.jpg,2025-02-06,cloudy,0.8659711,,,
../data/satellite/aqua/2025/20250207_AQUA.jpg,2025-02-07,cloudy,0.8283728,,,
../data/satellite/aqua/2025/20250208_AQUA.jpg,2025-02-08,cloudy,0.67125267,,,
../data/satellite/aqua/2025/20250209_AQUA.jpg,2025-02-09,cloudy,0.6466019,,,
../data/satellite/aqua/2025/20250210_AQUA.jpg,2025-02-10,cloudy,0.8760382,,,
../data/satellite/aqua/2025/20250211_AQUA.jpg,2025-02-11,clear,0.31447753,0.05715910231111408,0.028027693233887423,0.9148132044549985
../data/satellite/aqua/2025/20250212_AQUA.jpg,2025-02-12,clear,0.07579432,0.1739523060971939,0.08956821298371183,0.7364794809190943
../data/satellite/aqua/2025/20250213_AQUA.jpg,2025-02-13,clear,0.4156095,0.39305662396735674,0.07919997324325229,0.5277434027893909
../data/satellite/aqua/2025/20250215_AQUA.jpg,2025-02-15,cloudy,0.78504336,,,
../data/satellite/aqua/2025/20250216_AQUA.jpg,2025-02-16,clear,0.04747689,0.36543028194922905,0.04391451219104318,0.5906552058597277
../data/satellite/aqua/2025/20250217_AQUA.jpg,2025-02-17,cloudy,0.55435264,,,
../data/satellite/aqua/2025/20250218_AQUA.jpg,2025-02-18,clear,0.43686903,0.23980735141643533,0.3432221813438577,0.416970467239707
../data/satellite/aqua/2025/20250219_AQUA.jpg,2025-02-19,cloudy,0.79576457,,,
../data/satellite/aqua/2025/20250220_AQUA.jpg,2025-02-20,cloudy,0.5171955,,,
../data/satellite/aqua/2025/20250221_AQUA.jpg,2025-02-21,clear,0.4291386,0.058965182782032846,0.3901133817184521,0.550921435499515
../data/satellite/aqua/2025/20250222_AQUA.jpg,2025-02-22,cloudy,0.7392628,,,
../data/satellite/aqua/2025/20250223_AQUA.jpg,2025-02-23,clear,0.07728632,0.020201344526572795,0.21923810160874946,0.7605605538646778
../data/satellite/aqua/2025/20250224_AQUA.jpg,2025-02-24,clear,0.42243984,0.09769557510284625,0.2725843673701462,0.6297200575270075
../data/satellite/aqua/2025/20250225_AQUA.jpg,2025-02-25,cloudy,0.71298116,,,
../data/satellite/aqua/2025/20250226_AQUA.jpg,2025-02-26,clear,0.4799925,0.08635740325763404,0.30562895080103014,0.6080136459413358
../data/satellite/aqua/2025/20250227_AQUA.jpg,2025-02-27,cloudy,0.9574842,,,
../data/satellite/aqua/2025/20250228_AQUA.jpg,2025-02-28,clear,0.27511638,0.06990200341148534,0.28358807986889195,0.6465099167196228
../data/satellite/aqua/2025/20250301_AQUA.jpg,2025-03-01,cloudy,0.946798,,,
../data/satellite/aqua/2025/20250302_AQUA.jpg,2025-03-02,clear,0.06929526,0.33840596675474094,0.5251346198869528,0.1364594133583063
../data/satellite/aqua/2025/20250303_AQUA.jpg,2025-03-03,cloudy,0.9460843,,,
../data/satellite/aqua/2025/20250304_AQUA.jpg,2025-03-04,clear,0.43617433,0.6331649887956119,0.23000769256496872,0.13682731863941938
../data/satellite/aqua/2025/20250305_AQUA.jpg,2025-03-05,cloudy,0.6856584,,,
../data/satellite/aqua/2025/20250306_AQUA.jpg,2025-03-06,cloudy,0.91503817,,,
../data/satellite/aqua/2025/20250307_AQUA.jpg,2025-03-07,cloudy,0.612322,,,
../data/satellite/aqua/2025/20250308_AQUA.jpg,2025-03-08,cloudy,0.89491886,,,
../data/satellite/aqua/2025/20250309_AQUA.jpg,2025-03-09,clear,0.17994058,0.034549650489982944,0.24957356433325528,0.7158767851767618
../data/satellite/aqua/2025/20250310_AQUA.jpg,2025-03-10,clear,0.1463344,0.04508511990367571,0.3236897555102177,0.6312251245861066
../data/satellite/aqua/2025/20250311_AQUA.jpg,2025-03-11,clear,0.35085213,0.2275326934011171,0.42727181511087325,0.34519549148800965
../data/satellite/aqua/2025/20250312_AQUA.jpg,2025-03-12,cloudy,0.83645916,,,
../data/satellite/aqua/2025/20250313_AQUA.jpg,2025-03-13,clear,0.090243116,0.07558781230141476,0.4119870229773571,0.5124251647212281
../data/satellite/aqua/2025/20250314_AQUA.jpg,2025-03-14,clear,0.11798272,0.2700090304023546,0.4567376835345664,0.273253286063079
../data/satellite/aqua/2025/20250315_AQUA.jpg,2025-03-15,cloudy,0.8966294,,,
../data/satellite/aqua/2025/20250316_AQUA.jpg,2025-03-16,clear,0.27695414,0.2104083748620355,0.5353690758888258,0.2542225492491388
../data/satellite/aqua/2025/20250317_AQUA.jpg,2025-03-17,clear,0.4813529,0.25368741429479247,0.4352988394260678,0.31101374627913975
../data/satellite/aqua/2025/20250318_AQUA.jpg,2025-03-18,clear,0.17102526,0.12304759356500218,0.44770728117997255,0.42924512525502523
../data/satellite/aqua/2025/20250323_AQUA.jpg,2025-03-23,cloudy,0.6763768,,,
../data/satellite/aqua/2025/20250324_AQUA.jpg,2025-03-24,cloudy,0.5127247,,,
../data/satellite/aqua/2025/20250325_AQUA.jpg,2025-03-25,clear,0.45301986,0.13084049633767014,0.35255359711027123,0.5166059065520586
../data/satellite/aqua/2025/20250326_AQUA.jpg,2025-03-26,cloudy,0.7326115,,,
../data/satellite/aqua/2025/20250327_AQUA.jpg,2025-03-27,cloudy,0.56387156,,,
../data/satellite/aqua/2025/20250328_AQUA.jpg,2025-03-28,clear,0.44081983,0.1997391217097562,0.6049700658884912,0.19529081240175256
../data/satellite/aqua/2025/20250329_AQUA.jpg,2025-03-29,cloudy,0.51698905,,,
../data/satellite/aqua/2025/20250330_AQUA.jpg,2025-03-30,cloudy,0.5264529,,,
../data/satellite/aqua/2025/20250331_AQUA.jpg,2025-03-31,cloudy,0.7856207,,,
../data/satellite/aqua/2025/20250401_AQUA.jpg,2025-04-01,cloudy,0.686947,,,
../data/satellite/aqua/2025/20250402_AQUA.jpg,2025-04-02,cloudy,0.7137839,,,
../data/satellite/aqua/2025/20250403_AQUA.jpg,2025-04-03,cloudy,0.84757376,,,
../data/satellite/aqua/2025/20250404_AQUA.jpg,2025-04-04,clear,0.24612361,0.044349309341449546,0.3199772567644403,0.6356734338941101
../data/satellite/aqua/2025/20250405_AQUA.jpg,2025-04-05,clear,0.10465342,0.009632429178233386,0.2299742466303221,0.7603933241914446
../data/satellite/aqua/2019/ .jpg,,cloudy,0.78711236,,,
../data/satellite/aqua/mask/mask_AQUA.jpg,,cloudy,0.8159049,,,
../data/satellite/aqua/mask/mask_AQUA_new.jpg,,cloudy,0.95471174,,,
