filepath,date,frac_water,frac_ice,frac_weak_ice
../data/satellite/aqua/2016/20160612_AQUA.jpg,2016-06-12,0.19671098670398882,0.4128061581525542,0.390482855143457
../data/satellite/aqua/2016/20160613_AQUA.jpg,2016-06-13,0.7621063680895731,0.1471658502449265,0.09072778166550036
../data/satellite/aqua/2016/20160614_AQUA.jpg,2016-06-14,0.10167949615115465,0.5617214835549336,0.3365990202939118
../data/satellite/aqua/2016/20160615_AQUA.jpg,2016-06-15,0.16756473058082574,0.5331700489853044,0.2992652204338698
../data/satellite/aqua/2016/20160616_AQUA.jpg,2016-06-16,0.30983205038488454,0.5648705388383485,0.12529741077676698
../data/satellite/aqua/2016/20160617_AQUA.jpg,2016-06-17,0.2358292512246326,0.46952414275717286,0.29464660601819453
../data/satellite/aqua/2016/20160618_AQUA.jpg,2016-06-18,0.4787963610916725,0.2981455563331001,0.22305808257522744
../data/satellite/aqua/2016/20160619_AQUA.jpg,2016-06-19,0.3439818054583625,0.5083974807557733,0.14762071378586425
../data/satellite/aqua/2016/20160620_AQUA.jpg,2016-06-20,0.8656053184044786,0.013750874737578727,0.12064380685794261
../data/satellite/aqua/2016/20160621_AQUA.jpg,2016-06-21,0.15650804758572429,0.3458362491252624,0.4976557032890133
../data/satellite/aqua/2016/20160622_AQUA.jpg,2016-06-22,0.46665500349895034,0.27330300909727084,0.2600419874037789
../data/satellite/aqua/2016/20160623_AQUA.jpg,2016-06-23,0.1314555633310007,0.38362491252624215,0.4849195241427572
../data/satellite/aqua/2016/20160624_AQUA.jpg,2016-06-24,0.10125962211336599,0.46161651504548634,0.4371238628411477
../data/satellite/aqua/2016/20160625_AQUA.jpg,2016-06-25,0.11973407977606718,0.6113365990202939,0.2689293212036389
../data/satellite/aqua/2016/20160626_AQUA.jpg,2016-06-26,0.14793561931420574,0.5262771168649405,0.32578726382085377
../data/satellite/aqua/2016/20160627_AQUA.jpg,2016-06-27,0.17036389083275016,0.3657102869139258,0.463925822253324
../data/satellite/aqua/2016/20160628_AQUA.jpg,2016-06-28,0.3096571028691393,0.479111266620014,0.21123163051084676
../data/satellite/aqua/2016/20160629_AQUA.jpg,2016-06-29,0.3346745976207138,0.4794961511546536,0.18582925122463262
../data/satellite/aqua/2016/20160630_AQUA.jpg,2016-06-30,0.11812456263121064,0.7216585024492652,0.16021693491952416
../data/satellite/aqua/2016/20160701_AQUA.jpg,2016-07-01,0.15335899230230932,0.5264170748775368,0.32022393282015393
../data/satellite/aqua/2016/20160702_AQUA.jpg,2016-07-02,0.19699090272918124,0.3572078376487054,0.44580125962211337
../data/satellite/aqua/2016/20160703_AQUA.jpg,2016-07-03,0.12095871238628411,0.6533939818054584,0.2256473058082575
../data/satellite/aqua/2016/20160704_AQUA.jpg,2016-07-04,0.1407627711686494,0.6783764870538839,0.18086074177746675
../data/satellite/aqua/2016/20160705_AQUA.jpg,2016-07-05,0.30409377186843944,0.5490552834149756,0.14685094471658502
../data/satellite/aqua/2016/20160706_AQUA.jpg,2016-07-06,0.7677746675997201,0.052554233729881036,0.17967109867039888
../data/satellite/aqua/2016/20160707_AQUA.jpg,2016-07-07,0.8117214835549336,0.04594121763470959,0.1423372988103569
../data/satellite/aqua/2016/20160708_AQUA.jpg,2016-07-08,0.6807907627711687,0.21875437368789363,0.10045486354093772
../data/satellite/aqua/2016/20160709_AQUA.jpg,2016-07-09,0.14349195241427573,0.6084324702589223,0.24807557732680197
../data/satellite/aqua/2016/20160710_AQUA.jpg,2016-07-10,0.6840797760671798,0.12400279916025192,0.19191742477256823
../data/satellite/aqua/2016/20160711_AQUA.jpg,2016-07-11,0.7761721483554933,0.13128061581525544,0.09254723582925123
../data/satellite/aqua/2016/20160712_AQUA.jpg,2016-07-12,0.6431420573827852,0.21668999300209937,0.14016794961511547
../data/satellite/aqua/2016/20160713_AQUA.jpg,2016-07-13,0.2865290412876137,0.38642407277816654,0.3270468859342197
../data/satellite/aqua/2016/20160714_AQUA.jpg,2016-07-14,0.16623512946116165,0.4344996501049685,0.39926522043386986
../data/satellite/aqua/2016/20160715_AQUA.jpg,2016-07-15,0.5897480755773268,0.22365290412876138,0.18659902029391182
../data/satellite/aqua/2016/20160716_AQUA.jpg,2016-07-16,0.630405878236529,0.15444366689993003,0.21515045486354092
../data/satellite/aqua/2016/20160717_AQUA.jpg,2016-07-17,0.1403079076277117,0.5419174247725682,0.31777466759972006
../data/satellite/aqua/2016/20160718_AQUA.jpg,2016-07-18,0.19230230930720785,0.5451014695591323,0.2625962211336599
../data/satellite/aqua/2016/20160719_AQUA.jpg,2016-07-19,0.10678796361091672,0.48838348495451367,0.40482855143456964
../data/satellite/aqua/2016/20160720_AQUA.jpg,2016-07-20,0.3899930020993702,0.4268369489153254,0.1831700489853044
../data/satellite/aqua/2016/20160721_AQUA.jpg,2016-07-21,0.4862841147655703,0.18331000699790062,0.33040587823652906
../data/satellite/aqua/2016/20160722_AQUA.jpg,2016-07-22,0.15685794261721484,0.6365990202939118,0.20654303708887334
../data/satellite/aqua/2016/20160723_AQUA.jpg,2016-07-23,0.5343596920923723,0.20454863540937718,0.26109167249825055
../data/satellite/aqua/2016/20160724_AQUA.jpg,2016-07-24,0.6822253324002799,0.14604618614415676,0.17172848145556333
../data/satellite/aqua/2016/20160725_AQUA.jpg,2016-07-25,0.20167949615115466,0.5507347795661302,0.2475857242827152
../data/satellite/aqua/2016/20160726_AQUA.jpg,2016-07-26,0.6617914625612317,0.08198040587823653,0.2562281315605318
../data/satellite/aqua/2016/20160727_AQUA.jpg,2016-07-27,0.4459762071378586,0.191777466759972,0.36224632610216934
../data/satellite/aqua/2016/20160728_AQUA.jpg,2016-07-28,0.28572428271518546,0.3706787963610917,0.3435969209237229
../data/satellite/aqua/2016/20160729_AQUA.jpg,2016-07-29,0.44422673198040585,0.25136459062281313,0.30440867739678096
../data/satellite/aqua/2016/20160730_AQUA.jpg,2016-07-30,0.3298110566829951,0.43589923023093075,0.23428971308607419
../data/satellite/aqua/2016/20160731_AQUA.jpg,2016-07-31,0.47228831350594824,0.3469559132260322,0.1807557732680196
../data/satellite/aqua/2016/20160801_AQUA.jpg,2016-08-01,0.33652904128761374,0.405073477956613,0.2583974807557733
../data/satellite/aqua/2016/20160802_AQUA.jpg,2016-08-02,0.6843946815955213,0.16007697690692793,0.15552834149755074
../data/satellite/aqua/2016/20160803_AQUA.jpg,2016-08-03,0.43628411476557033,0.3579776067179846,0.20573827851644508
../data/satellite/aqua/2016/20160804_AQUA.jpg,2016-08-04,0.8358642407277816,0.017179846046186144,0.1469559132260322
../data/satellite/aqua/2016/20160805_AQUA.jpg,2016-08-05,0.23869839048285516,0.42004898530440865,0.34125262421273617
../data/satellite/aqua/2016/20160806_AQUA.jpg,2016-08-06,0.25675297410776765,0.5587823652904129,0.18446466060181946
../data/satellite/aqua/2016/20160807_AQUA.jpg,2016-08-07,0.10650804758572428,0.5188943317004898,0.3745976207137859
../data/satellite/aqua/2016/20160809_AQUA.jpg,2016-08-09,0.9110566829951015,0.0384184744576627,0.050524842547235826
../data/satellite/aqua/2016/20160810_AQUA.jpg,2016-08-10,0.26137158852344294,0.5458362491252624,0.19279216235129462
../data/satellite/aqua/2016/20160811_AQUA.jpg,2016-08-11,0.271518544436669,0.5893282015395381,0.13915325402379286
../data/satellite/aqua/2016/20160812_AQUA.jpg,2016-08-12,0.40990202939118264,0.4282365290412876,0.16186144156752974
../data/satellite/aqua/2016/20160813_AQUA.jpg,2016-08-13,0.25706787963610916,0.5483904828551435,0.19454163750874737
../data/satellite/aqua/2016/20160814_AQUA.jpg,2016-08-14,0.5317004898530441,0.3211336599020294,0.1471658502449265
../data/satellite/aqua/2016/20160815_AQUA.jpg,2016-08-15,0.4046885934219734,0.4563680895731281,0.13894331700489854
../data/satellite/aqua/2016/20160816_AQUA.jpg,2016-08-16,0.29923023093072076,0.6331000699790063,0.06766969909027291
../data/satellite/aqua/2016/20160817_AQUA.jpg,2016-08-17,0.2871588523442967,0.5015395381385584,0.21130160951714486
../data/satellite/aqua/2016/20160819_AQUA.jpg,2016-08-19,0.19849545136459062,0.302519244226732,0.4989853044086774
../data/satellite/aqua/2016/20160820_AQUA.jpg,2016-08-20,0.12036389083275018,0.5366340097970609,0.34300209937018894
../data/satellite/aqua/2016/20160821_AQUA.jpg,2016-08-21,0.39387683694891534,0.4257522743177047,0.18037088873337997
../data/satellite/aqua/2016/20160822_AQUA.jpg,2016-08-22,0.7415675297410776,0.16035689293212035,0.09807557732680196
../data/satellite/aqua/2016/20160823_AQUA.jpg,2016-08-23,0.16550034989503148,0.4010146955913226,0.4334849545136459
../data/satellite/aqua/2016/20160824_AQUA.jpg,2016-08-24,0.1470258922323303,0.39909027291812454,0.45388383484954514
../data/satellite/aqua/2016/20160825_AQUA.jpg,2016-08-25,0.37337298810356895,0.3204688593421973,0.30615815255423373
../data/satellite/aqua/2016/20160826_AQUA.jpg,2016-08-26,0.08250524842547236,0.7273967809657103,0.19009797060881736
../data/satellite/aqua/2016/20160827_AQUA.jpg,2016-08-27,0.049440167949615116,0.6225682295311407,0.32799160251924425
../data/satellite/aqua/2016/20160828_AQUA.jpg,2016-08-28,0.19450664800559833,0.44223233030090975,0.36326102169349195
../data/satellite/aqua/2016/20160829_AQUA.jpg,2016-08-29,0.15843247025892232,0.5332400279916025,0.30832750174947515
../data/satellite/aqua/2016/20160830_AQUA.jpg,2016-08-30,0.5631210636808958,0.22351294611616515,0.21336599020293912
../data/satellite/aqua/2016/20160831_AQUA.jpg,2016-08-31,0.04324702589223233,0.6076976906927921,0.3490552834149755
../data/satellite/aqua/2016/20160901_AQUA.jpg,2016-09-01,0.5710286913925823,0.20713785864240727,0.2218334499650105
../data/satellite/aqua/2016/20160902_AQUA.jpg,2016-09-02,0.7087123862841148,0.12743177046885934,0.1638558432470259
../data/satellite/aqua/2016/20160903_AQUA.jpg,2016-09-03,0.32382785164450667,0.5167599720083975,0.15941217634709587
../data/satellite/aqua/2016/20160904_AQUA.jpg,2016-09-04,0.20083974807557733,0.5453463960811756,0.253813855843247
../data/satellite/aqua/2016/20160905_AQUA.jpg,2016-09-05,0.20622813156053185,0.3824352694191743,0.4113365990202939
../data/satellite/aqua/2016/20160906_AQUA.jpg,2016-09-06,0.16728481455563332,0.5011546536039189,0.33156053184044787
../data/satellite/aqua/2016/20160907_AQUA.jpg,2016-09-07,0.23299510146955912,0.464555633310007,0.30244926522043386
../data/satellite/aqua/2016/20160908_AQUA.jpg,2016-09-08,0.15111966410076977,0.36833449965010495,0.4805458362491253
../data/satellite/aqua/2016/20160909_AQUA.jpg,2016-09-09,0.44156752974107766,0.3201889433170049,0.23824352694191742
../data/satellite/aqua/2016/20160910_AQUA.jpg,2016-09-10,0.5448565430370889,0.24818054583624913,0.206962911126662
../data/satellite/aqua/2016/20160911_AQUA.jpg,2016-09-11,0.6791812456263121,0.14002799160251925,0.18079076277116865
../data/satellite/aqua/2016/20160912_AQUA.jpg,2016-09-12,0.6783065080475857,0.15878236529041287,0.1629111266620014
../data/satellite/aqua/2016/20160913_AQUA.jpg,2016-09-13,0.710076976906928,0.1837998600419874,0.10612316305108467
../data/satellite/aqua/2016/20160914_AQUA.jpg,2016-09-14,0.5874037788663401,0.14265220433869838,0.2699440167949615
../data/satellite/aqua/2016/20160915_AQUA.jpg,2016-09-15,0.684779566130161,0.20864240727781666,0.1065780265920224
../data/satellite/aqua/2016/20160916_AQUA.jpg,2016-09-16,0.5093771868439468,0.23915325402379287,0.2514695591322603
../data/satellite/aqua/2016/20160917_AQUA.jpg,2016-09-17,0.24041287613715887,0.5104968509447166,0.24909027291812455
../data/satellite/aqua/2016/20160918_AQUA.jpg,2016-09-18,0.34433170048985307,0.23166550034989503,0.4240027991602519
../data/satellite/aqua/2016/20160919_AQUA.jpg,2016-09-19,0.48729881035689293,0.23827851644506648,0.2744226731980406
../data/satellite/aqua/2016/20160920_AQUA.jpg,2016-09-20,0.2651154653603919,0.47750174947515744,0.2573827851644507
../data/satellite/aqua/2016/20160921_AQUA.jpg,2016-09-21,0.186074177746676,0.4448565430370889,0.3690692792162351
../data/satellite/aqua/2016/20160922_AQUA.jpg,2016-09-22,0.12473757872638208,0.48460461861441567,0.39065780265920225
../data/satellite/aqua/2016/20160923_AQUA.jpg,2016-09-23,0.20678796361091673,0.3470258922323303,0.44618614415675295
../data/satellite/aqua/2016/20160924_AQUA.jpg,2016-09-24,0.3820853743876837,0.45990202939118263,0.15801259622113367
../data/satellite/aqua/2016/20160925_AQUA.jpg,2016-09-25,0.7655003498950315,0.0801259622113366,0.1543736878936319
../data/satellite/aqua/2016/20160926_AQUA.jpg,2016-09-26,0.46490552834149756,0.2315255423372988,0.30356892932120366
../data/satellite/aqua/2016/20160927_AQUA.jpg,2016-09-27,0.17505248425472358,0.48257522743177045,0.34237228831350597
../data/satellite/aqua/2016/20160928_AQUA.jpg,2016-09-28,0.08813855843247026,0.6287963610916725,0.28306508047585727
../data/satellite/aqua/2016/20160929_AQUA.jpg,2016-09-29,0.24016794961511548,0.3871588523442967,0.37267319804058785
../data/satellite/aqua/2016/20160930_AQUA.jpg,2016-09-30,0.36049685094471656,0.47841147655703287,0.16109167249825052
../data/satellite/aqua/2016/20161001_AQUA.jpg,2016-10-01,0.07333799860041987,0.5941567529741077,0.33250524842547236
../data/satellite/aqua/2016/20161002_AQUA.jpg,2016-10-02,0.25419874037788665,0.35598320503848846,0.3898180545836249
../data/satellite/aqua/2016/20161004_AQUA.jpg,2016-10-04,0.8279216235129461,0.04877536738978307,0.12330300909727082
../data/satellite/aqua/2016/20161006_AQUA.jpg,2016-10-06,0.31717984604618615,0.5337998600419874,0.14902029391182645
../data/satellite/aqua/2016/20161007_AQUA.jpg,2016-10-07,0.16011196641007697,0.4744226731980406,0.36546536039188243
../data/satellite/aqua/2016/20161008_AQUA.jpg,2016-10-08,0.09604618614415675,0.7037088873337999,0.2002449265220434
../data/satellite/aqua/2016/20161009_AQUA.jpg,2016-10-09,0.10818754373687893,0.3562631210636809,0.5355493351994401
../data/satellite/aqua/2016/20161010_AQUA.jpg,2016-10-10,0.16004198740377887,0.5046885934219734,0.33526941917424774
../data/satellite/aqua/2016/20161011_AQUA.jpg,2016-10-11,0.46504548635409376,0.3300209937018894,0.2049335199440168
../data/satellite/aqua/2016/20161012_AQUA.jpg,2016-10-12,0.3923372988103569,0.37561231630510844,0.23205038488453464
../data/satellite/aqua/2016/20161013_AQUA.jpg,2016-10-13,0.43831350594821555,0.2743177046885934,0.28736878936319105
../data/satellite/aqua/2016/20161014_AQUA.jpg,2016-10-14,0.47634709587123863,0.2749825052484255,0.2486703988803359
../data/satellite/aqua/2016/20161015_AQUA.jpg,2016-10-15,0.21763470958712386,0.2762421273617915,0.5061231630510846
../data/satellite/aqua/2016/20161016_AQUA.jpg,2016-10-16,0.3062631210636809,0.4590972708187544,0.23463960811756474
../data/satellite/aqua/2016/20161017_AQUA.jpg,2016-10-17,0.48530440867739677,0.2732330300909727,0.2414625612316305
../data/satellite/aqua/2016/20161018_AQUA.jpg,2016-10-18,0.18659902029391182,0.4286214135759272,0.38477956613016095
../data/satellite/aqua/2016/20161019_AQUA.jpg,2016-10-19,0.4464660601819454,0.2792512246326102,0.2742827151854444
../data/satellite/aqua/2016/20161020_AQUA.jpg,2016-10-20,0.3051434569629111,0.28827851644506647,0.4065780265920224
../data/satellite/aqua/2016/20161021_AQUA.jpg,2016-10-21,0.48481455563331,0.3049335199440168,0.2102519244226732
../data/satellite/aqua/2016/20161022_AQUA.jpg,2016-10-22,0.1452064380685794,0.46123163051084676,0.39356193142057383
../data/satellite/aqua/2016/20161023_AQUA.jpg,2016-10-23,0.23505948215535338,0.33170048985304407,0.4332400279916025
../data/satellite/aqua/2016/20161025_AQUA.jpg,2016-10-25,0.1489853044086774,0.5055283414975508,0.3454863540937719
../data/satellite/aqua/2016/20161026_AQUA.jpg,2016-10-26,0.1489853044086774,0.5055283414975508,0.3454863540937719
../data/satellite/aqua/2016/20161027_AQUA.jpg,2016-10-27,0.1489853044086774,0.5055283414975508,0.3454863540937719
../data/satellite/aqua/2016/20161028_AQUA.jpg,2016-10-28,0.1489853044086774,0.5055283414975508,0.3454863540937719
../data/satellite/aqua/2016/20161029_AQUA.jpg,2016-10-29,0.1489853044086774,0.5055283414975508,0.3454863540937719
../data/satellite/aqua/2016/20161030_AQUA.jpg,2016-10-30,0.1489853044086774,0.5055283414975508,0.3454863540937719
../data/satellite/aqua/2016/20161031_AQUA.jpg,2016-10-31,0.14877536738978306,0.5059482155353394,0.34527641707487755
../data/satellite/aqua/2016/20161101_AQUA.jpg,2016-11-01,0.14877536738978306,0.5059482155353394,0.34527641707487755
../data/satellite/aqua/2016/20161102_AQUA.jpg,2016-11-02,0.14877536738978306,0.5059482155353394,0.34527641707487755
../data/satellite/aqua/2016/20161104_AQUA.jpg,2016-11-04,0.14877536738978306,0.5059482155353394,0.34527641707487755
../data/satellite/aqua/2016/20161105_AQUA.jpg,2016-11-05,0.14877536738978306,0.5059482155353394,0.34527641707487755
../data/satellite/aqua/2016/20161106_AQUA.jpg,2016-11-06,0.14877536738978306,0.5059482155353394,0.34527641707487755
../data/satellite/aqua/2016/20161107_AQUA.jpg,2016-11-07,0.14877536738978306,0.5059482155353394,0.34527641707487755
../data/satellite/aqua/2016/20161108_AQUA.jpg,2016-11-08,0.9160951714485654,0.02655703289013296,0.05734779566130161
../data/satellite/aqua/2016/20161109_AQUA.jpg,2016-11-09,0.9160951714485654,0.02655703289013296,0.05734779566130161
../data/satellite/aqua/2016/20161115_AQUA.jpg,2016-11-15,0.9095521343596921,0.03967809657102869,0.050769769069279214
../data/satellite/aqua/2016/20161116_AQUA.jpg,2016-11-16,0.9160951714485654,0.02655703289013296,0.05734779566130161
../data/satellite/aqua/2016/20161118_AQUA.jpg,2016-11-18,0.9160951714485654,0.02655703289013296,0.05734779566130161
../data/satellite/aqua/2016/20161129_AQUA.jpg,2016-11-29,0.9184744576627012,0.01742477256822953,0.06410076976906928
../data/satellite/aqua/2017/20170130_AQUA.jpg,2017-01-30,0.07743177046885934,0.9208537438768369,0.0017144856543037088
../data/satellite/aqua/2017/20170131_AQUA.jpg,2017-01-31,0.9184744576627012,0.01742477256822953,0.06410076976906928
../data/satellite/aqua/2017/20170201_AQUA.jpg,2017-02-01,0.9184744576627012,0.01742477256822953,0.06410076976906928
../data/satellite/aqua/2017/20170202_AQUA.jpg,2017-02-02,0.9271168649405178,0.000979706088173548,0.07190342897130861
../data/satellite/aqua/2017/20170203_AQUA.jpg,2017-02-03,0.8073128061581526,0.12851644506648005,0.0641707487753674
../data/satellite/aqua/2017/20170204_AQUA.jpg,2017-02-04,0.7879286214135759,0.15181945416375087,0.0602519244226732
../data/satellite/aqua/2017/20170205_AQUA.jpg,2017-02-05,0.5902729181245626,0.22900629811056683,0.18072078376487055
../data/satellite/aqua/2017/20170206_AQUA.jpg,2017-02-06,0.6150104968509447,0.2790062981105668,0.10598320503848846
../data/satellite/aqua/2017/20170207_AQUA.jpg,2017-02-07,0.27631210636808956,0.44167249825052485,0.2820153953813856
../data/satellite/aqua/2017/20170208_AQUA.jpg,2017-02-08,0.16920923722883136,0.5826801959412177,0.248110566829951
../data/satellite/aqua/2017/20170209_AQUA.jpg,2017-02-09,0.030300909727081875,0.6438768369489153,0.3258222533240028
../data/satellite/aqua/2017/20170210_AQUA.jpg,2017-02-10,0.21966410076976908,0.2699440167949615,0.5103918824352695
../data/satellite/aqua/2017/20170211_AQUA.jpg,2017-02-11,0.10535339398180546,0.44996501049685095,0.4446815955213436
../data/satellite/aqua/2017/20170212_AQUA.jpg,2017-02-12,0.18719384184744578,0.28117564730580824,0.531630510846746
../data/satellite/aqua/2017/20170213_AQUA.jpg,2017-02-13,0.10587823652904128,0.5641707487753674,0.32995101469559135
../data/satellite/aqua/2017/20170214_AQUA.jpg,2017-02-14,0.11466060181945416,0.38446466060181944,0.5008747375787264
../data/satellite/aqua/2017/20170215_AQUA.jpg,2017-02-15,0.19856543037088872,0.35048985304408675,0.4509447165850245
../data/satellite/aqua/2017/20170216_AQUA.jpg,2017-02-16,0.15612316305108467,0.34307207837648707,0.5008047585724282
../data/satellite/aqua/2017/20170217_AQUA.jpg,2017-02-17,0.08519944016794961,0.6589923023093072,0.25580825752274317
../data/satellite/aqua/2017/20170218_AQUA.jpg,2017-02-18,0.0559482155353394,0.6862841147655703,0.25776766969909026
../data/satellite/aqua/2017/20170219_AQUA.jpg,2017-02-19,0.10290412876137159,0.4658852344296711,0.4312106368089573
../data/satellite/aqua/2017/20170220_AQUA.jpg,2017-02-20,0.13407977606717986,0.30451364590622815,0.561406578026592
../data/satellite/aqua/2017/20170221_AQUA.jpg,2017-02-21,0.20083974807557733,0.2701889433170049,0.5289713086074178
../data/satellite/aqua/2017/20170222_AQUA.jpg,2017-02-22,0.20500349895031492,0.28149055283414975,0.5135059482155353
../data/satellite/aqua/2017/20170223_AQUA.jpg,2017-02-23,0.08082575227431771,0.47249825052484257,0.4466759972008397
../data/satellite/aqua/2017/20170224_AQUA.jpg,2017-02-24,0.04359692092372288,0.7783414975507348,0.17806158152554233
../data/satellite/aqua/2017/20170225_AQUA.jpg,2017-02-25,0.035339398180545836,0.7530440867739678,0.21161651504548634
../data/satellite/aqua/2017/20170226_AQUA.jpg,2017-02-26,0.043946815955213436,0.7141707487753673,0.24188243526941916
../data/satellite/aqua/2017/20170227_AQUA.jpg,2017-02-27,0.32022393282015393,0.2577326801959412,0.4220433869839048
../data/satellite/aqua/2017/20170228_AQUA.jpg,2017-02-28,0.1609517144856543,0.31578026592022396,0.5232680195941217
../data/satellite/aqua/2017/20170301_AQUA.jpg,2017-03-01,0.05538838348495451,0.7016095171448565,0.24300209937018893
../data/satellite/aqua/2017/20170302_AQUA.jpg,2017-03-02,0.15300909727081877,0.16434569629111268,0.6826452064380686
../data/satellite/aqua/2017/20170303_AQUA.jpg,2017-03-03,0.26882435269419175,0.21613016095171447,0.5150454863540938
../data/satellite/aqua/2017/20170304_AQUA.jpg,2017-03-04,0.03156053184044787,0.6317004898530441,0.33673897830650806
../data/satellite/aqua/2017/20170305_AQUA.jpg,2017-03-05,0.05682295311406578,0.5536039188243527,0.3895731280615815
../data/satellite/aqua/2017/20170306_AQUA.jpg,2017-03-06,0.11123163051084675,0.45076976906927924,0.43799860041987404
../data/satellite/aqua/2017/20170307_AQUA.jpg,2017-03-07,0.05587823652904129,0.6714485654303709,0.2726731980405878
../data/satellite/aqua/2017/20170308_AQUA.jpg,2017-03-08,0.05314905528341497,0.7251924422673198,0.22165850244926522
../data/satellite/aqua/2017/20170309_AQUA.jpg,2017-03-09,0.1391182645206438,0.3927221833449965,0.46815955213435967
../data/satellite/aqua/2017/20170310_AQUA.jpg,2017-03-10,0.028306508047585725,0.780335899230231,0.19135759272218333
../data/satellite/aqua/2017/20170311_AQUA.jpg,2017-03-11,0.055248425472358295,0.732925122463261,0.2118264520643807
../data/satellite/aqua/2017/20170312_AQUA.jpg,2017-03-12,0.11305108467459762,0.35174947515745275,0.5351994401679496
../data/satellite/aqua/2017/20170313_AQUA.jpg,2017-03-13,0.17470258922323303,0.1983554933519944,0.6269419174247726
../data/satellite/aqua/2017/20170314_AQUA.jpg,2017-03-14,0.15027991602519244,0.3411826452064381,0.5085374387683695
../data/satellite/aqua/2017/20170315_AQUA.jpg,2017-03-15,0.09135759272218334,0.5023792862141357,0.4062631210636809
../data/satellite/aqua/2017/20170316_AQUA.jpg,2017-03-16,0.08901329601119665,0.45066480055983205,0.46032190342897134
../data/satellite/aqua/2017/20170317_AQUA.jpg,2017-03-17,0.03614415675297411,0.7053883834849545,0.25846745976207136
../data/satellite/aqua/2017/20170318_AQUA.jpg,2017-03-18,0.19884534639608117,0.26389083275017494,0.5372638208537439
../data/satellite/aqua/2017/20170319_AQUA.jpg,2017-03-19,0.20293911826452066,0.3064030790762771,0.4906578026592022
../data/satellite/aqua/2017/20170320_AQUA.jpg,2017-03-20,0.03936319104268719,0.604408677396781,0.35622813156053185
../data/satellite/aqua/2017/20170321_AQUA.jpg,2017-03-21,0.24289713086074177,0.23264520643806857,0.5244576627011897
../data/satellite/aqua/2017/20170322_AQUA.jpg,2017-03-22,0.03463960811756473,0.6641007697690693,0.301259622113366
../data/satellite/aqua/2017/20170323_AQUA.jpg,2017-03-23,0.060426871938418475,0.6902729181245626,0.2493002099370189
../data/satellite/aqua/2017/20170324_AQUA.jpg,2017-03-24,0.08523442967109868,0.5888033589923023,0.32596221133659903
../data/satellite/aqua/2017/20170325_AQUA.jpg,2017-03-25,0.05640307907627712,0.6167949615115466,0.3268019594121763
../data/satellite/aqua/2017/20170326_AQUA.jpg,2017-03-26,0.050314905528341496,0.740517844646606,0.2091672498250525
../data/satellite/aqua/2017/20170327_AQUA.jpg,2017-03-27,0.04709587123862841,0.7334149755073478,0.2194891532540238
../data/satellite/aqua/2017/20170328_AQUA.jpg,2017-03-28,0.03257522743177047,0.7672498250524843,0.20017494751574527
../data/satellite/aqua/2017/20170329_AQUA.jpg,2017-03-29,0.05069979006298111,0.7159202239328202,0.23337998600419874
../data/satellite/aqua/2017/20170330_AQUA.jpg,2017-03-30,0.08047585724282715,0.5793212036389084,0.34020293911826455
../data/satellite/aqua/2017/20170331_AQUA.jpg,2017-03-31,0.047410776766969906,0.7049685094471658,0.24762071378586423
../data/satellite/aqua/2017/20170403_AQUA.jpg,2017-04-03,0.9184744576627012,0.01742477256822953,0.06410076976906928
../data/satellite/aqua/2017/20170404_AQUA.jpg,2017-04-04,0.9184744576627012,0.01742477256822953,0.06410076976906928
../data/satellite/aqua/2017/20170405_AQUA.jpg,2017-04-05,0.9184744576627012,0.01742477256822953,0.06410076976906928
../data/satellite/aqua/2017/20170518_AQUA.jpg,2017-05-18,0.028586424072778168,0.6722883135059482,0.29912526242127363
../data/satellite/aqua/2017/20170519_AQUA.jpg,2017-05-19,0.17204338698390484,0.44706088173547937,0.3808957312806158
../data/satellite/aqua/2017/20170520_AQUA.jpg,2017-05-20,0.10115465360391883,0.6933869839048286,0.20545836249125263
../data/satellite/aqua/2017/20170521_AQUA.jpg,2017-05-21,0.03778866340097971,0.7132610216934919,0.24895031490552835
../data/satellite/aqua/2017/20170522_AQUA.jpg,2017-05-22,0.05304408677396781,0.6515745276417075,0.2953813855843247
../data/satellite/aqua/2017/20170523_AQUA.jpg,2017-05-23,0.17900629811056684,0.5776766969909027,0.24331700489853045
../data/satellite/aqua/2017/20170528_AQUA.jpg,2017-05-28,0.09524142757172849,0.5254023792862141,0.3793561931420574
../data/satellite/aqua/2017/20170529_AQUA.jpg,2017-05-29,0.16207137858642406,0.6125262421273618,0.22540237928621415
../data/satellite/aqua/2017/20170530_AQUA.jpg,2017-05-30,0.0406927921623513,0.5261721483554933,0.43313505948215536
../data/satellite/aqua/2017/20170531_AQUA.jpg,2017-05-31,0.2929671098670399,0.5420923722883135,0.1649405178446466
../data/satellite/aqua/2017/20170601_AQUA.jpg,2017-06-01,0.25178446466060184,0.490517844646606,0.25769769069279214
../data/satellite/aqua/2017/20170602_AQUA.jpg,2017-06-02,0.379776067179846,0.45447865640307905,0.16574527641707487
../data/satellite/aqua/2017/20170603_AQUA.jpg,2017-06-03,0.07655703289013296,0.6782715185444367,0.24517144856543038
../data/satellite/aqua/2017/20170604_AQUA.jpg,2017-06-04,0.1972708187543737,0.437963610916725,0.36476557032890133
../data/satellite/aqua/2017/20170605_AQUA.jpg,2017-06-05,0.12473757872638208,0.46098670398880337,0.41427571728481455
../data/satellite/aqua/2017/20170607_AQUA.jpg,2017-06-07,0.08093072078376487,0.46207137858642405,0.45699790062981105
../data/satellite/aqua/2017/20170608_AQUA.jpg,2017-06-08,0.14800559832050386,0.3205038488453464,0.5314905528341498
../data/satellite/aqua/2017/20170609_AQUA.jpg,2017-06-09,0.0758222533240028,0.35794261721483556,0.5662351294611616
../data/satellite/aqua/2017/20170610_AQUA.jpg,2017-06-10,0.5937368789363191,0.28530440867739676,0.12095871238628411
../data/satellite/aqua/2017/20170611_AQUA.jpg,2017-06-11,0.11277116864940517,0.5738278516445067,0.31340097970608816
../data/satellite/aqua/2017/20170612_AQUA.jpg,2017-06-12,0.1641707487753674,0.3854093771868439,0.45041987403778866
../data/satellite/aqua/2017/20170613_AQUA.jpg,2017-06-13,0.5408677396780965,0.29034289713086076,0.16878936319104268
../data/satellite/aqua/2017/20170614_AQUA.jpg,2017-06-14,0.1307557732680196,0.7099720083974808,0.15927221833449964
../data/satellite/aqua/2017/20170615_AQUA.jpg,2017-06-15,0.06717984604618614,0.47820153953813854,0.4546186144156753
../data/satellite/aqua/2017/20170616_AQUA.jpg,2017-06-16,0.13393981805458363,0.5894331700489853,0.2766270118964311
../data/satellite/aqua/2017/20170617_AQUA.jpg,2017-06-17,0.2330300909727082,0.41738978306508046,0.34958012596221133
../data/satellite/aqua/2017/20170618_AQUA.jpg,2017-06-18,0.13044086773967808,0.44590622813156056,0.4236529041287614
../data/satellite/aqua/2017/20170619_AQUA.jpg,2017-06-19,0.20643806857942618,0.3649405178446466,0.4286214135759272
../data/satellite/aqua/2017/20170620_AQUA.jpg,2017-06-20,0.1876487053883835,0.4027291812456263,0.4096221133659902
../data/satellite/aqua/2017/20170621_AQUA.jpg,2017-06-21,0.0900629811056683,0.45307907627711685,0.45685794261721485
../data/satellite/aqua/2017/20170622_AQUA.jpg,2017-06-22,0.11546536039188243,0.5577676696990903,0.3267669699090273
../data/satellite/aqua/2017/20170623_AQUA.jpg,2017-06-23,0.08862841147655703,0.6119314205738279,0.2994401679496151
../data/satellite/aqua/2017/20170624_AQUA.jpg,2017-06-24,0.10171448565430372,0.559482155353394,0.3388033589923023
../data/satellite/aqua/2017/20170625_AQUA.jpg,2017-06-25,0.10412876137158852,0.4263820853743877,0.4694891532540238
../data/satellite/aqua/2017/20170626_AQUA.jpg,2017-06-26,0.09958012596221133,0.6483554933519944,0.2520643806857943
../data/satellite/aqua/2017/20170627_AQUA.jpg,2017-06-27,0.18603918824352694,0.4351294611616515,0.37883135059482154
../data/satellite/aqua/2017/20170628_AQUA.jpg,2017-06-28,0.21270118964310708,0.42176347095871236,0.36553533939818056
../data/satellite/aqua/2017/20170629_AQUA.jpg,2017-06-29,0.1271518544436669,0.5064030790762771,0.366445066480056
../data/satellite/aqua/2017/20170630_AQUA.jpg,2017-06-30,0.3060881735479356,0.4357592722183345,0.2581525542337299
../data/satellite/aqua/2017/20170701_AQUA.jpg,2017-07-01,0.20976207137858643,0.437333799860042,0.3529041287613716
../data/satellite/aqua/2017/20170702_AQUA.jpg,2017-07-02,0.5483904828551435,0.21077676696990902,0.2408327501749475
../data/satellite/aqua/2017/20170703_AQUA.jpg,2017-07-03,0.4680895731280616,0.363296011196641,0.16861441567529742
../data/satellite/aqua/2017/20170704_AQUA.jpg,2017-07-04,0.32592722183344996,0.39667599720083974,0.2773967809657103
../data/satellite/aqua/2017/20170705_AQUA.jpg,2017-07-05,0.5643456962911126,0.27109867039888036,0.164555633310007
../data/satellite/aqua/2017/20170706_AQUA.jpg,2017-07-06,0.7930720783764871,0.04709587123862841,0.15983205038488454
../data/satellite/aqua/2017/20170707_AQUA.jpg,2017-07-07,0.675297410776767,0.1682295311406578,0.15647305808257522
../data/satellite/aqua/2017/20170708_AQUA.jpg,2017-07-08,0.5670048985304409,0.25479356193142055,0.17820153953813855
../data/satellite/aqua/2017/20170709_AQUA.jpg,2017-07-09,0.10577326801959412,0.6383135059482156,0.25591322603219036
../data/satellite/aqua/2017/20170710_AQUA.jpg,2017-07-10,0.10269419174247725,0.537998600419874,0.3593072078376487
../data/satellite/aqua/2017/20170711_AQUA.jpg,2017-07-11,0.5769769069279216,0.19517144856543037,0.227851644506648
../data/satellite/aqua/2017/20170712_AQUA.jpg,2017-07-12,0.20199440167949614,0.5277466759972008,0.270258922323303
../data/satellite/aqua/2017/20170713_AQUA.jpg,2017-07-13,0.5719734079776068,0.2307557732680196,0.1972708187543737
../data/satellite/aqua/2017/20170714_AQUA.jpg,2017-07-14,0.10804758572428272,0.6195591322603219,0.27239328201539537
../data/satellite/aqua/2017/20170715_AQUA.jpg,2017-07-15,0.07228831350594822,0.6621413575927222,0.2655703289013296
../data/satellite/aqua/2017/20170716_AQUA.jpg,2017-07-16,0.214555633310007,0.6236179146256123,0.16182645206438068
../data/satellite/aqua/2017/20170717_AQUA.jpg,2017-07-17,0.29275717284814556,0.4986004198740378,0.20864240727781666
../data/satellite/aqua/2017/20170718_AQUA.jpg,2017-07-18,0.6146256123163051,0.16805458362491252,0.21731980405878237
../data/satellite/aqua/2017/20170719_AQUA.jpg,2017-07-19,0.1471658502449265,0.3855143456962911,0.4673198040587824
../data/satellite/aqua/2017/20170720_AQUA.jpg,2017-07-20,0.37732680195941215,0.33477956613016097,0.2878936319104269
../data/satellite/aqua/2017/20170721_AQUA.jpg,2017-07-21,0.16543037088873339,0.5564380685794261,0.27813156053184046
../data/satellite/aqua/2017/20170722_AQUA.jpg,2017-07-22,0.8668999300209937,0.0172148355493352,0.1158852344296711
../data/satellite/aqua/2017/20170724_AQUA.jpg,2017-07-24,0.3789713086074178,0.329111266620014,0.2919174247725682
../data/satellite/aqua/2017/20170725_AQUA.jpg,2017-07-25,0.8111266620013996,0.06326102169349196,0.12561231630510847
../data/satellite/aqua/2017/20170726_AQUA.jpg,2017-07-26,0.5707837648705388,0.2527291812456263,0.17648705388383484
../data/satellite/aqua/2017/20170727_AQUA.jpg,2017-07-27,0.867074877536739,0.02648705388383485,0.10643806857942617
../data/satellite/aqua/2017/20170728_AQUA.jpg,2017-07-28,0.8420923722883135,0.030650804758572427,0.12725682295311408
../data/satellite/aqua/2017/20170729_AQUA.jpg,2017-07-29,0.08642407277816655,0.6079076277116865,0.30566829951014696
../data/satellite/aqua/2017/20170730_AQUA.jpg,2017-07-30,0.6413925822253324,0.21889433170048986,0.13971308607417773
../data/satellite/aqua/2017/20170731_AQUA.jpg,2017-07-31,0.44135759272218333,0.41724982505248426,0.1413925822253324
../data/satellite/aqua/2017/20170801_AQUA.jpg,2017-08-01,0.15374387683694893,0.5283414975507348,0.3179146256123163
../data/satellite/aqua/2017/20170802_AQUA.jpg,2017-08-02,0.5071378586424072,0.2927921623512946,0.2000699790062981
../data/satellite/aqua/2017/20170803_AQUA.jpg,2017-08-03,0.4091322603219034,0.36441567529741076,0.2264520643806858
../data/satellite/aqua/2017/20170804_AQUA.jpg,2017-08-04,0.7684744576627012,0.08005598320503848,0.15146955913226032
../data/satellite/aqua/2017/20170805_AQUA.jpg,2017-08-05,0.2718334499650105,0.5878586424072778,0.1403079076277117
../data/satellite/aqua/2017/20170806_AQUA.jpg,2017-08-06,0.22508747375787264,0.6001749475157453,0.1747375787263821
../data/satellite/aqua/2017/20170807_AQUA.jpg,2017-08-07,0.279741077676697,0.5950314905528341,0.12522743177046886
../data/satellite/aqua/2017/20170808_AQUA.jpg,2017-08-08,0.1668999300209937,0.6433170048985304,0.18978306508047585
../data/satellite/aqua/2017/20170809_AQUA.jpg,2017-08-09,0.539923023093072,0.2796011196641008,0.18047585724282716
../data/satellite/aqua/2017/20170810_AQUA.jpg,2017-08-10,0.6923372988103569,0.10199440167949615,0.20566829951014695
../data/satellite/aqua/2017/20170811_AQUA.jpg,2017-08-11,0.6068579426172148,0.21067179846046186,0.1824702589223233
../data/satellite/aqua/2017/20170812_AQUA.jpg,2017-08-12,0.5488803358992302,0.22666200139958012,0.22445766270118964
../data/satellite/aqua/2017/20170813_AQUA.jpg,2017-08-13,0.47837648705388386,0.24377186843946816,0.277851644506648
../data/satellite/aqua/2017/20170814_AQUA.jpg,2017-08-14,0.8486703988803359,0.025402379286214135,0.12592722183344995
../data/satellite/aqua/2017/20170815_AQUA.jpg,2017-08-15,0.21980405878236528,0.51962911126662,0.2605668299510147
../data/satellite/aqua/2017/20170816_AQUA.jpg,2017-08-16,0.15724282715185445,0.5033939818054584,0.3393631910426872
../data/satellite/aqua/2017/20170817_AQUA.jpg,2017-08-17,0.26333100069979004,0.44790062981105666,0.28876836948915324
../data/satellite/aqua/2017/20170818_AQUA.jpg,2017-08-18,0.17361791462561232,0.5033939818054584,0.3229881035689293
../data/satellite/aqua/2017/20170819_AQUA.jpg,2017-08-19,0.18582925122463262,0.48673897830650803,0.32743177046885935
../data/satellite/aqua/2017/20170820_AQUA.jpg,2017-08-20,0.22561231630510847,0.5425122463261022,0.23187543736878935
../data/satellite/aqua/2017/20170821_AQUA.jpg,2017-08-21,0.8846745976207138,0.013016095171448566,0.10230930720783765
../data/satellite/aqua/2017/20170822_AQUA.jpg,2017-08-22,0.2728481455563331,0.5189293212036389,0.20822253324002798
../data/satellite/aqua/2017/20170825_AQUA.jpg,2017-08-25,0.8078376487053884,0.03624912526242127,0.15591322603219035
../data/satellite/aqua/2017/20170826_AQUA.jpg,2017-08-26,0.3350594821553534,0.5089573128061582,0.15598320503848845
../data/satellite/aqua/2017/20170827_AQUA.jpg,2017-08-27,0.4326102169349195,0.17445766270118965,0.39293212036389086
../data/satellite/aqua/2017/20170828_AQUA.jpg,2017-08-28,0.13586424072778167,0.4608817354793562,0.4032540237928621
../data/satellite/aqua/2017/20170829_AQUA.jpg,2017-08-29,0.19580125962211337,0.36808957312806156,0.43610916724982507
../data/satellite/aqua/2017/20170830_AQUA.jpg,2017-08-30,0.08463960811756473,0.5263470958712386,0.38901329601119666
../data/satellite/aqua/2017/20170831_AQUA.jpg,2017-08-31,0.13964310706787963,0.5187193841847446,0.3416375087473758
../data/satellite/aqua/2017/20170901_AQUA.jpg,2017-09-01,0.21742477256822954,0.4452064380685794,0.33736878936319104
../data/satellite/aqua/2017/20170902_AQUA.jpg,2017-09-02,0.8593072078376487,0.02907627711686494,0.11161651504548635
../data/satellite/aqua/2017/20170903_AQUA.jpg,2017-09-03,0.03722883135059482,0.6746326102169349,0.28813855843247027
../data/satellite/aqua/2017/20170904_AQUA.jpg,2017-09-04,0.3300559832050385,0.3266969909027292,0.3432470258922323
../data/satellite/aqua/2017/20170905_AQUA.jpg,2017-09-05,0.7412526242127362,0.10888733379986004,0.14986004198740377
../data/satellite/aqua/2017/20170906_AQUA.jpg,2017-09-06,0.6756822953114066,0.14254723582925122,0.1817704688593422
../data/satellite/aqua/2017/20170907_AQUA.jpg,2017-09-07,0.8444716585024493,0.0258222533240028,0.12970608817354792
../data/satellite/aqua/2017/20170908_AQUA.jpg,2017-09-08,0.7827501749475158,0.06606018194541638,0.15118964310706787
../data/satellite/aqua/2017/20170909_AQUA.jpg,2017-09-09,0.22137858642407277,0.3096571028691393,0.46896431070678796
../data/satellite/aqua/2017/20170910_AQUA.jpg,2017-09-10,0.21522043386983905,0.26983904828551436,0.5149405178446466
../data/satellite/aqua/2017/20170911_AQUA.jpg,2017-09-11,0.14548635409377186,0.4581875437368789,0.3963261021693492
../data/satellite/aqua/2017/20170912_AQUA.jpg,2017-09-12,0.18187543736878936,0.489888033589923,0.32823652904128764
../data/satellite/aqua/2017/20170913_AQUA.jpg,2017-09-13,0.14065780265920225,0.48414975507347796,0.3751924422673198
../data/satellite/aqua/2017/20170914_AQUA.jpg,2017-09-14,0.08596920923722882,0.448740377886634,0.46529041287613715
../data/satellite/aqua/2017/20170915_AQUA.jpg,2017-09-15,0.13124562631210637,0.44156752974107766,0.42718684394681594
../data/satellite/aqua/2017/20170916_AQUA.jpg,2017-09-16,0.16263121063680896,0.4093771868439468,0.42799160251924423
../data/satellite/aqua/2017/20170917_AQUA.jpg,2017-09-17,0.13579426172148357,0.6326801959412176,0.2315255423372988
../data/satellite/aqua/2017/20170918_AQUA.jpg,2017-09-18,0.08894331700489853,0.5882085374387683,0.3228481455563331
../data/satellite/aqua/2017/20170919_AQUA.jpg,2017-09-19,0.09611616515045486,0.4160251924422673,0.48785864240727783
../data/satellite/aqua/2017/20170920_AQUA.jpg,2017-09-20,0.1456962911126662,0.576592022393282,0.27771168649405176
../data/satellite/aqua/2017/20170921_AQUA.jpg,2017-09-21,0.25370888733379987,0.5878936319104269,0.15839748075577326
../data/satellite/aqua/2017/20170922_AQUA.jpg,2017-09-22,0.18502449265220433,0.5054583624912526,0.309517144856543
../data/satellite/aqua/2017/20170923_AQUA.jpg,2017-09-23,0.6094471658502449,0.2060181945416375,0.18453463960811756
../data/satellite/aqua/2017/20170924_AQUA.jpg,2017-09-24,0.3811406578026592,0.3779216235129461,0.24093771868439467
../data/satellite/aqua/2017/20170925_AQUA.jpg,2017-09-25,0.11368089573128061,0.6472358292512246,0.23908327501749474
../data/satellite/aqua/2017/20170926_AQUA.jpg,2017-09-26,0.629076277116865,0.11644506648005598,0.2544786564030791
../data/satellite/aqua/2017/20170927_AQUA.jpg,2017-09-27,0.6001049685094472,0.2700489853044087,0.12984604618614415
../data/satellite/aqua/2017/20170928_AQUA.jpg,2017-09-28,0.10888733379986004,0.4673198040587824,0.4237928621413576
../data/satellite/aqua/2017/20170929_AQUA.jpg,2017-09-29,0.155703289013296,0.45458362491252624,0.38971308607417776
../data/satellite/aqua/2017/20170930_AQUA.jpg,2017-09-30,0.7323303009097271,0.1125962211336599,0.15507347795661303
../data/satellite/aqua/2017/20171001_AQUA.jpg,2017-10-01,0.3420923722883135,0.3827851644506648,0.2751224632610217
../data/satellite/aqua/2017/20171002_AQUA.jpg,2017-10-02,0.5212736179146256,0.2188593421973408,0.2598670398880336
../data/satellite/aqua/2017/20171003_AQUA.jpg,2017-10-03,0.12501749475157453,0.3495101469559132,0.5254723582925123
../data/satellite/aqua/2017/20171004_AQUA.jpg,2017-10-04,0.15615815255423374,0.34629111266620016,0.49755073477956613
../data/satellite/aqua/2017/20171006_AQUA.jpg,2017-10-06,0.4570328901329601,0.3157452764170749,0.22722183344996502
../data/satellite/aqua/2017/20171007_AQUA.jpg,2017-10-07,0.17085374387683694,0.46263121063680895,0.3665150454863541
../data/satellite/aqua/2017/20171008_AQUA.jpg,2017-10-08,0.138593421973408,0.5396431070678797,0.3217634709587124
../data/satellite/aqua/2017/20171009_AQUA.jpg,2017-10-09,0.20871238628411476,0.48845346396081174,0.3028341497550735
../data/satellite/aqua/2017/20171010_AQUA.jpg,2017-10-10,0.4763820853743877,0.3588173547935619,0.1648005598320504
../data/satellite/aqua/2017/20171011_AQUA.jpg,2017-10-11,0.35899230230930723,0.4537438768369489,0.18726382085374388
../data/satellite/aqua/2017/20171012_AQUA.jpg,2017-10-12,0.5045486354093772,0.3187893631910427,0.17666200139958013
../data/satellite/aqua/2017/20171013_AQUA.jpg,2017-10-13,0.1730230930720784,0.5342897130860742,0.29268719384184744
../data/satellite/aqua/2017/20171014_AQUA.jpg,2017-10-14,0.6532190342897131,0.15426871938418474,0.19251224632610217
../data/satellite/aqua/2017/20171015_AQUA.jpg,2017-10-15,0.6216934919524143,0.18166550034989504,0.1966410076976907
../data/satellite/aqua/2017/20171016_AQUA.jpg,2017-10-16,0.7215885234429671,0.158222533240028,0.1201889433170049
../data/satellite/aqua/2017/20171017_AQUA.jpg,2017-10-17,0.13205038488453463,0.38331000699790063,0.48463960811756474
../data/satellite/aqua/2017/20171018_AQUA.jpg,2017-10-18,0.22365290412876138,0.37487753673897833,0.40146955913226035
../data/satellite/aqua/2017/20171019_AQUA.jpg,2017-10-19,0.3349545136459062,0.3776067179846046,0.2874387683694892
../data/satellite/aqua/2017/20171020_AQUA.jpg,2017-10-20,0.3161301609517145,0.3700139958012596,0.31385584324702587
../data/satellite/aqua/2017/20171021_AQUA.jpg,2017-10-21,0.07088873337998601,0.5185094471658502,0.41060181945416374
../data/satellite/aqua/2017/20171022_AQUA.jpg,2017-10-22,0.2909727081875437,0.6072078376487053,0.10181945416375088
../data/satellite/aqua/2017/20171023_AQUA.jpg,2017-10-23,0.10853743876836949,0.47092372288313505,0.4205388383484954
../data/satellite/aqua/2017/20171024_AQUA.jpg,2017-10-24,0.10710286913925822,0.34356193142057384,0.549335199440168
../data/satellite/aqua/2017/20171025_AQUA.jpg,2017-10-25,0.08838348495451365,0.5857942617214835,0.3258222533240028
../data/satellite/aqua/2017/20171026_AQUA.jpg,2017-10-26,0.15146955913226032,0.41763470958712384,0.4308957312806158
../data/satellite/aqua/2017/20171027_AQUA.jpg,2017-10-27,0.09048285514345697,0.4002449265220434,0.5092722183344996
../data/satellite/aqua/2017/20171029_AQUA.jpg,2017-10-29,0.22508747375787264,0.24919524142757174,0.5257172848145556
../data/satellite/aqua/2017/20171030_AQUA.jpg,2017-10-30,0.27046885934219733,0.28656403079076276,0.4429671098670399
../data/satellite/aqua/2017/20171031_AQUA.jpg,2017-10-31,0.22568229531140657,0.45444366689993004,0.3198740377886634
../data/satellite/aqua/2017/20171101_AQUA.jpg,2017-11-01,0.23498950314905528,0.363890832750175,0.40111966410076977
../data/satellite/aqua/2017/20171102_AQUA.jpg,2017-11-02,0.29660601819454163,0.2748075577326802,0.4285864240727782
../data/satellite/aqua/2017/20171103_AQUA.jpg,2017-11-03,0.3494751574527642,0.33344996501049684,0.31707487753673896
../data/satellite/aqua/2017/20171104_AQUA.jpg,2017-11-04,0.6312806158152554,0.16931420573827852,0.19940517844646605
../data/satellite/aqua/2017/20171105_AQUA.jpg,2017-11-05,0.920888733379986,0.007312806158152554,0.07179846046186145
../data/satellite/aqua/2017/20171106_AQUA.jpg,2017-11-06,0.817074877536739,0.11976906927921624,0.06315605318404478
../data/satellite/aqua/2017/20171107_AQUA.jpg,2017-11-07,0.9064030790762772,0.02239328201539538,0.0712036389083275
../data/satellite/aqua/2017/20171108_AQUA.jpg,2017-11-08,0.9191042687193842,0.008887333799860042,0.07200839748075577
../data/satellite/aqua/2017/20171109_AQUA.jpg,2017-11-09,0.910111966410077,0.04111266620013996,0.04877536738978307
../data/satellite/aqua/2017/20171110_AQUA.jpg,2017-11-10,0.910111966410077,0.04111266620013996,0.04877536738978307
../data/satellite/aqua/2017/20171111_AQUA.jpg,2017-11-11,0.910111966410077,0.04111266620013996,0.04877536738978307
../data/satellite/aqua/2017/20171112_AQUA.jpg,2017-11-12,0.910111966410077,0.04111266620013996,0.04877536738978307
../data/satellite/aqua/2017/20171113_AQUA.jpg,2017-11-13,0.910111966410077,0.04111266620013996,0.04877536738978307
../data/satellite/aqua/2017/20171114_AQUA.jpg,2017-11-14,0.910111966410077,0.04111266620013996,0.04877536738978307
../data/satellite/aqua/2017/20171115_AQUA.jpg,2017-11-15,0.910111966410077,0.04111266620013996,0.04877536738978307
../data/satellite/aqua/2017/20171116_AQUA.jpg,2017-11-16,0.910111966410077,0.04111266620013996,0.04877536738978307
../data/satellite/aqua/2017/20171117_AQUA.jpg,2017-11-17,0.910111966410077,0.04111266620013996,0.04877536738978307
../data/satellite/aqua/2017/20171118_AQUA.jpg,2017-11-18,0.910111966410077,0.04111266620013996,0.04877536738978307
../data/satellite/aqua/2017/20171119_AQUA.jpg,2017-11-19,0.910111966410077,0.04111266620013996,0.04877536738978307
../data/satellite/aqua/2017/20171120_AQUA.jpg,2017-11-20,0.910111966410077,0.04111266620013996,0.04877536738978307
../data/satellite/aqua/2017/20171121_AQUA.jpg,2017-11-21,0.910111966410077,0.04111266620013996,0.04877536738978307
../data/satellite/aqua/2017/20171122_AQUA.jpg,2017-11-22,0.910111966410077,0.04111266620013996,0.04877536738978307
../data/satellite/aqua/2017/20171123_AQUA.jpg,2017-11-23,0.910111966410077,0.04111266620013996,0.04877536738978307
../data/satellite/aqua/2017/20171124_AQUA.jpg,2017-11-24,0.910111966410077,0.04111266620013996,0.04877536738978307
../data/satellite/aqua/2017/20171125_AQUA.jpg,2017-11-25,0.910111966410077,0.04111266620013996,0.04877536738978307
../data/satellite/aqua/2017/20171126_AQUA.jpg,2017-11-26,0.910111966410077,0.04111266620013996,0.04877536738978307
../data/satellite/aqua/2017/20171127_AQUA.jpg,2017-11-27,0.910111966410077,0.04111266620013996,0.04877536738978307
../data/satellite/aqua/2017/20171128_AQUA.jpg,2017-11-28,0.910111966410077,0.04111266620013996,0.04877536738978307
../data/satellite/aqua/2017/20171130_AQUA.jpg,2017-11-30,0.910111966410077,0.04111266620013996,0.04877536738978307
../data/satellite/aqua/2017/20171201_AQUA.jpg,2017-12-01,0.910111966410077,0.04111266620013996,0.04877536738978307
../data/satellite/aqua/2017/20171202_AQUA.jpg,2017-12-02,0.910111966410077,0.04111266620013996,0.04877536738978307
../data/satellite/aqua/2017/20171203_AQUA.jpg,2017-12-03,0.910111966410077,0.04111266620013996,0.04877536738978307
../data/satellite/aqua/2017/20171204_AQUA.jpg,2017-12-04,0.910111966410077,0.04111266620013996,0.04877536738978307
../data/satellite/aqua/2017/20171205_AQUA.jpg,2017-12-05,0.910111966410077,0.04111266620013996,0.04877536738978307
../data/satellite/aqua/2017/20171206_AQUA.jpg,2017-12-06,0.910111966410077,0.04111266620013996,0.04877536738978307
../data/satellite/aqua/2017/20171207_AQUA.jpg,2017-12-07,0.910111966410077,0.04111266620013996,0.04877536738978307
../data/satellite/aqua/2017/20171208_AQUA.jpg,2017-12-08,0.910111966410077,0.04111266620013996,0.04877536738978307
../data/satellite/aqua/2017/20171209_AQUA.jpg,2017-12-09,0.910111966410077,0.04111266620013996,0.04877536738978307
../data/satellite/aqua/2017/20171210_AQUA.jpg,2017-12-10,0.910111966410077,0.04111266620013996,0.04877536738978307
../data/satellite/aqua/2017/20171211_AQUA.jpg,2017-12-11,0.910111966410077,0.04111266620013996,0.04877536738978307
../data/satellite/aqua/2017/20171212_AQUA.jpg,2017-12-12,0.910111966410077,0.04111266620013996,0.04877536738978307
../data/satellite/aqua/2017/20171213_AQUA.jpg,2017-12-13,0.910111966410077,0.04111266620013996,0.04877536738978307
../data/satellite/aqua/2017/20171214_AQUA.jpg,2017-12-14,0.910111966410077,0.04111266620013996,0.04877536738978307
../data/satellite/aqua/2017/20171215_AQUA.jpg,2017-12-15,0.910111966410077,0.04111266620013996,0.04877536738978307
../data/satellite/aqua/2017/20171216_AQUA.jpg,2017-12-16,0.910111966410077,0.04111266620013996,0.04877536738978307
../data/satellite/aqua/2017/20171217_AQUA.jpg,2017-12-17,0.910111966410077,0.04111266620013996,0.04877536738978307
../data/satellite/aqua/2017/20171218_AQUA.jpg,2017-12-18,0.910111966410077,0.04111266620013996,0.04877536738978307
../data/satellite/aqua/2017/20171219_AQUA.jpg,2017-12-19,0.910111966410077,0.04111266620013996,0.04877536738978307
../data/satellite/aqua/2017/20171220_AQUA.jpg,2017-12-20,0.910111966410077,0.04111266620013996,0.04877536738978307
../data/satellite/aqua/2017/20171221_AQUA.jpg,2017-12-21,0.910111966410077,0.04111266620013996,0.04877536738978307
../data/satellite/aqua/2017/20171222_AQUA.jpg,2017-12-22,0.910111966410077,0.04111266620013996,0.04877536738978307
../data/satellite/aqua/2017/20171223_AQUA.jpg,2017-12-23,0.910111966410077,0.04111266620013996,0.04877536738978307
../data/satellite/aqua/2017/20171224_AQUA.jpg,2017-12-24,0.910111966410077,0.04111266620013996,0.04877536738978307
../data/satellite/aqua/2017/20171225_AQUA.jpg,2017-12-25,0.910111966410077,0.04111266620013996,0.04877536738978307
../data/satellite/aqua/2017/20171226_AQUA.jpg,2017-12-26,0.910111966410077,0.04111266620013996,0.04877536738978307
../data/satellite/aqua/2017/20171227_AQUA.jpg,2017-12-27,0.910111966410077,0.04111266620013996,0.04877536738978307
../data/satellite/aqua/2017/20171228_AQUA.jpg,2017-12-28,0.910111966410077,0.04111266620013996,0.04877536738978307
../data/satellite/aqua/2017/20171229_AQUA.jpg,2017-12-29,0.910111966410077,0.04111266620013996,0.04877536738978307
../data/satellite/aqua/2017/20171230_AQUA.jpg,2017-12-30,0.910111966410077,0.04111266620013996,0.04877536738978307
../data/satellite/aqua/2017/20171231_AQUA.jpg,2017-12-31,0.910111966410077,0.04111266620013996,0.04877536738978307
../data/satellite/aqua/2018/20180112_AQUA.jpg,2018-01-12,0.910111966410077,0.04111266620013996,0.04877536738978307
../data/satellite/aqua/2018/20180113_AQUA.jpg,2018-01-13,0.910111966410077,0.04111266620013996,0.04877536738978307
../data/satellite/aqua/2018/20180114_AQUA.jpg,2018-01-14,0.910111966410077,0.04111266620013996,0.04877536738978307
../data/satellite/aqua/2018/20180115_AQUA.jpg,2018-01-15,0.910111966410077,0.04111266620013996,0.04877536738978307
../data/satellite/aqua/2018/20180116_AQUA.jpg,2018-01-16,0.910111966410077,0.04111266620013996,0.04877536738978307
../data/satellite/aqua/2018/20180117_AQUA.jpg,2018-01-17,0.910111966410077,0.04111266620013996,0.04877536738978307
../data/satellite/aqua/2018/20180118_AQUA.jpg,2018-01-18,0.910111966410077,0.04111266620013996,0.04877536738978307
../data/satellite/aqua/2018/20180119_AQUA.jpg,2018-01-19,0.910111966410077,0.04111266620013996,0.04877536738978307
../data/satellite/aqua/2018/20180120_AQUA.jpg,2018-01-20,0.910111966410077,0.04111266620013996,0.04877536738978307
../data/satellite/aqua/2018/20180121_AQUA.jpg,2018-01-21,0.910111966410077,0.04111266620013996,0.04877536738978307
../data/satellite/aqua/2018/20180122_AQUA.jpg,2018-01-22,0.910111966410077,0.04111266620013996,0.04877536738978307
../data/satellite/aqua/2018/20180123_AQUA.jpg,2018-01-23,0.910111966410077,0.04111266620013996,0.04877536738978307
../data/satellite/aqua/2018/20180124_AQUA.jpg,2018-01-24,0.910111966410077,0.04111266620013996,0.04877536738978307
../data/satellite/aqua/2018/20180125_AQUA.jpg,2018-01-25,0.910111966410077,0.04111266620013996,0.04877536738978307
../data/satellite/aqua/2018/20180126_AQUA.jpg,2018-01-26,0.910111966410077,0.04111266620013996,0.04877536738978307
../data/satellite/aqua/2018/20180127_AQUA.jpg,2018-01-27,0.910111966410077,0.04111266620013996,0.04877536738978307
../data/satellite/aqua/2018/20180128_AQUA.jpg,2018-01-28,0.910111966410077,0.04111266620013996,0.04877536738978307
../data/satellite/aqua/2018/20180129_AQUA.jpg,2018-01-29,0.910111966410077,0.04111266620013996,0.04877536738978307
../data/satellite/aqua/2018/20180130_AQUA.jpg,2018-01-30,0.910111966410077,0.04111266620013996,0.04877536738978307
../data/satellite/aqua/2018/20180131_AQUA.jpg,2018-01-31,0.910111966410077,0.04111266620013996,0.04877536738978307
../data/satellite/aqua/2018/20180201_AQUA.jpg,2018-02-01,0.910111966410077,0.04111266620013996,0.04877536738978307
../data/satellite/aqua/2018/20180202_AQUA.jpg,2018-02-02,0.9184394681595521,0.013995801259622114,0.06756473058082575
../data/satellite/aqua/2018/20180203_AQUA.jpg,2018-02-03,0.831035689293212,0.1049335199440168,0.06403079076277117
../data/satellite/aqua/2018/20180204_AQUA.jpg,2018-02-04,0.7600069979006299,0.18030090972708188,0.05969209237228831
../data/satellite/aqua/2018/20180205_AQUA.jpg,2018-02-05,0.6388033589923023,0.31497550734779567,0.046221133659902026
../data/satellite/aqua/2018/20180206_AQUA.jpg,2018-02-06,0.4834849545136459,0.39167249825052486,0.12484254723582926
../data/satellite/aqua/2018/20180207_AQUA.jpg,2018-02-07,0.40815255423372987,0.3586074177746676,0.2332400279916025
../data/satellite/aqua/2018/20180208_AQUA.jpg,2018-02-08,0.12368789363191042,0.558187543736879,0.31812456263121064
../data/satellite/aqua/2018/20180209_AQUA.jpg,2018-02-09,0.11427571728481456,0.6251924422673198,0.26053184044786565
../data/satellite/aqua/2018/20180210_AQUA.jpg,2018-02-10,0.16172148355493352,0.3804408677396781,0.4578376487053884
../data/satellite/aqua/2018/20180211_AQUA.jpg,2018-02-11,0.06843946815955214,0.6478306508047585,0.2837298810356893
../data/satellite/aqua/2018/20180212_AQUA.jpg,2018-02-12,0.1977256822953114,0.3408327501749475,0.4614415675297411
../data/satellite/aqua/2018/20180213_AQUA.jpg,2018-02-13,0.09408677396780965,0.5491602519244226,0.3567529741077677
../data/satellite/aqua/2018/20180214_AQUA.jpg,2018-02-14,0.2503848845346396,0.21560531840447866,0.5340097970608817
../data/satellite/aqua/2018/20180215_AQUA.jpg,2018-02-15,0.22078376487053883,0.29520643806857944,0.4840097970608817
../data/satellite/aqua/2018/20180216_AQUA.jpg,2018-02-16,0.21007697690692792,0.24699090272918126,0.5429321203638908
../data/satellite/aqua/2018/20180217_AQUA.jpg,2018-02-17,0.19219734079776069,0.3421273617914626,0.4656752974107768
../data/satellite/aqua/2018/20180218_AQUA.jpg,2018-02-18,0.2579426172148355,0.28376487053883837,0.4582925122463261
../data/satellite/aqua/2018/20180219_AQUA.jpg,2018-02-19,0.07470258922323303,0.3872288313505948,0.5380685794261721
../data/satellite/aqua/2018/20180220_AQUA.jpg,2018-02-20,0.32974107767669697,0.1643806857942617,0.5058782365290413
../data/satellite/aqua/2018/20180221_AQUA.jpg,2018-02-21,0.038558432470258926,0.7267669699090273,0.2346745976207138
../data/satellite/aqua/2018/20180222_AQUA.jpg,2018-02-22,0.2513296011196641,0.2855843247025892,0.46308607417774666
../data/satellite/aqua/2018/20180223_AQUA.jpg,2018-02-23,0.13226032190342898,0.5537088873337999,0.3140307907627712
../data/satellite/aqua/2018/20180224_AQUA.jpg,2018-02-24,0.2096920923722883,0.268999300209937,0.5213086074177746
../data/satellite/aqua/2018/20180225_AQUA.jpg,2018-02-25,0.21763470958712386,0.28180545836249127,0.5005598320503849
../data/satellite/aqua/2018/20180226_AQUA.jpg,2018-02-26,0.054408677396780965,0.49902029391182645,0.4465710286913926
../data/satellite/aqua/2018/20180227_AQUA.jpg,2018-02-27,0.0635409377186844,0.49254723582925125,0.4439118264520644
../data/satellite/aqua/2018/20180228_AQUA.jpg,2018-02-28,0.21053184044786563,0.3525892232330301,0.4368789363191043
../data/satellite/aqua/2018/20180301_AQUA.jpg,2018-03-01,0.22123862841147657,0.2726032190342897,0.5061581525542337
../data/satellite/aqua/2018/20180302_AQUA.jpg,2018-03-02,0.2198740377886634,0.279741077676697,0.5003848845346396
../data/satellite/aqua/2018/20180303_AQUA.jpg,2018-03-03,0.21105668299510147,0.289853044086774,0.4990902729181246
../data/satellite/aqua/2018/20180304_AQUA.jpg,2018-03-04,0.07823652904128761,0.5642407277816655,0.3575227431770469
../data/satellite/aqua/2018/20180305_AQUA.jpg,2018-03-05,0.06567529741077677,0.506962911126662,0.42736179146256126
../data/satellite/aqua/2018/20180306_AQUA.jpg,2018-03-06,0.04594121763470959,0.6217634709587124,0.33229531140657803
../data/satellite/aqua/2018/20180307_AQUA.jpg,2018-03-07,0.07302309307207838,0.5739678096571029,0.35300909727081875
../data/satellite/aqua/2018/20180308_AQUA.jpg,2018-03-08,0.03635409377186844,0.6869839048285514,0.27666200139958014
../data/satellite/aqua/2018/20180309_AQUA.jpg,2018-03-09,0.03743876836948915,0.7821203638908327,0.1804408677396781
../data/satellite/aqua/2018/20180310_AQUA.jpg,2018-03-10,0.026906927921623514,0.6888033589923023,0.2842897130860742
../data/satellite/aqua/2018/20180311_AQUA.jpg,2018-03-11,0.07998600419874038,0.47508747375787264,0.444926522043387
../data/satellite/aqua/2018/20180312_AQUA.jpg,2018-03-12,0.04618614415675298,0.5601819454163751,0.39363191042687196
../data/satellite/aqua/2018/20180313_AQUA.jpg,2018-03-13,0.14692092372288312,0.3523442967109867,0.5007347795661301
../data/satellite/aqua/2018/20180314_AQUA.jpg,2018-03-14,0.12386284114765571,0.38603918824352695,0.4900979706088174
../data/satellite/aqua/2018/20180315_AQUA.jpg,2018-03-15,0.041707487753673896,0.6222183344996501,0.336074177746676
../data/satellite/aqua/2018/20180316_AQUA.jpg,2018-03-16,0.020958712386284113,0.768404478656403,0.2106368089573128
../data/satellite/aqua/2018/20180317_AQUA.jpg,2018-03-17,0.05941217634709587,0.3843596920923723,0.5562281315605319
../data/satellite/aqua/2018/20180318_AQUA.jpg,2018-03-18,0.054828551434569626,0.8153953813855843,0.12977606717984605
../data/satellite/aqua/2018/20180319_AQUA.jpg,2018-03-19,0.03796361091672498,0.8298460461861441,0.13219034289713086
../data/satellite/aqua/2018/20180320_AQUA.jpg,2018-03-20,0.09489153254023792,0.5798460461861441,0.32526242127361793
../data/satellite/aqua/2018/20180321_AQUA.jpg,2018-03-21,0.10577326801959412,0.5856892932120364,0.3085374387683695
../data/satellite/aqua/2018/20180322_AQUA.jpg,2018-03-22,0.03659902029391183,0.7368789363191043,0.2265220433869839
../data/satellite/aqua/2018/20180323_AQUA.jpg,2018-03-23,0.05741777466759972,0.6905878236529042,0.25199440167949616
../data/satellite/aqua/2018/20180324_AQUA.jpg,2018-03-24,0.03537438768369489,0.7396780965710287,0.2249475157452764
../data/satellite/aqua/2018/20180325_AQUA.jpg,2018-03-25,0.025402379286214135,0.7500349895031491,0.2245626312106368
../data/satellite/aqua/2018/20180326_AQUA.jpg,2018-03-26,0.05220433869839048,0.7129811056682995,0.23481455563331
../data/satellite/aqua/2018/20180327_AQUA.jpg,2018-03-27,0.12960111966410076,0.5383484954513645,0.33205038488453464
../data/satellite/aqua/2018/20180328_AQUA.jpg,2018-03-28,0.024947515745276417,0.7136808957312806,0.26137158852344294
../data/satellite/aqua/2018/20180329_AQUA.jpg,2018-03-29,0.08754373687893632,0.5113016095171449,0.40115465360391883
../data/satellite/aqua/2018/20180330_AQUA.jpg,2018-03-30,0.079111266620014,0.5203638908327501,0.4005248425472358
../data/satellite/aqua/2018/20180331_AQUA.jpg,2018-03-31,0.14457662701189644,0.25307907627711684,0.6023442967109867
../data/satellite/aqua/2018/20180401_AQUA.jpg,2018-04-01,0.026172148355493353,0.8064030790762771,0.16742477256822952
../data/satellite/aqua/2018/20180402_AQUA.jpg,2018-04-02,0.03845346396081176,0.8037438768369489,0.15780265920223932
../data/satellite/aqua/2018/20180403_AQUA.jpg,2018-04-03,0.044296710986703985,0.7580475857242828,0.1976557032890133
../data/satellite/aqua/2018/20180404_AQUA.jpg,2018-04-04,0.025752274317704688,0.8007347795661302,0.17351294611616516
../data/satellite/aqua/2018/20180405_AQUA.jpg,2018-04-05,0.07655703289013296,0.6363540937718685,0.2870888733379986
../data/satellite/aqua/2018/20180406_AQUA.jpg,2018-04-06,0.0301259622113366,0.743666899930021,0.2262071378586424
../data/satellite/aqua/2018/20180407_AQUA.jpg,2018-04-07,0.05153953813855843,0.6886634009797061,0.2597970608817355
../data/satellite/aqua/2018/20180408_AQUA.jpg,2018-04-08,0.10115465360391883,0.5805108467459762,0.31833449965010496
../data/satellite/aqua/2018/20180409_AQUA.jpg,2018-04-09,0.06256123163051085,0.6251224632610217,0.3123163051084675
../data/satellite/aqua/2018/20180410_AQUA.jpg,2018-04-10,0.04391182645206438,0.8227081875437369,0.13337998600419873
../data/satellite/aqua/2018/20180411_AQUA.jpg,2018-04-11,0.044191742477256823,0.6411826452064381,0.3146256123163051
../data/satellite/aqua/2018/20180412_AQUA.jpg,2018-04-12,0.0201889433170049,0.7249475157452764,0.2548635409377187
../data/satellite/aqua/2018/20180413_AQUA.jpg,2018-04-13,0.04247725682295311,0.6913575927221833,0.26616515045486355
../data/satellite/aqua/2018/20180414_AQUA.jpg,2018-04-14,0.15283414975507348,0.4624562631210637,0.38470958712386283
../data/satellite/aqua/2018/20180415_AQUA.jpg,2018-04-15,0.08673897830650805,0.5730930720783765,0.3401679496151155
../data/satellite/aqua/2018/20180416_AQUA.jpg,2018-04-16,0.05377886634009797,0.7805108467459763,0.16571028691392584
../data/satellite/aqua/2018/20180417_AQUA.jpg,2018-04-17,0.07253324002799161,0.7616165150454863,0.16585024492652203
../data/satellite/aqua/2018/20180418_AQUA.jpg,2018-04-18,0.0732330300909727,0.7546536039188243,0.17211336599020294
../data/satellite/aqua/2018/20180419_AQUA.jpg,2018-04-19,0.16011196641007697,0.6989853044086773,0.14090272918124563
../data/satellite/aqua/2018/20180420_AQUA.jpg,2018-04-20,0.18362491252624213,0.6643806857942617,0.15199440167949615
../data/satellite/aqua/2018/20180421_AQUA.jpg,2018-04-21,0.12323303009097271,0.6046536039188244,0.2721133659902029
../data/satellite/aqua/2018/20180422_AQUA.jpg,2018-04-22,0.114555633310007,0.5297060881735479,0.3557382785164451
../data/satellite/aqua/2018/20180423_AQUA.jpg,2018-04-23,0.07687193841847446,0.6146606018194541,0.3084674597620714
../data/satellite/aqua/2018/20180424_AQUA.jpg,2018-04-24,0.14174247725682296,0.4744226731980406,0.38383484954513647
../data/satellite/aqua/2018/20180425_AQUA.jpg,2018-04-25,0.09625612316305109,0.5580825752274318,0.34566130160951714
../data/satellite/aqua/2018/20180426_AQUA.jpg,2018-04-26,0.08817354793561931,0.6584674597620713,0.2533589923023093
../data/satellite/aqua/2018/20180427_AQUA.jpg,2018-04-27,0.07865640307907627,0.5397130860741778,0.381630510846746
../data/satellite/aqua/2018/20180428_AQUA.jpg,2018-04-28,0.029181245626312108,0.5872288313505948,0.3835899230230931
../data/satellite/aqua/2018/20180429_AQUA.jpg,2018-04-29,0.10710286913925822,0.5525892232330301,0.3403079076277117
../data/satellite/aqua/2018/20180430_AQUA.jpg,2018-04-30,0.1118964310706788,0.7404828551434569,0.14762071378586425
../data/satellite/aqua/2018/20180501_AQUA.jpg,2018-05-01,0.16039188243526942,0.49667599720083977,0.3429321203638908
../data/satellite/aqua/2018/20180502_AQUA.jpg,2018-05-02,0.14790062981105667,0.43313505948215536,0.41896431070678797
../data/satellite/aqua/2018/20180503_AQUA.jpg,2018-05-03,0.05304408677396781,0.6113365990202939,0.33561931420573826
../data/satellite/aqua/2018/20180504_AQUA.jpg,2018-05-04,0.09125262421273618,0.532890132960112,0.3758572428271518
../data/satellite/aqua/2018/20180505_AQUA.jpg,2018-05-05,0.06623512946116165,0.5689293212036389,0.36483554933519946
../data/satellite/aqua/2018/20180506_AQUA.jpg,2018-05-06,0.1237928621413576,0.4320503848845346,0.4441567529741078
../data/satellite/aqua/2018/20180507_AQUA.jpg,2018-05-07,0.07232330300909727,0.611371588523443,0.31630510846745974
../data/satellite/aqua/2018/20180508_AQUA.jpg,2018-05-08,0.09737578726382086,0.6399930020993702,0.26263121063680894
../data/satellite/aqua/2018/20180509_AQUA.jpg,2018-05-09,0.0970258922323303,0.6027291812456264,0.3002449265220434
../data/satellite/aqua/2018/20180510_AQUA.jpg,2018-05-10,0.09156752974107768,0.6147305808257523,0.29370188943317005
../data/satellite/aqua/2018/20180511_AQUA.jpg,2018-05-11,0.07204338698390483,0.5615815255423373,0.36637508747375785
../data/satellite/aqua/2018/20180512_AQUA.jpg,2018-05-12,0.08222533240027992,0.5029391182645206,0.41483554933519945
../data/satellite/aqua/2018/20180513_AQUA.jpg,2018-05-13,0.11004198740377887,0.6151154653603919,0.27484254723582924
../data/satellite/aqua/2018/20180514_AQUA.jpg,2018-05-14,0.12319804058782366,0.5021693491952415,0.37463261021693495
../data/satellite/aqua/2018/20180515_AQUA.jpg,2018-05-15,0.03659902029391183,0.6420573827851644,0.32134359692092374
../data/satellite/aqua/2018/20180516_AQUA.jpg,2018-05-16,0.14597620713785864,0.5609517144856543,0.2930720783764871
../data/satellite/aqua/2018/20180517_AQUA.jpg,2018-05-17,0.23072078376487054,0.5128061581525543,0.2564730580825752
../data/satellite/aqua/2018/20180518_AQUA.jpg,2018-05-18,0.1506997900629811,0.535444366689993,0.31385584324702587
../data/satellite/aqua/2018/20180519_AQUA.jpg,2018-05-19,0.09639608117564731,0.47883135059482157,0.42477256822953113
../data/satellite/aqua/2018/20180520_AQUA.jpg,2018-05-20,0.07011896431070679,0.5988103568929322,0.3310706787963611
../data/satellite/aqua/2018/20180521_AQUA.jpg,2018-05-21,0.1550034989503149,0.6991252624212736,0.14587123862841148
../data/satellite/aqua/2018/20180522_AQUA.jpg,2018-05-22,0.502519244226732,0.3497550734779566,0.1477256822953114
../data/satellite/aqua/2018/20180523_AQUA.jpg,2018-05-23,0.17827151854443668,0.5966060181945416,0.2251224632610217
../data/satellite/aqua/2018/20180524_AQUA.jpg,2018-05-24,0.14832050384884535,0.3963960811756473,0.45528341497550734
../data/satellite/aqua/2018/20180525_AQUA.jpg,2018-05-25,0.12267319804058782,0.48324002799160254,0.39408677396780967
../data/satellite/aqua/2018/20180526_AQUA.jpg,2018-05-26,0.34377186843946816,0.38086074177746676,0.2753673897830651
../data/satellite/aqua/2018/20180527_AQUA.jpg,2018-05-27,0.08128061581525542,0.4586773967809657,0.4600419874037789
../data/satellite/aqua/2018/20180528_AQUA.jpg,2018-05-28,0.3168999300209937,0.31459062281315603,0.36850944716585027
../data/satellite/aqua/2018/20180529_AQUA.jpg,2018-05-29,0.2562281315605318,0.38453463960811757,0.3592372288313506
../data/satellite/aqua/2018/20180530_AQUA.jpg,2018-05-30,0.186703988803359,0.37165850244926524,0.4416375087473758
../data/satellite/aqua/2018/20180531_AQUA.jpg,2018-05-31,0.1241777466759972,0.5279916025192443,0.34783065080475856
../data/satellite/aqua/2018/20180601_AQUA.jpg,2018-06-01,0.108222533240028,0.5494401679496151,0.3423372988103569
../data/satellite/aqua/2018/20180602_AQUA.jpg,2018-06-02,0.27988103568929323,0.31501049685094473,0.4051084674597621
../data/satellite/aqua/2018/20180603_AQUA.jpg,2018-06-03,0.2301959412176347,0.389888033589923,0.3799160251924423
../data/satellite/aqua/2018/20180604_AQUA.jpg,2018-06-04,0.2402029391182645,0.5357242827151855,0.22407277816655002
../data/satellite/aqua/2018/20180605_AQUA.jpg,2018-06-05,0.1638558432470259,0.4722533240027992,0.363890832750175
../data/satellite/aqua/2018/20180606_AQUA.jpg,2018-06-06,0.16004198740377887,0.41578026592022393,0.4241777466759972
../data/satellite/aqua/2018/20180607_AQUA.jpg,2018-06-07,0.13037088873337999,0.40685794261721486,0.46277116864940515
../data/satellite/aqua/2018/20180608_AQUA.jpg,2018-06-08,0.07564730580825753,0.43971308607417775,0.48463960811756474
../data/satellite/aqua/2018/20180609_AQUA.jpg,2018-06-09,0.4372288313505948,0.39401679496151154,0.16875437368789364
../data/satellite/aqua/2018/20180610_AQUA.jpg,2018-06-10,0.13509447165850244,0.5503848845346396,0.31452064380685796
../data/satellite/aqua/2018/20180611_AQUA.jpg,2018-06-11,0.2657802659202239,0.5224982505248426,0.21172148355493353
../data/satellite/aqua/2018/20180612_AQUA.jpg,2018-06-12,0.15682295311406577,0.4943666899930021,0.3488103568929321
../data/satellite/aqua/2018/20180613_AQUA.jpg,2018-06-13,0.46889433170048983,0.3485654303708887,0.18254023792862142
../data/satellite/aqua/2018/20180614_AQUA.jpg,2018-06-14,0.23827851644506648,0.5108817354793562,0.25083974807557735
../data/satellite/aqua/2018/20180615_AQUA.jpg,2018-06-15,0.21357592722183344,0.4558782365290413,0.33054583624912526
../data/satellite/aqua/2018/20180616_AQUA.jpg,2018-06-16,0.3269419174247726,0.2653254023792862,0.4077326801959412
../data/satellite/aqua/2018/20180617_AQUA.jpg,2018-06-17,0.220888733379986,0.4558782365290413,0.3232330300909727
../data/satellite/aqua/2018/20180618_AQUA.jpg,2018-06-18,0.37407277816655005,0.26396081175647307,0.3619664100769769
../data/satellite/aqua/2018/20180619_AQUA.jpg,2018-06-19,0.11284114765570329,0.5099370188943317,0.377221833449965
../data/satellite/aqua/2018/20180620_AQUA.jpg,2018-06-20,0.365850244926522,0.38009097270818754,0.2540587823652904
../data/satellite/aqua/2018/20180621_AQUA.jpg,2018-06-21,0.21696990902729182,0.4004898530440868,0.3825402379286214
../data/satellite/aqua/2018/20180622_AQUA.jpg,2018-06-22,0.09846046186144157,0.6731280615815255,0.2284114765570329
../data/satellite/aqua/2018/20180623_AQUA.jpg,2018-06-23,0.5376487053883835,0.3085024492652204,0.1538488453463961
../data/satellite/aqua/2018/20180624_AQUA.jpg,2018-06-24,0.08058082575227432,0.5320853743876837,0.38733379986004196
../data/satellite/aqua/2018/20180625_AQUA.jpg,2018-06-25,0.15325402379286215,0.4112666200139958,0.43547935619314204
../data/satellite/aqua/2018/20180626_AQUA.jpg,2018-06-26,0.18376487053883836,0.41130160951714484,0.4049335199440168
../data/satellite/aqua/2018/20180627_AQUA.jpg,2018-06-27,0.7819454163750875,0.05377886634009797,0.16427571728481455
../data/satellite/aqua/2018/20180628_AQUA.jpg,2018-06-28,0.4326452064380686,0.2832750174947516,0.2840797760671798
../data/satellite/aqua/2018/20180629_AQUA.jpg,2018-06-29,0.1552484254723583,0.4786913925822253,0.3660601819454164
../data/satellite/aqua/2018/20180630_AQUA.jpg,2018-06-30,0.18124562631210636,0.515780265920224,0.3029741077676697
../data/satellite/aqua/2018/20180701_AQUA.jpg,2018-07-01,0.16994401679496152,0.4724632610216935,0.357592722183345
../data/satellite/aqua/2018/20180702_AQUA.jpg,2018-07-02,0.11990902729181245,0.47414275717284815,0.4059482155353394
../data/satellite/aqua/2018/20180703_AQUA.jpg,2018-07-03,0.12547235829251224,0.5603219034289713,0.31420573827851644
../data/satellite/aqua/2018/20180704_AQUA.jpg,2018-07-04,0.3964660601819454,0.5066829951014695,0.09685094471658502
../data/satellite/aqua/2018/20180705_AQUA.jpg,2018-07-05,0.05605318404478656,0.46060181945416373,0.4833449965010497
../data/satellite/aqua/2018/20180706_AQUA.jpg,2018-07-06,0.17687193841847446,0.5250874737578727,0.2980405878236529
../data/satellite/aqua/2018/20180707_AQUA.jpg,2018-07-07,0.2781665500349895,0.308852344296711,0.4129811056682995
../data/satellite/aqua/2018/20180708_AQUA.jpg,2018-07-08,0.22897130860741777,0.3701189643107068,0.40090972708187544
../data/satellite/aqua/2018/20180709_AQUA.jpg,2018-07-09,0.7216585024492652,0.18659902029391182,0.09174247725682295
../data/satellite/aqua/2018/20180710_AQUA.jpg,2018-07-10,0.14678096571028693,0.49041287613715884,0.36280615815255424
../data/satellite/aqua/2018/20180711_AQUA.jpg,2018-07-11,0.13100069979006299,0.4133659902029391,0.4556333100069979
../data/satellite/aqua/2018/20180712_AQUA.jpg,2018-07-12,0.18047585724282716,0.5113016095171449,0.308222533240028
../data/satellite/aqua/2018/20180713_AQUA.jpg,2018-07-13,0.01469559132260322,0.7378936319104269,0.2474107767669699
../data/satellite/aqua/2018/20180714_AQUA.jpg,2018-07-14,0.25370888733379987,0.30416375087473757,0.44212736179146256
../data/satellite/aqua/2018/20180715_AQUA.jpg,2018-07-15,0.09674597620713786,0.4385234429671099,0.46473058082575225
../data/satellite/aqua/2018/20180716_AQUA.jpg,2018-07-16,0.09020293911826452,0.6134009797060882,0.2963960811756473
../data/satellite/aqua/2018/20180717_AQUA.jpg,2018-07-17,0.05489853044086774,0.4982505248425472,0.44685094471658504
../data/satellite/aqua/2018/20180718_AQUA.jpg,2018-07-18,0.09790062981105668,0.5840447865640308,0.3180545836249125
../data/satellite/aqua/2018/20180719_AQUA.jpg,2018-07-19,0.6672848145556333,0.15185444366689993,0.18086074177746675
../data/satellite/aqua/2018/20180720_AQUA.jpg,2018-07-20,0.644926522043387,0.21399580125962211,0.1410776766969909
../data/satellite/aqua/2018/20180721_AQUA.jpg,2018-07-21,0.09149755073477957,0.5655003498950315,0.34300209937018894
../data/satellite/aqua/2018/20180722_AQUA.jpg,2018-07-22,0.12767669699090273,0.5856193142057383,0.286703988803359
../data/satellite/aqua/2018/20180723_AQUA.jpg,2018-07-23,0.07771168649405179,0.43421973407977604,0.48806857942617216
../data/satellite/aqua/2018/20180724_AQUA.jpg,2018-07-24,0.15220433869839048,0.4558782365290413,0.39191742477256825
../data/satellite/aqua/2018/20180725_AQUA.jpg,2018-07-25,0.12372288313505948,0.41140657802659203,0.4648705388383485
../data/satellite/aqua/2018/20180726_AQUA.jpg,2018-07-26,0.0884184744576627,0.5001749475157453,0.41140657802659203
../data/satellite/aqua/2018/20180727_AQUA.jpg,2018-07-27,0.14317704688593422,0.38432470258922324,0.47249825052484257
../data/satellite/aqua/2018/20180728_AQUA.jpg,2018-07-28,0.6224632610216935,0.21889433170048986,0.15864240727781664
../data/satellite/aqua/2018/20180729_AQUA.jpg,2018-07-29,0.15552834149755074,0.611406578026592,0.23306508047585725
../data/satellite/aqua/2018/20180730_AQUA.jpg,2018-07-30,0.4527991602519244,0.39989503149055283,0.14730580825752274
../data/satellite/aqua/2018/20180731_AQUA.jpg,2018-07-31,0.2827851644506648,0.6381385584324702,0.07907627711686493
../data/satellite/aqua/2018/20180801_AQUA.jpg,2018-08-01,0.09566130160951715,0.5018544436668999,0.4024842547235829
../data/satellite/aqua/2018/20180802_AQUA.jpg,2018-08-02,0.1299510146955913,0.4838698390482855,0.38617914625612315
../data/satellite/aqua/2018/20180803_AQUA.jpg,2018-08-03,0.06913925822253324,0.54555633310007,0.3853044086773968
../data/satellite/aqua/2018/20180804_AQUA.jpg,2018-08-04,0.46249125262421276,0.2820153953813856,0.25549335199440165
../data/satellite/aqua/2018/20180805_AQUA.jpg,2018-08-05,0.5844646606018195,0.11445066480055983,0.3010846745976207
../data/satellite/aqua/2018/20180806_AQUA.jpg,2018-08-06,0.044051784464660605,0.6800209937018894,0.27592722183345
../data/satellite/aqua/2018/20180807_AQUA.jpg,2018-08-07,0.15440867739678096,0.35332400279916026,0.4922673198040588
../data/satellite/aqua/2018/20180808_AQUA.jpg,2018-08-08,0.06105668299510147,0.5180895731280616,0.42085374387683694
../data/satellite/aqua/2018/20180809_AQUA.jpg,2018-08-09,0.15878236529041287,0.4804408677396781,0.360776766969909
../data/satellite/aqua/2018/20180810_AQUA.jpg,2018-08-10,0.27319804058782365,0.45972708187543737,0.267074877536739
../data/satellite/aqua/2018/20180811_AQUA.jpg,2018-08-11,0.06242127361791463,0.6142057382785164,0.3233729881035689
../data/satellite/aqua/2018/20180812_AQUA.jpg,2018-08-12,0.11672498250524843,0.5410426871938419,0.3422323303009097
../data/satellite/aqua/2018/20180813_AQUA.jpg,2018-08-13,0.5211336599020294,0.17858642407277817,0.30027991602519244
../data/satellite/aqua/2018/20180814_AQUA.jpg,2018-08-14,0.6266969909027292,0.156962911126662,0.21634009797060882
../data/satellite/aqua/2018/20180815_AQUA.jpg,2018-08-15,0.149370188943317,0.6315255423372989,0.21910426871938418
../data/satellite/aqua/2018/20180816_AQUA.jpg,2018-08-16,0.553184044786564,0.26787963610916726,0.17893631910426872
../data/satellite/aqua/2018/20180817_AQUA.jpg,2018-08-17,0.14933519944016796,0.38516445066480054,0.4655003498950315
../data/satellite/aqua/2018/20180818_AQUA.jpg,2018-08-18,0.07344296710986704,0.5507697690692792,0.37578726382085376
../data/satellite/aqua/2018/20180819_AQUA.jpg,2018-08-19,0.05815255423372988,0.6188593421973408,0.3229881035689293
../data/satellite/aqua/2018/20180822_AQUA.jpg,2018-08-22,0.5327151854443667,0.3447515745276417,0.1225332400279916
../data/satellite/aqua/2018/20180823_AQUA.jpg,2018-08-23,0.14594121763470957,0.4893631910426872,0.3646955913226032
../data/satellite/aqua/2018/20180825_AQUA.jpg,2018-08-25,0.13729881035689293,0.37099370188943315,0.4917074877536739
../data/satellite/aqua/2018/20180826_AQUA.jpg,2018-08-26,0.16039188243526942,0.5341147655703289,0.3054933519944017
../data/satellite/aqua/2018/20180827_AQUA.jpg,2018-08-27,0.1296710986703989,0.45661301609517146,0.41371588523442965
../data/satellite/aqua/2018/20180828_AQUA.jpg,2018-08-28,0.09279216235129462,0.5115465360391882,0.3956613016095171
../data/satellite/aqua/2018/20180829_AQUA.jpg,2018-08-29,0.31833449965010496,0.24471658502449264,0.43694891532540237
../data/satellite/aqua/2018/20180830_AQUA.jpg,2018-08-30,0.1946815955213436,0.577186843946816,0.22813156053184044
../data/satellite/aqua/2018/20180831_AQUA.jpg,2018-08-31,0.10976207137858643,0.46805458362491253,0.42218334499650106
../data/satellite/aqua/2018/20180901_AQUA.jpg,2018-09-01,0.18957312806158153,0.3697340797760672,0.4406927921623513
../data/satellite/aqua/2018/20180903_AQUA.jpg,2018-09-03,0.22239328201539538,0.4098670398880336,0.36773967809657104
../data/satellite/aqua/2018/20180904_AQUA.jpg,2018-09-04,0.8361441567529742,0.05251924422673198,0.11133659902029391
../data/satellite/aqua/2018/20180905_AQUA.jpg,2018-09-05,0.9048985304408678,0.010741777466759972,0.08435969209237229
../data/satellite/aqua/2018/20180906_AQUA.jpg,2018-09-06,0.2336599020293912,0.4555633310006998,0.310776766969909
../data/satellite/aqua/2018/20180907_AQUA.jpg,2018-09-07,0.13792862141357592,0.7111966410076976,0.15087473757872638
../data/satellite/aqua/2018/20180908_AQUA.jpg,2018-09-08,0.18901329601119665,0.5988803358992302,0.21210636808957312
../data/satellite/aqua/2018/20180909_AQUA.jpg,2018-09-09,0.10864240727781665,0.6285864240727782,0.2627711686494052
../data/satellite/aqua/2018/20180910_AQUA.jpg,2018-09-10,0.09016794961511547,0.48838348495451367,0.4214485654303709
../data/satellite/aqua/2018/20180912_AQUA.jpg,2018-09-12,0.44226731980405876,0.2725682295311407,0.28516445066480056
../data/satellite/aqua/2018/20180913_AQUA.jpg,2018-09-13,0.3884884534639608,0.3441917424772568,0.26731980405878236
../data/satellite/aqua/2018/20180914_AQUA.jpg,2018-09-14,0.24706088173547935,0.5074877536738979,0.2454513645906228
../data/satellite/aqua/2018/20180915_AQUA.jpg,2018-09-15,0.10678796361091672,0.43047585724282716,0.46273617914625614
../data/satellite/aqua/2018/20180916_AQUA.jpg,2018-09-16,0.24426172148355493,0.4462561231630511,0.30948215535339396
../data/satellite/aqua/2018/20180920_AQUA.jpg,2018-09-20,0.27459762071378585,0.543037088873338,0.18236529041287614
../data/satellite/aqua/2018/20180921_AQUA.jpg,2018-09-21,0.5645906228131561,0.3207137858642407,0.11469559132260322
../data/satellite/aqua/2018/20180922_AQUA.jpg,2018-09-22,0.571553533939818,0.23691392582225332,0.19153254023792862
../data/satellite/aqua/2018/20180923_AQUA.jpg,2018-09-23,0.6504198740377887,0.14356193142057383,0.2060181945416375
../data/satellite/aqua/2018/20180924_AQUA.jpg,2018-09-24,0.144926522043387,0.5982505248425473,0.2568229531140658
../data/satellite/aqua/2018/20180925_AQUA.jpg,2018-09-25,0.41875437368789364,0.3050034989503149,0.2762421273617915
../data/satellite/aqua/2018/20180926_AQUA.jpg,2018-09-26,0.029881035689293213,0.5407627711686495,0.42935619314205736
../data/satellite/aqua/2018/20180927_AQUA.jpg,2018-09-27,0.7687543736878937,0.10272918124562631,0.12851644506648005
../data/satellite/aqua/2018/20180928_AQUA.jpg,2018-09-28,0.2993002099370189,0.438628411476557,0.2620713785864241
../data/satellite/aqua/2018/20180929_AQUA.jpg,2018-09-29,0.1013296011196641,0.48876836948915325,0.40990202939118264
../data/satellite/aqua/2018/20180930_AQUA.jpg,2018-09-30,0.04636109167249825,0.5780265920223933,0.37561231630510844
../data/satellite/aqua/2018/20181001_AQUA.jpg,2018-10-01,0.16920923722883136,0.4743177046885934,0.35647305808257523
../data/satellite/aqua/2018/20181005_AQUA.jpg,2018-10-05,0.8640657802659202,0.019839048285514346,0.11609517144856543
../data/satellite/aqua/2018/20181006_AQUA.jpg,2018-10-06,0.15419874037788664,0.5579776067179846,0.28782365290412876
../data/satellite/aqua/2018/20181007_AQUA.jpg,2018-10-07,0.19020293911826452,0.439223233030091,0.3705738278516445
../data/satellite/aqua/2018/20181008_AQUA.jpg,2018-10-08,0.6030090972708188,0.24338698390482855,0.1536039188243527
../data/satellite/aqua/2018/20181009_AQUA.jpg,2018-10-09,0.5827851644506647,0.19933519944016795,0.21787963610916725
../data/satellite/aqua/2018/20181010_AQUA.jpg,2018-10-10,0.2179846046186144,0.4933519944016795,0.2886634009797061
../data/satellite/aqua/2018/20181011_AQUA.jpg,2018-10-11,0.24307207837648706,0.4477956613016095,0.30913226032190344
../data/satellite/aqua/2018/20181012_AQUA.jpg,2018-10-12,0.398110566829951,0.3983554933519944,0.2035339398180546
../data/satellite/aqua/2018/20181013_AQUA.jpg,2018-10-13,0.29153254023792863,0.4475857242827152,0.26088173547935617
../data/satellite/aqua/2018/20181014_AQUA.jpg,2018-10-14,0.3812806158152554,0.26399580125962213,0.35472358292512246
../data/satellite/aqua/2018/20181015_AQUA.jpg,2018-10-15,0.508852344296711,0.24517144856543038,0.24597620713785864
../data/satellite/aqua/2018/20181016_AQUA.jpg,2018-10-16,0.09128761371588523,0.5027641707487753,0.4059482155353394
../data/satellite/aqua/2018/20181017_AQUA.jpg,2018-10-17,0.3475157452764171,0.40160951714485654,0.25087473757872636
../data/satellite/aqua/2018/20181018_AQUA.jpg,2018-10-18,0.21910426871938418,0.47473757872638206,0.30615815255423373
../data/satellite/aqua/2018/20181019_AQUA.jpg,2018-10-19,0.5266620013995801,0.1877186843946816,0.2856193142057383
../data/satellite/aqua/2018/20181020_AQUA.jpg,2018-10-20,0.5115815255423373,0.20381385584324702,0.28460461861441566
../data/satellite/aqua/2018/20181021_AQUA.jpg,2018-10-21,0.24072778166550035,0.3368439468159552,0.42242827151854445
../data/satellite/aqua/2018/20181022_AQUA.jpg,2018-10-22,0.5258222533240028,0.2495451364590623,0.22463261021693492
../data/satellite/aqua/2018/20181023_AQUA.jpg,2018-10-23,0.49982505248425474,0.16522043386983906,0.3349545136459062
../data/satellite/aqua/2018/20181024_AQUA.jpg,2018-10-24,0.5764170748775367,0.135444366689993,0.28813855843247027
../data/satellite/aqua/2018/20181026_AQUA.jpg,2018-10-26,0.09219734079776067,0.5124912526242127,0.3953114065780266
../data/satellite/aqua/2018/20181027_AQUA.jpg,2018-10-27,0.035269419174247724,0.481665500349895,0.4830650804758572
../data/satellite/aqua/2018/20181028_AQUA.jpg,2018-10-28,0.15,0.28446466060181946,0.5655353393981806
../data/satellite/aqua/2018/20181029_AQUA.jpg,2018-10-29,0.13170048985304408,0.4102519244226732,0.4580475857242827
../data/satellite/aqua/2018/20181030_AQUA.jpg,2018-10-30,0.4747725682295311,0.21892932120363892,0.30629811056682993
../data/satellite/aqua/2018/20181031_AQUA.jpg,2018-10-31,0.2573827851644507,0.3641357592722183,0.378481455563331
../data/satellite/aqua/2018/20181101_AQUA.jpg,2018-11-01,0.3282015395381386,0.4089923023093072,0.26280615815255426
../data/satellite/aqua/2018/20181102_AQUA.jpg,2018-11-02,0.20731280615815256,0.4557732680195941,0.3369139258222533
../data/satellite/aqua/2018/20181103_AQUA.jpg,2018-11-03,0.4050034989503149,0.2514695591322603,0.3435269419174248
../data/satellite/aqua/2018/20181104_AQUA.jpg,2018-11-04,0.559517144856543,0.20426871938418475,0.23621413575927222
../data/satellite/aqua/2018/20181105_AQUA.jpg,2018-11-05,0.7533240027991602,0.1462561231630511,0.10041987403778867
../data/satellite/aqua/2018/20181106_AQUA.jpg,2018-11-06,0.7539188243526942,0.1305108467459762,0.1155703289013296
../data/satellite/aqua/2018/20181107_AQUA.jpg,2018-11-07,0.8711336599020294,0.05916724982505248,0.06969909027291812
../data/satellite/aqua/2018/20181108_AQUA.jpg,2018-11-08,0.910111966410077,0.04111266620013996,0.04877536738978307
../data/satellite/aqua/2018/20181109_AQUA.jpg,2018-11-09,0.910111966410077,0.04111266620013996,0.04877536738978307
../data/satellite/aqua/2018/20181110_AQUA.jpg,2018-11-10,0.910111966410077,0.04111266620013996,0.04877536738978307
../data/satellite/aqua/2018/20181111_AQUA.jpg,2018-11-11,0.910111966410077,0.04111266620013996,0.04877536738978307
../data/satellite/aqua/2018/20181112_AQUA.jpg,2018-11-12,0.910111966410077,0.04111266620013996,0.04877536738978307
../data/satellite/aqua/2018/20181113_AQUA.jpg,2018-11-13,0.910111966410077,0.04111266620013996,0.04877536738978307
../data/satellite/aqua/2018/20181114_AQUA.jpg,2018-11-14,0.910111966410077,0.04111266620013996,0.04877536738978307
../data/satellite/aqua/2018/20181115_AQUA.jpg,2018-11-15,0.910111966410077,0.04111266620013996,0.04877536738978307
../data/satellite/aqua/2018/20181116_AQUA.jpg,2018-11-16,0.910111966410077,0.04111266620013996,0.04877536738978307
../data/satellite/aqua/2018/20181117_AQUA.jpg,2018-11-17,0.910111966410077,0.04111266620013996,0.04877536738978307
../data/satellite/aqua/2018/20181118_AQUA.jpg,2018-11-18,0.910111966410077,0.04111266620013996,0.04877536738978307
../data/satellite/aqua/2018/20181119_AQUA.jpg,2018-11-19,0.910111966410077,0.04111266620013996,0.04877536738978307
../data/satellite/aqua/2018/20181120_AQUA.jpg,2018-11-20,0.910111966410077,0.04111266620013996,0.04877536738978307
../data/satellite/aqua/2018/20181121_AQUA.jpg,2018-11-21,0.910111966410077,0.04111266620013996,0.04877536738978307
../data/satellite/aqua/2018/20181122_AQUA.jpg,2018-11-22,0.910111966410077,0.04111266620013996,0.04877536738978307
../data/satellite/aqua/2018/20181123_AQUA.jpg,2018-11-23,0.910111966410077,0.04111266620013996,0.04877536738978307
../data/satellite/aqua/2018/20181124_AQUA.jpg,2018-11-24,0.910111966410077,0.04111266620013996,0.04877536738978307
../data/satellite/aqua/2018/20181125_AQUA.jpg,2018-11-25,0.910111966410077,0.04111266620013996,0.04877536738978307
../data/satellite/aqua/2018/20181126_AQUA.jpg,2018-11-26,0.910111966410077,0.04111266620013996,0.04877536738978307
../data/satellite/aqua/2018/20181127_AQUA.jpg,2018-11-27,0.910111966410077,0.04111266620013996,0.04877536738978307
../data/satellite/aqua/2018/20181128_AQUA.jpg,2018-11-28,0.910111966410077,0.04111266620013996,0.04877536738978307
../data/satellite/aqua/2018/20181129_AQUA.jpg,2018-11-29,0.910111966410077,0.04111266620013996,0.04877536738978307
../data/satellite/aqua/2018/20181130_AQUA.jpg,2018-11-30,0.910111966410077,0.04111266620013996,0.04877536738978307
../data/satellite/aqua/2018/20181201_AQUA.jpg,2018-12-01,0.910111966410077,0.04111266620013996,0.04877536738978307
../data/satellite/aqua/2018/20181202_AQUA.jpg,2018-12-02,0.910111966410077,0.04111266620013996,0.04877536738978307
../data/satellite/aqua/2018/20181203_AQUA.jpg,2018-12-03,0.910111966410077,0.04111266620013996,0.04877536738978307
../data/satellite/aqua/2018/20181204_AQUA.jpg,2018-12-04,0.910111966410077,0.04111266620013996,0.04877536738978307
../data/satellite/aqua/2018/20181205_AQUA.jpg,2018-12-05,0.910111966410077,0.04111266620013996,0.04877536738978307
../data/satellite/aqua/2018/20181206_AQUA.jpg,2018-12-06,0.910111966410077,0.04111266620013996,0.04877536738978307
../data/satellite/aqua/2018/20181207_AQUA.jpg,2018-12-07,0.910111966410077,0.04111266620013996,0.04877536738978307
../data/satellite/aqua/2018/20181208_AQUA.jpg,2018-12-08,0.910111966410077,0.04111266620013996,0.04877536738978307
../data/satellite/aqua/2018/20181209_AQUA.jpg,2018-12-09,0.910111966410077,0.04111266620013996,0.04877536738978307
../data/satellite/aqua/2018/20181210_AQUA.jpg,2018-12-10,0.910111966410077,0.04111266620013996,0.04877536738978307
../data/satellite/aqua/2018/20181211_AQUA.jpg,2018-12-11,0.910111966410077,0.04111266620013996,0.04877536738978307
../data/satellite/aqua/2018/20181212_AQUA.jpg,2018-12-12,0.910111966410077,0.04111266620013996,0.04877536738978307
../data/satellite/aqua/2018/20181213_AQUA.jpg,2018-12-13,0.910111966410077,0.04111266620013996,0.04877536738978307
../data/satellite/aqua/2018/20181214_AQUA.jpg,2018-12-14,0.910111966410077,0.04111266620013996,0.04877536738978307
../data/satellite/aqua/2018/20181215_AQUA.jpg,2018-12-15,0.910111966410077,0.04111266620013996,0.04877536738978307
../data/satellite/aqua/2018/20181216_AQUA.jpg,2018-12-16,0.910111966410077,0.04111266620013996,0.04877536738978307
../data/satellite/aqua/2018/20181217_AQUA.jpg,2018-12-17,0.910111966410077,0.04111266620013996,0.04877536738978307
../data/satellite/aqua/2018/20181218_AQUA.jpg,2018-12-18,0.910111966410077,0.04111266620013996,0.04877536738978307
../data/satellite/aqua/2018/20181219_AQUA.jpg,2018-12-19,0.910111966410077,0.04111266620013996,0.04877536738978307
../data/satellite/aqua/2018/20181220_AQUA.jpg,2018-12-20,0.910111966410077,0.04111266620013996,0.04877536738978307
../data/satellite/aqua/2018/20181221_AQUA.jpg,2018-12-21,0.910111966410077,0.04111266620013996,0.04877536738978307
../data/satellite/aqua/2018/20181222_AQUA.jpg,2018-12-22,0.910111966410077,0.04111266620013996,0.04877536738978307
../data/satellite/aqua/2018/20181223_AQUA.jpg,2018-12-23,0.910111966410077,0.04111266620013996,0.04877536738978307
../data/satellite/aqua/2018/20181224_AQUA.jpg,2018-12-24,0.910111966410077,0.04111266620013996,0.04877536738978307
../data/satellite/aqua/2018/20181226_AQUA.jpg,2018-12-26,0.910111966410077,0.04111266620013996,0.04877536738978307
../data/satellite/aqua/2018/20181227_AQUA.jpg,2018-12-27,0.910111966410077,0.04111266620013996,0.04877536738978307
../data/satellite/aqua/2018/20181228_AQUA.jpg,2018-12-28,0.910111966410077,0.04111266620013996,0.04877536738978307
../data/satellite/aqua/2018/20181229_AQUA.jpg,2018-12-29,0.910111966410077,0.04111266620013996,0.04877536738978307
../data/satellite/aqua/2018/20181230_AQUA.jpg,2018-12-30,0.910111966410077,0.04111266620013996,0.04877536738978307
../data/satellite/aqua/2018/20181231_AQUA.jpg,2018-12-31,0.910111966410077,0.04111266620013996,0.04877536738978307
../data/satellite/aqua/2019/20190101_AQUA.jpg,2019-01-01,0.910111966410077,0.04111266620013996,0.04877536738978307
../data/satellite/aqua/2019/20190102_AQUA.jpg,2019-01-02,0.910111966410077,0.04111266620013996,0.04877536738978307
../data/satellite/aqua/2019/20190103_AQUA.jpg,2019-01-03,0.910111966410077,0.04111266620013996,0.04877536738978307
../data/satellite/aqua/2019/20190104_AQUA.jpg,2019-01-04,0.910111966410077,0.04111266620013996,0.04877536738978307
../data/satellite/aqua/2019/20190105_AQUA.jpg,2019-01-05,0.910111966410077,0.04111266620013996,0.04877536738978307
../data/satellite/aqua/2019/20190106_AQUA.jpg,2019-01-06,0.910111966410077,0.04111266620013996,0.04877536738978307
../data/satellite/aqua/2019/20190107_AQUA.jpg,2019-01-07,0.910111966410077,0.04111266620013996,0.04877536738978307
../data/satellite/aqua/2019/20190108_AQUA.jpg,2019-01-08,0.910111966410077,0.04111266620013996,0.04877536738978307
../data/satellite/aqua/2019/20190109_AQUA.jpg,2019-01-09,0.910111966410077,0.04111266620013996,0.04877536738978307
../data/satellite/aqua/2019/20190110_AQUA.jpg,2019-01-10,0.910111966410077,0.04111266620013996,0.04877536738978307
../data/satellite/aqua/2019/20190112_AQUA.jpg,2019-01-12,0.910111966410077,0.04111266620013996,0.04877536738978307
../data/satellite/aqua/2019/20190113_AQUA.jpg,2019-01-13,0.910111966410077,0.04111266620013996,0.04877536738978307
../data/satellite/aqua/2019/20190114_AQUA.jpg,2019-01-14,0.910111966410077,0.04111266620013996,0.04877536738978307
../data/satellite/aqua/2019/20190115_AQUA.jpg,2019-01-15,0.910111966410077,0.04111266620013996,0.04877536738978307
../data/satellite/aqua/2019/20190116_AQUA.jpg,2019-01-16,0.910111966410077,0.04111266620013996,0.04877536738978307
../data/satellite/aqua/2019/20190117_AQUA.jpg,2019-01-17,0.910111966410077,0.04111266620013996,0.04877536738978307
../data/satellite/aqua/2019/20190118_AQUA.jpg,2019-01-18,0.910111966410077,0.04111266620013996,0.04877536738978307
../data/satellite/aqua/2019/20190119_AQUA.jpg,2019-01-19,0.910111966410077,0.04111266620013996,0.04877536738978307
../data/satellite/aqua/2019/20190121_AQUA.jpg,2019-01-21,0.910111966410077,0.04111266620013996,0.04877536738978307
../data/satellite/aqua/2019/20190122_AQUA.jpg,2019-01-22,0.910111966410077,0.04111266620013996,0.04877536738978307
../data/satellite/aqua/2019/20190123_AQUA.jpg,2019-01-23,0.910111966410077,0.04111266620013996,0.04877536738978307
../data/satellite/aqua/2019/20190124_AQUA.jpg,2019-01-24,0.910111966410077,0.04111266620013996,0.04877536738978307
../data/satellite/aqua/2019/20190125_AQUA.jpg,2019-01-25,0.910111966410077,0.04111266620013996,0.04877536738978307
../data/satellite/aqua/2019/20190126_AQUA.jpg,2019-01-26,0.910111966410077,0.04111266620013996,0.04877536738978307
../data/satellite/aqua/2019/20190127_AQUA.jpg,2019-01-27,0.910111966410077,0.04111266620013996,0.04877536738978307
../data/satellite/aqua/2019/20190128_AQUA.jpg,2019-01-28,0.910111966410077,0.04111266620013996,0.04877536738978307
../data/satellite/aqua/2019/20190129_AQUA.jpg,2019-01-29,0.910111966410077,0.04111266620013996,0.04877536738978307
../data/satellite/aqua/2019/20190130_AQUA.jpg,2019-01-30,0.910111966410077,0.04111266620013996,0.04877536738978307
../data/satellite/aqua/2019/20190131_AQUA.jpg,2019-01-31,0.910111966410077,0.04111266620013996,0.04877536738978307
../data/satellite/aqua/2019/20190201_AQUA.jpg,2019-02-01,0.910111966410077,0.04111266620013996,0.04877536738978307
../data/satellite/aqua/2019/20190202_AQUA.jpg,2019-02-02,0.9212386284114765,0.0064030790762771165,0.07235829251224632
../data/satellite/aqua/2019/20190203_AQUA.jpg,2019-02-03,0.9272568229531141,0.0008747375787263821,0.07186843946815956
../data/satellite/aqua/2019/20190204_AQUA.jpg,2019-02-04,0.7403778866340098,0.20503848845346395,0.05458362491252624
../data/satellite/aqua/2019/20190205_AQUA.jpg,2019-02-05,0.7180545836249125,0.22358292512246325,0.058362491252624216
../data/satellite/aqua/2019/20190206_AQUA.jpg,2019-02-06,0.4750524842547236,0.48603918824352693,0.038908327501749475
../data/satellite/aqua/2019/20190207_AQUA.jpg,2019-02-07,0.39342197340797763,0.3743526941917425,0.23222533240027993
../data/satellite/aqua/2019/20190208_AQUA.jpg,2019-02-08,0.21301609517144857,0.4735129461161651,0.3134709587123863
../data/satellite/aqua/2019/20190209_AQUA.jpg,2019-02-09,0.0387333799860042,0.34954513645906227,0.6117214835549335
../data/satellite/aqua/2019/20190210_AQUA.jpg,2019-02-10,0.031245626312106367,0.5466410076976906,0.42211336599020294
../data/satellite/aqua/2019/20190211_AQUA.jpg,2019-02-11,0.04723582925122463,0.7565080475857243,0.19625612316305108
../data/satellite/aqua/2019/20190212_AQUA.jpg,2019-02-12,0.0615815255423373,0.6621063680895731,0.27631210636808956
../data/satellite/aqua/2019/20190213_AQUA.jpg,2019-02-13,0.06084674597620714,0.6927921623512946,0.24636109167249826
../data/satellite/aqua/2019/20190214_AQUA.jpg,2019-02-14,0.23414975507347796,0.45136459062281314,0.3144856543037089
../data/satellite/aqua/2019/20190215_AQUA.jpg,2019-02-15,0.14573128061581525,0.4206438068579426,0.43362491252624213
../data/satellite/aqua/2019/20190216_AQUA.jpg,2019-02-16,0.15398880335899232,0.38453463960811757,0.46147655703289014
../data/satellite/aqua/2019/20190217_AQUA.jpg,2019-02-17,0.22302309307207838,0.32256822953114067,0.454408677396781
../data/satellite/aqua/2019/20190218_AQUA.jpg,2019-02-18,0.039223233030090975,0.5934919524142758,0.36728481455563333
../data/satellite/aqua/2019/20190219_AQUA.jpg,2019-02-19,0.11413575927221833,0.39282715185444367,0.493037088873338
../data/satellite/aqua/2019/20190220_AQUA.jpg,2019-02-20,0.13946815955213435,0.3341147655703289,0.5264170748775368
../data/satellite/aqua/2019/20190221_AQUA.jpg,2019-02-21,0.1068929321203639,0.3553883834849545,0.5377186843946816
../data/satellite/aqua/2019/20190222_AQUA.jpg,2019-02-22,0.2245626312106368,0.24755073477956613,0.5278866340097971
../data/satellite/aqua/2019/20190223_AQUA.jpg,2019-02-23,0.1299510146955913,0.3643456962911127,0.505703289013296
../data/satellite/aqua/2019/20190224_AQUA.jpg,2019-02-24,0.11466060181945416,0.4600419874037789,0.42529741077676697
../data/satellite/aqua/2019/20190225_AQUA.jpg,2019-02-25,0.2672148355493352,0.18481455563331,0.5479706088173548
../data/satellite/aqua/2019/20190226_AQUA.jpg,2019-02-26,0.12421273617914626,0.4910076976906928,0.38477956613016095
../data/satellite/aqua/2019/20190227_AQUA.jpg,2019-02-27,0.08219034289713086,0.7163400979706088,0.20146955913226033
../data/satellite/aqua/2019/20190228_AQUA.jpg,2019-02-28,0.1658852344296711,0.6708187543736879,0.163296011196641
../data/satellite/aqua/2019/20190301_AQUA.jpg,2019-03-01,0.143666899930021,0.5894681595521344,0.26686494051784465
../data/satellite/aqua/2019/20190302_AQUA.jpg,2019-03-02,0.12375787263820853,0.40066480055983206,0.4755773268019594
../data/satellite/aqua/2019/20190303_AQUA.jpg,2019-03-03,0.34195241427571726,0.14755073477956612,0.5104968509447166
../data/satellite/aqua/2019/20190304_AQUA.jpg,2019-03-04,0.2996850944716585,0.24244226731980406,0.45787263820853746
../data/satellite/aqua/2019/20190305_AQUA.jpg,2019-03-05,0.06571028691392582,0.4332400279916025,0.5010496850944717
../data/satellite/aqua/2019/20190306_AQUA.jpg,2019-03-06,0.06644506648005598,0.5877886634009797,0.3457662701189643
../data/satellite/aqua/2019/20190307_AQUA.jpg,2019-03-07,0.12781665500349895,0.4266620013995801,0.4455213435969209
../data/satellite/aqua/2019/20190308_AQUA.jpg,2019-03-08,0.14128761371588525,0.603848845346396,0.2548635409377187
../data/satellite/aqua/2019/20190309_AQUA.jpg,2019-03-09,0.07022393282015395,0.5346396081175647,0.39513645906228134
../data/satellite/aqua/2019/20190310_AQUA.jpg,2019-03-10,0.13635409377186844,0.486074177746676,0.37757172848145554
../data/satellite/aqua/2019/20190311_AQUA.jpg,2019-03-11,0.12435269419174248,0.5051784464660601,0.37046885934219737
../data/satellite/aqua/2019/20190312_AQUA.jpg,2019-03-12,0.10489853044086773,0.5389783065080476,0.35612316305108466
../data/satellite/aqua/2019/20190313_AQUA.jpg,2019-03-13,0.07389783065080475,0.4865290412876137,0.43957312806158155
../data/satellite/aqua/2019/20190314_AQUA.jpg,2019-03-14,0.07190342897130861,0.5179496151154653,0.41014695591322603
../data/satellite/aqua/2019/20190316_AQUA.jpg,2019-03-16,0.06648005598320504,0.6334499650104969,0.3000699790062981
../data/satellite/aqua/2019/20190317_AQUA.jpg,2019-03-17,0.09478656403079076,0.5918124562631211,0.31340097970608816
../data/satellite/aqua/2019/20190318_AQUA.jpg,2019-03-18,0.05983205038488453,0.5875787263820854,0.3525892232330301
../data/satellite/aqua/2019/20190319_AQUA.jpg,2019-03-19,0.14650104968509448,0.3814555633310007,0.47204338698390486
../data/satellite/aqua/2019/20190320_AQUA.jpg,2019-03-20,0.051714485654303706,0.5519944016794962,0.39629111266620015
../data/satellite/aqua/2019/20190321_AQUA.jpg,2019-03-21,0.045241427571728485,0.6451014695591323,0.3096571028691393
../data/satellite/aqua/2019/20190322_AQUA.jpg,2019-03-22,0.043946815955213436,0.523442967109867,0.4326102169349195
../data/satellite/aqua/2019/20190323_AQUA.jpg,2019-03-23,0.09926522043386984,0.4368789363191043,0.4638558432470259
../data/satellite/aqua/2019/20190324_AQUA.jpg,2019-03-24,0.08271518544436669,0.7074177746675997,0.2098670398880336
../data/satellite/aqua/2019/20190325_AQUA.jpg,2019-03-25,0.24002799160251925,0.3292162351294612,0.4307557732680196
../data/satellite/aqua/2019/20190326_AQUA.jpg,2019-03-26,0.1634709587123863,0.4573477956613016,0.3791812456263121
../data/satellite/aqua/2019/20190327_AQUA.jpg,2019-03-27,0.08439468159552134,0.6573477956613016,0.25825752274317704
../data/satellite/aqua/2019/20190328_AQUA.jpg,2019-03-28,0.08344996501049685,0.5764520643806857,0.34009797060881736
../data/satellite/aqua/2019/20190329_AQUA.jpg,2019-03-29,0.14027291812456263,0.6254723582925122,0.23425472358292512
../data/satellite/aqua/2019/20190330_AQUA.jpg,2019-03-30,0.1453813855843247,0.4001749475157453,0.45444366689993004
../data/satellite/aqua/2019/20190331_AQUA.jpg,2019-03-31,0.2162001399580126,0.38869839048285515,0.3951014695591323
../data/satellite/aqua/2019/20190401_AQUA.jpg,2019-04-01,0.06406578026592022,0.59555633310007,0.3403778866340098
../data/satellite/aqua/2019/20190402_AQUA.jpg,2019-04-02,0.12137858642407277,0.6878936319104269,0.19072778166550036
../data/satellite/aqua/2019/20190403_AQUA.jpg,2019-04-03,0.07312806158152554,0.5299510146955914,0.3969209237228831
../data/satellite/aqua/2019/20190404_AQUA.jpg,2019-04-04,0.13226032190342898,0.3837998600419874,0.48393981805458364
../data/satellite/aqua/2019/20190405_AQUA.jpg,2019-04-05,0.15997200839748077,0.6690692792162352,0.17095871238628413
../data/satellite/aqua/2019/20190406_AQUA.jpg,2019-04-06,0.15489853044086774,0.6257522743177046,0.21934919524142757
../data/satellite/aqua/2019/20190407_AQUA.jpg,2019-04-07,0.09198740377886634,0.37015395381385585,0.5378586424072778
../data/satellite/aqua/2019/20190408_AQUA.jpg,2019-04-08,0.2052484254723583,0.6405878236529041,0.15416375087473758
../data/satellite/aqua/2019/20190409_AQUA.jpg,2019-04-09,0.08530440867739678,0.49503149055283413,0.41966410076976907
../data/satellite/aqua/2019/20190410_AQUA.jpg,2019-04-10,0.0449965010496851,0.6682295311406578,0.2867739678096571
../data/satellite/aqua/2019/20190411_AQUA.jpg,2019-04-11,0.09048285514345697,0.5206088173547936,0.3889083275017495
../data/satellite/aqua/2019/20190412_AQUA.jpg,2019-04-12,0.12697690692792163,0.514555633310007,0.3584674597620714
../data/satellite/aqua/2019/20190413_AQUA.jpg,2019-04-13,0.021973407977606718,0.8147655703289013,0.16326102169349196
../data/satellite/aqua/2019/20190414_AQUA.jpg,2019-04-14,0.08331000699790063,0.4548635409377187,0.46182645206438067
../data/satellite/aqua/2019/20190415_AQUA.jpg,2019-04-15,0.15409377186843948,0.6520643806857943,0.19384184744576627
../data/satellite/aqua/2019/20190416_AQUA.jpg,2019-04-16,0.18386983904828552,0.4799860041987404,0.3361441567529741
../data/satellite/aqua/2019/20190417_AQUA.jpg,2019-04-17,0.16046186144156752,0.47631210636808957,0.3632260321903429
../data/satellite/aqua/2019/20190418_AQUA.jpg,2019-04-18,0.19349195241427572,0.47452764170748774,0.3319804058782365
../data/satellite/aqua/2019/20190419_AQUA.jpg,2019-04-19,0.2179846046186144,0.5020993701889434,0.27991602519244224
../data/satellite/aqua/2019/20190420_AQUA.jpg,2019-04-20,0.22158852344296712,0.46794961511546534,0.3104618614415675
../data/satellite/aqua/2019/20190421_AQUA.jpg,2019-04-21,0.08596920923722882,0.4579776067179846,0.45605318404478656
../data/satellite/aqua/2019/20190422_AQUA.jpg,2019-04-22,0.11752974107767669,0.5475507347795662,0.33491952414275716
../data/satellite/aqua/2019/20190423_AQUA.jpg,2019-04-23,0.11203638908327501,0.45825752274317705,0.42970608817354794
../data/satellite/aqua/2019/20190424_AQUA.jpg,2019-04-24,0.2878586424072778,0.4102519244226732,0.30188943317004896
../data/satellite/aqua/2019/20190425_AQUA.jpg,2019-04-25,0.1607067879636109,0.43303009097270817,0.4062631210636809
../data/satellite/aqua/2019/20190426_AQUA.jpg,2019-04-26,0.2020993701889433,0.5039888033589923,0.2939118264520644
../data/satellite/aqua/2019/20190427_AQUA.jpg,2019-04-27,0.198740377886634,0.5283065080475857,0.27295311406578027
../data/satellite/aqua/2019/20190428_AQUA.jpg,2019-04-28,0.21808957312806157,0.4990902729181246,0.2828201539538139
../data/satellite/aqua/2019/20190429_AQUA.jpg,2019-04-29,0.27592722183345,0.4856892932120364,0.23838348495451364
../data/satellite/aqua/2019/20190430_AQUA.jpg,2019-04-30,0.21840447865640308,0.40783764870538836,0.37375787263820853
../data/satellite/aqua/2019/20190501_AQUA.jpg,2019-05-01,0.3821553533939818,0.3899930020993702,0.227851644506648
../data/satellite/aqua/2019/20190502_AQUA.jpg,2019-05-02,0.0735479356193142,0.4902029391182645,0.43624912526242127
../data/satellite/aqua/2019/20190503_AQUA.jpg,2019-05-03,0.2821203638908327,0.4524142757172848,0.26546536039188245
../data/satellite/aqua/2019/20190504_AQUA.jpg,2019-05-04,0.3690692792162351,0.35909727081875437,0.2718334499650105
../data/satellite/aqua/2019/20190505_AQUA.jpg,2019-05-05,0.3791812456263121,0.3586773967809657,0.26214135759272217
../data/satellite/aqua/2019/20190506_AQUA.jpg,2019-05-06,0.40951714485654306,0.34552134359692094,0.24496151154653603
../data/satellite/aqua/2019/20190507_AQUA.jpg,2019-05-07,0.18778866340097972,0.3619664100769769,0.4502449265220434
../data/satellite/aqua/2019/20190508_AQUA.jpg,2019-05-08,0.2832400279916025,0.34681595521343594,0.3699440167949615
../data/satellite/aqua/2019/20190509_AQUA.jpg,2019-05-09,0.1386634009797061,0.5714135759272219,0.28992302309307205
../data/satellite/aqua/2019/20190510_AQUA.jpg,2019-05-10,0.2456962911126662,0.37774667599720085,0.376557032890133
../data/satellite/aqua/2019/20190511_AQUA.jpg,2019-05-11,0.20976207137858643,0.39884534639608116,0.3913925822253324
../data/satellite/aqua/2019/20190512_AQUA.jpg,2019-05-12,0.5051784464660601,0.31434569629111264,0.18047585724282716
../data/satellite/aqua/2019/20190513_AQUA.jpg,2019-05-13,0.6720433869839049,0.2287963610916725,0.09916025192442267
../data/satellite/aqua/2019/20190514_AQUA.jpg,2019-05-14,0.4704338698390483,0.17382785164450665,0.3557382785164451
../data/satellite/aqua/2019/20190515_AQUA.jpg,2019-05-15,0.7761021693491953,0.1303009097270819,0.09359692092372289
../data/satellite/aqua/2019/20190516_AQUA.jpg,2019-05-16,0.08002099370188943,0.2791462561231631,0.6408327501749476
../data/satellite/aqua/2019/20190517_AQUA.jpg,2019-05-17,0.1079076277116865,0.3950664800559832,0.4970258922323303
../data/satellite/aqua/2019/20190518_AQUA.jpg,2019-05-18,0.07330300909727082,0.6981455563331,0.22855143456962912
../data/satellite/aqua/2019/20190519_AQUA.jpg,2019-05-19,0.1996850944716585,0.4575227431770469,0.3427921623512946
../data/satellite/aqua/2019/20190520_AQUA.jpg,2019-05-20,0.18226032190342897,0.4944716585024493,0.32326801959412177
../data/satellite/aqua/2019/20190521_AQUA.jpg,2019-05-21,0.1006997900629811,0.5029041287613716,0.3963960811756473
../data/satellite/aqua/2019/20190522_AQUA.jpg,2019-05-22,0.13540937718684395,0.6367739678096571,0.22781665500349896
../data/satellite/aqua/2019/20190523_AQUA.jpg,2019-05-23,0.19800559832050385,0.5356892932120364,0.26630510846745975
../data/satellite/aqua/2019/20190524_AQUA.jpg,2019-05-24,0.2207487753673898,0.5568929321203638,0.2223582925122463
../data/satellite/aqua/2019/20190525_AQUA.jpg,2019-05-25,0.23624912526242128,0.42155353393981804,0.34219734079776065
../data/satellite/aqua/2019/20190526_AQUA.jpg,2019-05-26,0.15808257522743177,0.6283764870538838,0.2135409377186844
../data/satellite/aqua/2019/20190527_AQUA.jpg,2019-05-27,0.11941917424772568,0.6505248425472359,0.23005598320503848
../data/satellite/aqua/2019/20190528_AQUA.jpg,2019-05-28,0.6985654303708887,0.17932120363890833,0.12211336599020294
../data/satellite/aqua/2019/20190529_AQUA.jpg,2019-05-29,0.8736179146256123,0.042022393282015395,0.08435969209237229
../data/satellite/aqua/2019/20190530_AQUA.jpg,2019-05-30,0.549370188943317,0.253778866340098,0.196850944716585
../data/satellite/aqua/2019/20190531_AQUA.jpg,2019-05-31,0.8499650104968509,0.05706787963610917,0.09296710986703989
../data/satellite/aqua/2019/20190601_AQUA.jpg,2019-06-01,0.22179846046186144,0.5151504548635409,0.26305108467459765
../data/satellite/aqua/2019/20190602_AQUA.jpg,2019-06-02,0.4483554933519944,0.4052134359692092,0.14643107067879635
../data/satellite/aqua/2019/20190603_AQUA.jpg,2019-06-03,0.24104268719384184,0.49454163750874736,0.2644156752974108
../data/satellite/aqua/2019/20190604_AQUA.jpg,2019-06-04,0.08271518544436669,0.619594121763471,0.29769069279216237
../data/satellite/aqua/2019/20190605_AQUA.jpg,2019-06-05,0.6004898530440868,0.2751924422673198,0.12431770468859342
../data/satellite/aqua/2019/20190606_AQUA.jpg,2019-06-06,0.12179846046186144,0.35027991602519243,0.5279216235129461
../data/satellite/aqua/2019/20190607_AQUA.jpg,2019-06-07,0.24013296011196641,0.40104968509447164,0.3588173547935619
../data/satellite/aqua/2019/20190608_AQUA.jpg,2019-06-08,0.4491952414275717,0.3259972008397481,0.22480755773268019
../data/satellite/aqua/2019/20190609_AQUA.jpg,2019-06-09,0.11847445766270119,0.343666899930021,0.5378586424072778
../data/satellite/aqua/2019/20190610_AQUA.jpg,2019-06-10,0.042127361791462564,0.5039188243526942,0.45395381385584327
../data/satellite/aqua/2019/20190611_AQUA.jpg,2019-06-11,0.8925472358292512,0.012736179146256124,0.09471658502449265
../data/satellite/aqua/2019/20190612_AQUA.jpg,2019-06-12,0.7608817354793562,0.09594121763470959,0.14317704688593422
../data/satellite/aqua/2019/20190613_AQUA.jpg,2019-06-13,0.08516445066480056,0.8060531840447865,0.10878236529041288
../data/satellite/aqua/2019/20190614_AQUA.jpg,2019-06-14,0.07407277816655003,0.6118614415675298,0.31406578026592025
../data/satellite/aqua/2019/20190615_AQUA.jpg,2019-06-15,0.10895731280615815,0.4757172848145556,0.4153254023792862
../data/satellite/aqua/2019/20190616_AQUA.jpg,2019-06-16,0.5517144856543037,0.19814555633310008,0.2501399580125962
../data/satellite/aqua/2019/20190619_AQUA.jpg,2019-06-19,0.5242477256822953,0.30776766969909025,0.16798460461861442
../data/satellite/aqua/2019/20190620_AQUA.jpg,2019-06-20,0.09811056682995102,0.5488103568929321,0.3530790762771169
../data/satellite/aqua/2019/20190621_AQUA.jpg,2019-06-21,0.07088873337998601,0.43593421973407975,0.4931770468859342
../data/satellite/aqua/2019/20190622_AQUA.jpg,2019-06-22,0.13897830650804757,0.5241077676696991,0.3369139258222533
../data/satellite/aqua/2019/20190623_AQUA.jpg,2019-06-23,0.18243526941917423,0.5959762071378586,0.22158852344296712
../data/satellite/aqua/2019/20190624_AQUA.jpg,2019-06-24,0.17368789363191042,0.632925122463261,0.19338698390482856
../data/satellite/aqua/2019/20190625_AQUA.jpg,2019-06-25,0.05629811056682995,0.5206438068579426,0.4230580825752274
../data/satellite/aqua/2019/20190626_AQUA.jpg,2019-06-26,0.25339398180545836,0.5533240027991603,0.1932820153953814
../data/satellite/aqua/2019/20190627_AQUA.jpg,2019-06-27,0.23257522743177048,0.6189293212036389,0.14849545136459064
../data/satellite/aqua/2019/20190628_AQUA.jpg,2019-06-28,0.553184044786564,0.29982505248425473,0.14699090272918125
../data/satellite/aqua/2019/20190629_AQUA.jpg,2019-06-29,0.4574177746675997,0.38768369489153254,0.15489853044086774
../data/satellite/aqua/2019/20190630_AQUA.jpg,2019-06-30,0.1779216235129461,0.6794611616515045,0.14261721483554934
../data/satellite/aqua/2019/20190701_AQUA.jpg,2019-07-01,0.07851644506648006,0.7497900629811056,0.17169349195241426
../data/satellite/aqua/2019/20190702_AQUA.jpg,2019-07-02,0.6382435269419174,0.15118964310706787,0.2105668299510147
../data/satellite/aqua/2019/20190703_AQUA.jpg,2019-07-03,0.41427571728481455,0.37004898530440866,0.21567529741077676
../data/satellite/aqua/2019/20190704_AQUA.jpg,2019-07-04,0.2374037788663401,0.4176696990902729,0.344926522043387
../data/satellite/aqua/2019/20190705_AQUA.jpg,2019-07-05,0.05500349895031491,0.6731980405878236,0.27179846046186146
../data/satellite/aqua/2019/20190706_AQUA.jpg,2019-07-06,0.43421973407977604,0.26927921623512946,0.2965010496850945
../data/satellite/aqua/2019/20190707_AQUA.jpg,2019-07-07,0.7998950314905529,0.04485654303708887,0.1552484254723583
../data/satellite/aqua/2019/20190708_AQUA.jpg,2019-07-08,0.6801609517144857,0.08170048985304408,0.23813855843247025
../data/satellite/aqua/2019/20190709_AQUA.jpg,2019-07-09,0.7672848145556334,0.09307207837648705,0.13964310706787963
../data/satellite/aqua/2019/20190710_AQUA.jpg,2019-07-10,0.8225332400279916,0.036214135759272216,0.14125262421273618
../data/satellite/aqua/2019/20190711_AQUA.jpg,2019-07-11,0.17557732680195942,0.5539538138558433,0.27046885934219733
../data/satellite/aqua/2019/20190712_AQUA.jpg,2019-07-12,0.5469559132260322,0.31938418474457664,0.13365990202939118
../data/satellite/aqua/2019/20190713_AQUA.jpg,2019-07-13,0.3008747375787264,0.47946116165150454,0.21966410076976908
../data/satellite/aqua/2019/20190714_AQUA.jpg,2019-07-14,0.5722883135059482,0.06826452064380686,0.35944716585024494
../data/satellite/aqua/2019/20190715_AQUA.jpg,2019-07-15,0.7668999300209937,0.05188943317004899,0.18121063680895733
../data/satellite/aqua/2019/20190716_AQUA.jpg,2019-07-16,0.8319104268719384,0.03152554233729881,0.13656403079076276
../data/satellite/aqua/2019/20190717_AQUA.jpg,2019-07-17,0.07344296710986704,0.4748775367389783,0.45167949615115466
../data/satellite/aqua/2019/20190718_AQUA.jpg,2019-07-18,0.05293911826452064,0.6565080475857242,0.2905528341497551
../data/satellite/aqua/2019/20190719_AQUA.jpg,2019-07-19,0.2565430370888733,0.4711336599020294,0.2723233030090973
../data/satellite/aqua/2019/20190720_AQUA.jpg,2019-07-20,0.1440517844646606,0.4449965010496851,0.4109517144856543
../data/satellite/aqua/2019/20190721_AQUA.jpg,2019-07-21,0.24933519944016794,0.5239678096571029,0.22669699090272918
../data/satellite/aqua/2019/20190722_AQUA.jpg,2019-07-22,0.2057732680195941,0.3777816655003499,0.41644506648005597
../data/satellite/aqua/2019/20190723_AQUA.jpg,2019-07-23,0.8086074177746676,0.019839048285514346,0.17155353393981806
../data/satellite/aqua/2019/20190724_AQUA.jpg,2019-07-24,0.4541637508747376,0.4270118964310707,0.11882435269419174
../data/satellite/aqua/2019/20190725_AQUA.jpg,2019-07-25,0.32799160251924425,0.2897480755773268,0.38226032190342896
../data/satellite/aqua/2019/20190726_AQUA.jpg,2019-07-26,0.3629811056682995,0.3009447165850245,0.336074177746676
../data/satellite/aqua/2019/20190727_AQUA.jpg,2019-07-27,0.15738278516445067,0.39790062981105667,0.4447165850244926
../data/satellite/aqua/2019/20190728_AQUA.jpg,2019-07-28,0.6181245626312106,0.21067179846046186,0.1712036389083275
../data/satellite/aqua/2019/20190729_AQUA.jpg,2019-07-29,0.7882435269419175,0.08719384184744576,0.1245626312106368
../data/satellite/aqua/2019/20190730_AQUA.jpg,2019-07-30,0.5782365290412876,0.1542337298810357,0.2675297410776767
../data/satellite/aqua/2019/20190731_AQUA.jpg,2019-07-31,0.8211686494051784,0.031210636808957314,0.14762071378586425
../data/satellite/aqua/2019/20190801_AQUA.jpg,2019-08-01,0.7106368089573128,0.12109867039888034,0.16826452064380687
../data/satellite/aqua/2019/20190802_AQUA.jpg,2019-08-02,0.7078726382085374,0.04737578726382086,0.2447515745276417
../data/satellite/aqua/2019/20190803_AQUA.jpg,2019-08-03,0.2756473058082575,0.52592722183345,0.1984254723582925
../data/satellite/aqua/2019/20190804_AQUA.jpg,2019-08-04,0.0556333100069979,0.7399580125962212,0.20440867739678095
../data/satellite/aqua/2019/20190805_AQUA.jpg,2019-08-05,0.06382085374387683,0.7275717284814556,0.2086074177746676
../data/satellite/aqua/2019/20190806_AQUA.jpg,2019-08-06,0.5215885234429671,0.31567529741077677,0.16273617914625613
../data/satellite/aqua/2019/20190807_AQUA.jpg,2019-08-07,0.13694891532540238,0.48635409377186845,0.3766969909027292
../data/satellite/aqua/2019/20190808_AQUA.jpg,2019-08-08,0.1605668299510147,0.5643107067879636,0.2751224632610217
../data/satellite/aqua/2019/20190809_AQUA.jpg,2019-08-09,0.4381735479356193,0.439888033589923,0.12193841847445766
../data/satellite/aqua/2019/20190810_AQUA.jpg,2019-08-10,0.8023792862141358,0.07963610916724982,0.11798460461861442
../data/satellite/aqua/2019/20190811_AQUA.jpg,2019-08-11,0.5881735479356193,0.12494751574527642,0.28687893631910427
../data/satellite/aqua/2019/20190812_AQUA.jpg,2019-08-12,0.8788313505948215,0.018754373687893632,0.10241427571728481
../data/satellite/aqua/2019/20190813_AQUA.jpg,2019-08-13,0.8541287613715886,0.021623512946116166,0.1242477256822953
../data/satellite/aqua/2019/20190814_AQUA.jpg,2019-08-14,0.6874737578726382,0.16406578026592022,0.14846046186144157
../data/satellite/aqua/2019/20190815_AQUA.jpg,2019-08-15,0.834849545136459,0.04002799160251924,0.1251224632610217
../data/satellite/aqua/2019/20190816_AQUA.jpg,2019-08-16,0.2564730580825752,0.40489853044086777,0.33862841147655703
../data/satellite/aqua/2019/20190817_AQUA.jpg,2019-08-17,0.7982855143456963,0.04814555633310007,0.15356892932120364
../data/satellite/aqua/2019/20190818_AQUA.jpg,2019-08-18,0.7952064380685794,0.06875437368789364,0.13603918824352695
../data/satellite/aqua/2019/20190819_AQUA.jpg,2019-08-19,0.30339398180545835,0.39079776067179844,0.30580825752274315
../data/satellite/aqua/2019/20190820_AQUA.jpg,2019-08-20,0.1076627011896431,0.5161651504548636,0.37617214835549334
../data/satellite/aqua/2019/20190821_AQUA.jpg,2019-08-21,0.3597620713785864,0.3622113365990203,0.27802659202239327
../data/satellite/aqua/2019/20190822_AQUA.jpg,2019-08-22,0.6509797060881736,0.17956613016095171,0.16945416375087474
../data/satellite/aqua/2019/20190823_AQUA.jpg,2019-08-23,0.7656403079076277,0.09300209937018894,0.14135759272218335
../data/satellite/aqua/2019/20190824_AQUA.jpg,2019-08-24,0.4517844646606018,0.1963261021693492,0.351889433170049
../data/satellite/aqua/2019/20190825_AQUA.jpg,2019-08-25,0.256333100069979,0.4837998600419874,0.2598670398880336
../data/satellite/aqua/2019/20190826_AQUA.jpg,2019-08-26,0.4692442267319804,0.29776067179846044,0.23299510146955912
../data/satellite/aqua/2019/20190827_AQUA.jpg,2019-08-27,0.5066829951014695,0.30811756473058083,0.18519944016794962
../data/satellite/aqua/2019/20190828_AQUA.jpg,2019-08-28,0.444296710986704,0.3940517844646606,0.16165150454863542
../data/satellite/aqua/2019/20190829_AQUA.jpg,2019-08-29,0.7427571728481456,0.1244926522043387,0.13275017494751576
../data/satellite/aqua/2019/20190830_AQUA.jpg,2019-08-30,0.29184744576627014,0.32767669699090274,0.3804758572428272
../data/satellite/aqua/2019/20190831_AQUA.jpg,2019-08-31,0.7718684394681595,0.12344296710986705,0.10468859342197341
../data/satellite/aqua/2019/20190901_AQUA.jpg,2019-09-01,0.8681595521343597,0.025052484254723582,0.10678796361091672
../data/satellite/aqua/2019/20190902_AQUA.jpg,2019-09-02,0.07452764170748775,0.6794961511546536,0.24597620713785864
../data/satellite/aqua/2019/20190903_AQUA.jpg,2019-09-03,0.5482855143456963,0.2174597620713786,0.23425472358292512
../data/satellite/aqua/2019/20190904_AQUA.jpg,2019-09-04,0.040622813156053185,0.6733030090972708,0.286074177746676
../data/satellite/aqua/2019/20190905_AQUA.jpg,2019-09-05,0.6041287613715886,0.2320853743876837,0.16378586424072777
../data/satellite/aqua/2019/20190906_AQUA.jpg,2019-09-06,0.5862841147655703,0.24121763470958713,0.17249825052484255
../data/satellite/aqua/2019/20190907_AQUA.jpg,2019-09-07,0.10318404478656402,0.48404478656403077,0.41277116864940516
../data/satellite/aqua/2019/20190908_AQUA.jpg,2019-09-08,0.07711686494051785,0.7141707487753673,0.20871238628411476
../data/satellite/aqua/2019/20190909_AQUA.jpg,2019-09-09,0.6890832750174948,0.13831350594821554,0.1726032190342897
../data/satellite/aqua/2019/20190910_AQUA.jpg,2019-09-10,0.17074877536738978,0.5940167949615115,0.23523442967109867
../data/satellite/aqua/2019/20190911_AQUA.jpg,2019-09-11,0.701959412176347,0.07557732680195942,0.2224632610216935
../data/satellite/aqua/2019/20190912_AQUA.jpg,2019-09-12,0.3246326102169349,0.32974107767669697,0.34562631210636807
../data/satellite/aqua/2019/20190913_AQUA.jpg,2019-09-13,0.41217634709587125,0.32435269419174245,0.2634709587123863
../data/satellite/aqua/2019/20190914_AQUA.jpg,2019-09-14,0.16217634709587123,0.5034989503149055,0.33432470258922325
../data/satellite/aqua/2019/20190915_AQUA.jpg,2019-09-15,0.23747375787263822,0.396850944716585,0.36567529741077676
../data/satellite/aqua/2019/20190916_AQUA.jpg,2019-09-16,0.4160601819454164,0.2284114765570329,0.35552834149755075
../data/satellite/aqua/2019/20190917_AQUA.jpg,2019-09-17,0.6289013296011197,0.158222533240028,0.21287613715885234
../data/satellite/aqua/2019/20190918_AQUA.jpg,2019-09-18,0.770293911826452,0.11574527641707488,0.11396081175647306
../data/satellite/aqua/2019/20190919_AQUA.jpg,2019-09-19,0.6618264520643807,0.05500349895031491,0.2831700489853044
../data/satellite/aqua/2019/20190920_AQUA.jpg,2019-09-20,0.1536039188243527,0.3552484254723583,0.491147655703289
../data/satellite/aqua/2019/20190921_AQUA.jpg,2019-09-21,0.06298110566829951,0.6477956613016095,0.28922323303009095
../data/satellite/aqua/2019/20190922_AQUA.jpg,2019-09-22,0.2544786564030791,0.37844646606018195,0.36707487753673895
../data/satellite/aqua/2019/20190923_AQUA.jpg,2019-09-23,0.24818054583624913,0.20440867739678095,0.5474107767669699
../data/satellite/aqua/2019/20190924_AQUA.jpg,2019-09-24,0.49338698390482855,0.2597620713785864,0.24685094471658503
../data/satellite/aqua/2019/20190925_AQUA.jpg,2019-09-25,0.5028341497550735,0.2698740377886634,0.22729181245626312
../data/satellite/aqua/2019/20190926_AQUA.jpg,2019-09-26,0.23156053184044786,0.4959762071378586,0.2724632610216935
../data/satellite/aqua/2019/20190927_AQUA.jpg,2019-09-27,0.856927921623513,0.02431770468859342,0.11875437368789363
../data/satellite/aqua/2019/20190928_AQUA.jpg,2019-09-28,0.6500349895031491,0.22095871238628412,0.12900629811056682
../data/satellite/aqua/2019/20190929_AQUA.jpg,2019-09-29,0.7444016794961511,0.14482155353393983,0.11077676696990903
../data/satellite/aqua/2019/20190930_AQUA.jpg,2019-09-30,0.42036389083275016,0.3853044086773968,0.19433170048985304
../data/satellite/aqua/2019/20191001_AQUA.jpg,2019-10-01,0.6828201539538139,0.12078376487053884,0.1963960811756473
../data/satellite/aqua/2019/20191002_AQUA.jpg,2019-10-02,0.5488453463960812,0.18757872638208536,0.26357592722183343
../data/satellite/aqua/2019/20191003_AQUA.jpg,2019-10-03,0.8328201539538138,0.07883135059482155,0.08834849545136458
../data/satellite/aqua/2019/20191004_AQUA.jpg,2019-10-04,0.20780265920223934,0.47694191742477254,0.3152554233729881
../data/satellite/aqua/2019/20191005_AQUA.jpg,2019-10-05,0.2674947515745276,0.277851644506648,0.45465360391882437
../data/satellite/aqua/2019/20191006_AQUA.jpg,2019-10-06,0.25304408677396784,0.358222533240028,0.3887333799860042
../data/satellite/aqua/2019/20191007_AQUA.jpg,2019-10-07,0.1470258922323303,0.4737578726382085,0.3792162351294612
../data/satellite/aqua/2019/20191008_AQUA.jpg,2019-10-08,0.21983904828551434,0.42554233729881036,0.35461861441567527
../data/satellite/aqua/2019/20191009_AQUA.jpg,2019-10-09,0.4927221833449965,0.20958712386284115,0.29769069279216237
../data/satellite/aqua/2019/20191010_AQUA.jpg,2019-10-10,0.47092372288313505,0.27218334499650104,0.2568929321203639
../data/satellite/aqua/2019/20191011_AQUA.jpg,2019-10-11,0.1593771868439468,0.24202239328201539,0.5986004198740378
../data/satellite/aqua/2019/20191012_AQUA.jpg,2019-10-12,0.20276417074877537,0.4314555633310007,0.36578026592022395
../data/satellite/aqua/2019/20191013_AQUA.jpg,2019-10-13,0.5531140657802659,0.2251924422673198,0.22169349195241428
../data/satellite/aqua/2019/20191014_AQUA.jpg,2019-10-14,0.18848845346396081,0.5847445766270118,0.22676696990902728
../data/satellite/aqua/2019/20191015_AQUA.jpg,2019-10-15,0.18523442967109868,0.43061581525542336,0.384149755073478
../data/satellite/aqua/2019/20191016_AQUA.jpg,2019-10-16,0.2136109167249825,0.4632610216934919,0.3231280615815255
../data/satellite/aqua/2019/20191017_AQUA.jpg,2019-10-17,0.2535339398180546,0.3917074877536739,0.3547585724282715
../data/satellite/aqua/2019/20191018_AQUA.jpg,2019-10-18,0.03166550034989503,0.45356892932120363,0.5147655703289014
../data/satellite/aqua/2019/20191019_AQUA.jpg,2019-10-19,0.13631910426871938,0.35682295311406576,0.5068579426172148
../data/satellite/aqua/2019/20191020_AQUA.jpg,2019-10-20,0.2125262421273618,0.46420573827851647,0.32326801959412177
../data/satellite/aqua/2019/20191021_AQUA.jpg,2019-10-21,0.24842547235829252,0.44846046186144156,0.3031140657802659
../data/satellite/aqua/2019/20191022_AQUA.jpg,2019-10-22,0.13054583624912527,0.4475157452764171,0.4219384184744577
../data/satellite/aqua/2019/20191023_AQUA.jpg,2019-10-23,0.10381385584324702,0.46098670398880337,0.4351994401679496
../data/satellite/aqua/2019/20191024_AQUA.jpg,2019-10-24,0.1627711686494052,0.32799160251924425,0.5092372288313506
../data/satellite/aqua/2019/20191025_AQUA.jpg,2019-10-25,0.16780965710286913,0.5509097270818755,0.28128061581525543
../data/satellite/aqua/2019/20191026_AQUA.jpg,2019-10-26,0.3256822953114066,0.4452064380685794,0.229111266620014
../data/satellite/aqua/2019/20191027_AQUA.jpg,2019-10-27,0.09783065080475857,0.5157452764170749,0.38642407277816654
../data/satellite/aqua/2019/20191028_AQUA.jpg,2019-10-28,0.14237228831350596,0.4646606018194542,0.39296710986703987
../data/satellite/aqua/2019/20191029_AQUA.jpg,2019-10-29,0.2040587823652904,0.4395031490552834,0.35643806857942617
../data/satellite/aqua/2019/20191030_AQUA.jpg,2019-10-30,0.3447865640307908,0.4115465360391882,0.243666899930021
../data/satellite/aqua/2019/20191031_AQUA.jpg,2019-10-31,0.68296011196641,0.07624212736179146,0.24079776067179845
../data/satellite/aqua/2019/20191101_AQUA.jpg,2019-11-01,0.5389433170048985,0.2922323303009097,0.16882435269419174
../data/satellite/aqua/2019/20191102_AQUA.jpg,2019-11-02,0.11420573827851645,0.6179496151154653,0.2678446466060182
../data/satellite/aqua/2019/20191103_AQUA.jpg,2019-11-03,0.30580825752274315,0.4167599720083975,0.27743177046885936
../data/satellite/aqua/2019/20191104_AQUA.jpg,2019-11-04,0.45920223932820153,0.2076627011896431,0.3331350594821553
../data/satellite/aqua/2019/20191105_AQUA.jpg,2019-11-05,0.6096571028691392,0.22883135059482154,0.1615115465360392
../data/satellite/aqua/2019/20191106_AQUA.jpg,2019-11-06,0.803184044786564,0.137333799860042,0.05948215535339398
../data/satellite/aqua/2019/20191107_AQUA.jpg,2019-11-07,0.7813156053184045,0.1550034989503149,0.06368089573128062
../data/satellite/aqua/2019/20191108_AQUA.jpg,2019-11-08,0.91074177746676,0.038698390482855144,0.05055983205038488
../data/satellite/aqua/2019/20191109_AQUA.jpg,2019-11-09,0.910111966410077,0.04111266620013996,0.04877536738978307
../data/satellite/aqua/2019/20191110_AQUA.jpg,2019-11-10,0.910111966410077,0.04111266620013996,0.04877536738978307
../data/satellite/aqua/2019/20191111_AQUA.jpg,2019-11-11,0.910111966410077,0.04111266620013996,0.04877536738978307
../data/satellite/aqua/2019/20191112_AQUA.jpg,2019-11-12,0.910111966410077,0.04111266620013996,0.04877536738978307
../data/satellite/aqua/2019/20191118_AQUA.jpg,2019-11-18,0.910111966410077,0.04111266620013996,0.04877536738978307
../data/satellite/aqua/2019/20191119_AQUA.jpg,2019-11-19,0.910111966410077,0.04111266620013996,0.04877536738978307
../data/satellite/aqua/2019/20191120_AQUA.jpg,2019-11-20,0.910111966410077,0.04111266620013996,0.04877536738978307
../data/satellite/aqua/2019/20191121_AQUA.jpg,2019-11-21,0.910111966410077,0.04111266620013996,0.04877536738978307
../data/satellite/aqua/2019/20191122_AQUA.jpg,2019-11-22,0.910111966410077,0.04111266620013996,0.04877536738978307
../data/satellite/aqua/2019/20191123_AQUA.jpg,2019-11-23,0.910111966410077,0.04111266620013996,0.04877536738978307
../data/satellite/aqua/2019/20191124_AQUA.jpg,2019-11-24,0.910111966410077,0.04111266620013996,0.04877536738978307
../data/satellite/aqua/2019/20191125_AQUA.jpg,2019-11-25,0.910111966410077,0.04111266620013996,0.04877536738978307
../data/satellite/aqua/2019/20191126_AQUA.jpg,2019-11-26,0.910111966410077,0.04111266620013996,0.04877536738978307
../data/satellite/aqua/2019/20191127_AQUA.jpg,2019-11-27,0.910111966410077,0.04111266620013996,0.04877536738978307
../data/satellite/aqua/2019/20191128_AQUA.jpg,2019-11-28,0.910111966410077,0.04111266620013996,0.04877536738978307
../data/satellite/aqua/2019/20191129_AQUA.jpg,2019-11-29,0.910111966410077,0.04111266620013996,0.04877536738978307
../data/satellite/aqua/2019/20191130_AQUA.jpg,2019-11-30,0.910111966410077,0.04111266620013996,0.04877536738978307
../data/satellite/aqua/2019/20191201_AQUA.jpg,2019-12-01,0.910111966410077,0.04111266620013996,0.04877536738978307
../data/satellite/aqua/2019/20191202_AQUA.jpg,2019-12-02,0.910111966410077,0.04111266620013996,0.04877536738978307
../data/satellite/aqua/2019/20191203_AQUA.jpg,2019-12-03,0.910111966410077,0.04111266620013996,0.04877536738978307
../data/satellite/aqua/2019/20191204_AQUA.jpg,2019-12-04,0.910111966410077,0.04111266620013996,0.04877536738978307
../data/satellite/aqua/2019/20191205_AQUA.jpg,2019-12-05,0.910111966410077,0.04111266620013996,0.04877536738978307
../data/satellite/aqua/2019/20191206_AQUA.jpg,2019-12-06,0.910111966410077,0.04111266620013996,0.04877536738978307
../data/satellite/aqua/2019/20191207_AQUA.jpg,2019-12-07,0.910111966410077,0.04111266620013996,0.04877536738978307
../data/satellite/aqua/2019/20191208_AQUA.jpg,2019-12-08,0.910111966410077,0.04111266620013996,0.04877536738978307
../data/satellite/aqua/2019/20191209_AQUA.jpg,2019-12-09,0.910111966410077,0.04111266620013996,0.04877536738978307
../data/satellite/aqua/2019/20191210_AQUA.jpg,2019-12-10,0.910111966410077,0.04111266620013996,0.04877536738978307
../data/satellite/aqua/2019/20191211_AQUA.jpg,2019-12-11,0.910111966410077,0.04111266620013996,0.04877536738978307
../data/satellite/aqua/2019/20191212_AQUA.jpg,2019-12-12,0.910111966410077,0.04111266620013996,0.04877536738978307
../data/satellite/aqua/2019/20191213_AQUA.jpg,2019-12-13,0.910111966410077,0.04111266620013996,0.04877536738978307
../data/satellite/aqua/2019/20191214_AQUA.jpg,2019-12-14,0.910111966410077,0.04111266620013996,0.04877536738978307
../data/satellite/aqua/2019/20191215_AQUA.jpg,2019-12-15,0.910111966410077,0.04111266620013996,0.04877536738978307
../data/satellite/aqua/2019/20191216_AQUA.jpg,2019-12-16,0.910111966410077,0.04111266620013996,0.04877536738978307
../data/satellite/aqua/2019/20191217_AQUA.jpg,2019-12-17,0.910111966410077,0.04111266620013996,0.04877536738978307
../data/satellite/aqua/2019/20191218_AQUA.jpg,2019-12-18,0.910111966410077,0.04111266620013996,0.04877536738978307
../data/satellite/aqua/2019/20191219_AQUA.jpg,2019-12-19,0.910111966410077,0.04111266620013996,0.04877536738978307
../data/satellite/aqua/2019/20191220_AQUA.jpg,2019-12-20,0.910111966410077,0.04111266620013996,0.04877536738978307
../data/satellite/aqua/2019/20191221_AQUA.jpg,2019-12-21,0.910111966410077,0.04111266620013996,0.04877536738978307
../data/satellite/aqua/2019/20191222_AQUA.jpg,2019-12-22,0.910111966410077,0.04111266620013996,0.04877536738978307
../data/satellite/aqua/2019/20191223_AQUA.jpg,2019-12-23,0.910111966410077,0.04111266620013996,0.04877536738978307
../data/satellite/aqua/2019/20191224_AQUA.jpg,2019-12-24,0.910111966410077,0.04111266620013996,0.04877536738978307
../data/satellite/aqua/2019/20191225_AQUA.jpg,2019-12-25,0.910111966410077,0.04111266620013996,0.04877536738978307
../data/satellite/aqua/2019/20191226_AQUA.jpg,2019-12-26,0.910111966410077,0.04111266620013996,0.04877536738978307
../data/satellite/aqua/2019/20191227_AQUA.jpg,2019-12-27,0.910111966410077,0.04111266620013996,0.04877536738978307
../data/satellite/aqua/2019/20191228_AQUA.jpg,2019-12-28,0.910111966410077,0.04111266620013996,0.04877536738978307
../data/satellite/aqua/2019/20191229_AQUA.jpg,2019-12-29,0.910111966410077,0.04111266620013996,0.04877536738978307
../data/satellite/aqua/2019/20191230_AQUA.jpg,2019-12-30,0.910111966410077,0.04111266620013996,0.04877536738978307
../data/satellite/aqua/2019/20191231_AQUA.jpg,2019-12-31,0.910111966410077,0.04111266620013996,0.04877536738978307
../data/satellite/aqua/2020/20200101_AQUA.jpg,2020-01-01,0.910111966410077,0.04111266620013996,0.04877536738978307
../data/satellite/aqua/2020/20200102_AQUA.jpg,2020-01-02,0.910111966410077,0.04111266620013996,0.04877536738978307
../data/satellite/aqua/2020/20200103_AQUA.jpg,2020-01-03,0.910111966410077,0.04111266620013996,0.04877536738978307
../data/satellite/aqua/2020/20200104_AQUA.jpg,2020-01-04,0.910111966410077,0.04111266620013996,0.04877536738978307
../data/satellite/aqua/2020/20200105_AQUA.jpg,2020-01-05,0.910111966410077,0.04111266620013996,0.04877536738978307
../data/satellite/aqua/2020/20200107_AQUA.jpg,2020-01-07,0.910111966410077,0.04111266620013996,0.04877536738978307
../data/satellite/aqua/2020/20200108_AQUA.jpg,2020-01-08,0.910111966410077,0.04111266620013996,0.04877536738978307
../data/satellite/aqua/2020/20200109_AQUA.jpg,2020-01-09,0.910111966410077,0.04111266620013996,0.04877536738978307
../data/satellite/aqua/2020/20200110_AQUA.jpg,2020-01-10,0.910111966410077,0.04111266620013996,0.04877536738978307
../data/satellite/aqua/2020/20200111_AQUA.jpg,2020-01-11,0.910111966410077,0.04111266620013996,0.04877536738978307
../data/satellite/aqua/2020/20200112_AQUA.jpg,2020-01-12,0.910111966410077,0.04111266620013996,0.04877536738978307
../data/satellite/aqua/2020/20200113_AQUA.jpg,2020-01-13,0.910111966410077,0.04111266620013996,0.04877536738978307
../data/satellite/aqua/2020/20200114_AQUA.jpg,2020-01-14,0.910111966410077,0.04111266620013996,0.04877536738978307
../data/satellite/aqua/2020/20200115_AQUA.jpg,2020-01-15,0.910111966410077,0.04111266620013996,0.04877536738978307
../data/satellite/aqua/2020/20200116_AQUA.jpg,2020-01-16,0.910111966410077,0.04111266620013996,0.04877536738978307
../data/satellite/aqua/2020/20200117_AQUA.jpg,2020-01-17,0.910111966410077,0.04111266620013996,0.04877536738978307
../data/satellite/aqua/2020/20200118_AQUA.jpg,2020-01-18,0.910111966410077,0.04111266620013996,0.04877536738978307
../data/satellite/aqua/2020/20200119_AQUA.jpg,2020-01-19,0.910111966410077,0.04111266620013996,0.04877536738978307
../data/satellite/aqua/2020/20200120_AQUA.jpg,2020-01-20,0.910111966410077,0.04111266620013996,0.04877536738978307
../data/satellite/aqua/2020/20200121_AQUA.jpg,2020-01-21,0.910111966410077,0.04111266620013996,0.04877536738978307
../data/satellite/aqua/2020/20200122_AQUA.jpg,2020-01-22,0.910111966410077,0.04111266620013996,0.04877536738978307
../data/satellite/aqua/2020/20200123_AQUA.jpg,2020-01-23,0.910111966410077,0.04111266620013996,0.04877536738978307
../data/satellite/aqua/2020/20200124_AQUA.jpg,2020-01-24,0.910111966410077,0.04111266620013996,0.04877536738978307
../data/satellite/aqua/2020/20200125_AQUA.jpg,2020-01-25,0.910111966410077,0.04111266620013996,0.04877536738978307
../data/satellite/aqua/2020/20200126_AQUA.jpg,2020-01-26,0.910111966410077,0.04111266620013996,0.04877536738978307
../data/satellite/aqua/2020/20200127_AQUA.jpg,2020-01-27,0.910111966410077,0.04111266620013996,0.04877536738978307
../data/satellite/aqua/2020/20200128_AQUA.jpg,2020-01-28,0.910111966410077,0.04111266620013996,0.04877536738978307
../data/satellite/aqua/2020/20200129_AQUA.jpg,2020-01-29,0.910111966410077,0.04111266620013996,0.04877536738978307
../data/satellite/aqua/2020/20200130_AQUA.jpg,2020-01-30,0.910111966410077,0.04111266620013996,0.04877536738978307
../data/satellite/aqua/2020/20200131_AQUA.jpg,2020-01-31,0.910111966410077,0.04111266620013996,0.04877536738978307
../data/satellite/aqua/2020/20200201_AQUA.jpg,2020-02-01,0.910111966410077,0.04111266620013996,0.04877536738978307
../data/satellite/aqua/2020/20200202_AQUA.jpg,2020-02-02,0.910111966410077,0.04111266620013996,0.04877536738978307
../data/satellite/aqua/2020/20200203_AQUA.jpg,2020-02-03,0.8870888733379986,0.04293212036389083,0.06997900629811056
../data/satellite/aqua/2020/20200204_AQUA.jpg,2020-02-04,0.8470258922323303,0.09167249825052484,0.061301609517144855
../data/satellite/aqua/2020/20200205_AQUA.jpg,2020-02-05,0.6945766270118965,0.2282365290412876,0.07718684394681595
../data/satellite/aqua/2020/20200206_AQUA.jpg,2020-02-06,0.6445066480055983,0.3051784464660602,0.050314905528341496
../data/satellite/aqua/2020/20200207_AQUA.jpg,2020-02-07,0.35206438068579426,0.38446466060181944,0.2634709587123863
../data/satellite/aqua/2020/20200208_AQUA.jpg,2020-02-08,0.2917074877536739,0.6818404478656404,0.026452064380685793
../data/satellite/aqua/2020/20200209_AQUA.jpg,2020-02-09,0.08201539538138558,0.6365990202939118,0.28138558432470256
../data/satellite/aqua/2020/20200210_AQUA.jpg,2020-02-10,0.016165150454863542,0.47946116165150454,0.5043736878936319
../data/satellite/aqua/2020/20200211_AQUA.jpg,2020-02-11,0.07890132960111966,0.488593421973408,0.43250524842547233
../data/satellite/aqua/2020/20200212_AQUA.jpg,2020-02-12,0.18995801259622114,0.35262421273617917,0.4574177746675997
../data/satellite/aqua/2020/20200213_AQUA.jpg,2020-02-13,0.035444366689993005,0.47032890132960115,0.4942267319804059
../data/satellite/aqua/2020/20200214_AQUA.jpg,2020-02-14,0.17687193841847446,0.45167949615115466,0.3714485654303709
../data/satellite/aqua/2020/20200215_AQUA.jpg,2020-02-15,0.11920923722883135,0.4982855143456963,0.38250524842547234
../data/satellite/aqua/2020/20200216_AQUA.jpg,2020-02-16,0.06459062281315606,0.5982155353393982,0.3371938418474458
../data/satellite/aqua/2020/20200217_AQUA.jpg,2020-02-17,0.26571028691392584,0.2914625612316305,0.44282715185444366
../data/satellite/aqua/2020/20200218_AQUA.jpg,2020-02-18,0.12207837648705389,0.4888383484954514,0.38908327501749473
../data/satellite/aqua/2020/20200219_AQUA.jpg,2020-02-19,0.21700489853044086,0.26595521343596923,0.5170398880335899
../data/satellite/aqua/2020/20200220_AQUA.jpg,2020-02-20,0.10087473757872638,0.5646256123163051,0.3344996501049685
../data/satellite/aqua/2020/20200221_AQUA.jpg,2020-02-21,0.08296011196641008,0.5152554233729881,0.4017844646606018
../data/satellite/aqua/2020/20200222_AQUA.jpg,2020-02-22,0.14478656403079077,0.34275717284814555,0.5124562631210636
../data/satellite/aqua/2020/20200223_AQUA.jpg,2020-02-23,0.048250524842547236,0.7663400979706089,0.18540937718684394
../data/satellite/aqua/2020/20200224_AQUA.jpg,2020-02-24,0.08477956613016095,0.5875087473757873,0.3277116864940518
../data/satellite/aqua/2020/20200225_AQUA.jpg,2020-02-25,0.08799860041987403,0.534779566130161,0.377221833449965
../data/satellite/aqua/2020/20200226_AQUA.jpg,2020-02-26,0.08820853743876837,0.5979006298110566,0.31389083275017493
../data/satellite/aqua/2020/20200227_AQUA.jpg,2020-02-27,0.09296710986703989,0.6427221833449965,0.2643107067879636
../data/satellite/aqua/2020/20200228_AQUA.jpg,2020-02-28,0.11102169349195241,0.5825402379286214,0.3064380685794262
../data/satellite/aqua/2020/20200229_AQUA.jpg,2020-02-29,0.11445066480055983,0.6102169349195241,0.275332400279916
../data/satellite/aqua/2020/20200301_AQUA.jpg,2020-03-01,0.06994401679496151,0.6669699090272918,0.26308607417774665
../data/satellite/aqua/2020/20200302_AQUA.jpg,2020-03-02,0.04846046186144157,0.7197340797760672,0.23180545836249125
../data/satellite/aqua/2020/20200303_AQUA.jpg,2020-03-03,0.03687893631910427,0.7389783065080476,0.22414275717284815
../data/satellite/aqua/2020/20200307_AQUA.jpg,2020-03-07,0.16301609517144858,0.4127361791462561,0.4242477256822953
../data/satellite/aqua/2020/20200308_AQUA.jpg,2020-03-08,0.1032890132960112,0.4944366689993002,0.4022743177046886
../data/satellite/aqua/2020/20200310_AQUA.jpg,2020-03-10,0.07872638208537439,0.7145906228131561,0.20668299510146956
../data/satellite/aqua/2020/20200311_AQUA.jpg,2020-03-11,0.0682295311406578,0.5945066480055983,0.3372638208537439
../data/satellite/aqua/2020/20200313_AQUA.jpg,2020-03-13,0.11494051784464661,0.46420573827851647,0.42085374387683694
../data/satellite/aqua/2020/20200314_AQUA.jpg,2020-03-14,0.08365990202939118,0.5365990202939118,0.379741077676697
../data/satellite/aqua/2020/20200316_AQUA.jpg,2020-03-16,0.054198740377886634,0.6104618614415676,0.3353393981805458
../data/satellite/aqua/2020/20200317_AQUA.jpg,2020-03-17,0.03593421973407978,0.5844296710986704,0.3796361091672498
../data/satellite/aqua/2020/20200318_AQUA.jpg,2020-03-18,0.15668299510146955,0.5011196641007698,0.34219734079776065
../data/satellite/aqua/2020/20200321_AQUA.jpg,2020-03-21,0.07732680195941218,0.629076277116865,0.29359692092372286
../data/satellite/aqua/2020/20200322_AQUA.jpg,2020-03-22,0.20699790062981105,0.6386983904828551,0.1543037088873338
../data/satellite/aqua/2020/20200323_AQUA.jpg,2020-03-23,0.11130160951714485,0.569559132260322,0.31913925822253325
../data/satellite/aqua/2020/20200324_AQUA.jpg,2020-03-24,0.1255073477956613,0.5355843247025892,0.3389083275017495
../data/satellite/aqua/2020/20200325_AQUA.jpg,2020-03-25,0.18002099370188943,0.41896431070678797,0.4010146955913226
../data/satellite/aqua/2020/20200326_AQUA.jpg,2020-03-26,0.19191742477256823,0.4846745976207138,0.32340797760671797
../data/satellite/aqua/2020/20200327_AQUA.jpg,2020-03-27,0.2632260321903429,0.4344996501049685,0.3022743177046886
../data/satellite/aqua/2020/20200328_AQUA.jpg,2020-03-28,0.1408327501749475,0.6353393981805459,0.22382785164450664
../data/satellite/aqua/2020/20200329_AQUA.jpg,2020-03-29,0.14674597620713786,0.26273617914625613,0.5905178446466061
../data/satellite/aqua/2020/20200330_AQUA.jpg,2020-03-30,0.16623512946116165,0.5058782365290413,0.32788663400979706
../data/satellite/aqua/2020/20200331_AQUA.jpg,2020-03-31,0.024387683694891533,0.6541287613715885,0.32148355493351993
../data/satellite/aqua/2020/20200401_AQUA.jpg,2020-04-01,0.09226731980405878,0.7282365290412877,0.17949615115465362
../data/satellite/aqua/2020/20200402_AQUA.jpg,2020-04-02,0.11850944716585024,0.627151854443667,0.25433869839048284
../data/satellite/aqua/2020/20200403_AQUA.jpg,2020-04-03,0.14944016794961512,0.649370188943317,0.20118964310706788
../data/satellite/aqua/2020/20200404_AQUA.jpg,2020-04-04,0.2325402379286214,0.6220433869839048,0.14541637508747376
../data/satellite/aqua/2020/20200405_AQUA.jpg,2020-04-05,0.09020293911826452,0.6415325402379286,0.26826452064380685
../data/satellite/aqua/2020/20200406_AQUA.jpg,2020-04-06,0.3931420573827852,0.477851644506648,0.12900629811056682
../data/satellite/aqua/2020/20200407_AQUA.jpg,2020-04-07,0.13922323303009096,0.5335199440167949,0.3272568229531141
../data/satellite/aqua/2020/20200408_AQUA.jpg,2020-04-08,0.28376487053883837,0.5050734779566131,0.21116165150454863
../data/satellite/aqua/2020/20200409_AQUA.jpg,2020-04-09,0.3616864940517845,0.46319104268719385,0.17512246326102168
../data/satellite/aqua/2020/20200410_AQUA.jpg,2020-04-10,0.3622813156053184,0.4510846745976207,0.18663400979706088
../data/satellite/aqua/2020/20200411_AQUA.jpg,2020-04-11,0.353184044786564,0.4127361791462561,0.23407977606717983
../data/satellite/aqua/2020/20200412_AQUA.jpg,2020-04-12,0.017564730580825753,0.6525542337298811,0.3298810356892932
../data/satellite/aqua/2020/20200413_AQUA.jpg,2020-04-13,0.1943666899930021,0.5048635409377187,0.3007697690692792
../data/satellite/aqua/2020/20200414_AQUA.jpg,2020-04-14,0.20314905528341498,0.44198740377886636,0.35486354093771866
../data/satellite/aqua/2020/20200415_AQUA.jpg,2020-04-15,0.35332400279916026,0.4965360391882435,0.15013995801259622
../data/satellite/aqua/2020/20200416_AQUA.jpg,2020-04-16,0.10549335199440169,0.3975157452764171,0.4969909027291812
../data/satellite/aqua/2020/20200417_AQUA.jpg,2020-04-17,0.47515745276417076,0.4456962911126662,0.07914625612316305
../data/satellite/aqua/2020/20200418_AQUA.jpg,2020-04-18,0.20566829951014695,0.5239678096571029,0.2703638908327502
../data/satellite/aqua/2020/20200419_AQUA.jpg,2020-04-19,0.31731980405878235,0.49877536738978306,0.18390482855143456
../data/satellite/aqua/2020/20200420_AQUA.jpg,2020-04-20,0.13023093072078376,0.4251224632610217,0.44464660601819456
../data/satellite/aqua/2020/20200421_AQUA.jpg,2020-04-21,0.4201189643107068,0.40206438068579425,0.17781665500349894
../data/satellite/aqua/2020/20200422_AQUA.jpg,2020-04-22,0.5306508047585724,0.3787263820853744,0.09062281315605318
../data/satellite/aqua/2020/20200424_AQUA.jpg,2020-04-24,0.32883135059482155,0.32652204338698393,0.3446466060181945
../data/satellite/aqua/2020/20200425_AQUA.jpg,2020-04-25,0.10699790062981106,0.5646256123163051,0.32837648705388384
../data/satellite/aqua/2020/20200426_AQUA.jpg,2020-04-26,0.33859342197340797,0.4014345696291113,0.25997200839748075
../data/satellite/aqua/2020/20200427_AQUA.jpg,2020-04-27,0.03551434569629111,0.6529741077676697,0.3115115465360392
../data/satellite/aqua/2020/20200428_AQUA.jpg,2020-04-28,0.17396780965710287,0.5846745976207138,0.24135759272218335
../data/satellite/aqua/2020/20200429_AQUA.jpg,2020-04-29,0.41060181945416374,0.4320503848845346,0.1573477956613016
../data/satellite/aqua/2020/20200430_AQUA.jpg,2020-04-30,0.31315605318404477,0.42781665500349897,0.25902729181245626
../data/satellite/aqua/2020/20200501_AQUA.jpg,2020-05-01,0.09293212036389083,0.5173897830650804,0.3896780965710287
../data/satellite/aqua/2020/20200502_AQUA.jpg,2020-05-02,0.2579776067179846,0.5124912526242127,0.22953114065780267
../data/satellite/aqua/2020/20200503_AQUA.jpg,2020-05-03,0.21147655703289014,0.3459412176347096,0.44258222533240027
../data/satellite/aqua/2020/20200504_AQUA.jpg,2020-05-04,0.11039188243526941,0.7086074177746676,0.18100069979006297
../data/satellite/aqua/2020/20200505_AQUA.jpg,2020-05-05,0.25433869839048284,0.5122463261021694,0.2334149755073478
../data/satellite/aqua/2020/20200506_AQUA.jpg,2020-05-06,0.08491952414275718,0.43096571028691394,0.4841147655703289
../data/satellite/aqua/2020/20200507_AQUA.jpg,2020-05-07,0.33848845346396084,0.4207487753673898,0.24076277116864941
../data/satellite/aqua/2020/20200508_AQUA.jpg,2020-05-08,0.44394681595521346,0.3777116864940518,0.17834149755073478
../data/satellite/aqua/2020/20200509_AQUA.jpg,2020-05-09,0.28054583624912527,0.2633659902029391,0.4560881735479356
../data/satellite/aqua/2020/20200510_AQUA.jpg,2020-05-10,0.26546536039188245,0.34996501049685097,0.38456962911126663
../data/satellite/aqua/2020/20200511_AQUA.jpg,2020-05-11,0.24884534639608116,0.4124912526242127,0.3386634009797061
../data/satellite/aqua/2020/20200512_AQUA.jpg,2020-05-12,0.6093421973407978,0.25951714485654304,0.1311406578026592
../data/satellite/aqua/2020/20200513_AQUA.jpg,2020-05-13,0.09713086074177747,0.683519944016795,0.21934919524142757
../data/satellite/aqua/2020/20200514_AQUA.jpg,2020-05-14,0.08876836948915326,0.48659902029391183,0.42463261021693494
../data/satellite/aqua/2020/20200515_AQUA.jpg,2020-05-15,0.0582925122463261,0.4593421973407978,0.4823652904128761
../data/satellite/aqua/2020/20200516_AQUA.jpg,2020-05-16,0.06172148355493352,0.7060881735479356,0.23219034289713086
../data/satellite/aqua/2020/20200517_AQUA.jpg,2020-05-17,0.4555283414975507,0.24380685794261722,0.300664800559832
../data/satellite/aqua/2020/20200518_AQUA.jpg,2020-05-18,0.5917424772568229,0.21273617914625612,0.19552134359692092
../data/satellite/aqua/2020/20200519_AQUA.jpg,2020-05-19,0.05948215535339398,0.38037088873338,0.560146955913226
../data/satellite/aqua/2020/20200520_AQUA.jpg,2020-05-20,0.11452064380685795,0.5773268019594122,0.3081525542337299
../data/satellite/aqua/2020/20200521_AQUA.jpg,2020-05-21,0.5889433170048985,0.2191742477256823,0.19188243526941917
../data/satellite/aqua/2020/20200522_AQUA.jpg,2020-05-22,0.5046186144156753,0.15958712386284116,0.3357942617214836
../data/satellite/aqua/2020/20200523_AQUA.jpg,2020-05-23,0.26585024492652204,0.6100069979006298,0.12414275717284814
../data/satellite/aqua/2020/20200524_AQUA.jpg,2020-05-24,0.20034989503149056,0.6103568929321204,0.18929321203638907
../data/satellite/aqua/2020/20200525_AQUA.jpg,2020-05-25,0.08002099370188943,0.5662001399580125,0.353778866340098
../data/satellite/aqua/2020/20200526_AQUA.jpg,2020-05-26,0.2642757172848146,0.38421973407977605,0.35150454863540936
../data/satellite/aqua/2020/20200527_AQUA.jpg,2020-05-27,0.14877536738978306,0.49111266620013994,0.360111966410077
../data/satellite/aqua/2020/20200528_AQUA.jpg,2020-05-28,0.05706787963610917,0.5273268019594122,0.4156053184044787
../data/satellite/aqua/2020/20200529_AQUA.jpg,2020-05-29,0.14293212036389083,0.5663051084674597,0.2907627711686494
../data/satellite/aqua/2020/20200530_AQUA.jpg,2020-05-30,0.2705038488453464,0.5337998600419874,0.1956962911126662
../data/satellite/aqua/2020/20200531_AQUA.jpg,2020-05-31,0.2456263121063681,0.3900279916025192,0.3643456962911127
../data/satellite/aqua/2020/20200601_AQUA.jpg,2020-06-01,0.1072078376487054,0.4324702589223233,0.46032190342897134
../data/satellite/aqua/2020/20200602_AQUA.jpg,2020-06-02,0.29510146955913225,0.2975857242827152,0.4073128061581526
../data/satellite/aqua/2020/20200603_AQUA.jpg,2020-06-03,0.3401679496151155,0.41389083275017496,0.24594121763470958
../data/satellite/aqua/2020/20200604_AQUA.jpg,2020-06-04,0.8710286913925822,0.05517844646606018,0.07379286214135759
../data/satellite/aqua/2020/20200605_AQUA.jpg,2020-06-05,0.1668999300209937,0.414555633310007,0.4185444366689993
../data/satellite/aqua/2020/20200606_AQUA.jpg,2020-06-06,0.11084674597620714,0.4628061581525542,0.42634709587123865
../data/satellite/aqua/2020/20200607_AQUA.jpg,2020-06-07,0.05293911826452064,0.47218334499650105,0.4748775367389783
../data/satellite/aqua/2020/20200608_AQUA.jpg,2020-06-08,0.12340797760671798,0.4529041287613716,0.42368789363191045
../data/satellite/aqua/2020/20200609_AQUA.jpg,2020-06-09,0.12547235829251224,0.5965010496850944,0.27802659202239327
../data/satellite/aqua/2020/20200610_AQUA.jpg,2020-06-10,0.050314905528341496,0.6225332400279916,0.3271518544436669
../data/satellite/aqua/2020/20200612_AQUA.jpg,2020-06-12,0.31431070678796363,0.3343946815955213,0.35129461161651504
../data/satellite/aqua/2020/20200613_AQUA.jpg,2020-06-13,0.47207837648705386,0.3302659202239328,0.1976557032890133
../data/satellite/aqua/2020/20200614_AQUA.jpg,2020-06-14,0.09972008397480756,0.5349195241427571,0.36536039188243524
../data/satellite/aqua/2020/20200615_AQUA.jpg,2020-06-15,0.31084674597620715,0.3560181945416375,0.3331350594821553
../data/satellite/aqua/2020/20200616_AQUA.jpg,2020-06-16,0.40342897130860744,0.3743526941917425,0.22221833449965012
../data/satellite/aqua/2020/20200617_AQUA.jpg,2020-06-17,0.1182295311406578,0.6143806857942617,0.2673897830650805
../data/satellite/aqua/2020/20200618_AQUA.jpg,2020-06-18,0.10678796361091672,0.5145206438068579,0.37869139258222534
../data/satellite/aqua/2020/20200619_AQUA.jpg,2020-06-19,0.6225682295311407,0.19251224632610217,0.18491952414275717
../data/satellite/aqua/2020/20200620_AQUA.jpg,2020-06-20,0.23617914625612316,0.5351994401679496,0.22862141357592722
../data/satellite/aqua/2020/20200621_AQUA.jpg,2020-06-21,0.31123163051084674,0.39300209937018893,0.29576627011896434
../data/satellite/aqua/2020/20200622_AQUA.jpg,2020-06-22,0.35010496850944717,0.3657452764170749,0.28414975507347795
../data/satellite/aqua/2020/20200623_AQUA.jpg,2020-06-23,0.7374037788663401,0.14338698390482854,0.11920923722883135
../data/satellite/aqua/2020/20200624_AQUA.jpg,2020-06-24,0.016375087473757873,0.43554933519944017,0.548075577326802
../data/satellite/aqua/2020/20200625_AQUA.jpg,2020-06-25,0.09940517844646606,0.6046885934219735,0.29590622813156053
../data/satellite/aqua/2020/20200626_AQUA.jpg,2020-06-26,0.26098670398880336,0.514555633310007,0.22445766270118964
../data/satellite/aqua/2020/20200627_AQUA.jpg,2020-06-27,0.1799860041987404,0.5065430370888734,0.3134709587123863
../data/satellite/aqua/2020/20200628_AQUA.jpg,2020-06-28,0.4004898530440868,0.34825052484254726,0.251259622113366
../data/satellite/aqua/2020/20200629_AQUA.jpg,2020-06-29,0.1979006298110567,0.33435969209237226,0.467739678096571
../data/satellite/aqua/2020/20200630_AQUA.jpg,2020-06-30,0.3592722183344996,0.24842547235829252,0.39230230930720783
../data/satellite/aqua/2020/20200701_AQUA.jpg,2020-07-01,0.7795661301609517,0.03219034289713086,0.18824352694191743
../data/satellite/aqua/2020/20200702_AQUA.jpg,2020-07-02,0.8092722183344997,0.08628411476557032,0.10444366689993002
../data/satellite/aqua/2020/20200703_AQUA.jpg,2020-07-03,0.05969209237228831,0.4766270118964311,0.46368089573128063
../data/satellite/aqua/2020/20200704_AQUA.jpg,2020-07-04,0.09639608117564731,0.5543386983904829,0.3492652204338698
../data/satellite/aqua/2020/20200705_AQUA.jpg,2020-07-05,0.08026592022393282,0.6251924422673198,0.2945416375087474
../data/satellite/aqua/2020/20200706_AQUA.jpg,2020-07-06,0.07991602519244227,0.5924772568229532,0.3276067179846046
../data/satellite/aqua/2020/20200707_AQUA.jpg,2020-07-07,0.17904128761371588,0.5287613715885234,0.29219734079776066
../data/satellite/aqua/2020/20200708_AQUA.jpg,2020-07-08,0.2746326102169349,0.35598320503848846,0.3693841847445766
../data/satellite/aqua/2020/20200709_AQUA.jpg,2020-07-09,0.06396081175647306,0.5334149755073478,0.40262421273617915
../data/satellite/aqua/2020/20200710_AQUA.jpg,2020-07-10,0.22172848145556334,0.5630860741777467,0.21518544436669
../data/satellite/aqua/2020/20200711_AQUA.jpg,2020-07-11,0.8157452764170748,0.07095871238628411,0.11329601119664101
../data/satellite/aqua/2020/20200712_AQUA.jpg,2020-07-12,0.09237228831350595,0.49555633310006997,0.41207137858642406
../data/satellite/aqua/2020/20200713_AQUA.jpg,2020-07-13,0.10549335199440169,0.5731630510846746,0.32134359692092374
../data/satellite/aqua/2020/20200714_AQUA.jpg,2020-07-14,0.44338698390482856,0.3370888733379986,0.21952414275717286
../data/satellite/aqua/2020/20200715_AQUA.jpg,2020-07-15,0.08845346396081176,0.4488453463960812,0.4627011896431071
../data/satellite/aqua/2020/20200716_AQUA.jpg,2020-07-16,0.4365640307907628,0.2763820853743877,0.28705388383484953
../data/satellite/aqua/2020/20200717_AQUA.jpg,2020-07-17,0.8761021693491953,0.017109867039888035,0.10678796361091672
../data/satellite/aqua/2020/20200718_AQUA.jpg,2020-07-18,0.6523442967109867,0.1086074177746676,0.2390482855143457
../data/satellite/aqua/2020/20200719_AQUA.jpg,2020-07-19,0.5485304408677397,0.2413925822253324,0.21007697690692792
../data/satellite/aqua/2020/20200720_AQUA.jpg,2020-07-20,0.596815955213436,0.22256822953114067,0.18061581525542336
../data/satellite/aqua/2020/20200721_AQUA.jpg,2020-07-21,0.15986703988803358,0.5450314905528342,0.29510146955913225
../data/satellite/aqua/2020/20200722_AQUA.jpg,2020-07-22,0.38271518544436667,0.3961511546536039,0.22113365990202938
../data/satellite/aqua/2020/20200723_AQUA.jpg,2020-07-23,0.3970608817354794,0.273407977606718,0.32953114065780265
../data/satellite/aqua/2020/20200724_AQUA.jpg,2020-07-24,0.05794261721483555,0.5987753673897831,0.3432820153953814
../data/satellite/aqua/2020/20200725_AQUA.jpg,2020-07-25,0.1755073477956613,0.34758572428271517,0.47690692792162354
../data/satellite/aqua/2020/20200726_AQUA.jpg,2020-07-26,0.10139958012596222,0.49359692092372287,0.4050034989503149
../data/satellite/aqua/2020/20200727_AQUA.jpg,2020-07-27,0.11046186144156753,0.5773617914625613,0.3121763470958712
../data/satellite/aqua/2020/20200728_AQUA.jpg,2020-07-28,0.2499300209937019,0.4466410076976907,0.3034289713086074
../data/satellite/aqua/2020/20200729_AQUA.jpg,2020-07-29,0.15535339398180545,0.44079776067179843,0.4038488453463961
../data/satellite/aqua/2020/20200730_AQUA.jpg,2020-07-30,0.80444366689993,0.1301259622113366,0.06543037088873338
../data/satellite/aqua/2020/20200731_AQUA.jpg,2020-07-31,0.31567529741077677,0.525962211336599,0.15836249125262422
../data/satellite/aqua/2020/20200801_AQUA.jpg,2020-08-01,0.7381385584324702,0.16382085374387684,0.09804058782365291
../data/satellite/aqua/2020/20200802_AQUA.jpg,2020-08-02,0.6073477956613016,0.27435269419174246,0.11829951014695592
../data/satellite/aqua/2020/20200803_AQUA.jpg,2020-08-03,0.09667599720083975,0.7099020293911826,0.1934219734079776
../data/satellite/aqua/2020/20200804_AQUA.jpg,2020-08-04,0.4833449965010497,0.29853044086773967,0.21812456263121063
../data/satellite/aqua/2020/20200805_AQUA.jpg,2020-08-05,0.6247375787263821,0.23222533240027993,0.143037088873338
../data/satellite/aqua/2020/20200806_AQUA.jpg,2020-08-06,0.11864940517844647,0.7135409377186844,0.16780965710286913
../data/satellite/aqua/2020/20200807_AQUA.jpg,2020-08-07,0.2179146256123163,0.4377886634009797,0.344296710986704
../data/satellite/aqua/2020/20200808_AQUA.jpg,2020-08-08,0.2906578026592022,0.41084674597620713,0.2984954513645906
../data/satellite/aqua/2020/20200809_AQUA.jpg,2020-08-09,0.4855143456962911,0.2448215535339398,0.26966410076976904
../data/satellite/aqua/2020/20200810_AQUA.jpg,2020-08-10,0.6926522043386983,0.1665850244926522,0.1407627711686494
../data/satellite/aqua/2020/20200811_AQUA.jpg,2020-08-11,0.48540937718684396,0.2701189643107068,0.24447165850244926
../data/satellite/aqua/2020/20200812_AQUA.jpg,2020-08-12,0.19212736179146256,0.5451714485654303,0.26270118964310707
../data/satellite/aqua/2020/20200813_AQUA.jpg,2020-08-13,0.06284114765570328,0.540482855143457,0.39667599720083974
../data/satellite/aqua/2020/20200814_AQUA.jpg,2020-08-14,0.781070678796361,0.09856543037088873,0.12036389083275018
../data/satellite/aqua/2020/20200815_AQUA.jpg,2020-08-15,0.7386634009797061,0.09443666899930021,0.1668999300209937
../data/satellite/aqua/2020/20200816_AQUA.jpg,2020-08-16,0.910111966410077,0.04111266620013996,0.04877536738978307
../data/satellite/aqua/2020/20200817_AQUA.jpg,2020-08-17,0.910111966410077,0.04111266620013996,0.04877536738978307
../data/satellite/aqua/2020/20200818_AQUA.jpg,2020-08-18,0.910111966410077,0.04111266620013996,0.04877536738978307
../data/satellite/aqua/2020/20200819_AQUA.jpg,2020-08-19,0.910111966410077,0.04111266620013996,0.04877536738978307
../data/satellite/aqua/2020/20200820_AQUA.jpg,2020-08-20,0.910111966410077,0.04111266620013996,0.04877536738978307
../data/satellite/aqua/2020/20200821_AQUA.jpg,2020-08-21,0.910111966410077,0.04111266620013996,0.04877536738978307
../data/satellite/aqua/2020/20200822_AQUA.jpg,2020-08-22,0.910111966410077,0.04111266620013996,0.04877536738978307
../data/satellite/aqua/2020/20200823_AQUA.jpg,2020-08-23,0.910111966410077,0.04111266620013996,0.04877536738978307
../data/satellite/aqua/2020/20200824_AQUA.jpg,2020-08-24,0.910111966410077,0.04111266620013996,0.04877536738978307
../data/satellite/aqua/2020/20200825_AQUA.jpg,2020-08-25,0.910111966410077,0.04111266620013996,0.04877536738978307
../data/satellite/aqua/2020/20200826_AQUA.jpg,2020-08-26,0.910111966410077,0.04111266620013996,0.04877536738978307
../data/satellite/aqua/2020/20200827_AQUA.jpg,2020-08-27,0.910111966410077,0.04111266620013996,0.04877536738978307
../data/satellite/aqua/2020/20200828_AQUA.jpg,2020-08-28,0.910111966410077,0.04111266620013996,0.04877536738978307
../data/satellite/aqua/2020/20200829_AQUA.jpg,2020-08-29,0.910111966410077,0.04111266620013996,0.04877536738978307
../data/satellite/aqua/2020/20200830_AQUA.jpg,2020-08-30,0.910111966410077,0.04111266620013996,0.04877536738978307
../data/satellite/aqua/2020/20200831_AQUA.jpg,2020-08-31,0.910111966410077,0.04111266620013996,0.04877536738978307
../data/satellite/aqua/2020/20200901_AQUA.jpg,2020-09-01,0.910111966410077,0.04111266620013996,0.04877536738978307
../data/satellite/aqua/2020/20200902_AQUA.jpg,2020-09-02,0.910111966410077,0.04111266620013996,0.04877536738978307
../data/satellite/aqua/2020/20200903_AQUA.jpg,2020-09-03,0.6273967809657103,0.20010496850944717,0.17249825052484255
../data/satellite/aqua/2020/20200904_AQUA.jpg,2020-09-04,0.6096221133659901,0.11053184044786564,0.27984604618614417
../data/satellite/aqua/2020/20200905_AQUA.jpg,2020-09-05,0.4634009797060882,0.25776766969909026,0.27883135059482156
../data/satellite/aqua/2020/20200906_AQUA.jpg,2020-09-06,0.20311406578026592,0.4557732680195941,0.34111266620013997
../data/satellite/aqua/2020/20200907_AQUA.jpg,2020-09-07,0.09408677396780965,0.5761371588523443,0.32977606717984603
../data/satellite/aqua/2020/20200908_AQUA.jpg,2020-09-08,0.910111966410077,0.04111266620013996,0.04877536738978307
../data/satellite/aqua/2020/20200909_AQUA.jpg,2020-09-09,0.8182645206438068,0.032750174947515746,0.1489853044086774
../data/satellite/aqua/2020/20200910_AQUA.jpg,2020-09-10,0.11623512946116166,0.4906578026592022,0.3931070678796361
../data/satellite/aqua/2020/20200911_AQUA.jpg,2020-09-11,0.7397480755773268,0.11910426871938419,0.14114765570328902
../data/satellite/aqua/2020/20200912_AQUA.jpg,2020-09-12,0.43820853743876836,0.412036389083275,0.1497550734779566
../data/satellite/aqua/2020/20200913_AQUA.jpg,2020-09-13,0.46668999300209935,0.21913925822253325,0.3141707487753674
../data/satellite/aqua/2020/20200914_AQUA.jpg,2020-09-14,0.8719384184744576,0.025717284814555635,0.1023442967109867
../data/satellite/aqua/2020/20200915_AQUA.jpg,2020-09-15,0.897445766270119,0.008082575227431771,0.09447165850244926
../data/satellite/aqua/2020/20200916_AQUA.jpg,2020-09-16,0.11826452064380685,0.5065080475857243,0.37522743177046886
../data/satellite/aqua/2020/20200917_AQUA.jpg,2020-09-17,0.2141707487753674,0.5727081875437369,0.21312106368089573
../data/satellite/aqua/2020/20200918_AQUA.jpg,2020-09-18,0.910111966410077,0.04111266620013996,0.04877536738978307
../data/satellite/aqua/2020/20200919_AQUA.jpg,2020-09-19,0.7181595521343597,0.17970608817354794,0.10213435969209238
../data/satellite/aqua/2020/20200920_AQUA.jpg,2020-09-20,0.38317004898530443,0.241777466759972,0.3750524842547236
../data/satellite/aqua/2020/20200921_AQUA.jpg,2020-09-21,0.24433170048985303,0.3562631210636809,0.39940517844646606
../data/satellite/aqua/2020/20200922_AQUA.jpg,2020-09-22,0.6276067179846047,0.19608117564730582,0.17631210636808958
../data/satellite/aqua/2020/20200923_AQUA.jpg,2020-09-23,0.6339398180545837,0.16375087473757874,0.20230930720783766
../data/satellite/aqua/2020/20200924_AQUA.jpg,2020-09-24,0.7413575927221834,0.05437368789363191,0.20426871938418475
../data/satellite/aqua/2020/20200925_AQUA.jpg,2020-09-25,0.16616515045486355,0.45167949615115466,0.3821553533939818
../data/satellite/aqua/2020/20200926_AQUA.jpg,2020-09-26,0.1059482155353394,0.5237228831350594,0.3703289013296011
../data/satellite/aqua/2020/20200927_AQUA.jpg,2020-09-27,0.5898180545836249,0.1808957312806158,0.22928621413575928
../data/satellite/aqua/2020/20200928_AQUA.jpg,2020-09-28,0.351889433170049,0.2587823652904129,0.3893282015395381
../data/satellite/aqua/2020/20200929_AQUA.jpg,2020-09-29,0.6019594121763471,0.19090272918124562,0.20713785864240727
../data/satellite/aqua/2020/20200930_AQUA.jpg,2020-09-30,0.7506648005598321,0.14002799160251925,0.1093072078376487
../data/satellite/aqua/2020/20201001_AQUA.jpg,2020-10-01,0.9020993701889434,0.009062281315605318,0.08883834849545136
../data/satellite/aqua/2020/20201002_AQUA.jpg,2020-10-02,0.1305108467459762,0.42176347095871236,0.4477256822953114
../data/satellite/aqua/2020/20201003_AQUA.jpg,2020-10-03,0.18820853743876836,0.4331700489853044,0.3786214135759272
../data/satellite/aqua/2020/20201004_AQUA.jpg,2020-10-04,0.4261371588523443,0.41857942617214833,0.15528341497550735
../data/satellite/aqua/2020/20201005_AQUA.jpg,2020-10-05,0.2762421273617915,0.4939818054583625,0.22977606717984606
../data/satellite/aqua/2020/20201006_AQUA.jpg,2020-10-06,0.27242827151854443,0.12211336599020294,0.6054583624912526
../data/satellite/aqua/2020/20201007_AQUA.jpg,2020-10-07,0.47102869139258224,0.2984604618614416,0.23051084674597622
../data/satellite/aqua/2020/20201008_AQUA.jpg,2020-10-08,0.7253324002799161,0.13327501749475157,0.1413925822253324
../data/satellite/aqua/2020/20201009_AQUA.jpg,2020-10-09,0.3728831350594822,0.31927921623512945,0.3078376487053884
../data/satellite/aqua/2020/20201010_AQUA.jpg,2020-10-10,0.15584324702589222,0.4800559832050385,0.3641007697690693
../data/satellite/aqua/2020/20201011_AQUA.jpg,2020-10-11,0.5397480755773268,0.28988803358992304,0.17036389083275016
../data/satellite/aqua/2020/20201012_AQUA.jpg,2020-10-12,0.6134359692092373,0.14982505248425473,0.23673897830650806
../data/satellite/aqua/2020/20201013_AQUA.jpg,2020-10-13,0.17459762071378587,0.5038488453463961,0.32155353393981806
../data/satellite/aqua/2020/20201014_AQUA.jpg,2020-10-14,0.6748775367389783,0.20258922323303008,0.1225332400279916
../data/satellite/aqua/2020/20201015_AQUA.jpg,2020-10-15,0.2762771168649405,0.4073128061581526,0.31641007697690693
../data/satellite/aqua/2020/20201016_AQUA.jpg,2020-10-16,0.12326801959412176,0.3516794961511547,0.5250524842547236
../data/satellite/aqua/2020/20201017_AQUA.jpg,2020-10-17,0.18187543736878936,0.3153254023792862,0.5027991602519244
../data/satellite/aqua/2020/20201018_AQUA.jpg,2020-10-18,0.3340447865640308,0.2470258922323303,0.4189293212036389
../data/satellite/aqua/2020/20201019_AQUA.jpg,2020-10-19,0.12123862841147656,0.4625962211336599,0.4161651504548635
../data/satellite/aqua/2020/20201020_AQUA.jpg,2020-10-20,0.311371588523443,0.1668999300209937,0.5217284814555634
../data/satellite/aqua/2020/20201021_AQUA.jpg,2020-10-21,0.23320503848845348,0.39478656403079077,0.37200839748075576
../data/satellite/aqua/2020/20201022_AQUA.jpg,2020-10-22,0.07813156053184045,0.5160951714485654,0.4057732680195941
../data/satellite/aqua/2020/20201023_AQUA.jpg,2020-10-23,0.39730580825752276,0.2808257522743177,0.3218684394681596
../data/satellite/aqua/2020/20201024_AQUA.jpg,2020-10-24,0.30230930720783766,0.2745276417074878,0.4231630510846746
../data/satellite/aqua/2020/20201025_AQUA.jpg,2020-10-25,0.6106368089573128,0.15192442267319803,0.23743876836948916
../data/satellite/aqua/2020/20201026_AQUA.jpg,2020-10-26,0.21018194541637508,0.40528341497550735,0.38453463960811757
../data/satellite/aqua/2020/20201027_AQUA.jpg,2020-10-27,0.5298810356892932,0.176592022393282,0.2935269419174248
../data/satellite/aqua/2020/20201028_AQUA.jpg,2020-10-28,0.4235479356193142,0.35668299510146956,0.21976906927921624
../data/satellite/aqua/2020/20201029_AQUA.jpg,2020-10-29,0.2029041287613716,0.24202239328201539,0.555073477956613
../data/satellite/aqua/2020/20201030_AQUA.jpg,2020-10-30,0.28820853743876834,0.4691042687193842,0.24268719384184745
../data/satellite/aqua/2020/20201031_AQUA.jpg,2020-10-31,0.31245626312106367,0.3258222533240028,0.3617214835549335
../data/satellite/aqua/2020/20201101_AQUA.jpg,2020-11-01,0.47263820853743876,0.39471658502449264,0.13264520643806857
../data/satellite/aqua/2020/20201102_AQUA.jpg,2020-11-02,0.24870538838348497,0.352519244226732,0.3987753673897831
../data/satellite/aqua/2020/20201103_AQUA.jpg,2020-11-03,0.746885934219734,0.1902379286214136,0.06287613715885235
../data/satellite/aqua/2020/20201104_AQUA.jpg,2020-11-04,0.7842197340797761,0.15010496850944716,0.06567529741077677
../data/satellite/aqua/2020/20201105_AQUA.jpg,2020-11-05,0.7185094471658502,0.0787963610916725,0.20269419174247727
../data/satellite/aqua/2020/20201106_AQUA.jpg,2020-11-06,0.8647305808257523,0.04667599720083975,0.08859342197340797
../data/satellite/aqua/2020/20201107_AQUA.jpg,2020-11-07,0.885409377186844,0.03806857942617215,0.0765220433869839
../data/satellite/aqua/2020/20201108_AQUA.jpg,2020-11-08,0.910111966410077,0.04111266620013996,0.04877536738978307
../data/satellite/aqua/2020/20201109_AQUA.jpg,2020-11-09,0.910111966410077,0.04111266620013996,0.04877536738978307
../data/satellite/aqua/2020/20201110_AQUA.jpg,2020-11-10,0.910111966410077,0.04111266620013996,0.04877536738978307
../data/satellite/aqua/2020/20201111_AQUA.jpg,2020-11-11,0.910111966410077,0.04111266620013996,0.04877536738978307
../data/satellite/aqua/2020/20201112_AQUA.jpg,2020-11-12,0.910111966410077,0.04111266620013996,0.04877536738978307
../data/satellite/aqua/2020/20201113_AQUA.jpg,2020-11-13,0.910111966410077,0.04111266620013996,0.04877536738978307
../data/satellite/aqua/2020/20201114_AQUA.jpg,2020-11-14,0.910111966410077,0.04111266620013996,0.04877536738978307
../data/satellite/aqua/2020/20201115_AQUA.jpg,2020-11-15,0.910111966410077,0.04111266620013996,0.04877536738978307
../data/satellite/aqua/2020/20201116_AQUA.jpg,2020-11-16,0.910111966410077,0.04111266620013996,0.04877536738978307
../data/satellite/aqua/2020/20201117_AQUA.jpg,2020-11-17,0.910111966410077,0.04111266620013996,0.04877536738978307
../data/satellite/aqua/2020/20201118_AQUA.jpg,2020-11-18,0.910111966410077,0.04111266620013996,0.04877536738978307
../data/satellite/aqua/2020/20201119_AQUA.jpg,2020-11-19,0.910111966410077,0.04111266620013996,0.04877536738978307
../data/satellite/aqua/2020/20201120_AQUA.jpg,2020-11-20,0.910111966410077,0.04111266620013996,0.04877536738978307
../data/satellite/aqua/2020/20201121_AQUA.jpg,2020-11-21,0.910111966410077,0.04111266620013996,0.04877536738978307
../data/satellite/aqua/2020/20201122_AQUA.jpg,2020-11-22,0.910111966410077,0.04111266620013996,0.04877536738978307
../data/satellite/aqua/2020/20201123_AQUA.jpg,2020-11-23,0.910111966410077,0.04111266620013996,0.04877536738978307
../data/satellite/aqua/2020/20201124_AQUA.jpg,2020-11-24,0.910111966410077,0.04111266620013996,0.04877536738978307
../data/satellite/aqua/2020/20201125_AQUA.jpg,2020-11-25,0.910111966410077,0.04111266620013996,0.04877536738978307
../data/satellite/aqua/2020/20201126_AQUA.jpg,2020-11-26,0.910111966410077,0.04111266620013996,0.04877536738978307
../data/satellite/aqua/2020/20201127_AQUA.jpg,2020-11-27,0.910111966410077,0.04111266620013996,0.04877536738978307
../data/satellite/aqua/2020/20201128_AQUA.jpg,2020-11-28,0.910111966410077,0.04111266620013996,0.04877536738978307
../data/satellite/aqua/2020/20201129_AQUA.jpg,2020-11-29,0.910111966410077,0.04111266620013996,0.04877536738978307
../data/satellite/aqua/2020/20201130_AQUA.jpg,2020-11-30,0.910111966410077,0.04111266620013996,0.04877536738978307
../data/satellite/aqua/2020/20201201_AQUA.jpg,2020-12-01,0.910111966410077,0.04111266620013996,0.04877536738978307
../data/satellite/aqua/2020/20201202_AQUA.jpg,2020-12-02,0.910111966410077,0.04111266620013996,0.04877536738978307
../data/satellite/aqua/2020/20201203_AQUA.jpg,2020-12-03,0.910111966410077,0.04111266620013996,0.04877536738978307
../data/satellite/aqua/2020/20201204_AQUA.jpg,2020-12-04,0.910111966410077,0.04111266620013996,0.04877536738978307
../data/satellite/aqua/2020/20201205_AQUA.jpg,2020-12-05,0.910111966410077,0.04111266620013996,0.04877536738978307
../data/satellite/aqua/2020/20201206_AQUA.jpg,2020-12-06,0.910111966410077,0.04111266620013996,0.04877536738978307
../data/satellite/aqua/2020/20201207_AQUA.jpg,2020-12-07,0.910111966410077,0.04111266620013996,0.04877536738978307
../data/satellite/aqua/2020/20201208_AQUA.jpg,2020-12-08,0.910111966410077,0.04111266620013996,0.04877536738978307
../data/satellite/aqua/2020/20201209_AQUA.jpg,2020-12-09,0.910111966410077,0.04111266620013996,0.04877536738978307
../data/satellite/aqua/2020/20201210_AQUA.jpg,2020-12-10,0.910111966410077,0.04111266620013996,0.04877536738978307
../data/satellite/aqua/2020/20201211_AQUA.jpg,2020-12-11,0.910111966410077,0.04111266620013996,0.04877536738978307
../data/satellite/aqua/2020/20201212_AQUA.jpg,2020-12-12,0.910111966410077,0.04111266620013996,0.04877536738978307
../data/satellite/aqua/2020/20201213_AQUA.jpg,2020-12-13,0.910111966410077,0.04111266620013996,0.04877536738978307
../data/satellite/aqua/2020/20201214_AQUA.jpg,2020-12-14,0.910111966410077,0.04111266620013996,0.04877536738978307
../data/satellite/aqua/2020/20201215_AQUA.jpg,2020-12-15,0.910111966410077,0.04111266620013996,0.04877536738978307
../data/satellite/aqua/2020/20201216_AQUA.jpg,2020-12-16,0.910111966410077,0.04111266620013996,0.04877536738978307
../data/satellite/aqua/2020/20201217_AQUA.jpg,2020-12-17,0.910111966410077,0.04111266620013996,0.04877536738978307
../data/satellite/aqua/2020/20201218_AQUA.jpg,2020-12-18,0.910111966410077,0.04111266620013996,0.04877536738978307
../data/satellite/aqua/2020/20201219_AQUA.jpg,2020-12-19,0.910111966410077,0.04111266620013996,0.04877536738978307
../data/satellite/aqua/2020/20201220_AQUA.jpg,2020-12-20,0.910111966410077,0.04111266620013996,0.04877536738978307
../data/satellite/aqua/2020/20201221_AQUA.jpg,2020-12-21,0.910111966410077,0.04111266620013996,0.04877536738978307
../data/satellite/aqua/2020/20201222_AQUA.jpg,2020-12-22,0.910111966410077,0.04111266620013996,0.04877536738978307
../data/satellite/aqua/2020/20201223_AQUA.jpg,2020-12-23,0.910111966410077,0.04111266620013996,0.04877536738978307
../data/satellite/aqua/2020/20201224_AQUA.jpg,2020-12-24,0.910111966410077,0.04111266620013996,0.04877536738978307
../data/satellite/aqua/2020/20201225_AQUA.jpg,2020-12-25,0.910111966410077,0.04111266620013996,0.04877536738978307
../data/satellite/aqua/2020/20201226_AQUA.jpg,2020-12-26,0.910111966410077,0.04111266620013996,0.04877536738978307
../data/satellite/aqua/2020/20201227_AQUA.jpg,2020-12-27,0.910111966410077,0.04111266620013996,0.04877536738978307
../data/satellite/aqua/2020/20201228_AQUA.jpg,2020-12-28,0.910111966410077,0.04111266620013996,0.04877536738978307
../data/satellite/aqua/2020/20201229_AQUA.jpg,2020-12-29,0.910111966410077,0.04111266620013996,0.04877536738978307
../data/satellite/aqua/2020/20201230_AQUA.jpg,2020-12-30,0.910111966410077,0.04111266620013996,0.04877536738978307
../data/satellite/aqua/2020/20201231_AQUA.jpg,2020-12-31,0.910111966410077,0.04111266620013996,0.04877536738978307
../data/satellite/aqua/2021/20210101_AQUA.jpg,2021-01-01,0.910111966410077,0.04111266620013996,0.04877536738978307
../data/satellite/aqua/2021/20210102_AQUA.jpg,2021-01-02,0.910111966410077,0.04111266620013996,0.04877536738978307
../data/satellite/aqua/2021/20210103_AQUA.jpg,2021-01-03,0.910111966410077,0.04111266620013996,0.04877536738978307
../data/satellite/aqua/2021/20210104_AQUA.jpg,2021-01-04,0.910111966410077,0.04111266620013996,0.04877536738978307
../data/satellite/aqua/2021/20210105_AQUA.jpg,2021-01-05,0.910111966410077,0.04111266620013996,0.04877536738978307
../data/satellite/aqua/2021/20210106_AQUA.jpg,2021-01-06,0.910111966410077,0.04111266620013996,0.04877536738978307
../data/satellite/aqua/2021/20210107_AQUA.jpg,2021-01-07,0.910111966410077,0.04111266620013996,0.04877536738978307
../data/satellite/aqua/2021/20210108_AQUA.jpg,2021-01-08,0.910111966410077,0.04111266620013996,0.04877536738978307
../data/satellite/aqua/2021/20210109_AQUA.jpg,2021-01-09,0.910111966410077,0.04111266620013996,0.04877536738978307
../data/satellite/aqua/2021/20210110_AQUA.jpg,2021-01-10,0.910111966410077,0.04111266620013996,0.04877536738978307
../data/satellite/aqua/2021/20210111_AQUA.jpg,2021-01-11,0.910111966410077,0.04111266620013996,0.04877536738978307
../data/satellite/aqua/2021/20210112_AQUA.jpg,2021-01-12,0.910111966410077,0.04111266620013996,0.04877536738978307
../data/satellite/aqua/2021/20210113_AQUA.jpg,2021-01-13,0.910111966410077,0.04111266620013996,0.04877536738978307
../data/satellite/aqua/2021/20210115_AQUA.jpg,2021-01-15,0.910111966410077,0.04111266620013996,0.04877536738978307
../data/satellite/aqua/2021/20210116_AQUA.jpg,2021-01-16,0.910111966410077,0.04111266620013996,0.04877536738978307
../data/satellite/aqua/2021/20210117_AQUA.jpg,2021-01-17,0.910111966410077,0.04111266620013996,0.04877536738978307
../data/satellite/aqua/2021/20210118_AQUA.jpg,2021-01-18,0.910111966410077,0.04111266620013996,0.04877536738978307
../data/satellite/aqua/2021/20210119_AQUA.jpg,2021-01-19,0.910111966410077,0.04111266620013996,0.04877536738978307
../data/satellite/aqua/2021/20210120_AQUA.jpg,2021-01-20,0.910111966410077,0.04111266620013996,0.04877536738978307
../data/satellite/aqua/2021/20210121_AQUA.jpg,2021-01-21,0.910111966410077,0.04111266620013996,0.04877536738978307
../data/satellite/aqua/2021/20210122_AQUA.jpg,2021-01-22,0.910111966410077,0.04111266620013996,0.04877536738978307
../data/satellite/aqua/2021/20210123_AQUA.jpg,2021-01-23,0.910111966410077,0.04111266620013996,0.04877536738978307
../data/satellite/aqua/2021/20210124_AQUA.jpg,2021-01-24,0.910111966410077,0.04111266620013996,0.04877536738978307
../data/satellite/aqua/2021/20210125_AQUA.jpg,2021-01-25,0.910111966410077,0.04111266620013996,0.04877536738978307
../data/satellite/aqua/2021/20210126_AQUA.jpg,2021-01-26,0.910111966410077,0.04111266620013996,0.04877536738978307
../data/satellite/aqua/2021/20210127_AQUA.jpg,2021-01-27,0.910111966410077,0.04111266620013996,0.04877536738978307
../data/satellite/aqua/2021/20210128_AQUA.jpg,2021-01-28,0.910111966410077,0.04111266620013996,0.04877536738978307
../data/satellite/aqua/2021/20210129_AQUA.jpg,2021-01-29,0.910111966410077,0.04111266620013996,0.04877536738978307
../data/satellite/aqua/2021/20210130_AQUA.jpg,2021-01-30,0.910111966410077,0.04111266620013996,0.04877536738978307
../data/satellite/aqua/2021/20210131_AQUA.jpg,2021-01-31,0.910111966410077,0.04111266620013996,0.04877536738978307
../data/satellite/aqua/2021/20210201_AQUA.jpg,2021-02-01,0.910111966410077,0.04111266620013996,0.04877536738978307
../data/satellite/aqua/2021/20210202_AQUA.jpg,2021-02-02,0.910111966410077,0.04111266620013996,0.04877536738978307
../data/satellite/aqua/2021/20210203_AQUA.jpg,2021-02-03,0.8534639608117565,0.07893631910426872,0.0675997200839748
../data/satellite/aqua/2021/20210204_AQUA.jpg,2021-02-04,0.7182995101469559,0.23407977606717983,0.047620713785864244
../data/satellite/aqua/2021/20210205_AQUA.jpg,2021-02-05,0.6244926522043387,0.3124212736179146,0.06308607417774667
../data/satellite/aqua/2021/20210206_AQUA.jpg,2021-02-06,0.5025542337298811,0.34758572428271517,0.14986004198740377
../data/satellite/aqua/2021/20210207_AQUA.jpg,2021-02-07,0.23446466060181945,0.5484604618614416,0.21707487753673899
../data/satellite/aqua/2021/20210208_AQUA.jpg,2021-02-08,0.2111966410076977,0.49573128061581523,0.2930720783764871
../data/satellite/aqua/2021/20210209_AQUA.jpg,2021-02-09,0.2877886634009797,0.49370188943317006,0.21850944716585025
../data/satellite/aqua/2021/20210210_AQUA.jpg,2021-02-10,0.28149055283414975,0.49363191042687193,0.2248775367389783
../data/satellite/aqua/2021/20210211_AQUA.jpg,2021-02-11,0.30440867739678096,0.5185444366689993,0.17704688593421974
../data/satellite/aqua/2021/20210212_AQUA.jpg,2021-02-12,0.20370888733379985,0.5053184044786564,0.2909727081875437
../data/satellite/aqua/2021/20210214_AQUA.jpg,2021-02-14,0.12281315605318405,0.45213435969209237,0.4250524842547236
../data/satellite/aqua/2021/20210215_AQUA.jpg,2021-02-15,0.198110566829951,0.4098670398880336,0.3920223932820154
../data/satellite/aqua/2021/20210216_AQUA.jpg,2021-02-16,0.07949615115465361,0.43369489153254026,0.48680895731280616
../data/satellite/aqua/2021/20210217_AQUA.jpg,2021-02-17,0.07232330300909727,0.5360041987403779,0.39167249825052486
../data/satellite/aqua/2021/20210218_AQUA.jpg,2021-02-18,0.29331700489853046,0.4656752974107768,0.2410076976906928
../data/satellite/aqua/2021/20210219_AQUA.jpg,2021-02-19,0.07130860741777467,0.5423372988103569,0.3863540937718684
../data/satellite/aqua/2021/20210220_AQUA.jpg,2021-02-20,0.04625612316305108,0.5214835549335199,0.43226032190342895
../data/satellite/aqua/2021/20210221_AQUA.jpg,2021-02-21,0.07400279916025193,0.5627011896431071,0.363296011196641
../data/satellite/aqua/2021/20210222_AQUA.jpg,2021-02-22,0.07939118264520643,0.5368439468159553,0.38376487053883834
../data/satellite/aqua/2021/20210223_AQUA.jpg,2021-02-23,0.05566829951014696,0.41000699790062983,0.5343247025892233
../data/satellite/aqua/2021/20210224_AQUA.jpg,2021-02-24,0.30230930720783766,0.5428621413575927,0.15482855143456964
../data/satellite/aqua/2021/20210225_AQUA.jpg,2021-02-25,0.06648005598320504,0.7486354093771869,0.1848845346396081
../data/satellite/aqua/2021/20210226_AQUA.jpg,2021-02-26,0.11717984604618614,0.6103568929321204,0.2724632610216935
../data/satellite/aqua/2021/20210227_AQUA.jpg,2021-02-27,0.29149755073477956,0.3636459062281316,0.34485654303708885
../data/satellite/aqua/2021/20210301_AQUA.jpg,2021-03-01,0.10654303708887333,0.4320503848845346,0.461406578026592
../data/satellite/aqua/2021/20210302_AQUA.jpg,2021-03-02,0.14401679496151154,0.43110566829951014,0.4248775367389783
../data/satellite/aqua/2021/20210303_AQUA.jpg,2021-03-03,0.18149055283414975,0.3905878236529041,0.4279216235129461
../data/satellite/aqua/2021/20210304_AQUA.jpg,2021-03-04,0.3021693491952414,0.617704688593422,0.0801259622113366
../data/satellite/aqua/2021/20210305_AQUA.jpg,2021-03-05,0.13565430370888734,0.5616864940517845,0.3026592022393282
../data/satellite/aqua/2021/20210306_AQUA.jpg,2021-03-06,0.20878236529041289,0.33631910426871936,0.45489853044086775
../data/satellite/aqua/2021/20210308_AQUA.jpg,2021-03-08,0.11511546536039188,0.6017144856543037,0.2831700489853044
../data/satellite/aqua/2021/20210309_AQUA.jpg,2021-03-09,0.04013296011196641,0.6368789363191043,0.3229881035689293
../data/satellite/aqua/2021/20210310_AQUA.jpg,2021-03-10,0.1155003498950315,0.5286564030790762,0.3558432470258922
../data/satellite/aqua/2021/20210312_AQUA.jpg,2021-03-12,0.3122113365990203,0.49629111266620013,0.19149755073477956
../data/satellite/aqua/2021/20210314_AQUA.jpg,2021-03-14,0.08834849545136458,0.6581175647305808,0.2535339398180546
../data/satellite/aqua/2021/20210315_AQUA.jpg,2021-03-15,0.05780265920223933,0.5427221833449966,0.3994751574527642
../data/satellite/aqua/2021/20210316_AQUA.jpg,2021-03-16,0.1300559832050385,0.47592722183345,0.39401679496151154
../data/satellite/aqua/2021/20210317_AQUA.jpg,2021-03-17,0.2940517844646606,0.5431070678796361,0.1628411476557033
../data/satellite/aqua/2021/20210318_AQUA.jpg,2021-03-18,0.17466759972008397,0.39583624912526244,0.4294961511546536
../data/satellite/aqua/2021/20210319_AQUA.jpg,2021-03-19,0.29153254023792863,0.48887333799860044,0.21959412176347096
../data/satellite/aqua/2021/20210320_AQUA.jpg,2021-03-20,0.10486354093771869,0.6302659202239328,0.2648705388383485
../data/satellite/aqua/2021/20210321_AQUA.jpg,2021-03-21,0.071518544436669,0.6853743876836949,0.2431070678796361
../data/satellite/aqua/2021/20210322_AQUA.jpg,2021-03-22,0.29142757172848144,0.5677046885934219,0.14086773967809657
../data/satellite/aqua/2021/20210323_AQUA.jpg,2021-03-23,0.29149755073477956,0.5046885934219734,0.20381385584324702
../data/satellite/aqua/2021/20210324_AQUA.jpg,2021-03-24,0.11745976207137859,0.5153603918824353,0.36717984604618614
../data/satellite/aqua/2021/20210325_AQUA.jpg,2021-03-25,0.29149755073477956,0.5637158852344297,0.14478656403079077
../data/satellite/aqua/2021/20210326_AQUA.jpg,2021-03-26,0.024072778166550034,0.7235829251224632,0.2523442967109867
../data/satellite/aqua/2021/20210327_AQUA.jpg,2021-03-27,0.29153254023792863,0.5754023792862142,0.13306508047585724
../data/satellite/aqua/2021/20210328_AQUA.jpg,2021-03-28,0.026277116864940518,0.6952064380685794,0.27851644506648005
../data/satellite/aqua/2021/20210329_AQUA.jpg,2021-03-29,0.05241427571728481,0.5760321903428971,0.37155353393981805
../data/satellite/aqua/2021/20210330_AQUA.jpg,2021-03-30,0.18887333799860043,0.3779216235129461,0.4332050384884535
../data/satellite/aqua/2021/20210331_AQUA.jpg,2021-03-31,0.048915325402379285,0.7105668299510147,0.24051784464660603
../data/satellite/aqua/2021/20210401_AQUA.jpg,2021-04-01,0.027256822953114067,0.6599720083974807,0.3127711686494052
../data/satellite/aqua/2021/20210402_AQUA.jpg,2021-04-02,0.057312806158152554,0.7678796361091672,0.1748075577326802
../data/satellite/aqua/2021/20210403_AQUA.jpg,2021-04-03,0.05787263820853744,0.7238628411476558,0.21826452064380686
../data/satellite/aqua/2021/20210404_AQUA.jpg,2021-04-04,0.07176347095871238,0.703743876836949,0.2244926522043387
../data/satellite/aqua/2021/20210405_AQUA.jpg,2021-04-05,0.14986004198740377,0.5434919524142757,0.3066480055983205
../data/satellite/aqua/2021/20210407_AQUA.jpg,2021-04-07,0.0407627711686494,0.7521693491952415,0.20706787963610918
../data/satellite/aqua/2021/20210409_AQUA.jpg,2021-04-09,0.14762071378586425,0.3959412176347096,0.45643806857942615
../data/satellite/aqua/2021/20210410_AQUA.jpg,2021-04-10,0.19352694191742478,0.40402379286214135,0.4024492652204339
../data/satellite/aqua/2021/20210411_AQUA.jpg,2021-04-11,0.11070678796361091,0.6211686494051785,0.26812456263121065
../data/satellite/aqua/2021/20210412_AQUA.jpg,2021-04-12,0.1317704688593422,0.4013296011196641,0.4668999300209937
../data/satellite/aqua/2021/20210414_AQUA.jpg,2021-04-14,0.07438768369489153,0.6830650804758572,0.24254723582925122
../data/satellite/aqua/2021/20210415_AQUA.jpg,2021-04-15,0.04986004198740378,0.74555633310007,0.20458362491252624
../data/satellite/aqua/2021/20210417_AQUA.jpg,2021-04-17,0.13337998600419873,0.3959062281315605,0.47071378586424073
../data/satellite/aqua/2021/20210419_AQUA.jpg,2021-04-19,0.08757872638208537,0.6557732680195941,0.2566480055983205
../data/satellite/aqua/2021/20210420_AQUA.jpg,2021-04-20,0.09345696291112666,0.6527291812456263,0.253813855843247
../data/satellite/aqua/2021/20210421_AQUA.jpg,2021-04-21,0.0820853743876837,0.7103918824352694,0.2075227431770469
../data/satellite/aqua/2021/20210422_AQUA.jpg,2021-04-22,0.08446466060181945,0.6509797060881736,0.264555633310007
../data/satellite/aqua/2021/20210423_AQUA.jpg,2021-04-23,0.06277116864940518,0.6836599020293912,0.2535689293212036
../data/satellite/aqua/2021/20210424_AQUA.jpg,2021-04-24,0.12484254723582926,0.5716235129461161,0.3035339398180546
../data/satellite/aqua/2021/20210425_AQUA.jpg,2021-04-25,0.10244926522043386,0.6095521343596921,0.287998600419874
../data/satellite/aqua/2021/20210426_AQUA.jpg,2021-04-26,0.14195241427571728,0.4858292512246326,0.3722183344996501
../data/satellite/aqua/2021/20210427_AQUA.jpg,2021-04-27,0.02799160251924423,0.606333100069979,0.36567529741077676
../data/satellite/aqua/2021/20210428_AQUA.jpg,2021-04-28,0.07319804058782366,0.6937368789363191,0.23306508047585725
../data/satellite/aqua/2021/20210429_AQUA.jpg,2021-04-29,0.12242827151854443,0.7282365290412877,0.14933519944016796
../data/satellite/aqua/2021/20210430_AQUA.jpg,2021-04-30,0.10325402379286214,0.7059832050384884,0.1907627711686494
../data/satellite/aqua/2021/20210501_AQUA.jpg,2021-05-01,0.16686494051784465,0.6790062981105668,0.1541287613715885
../data/satellite/aqua/2021/20210502_AQUA.jpg,2021-05-02,0.1934219734079776,0.6211686494051785,0.18540937718684394
../data/satellite/aqua/2021/20210503_AQUA.jpg,2021-05-03,0.23009097270818754,0.5621063680895731,0.20780265920223934
../data/satellite/aqua/2021/20210505_AQUA.jpg,2021-05-05,0.22004898530440867,0.6054933519944017,0.17445766270118965
../data/satellite/aqua/2021/20210506_AQUA.jpg,2021-05-06,0.06969909027291812,0.7002799160251925,0.23002099370188944
../data/satellite/aqua/2021/20210507_AQUA.jpg,2021-05-07,0.08509447165850245,0.6383484954513646,0.27655703289013295
../data/satellite/aqua/2021/20210508_AQUA.jpg,2021-05-08,0.2989853044086774,0.5750174947515745,0.12599720083974808
../data/satellite/aqua/2021/20210510_AQUA.jpg,2021-05-10,0.07480755773268019,0.6115465360391883,0.31364590622813154
../data/satellite/aqua/2021/20210511_AQUA.jpg,2021-05-11,0.19650104968509446,0.4113365990202939,0.39216235129461163
../data/satellite/aqua/2021/20210512_AQUA.jpg,2021-05-12,0.10958712386284115,0.6872988103568929,0.20311406578026592
../data/satellite/aqua/2021/20210513_AQUA.jpg,2021-05-13,0.0907627711686494,0.6679846046186144,0.2412526242127362
../data/satellite/aqua/2021/20210514_AQUA.jpg,2021-05-14,0.17092372288313507,0.6976557032890133,0.13142057382785163
../data/satellite/aqua/2021/20210515_AQUA.jpg,2021-05-15,0.20500349895031492,0.6947515745276417,0.10024492652204339
../data/satellite/aqua/2021/20210516_AQUA.jpg,2021-05-16,0.03159552134359692,0.7085374387683695,0.2598670398880336
../data/satellite/aqua/2021/20210517_AQUA.jpg,2021-05-17,0.08764870538838349,0.7177746675997201,0.19457662701189643
../data/satellite/aqua/2021/20210519_AQUA.jpg,2021-05-19,0.15717284814555632,0.6597970608817355,0.1830300909727082
../data/satellite/aqua/2021/20210520_AQUA.jpg,2021-05-20,0.11368089573128061,0.6338698390482855,0.25244926522043387
../data/satellite/aqua/2021/20210521_AQUA.jpg,2021-05-21,0.716410076976907,0.24055283414975506,0.043037088873338
../data/satellite/aqua/2021/20210523_AQUA.jpg,2021-05-23,0.31074177746675996,0.5073128061581526,0.1819454163750875
../data/satellite/aqua/2021/20210524_AQUA.jpg,2021-05-24,0.21616515045486354,0.44489153254023794,0.33894331700489855
../data/satellite/aqua/2021/20210525_AQUA.jpg,2021-05-25,0.0904478656403079,0.581000699790063,0.3285514345696291
../data/satellite/aqua/2021/20210526_AQUA.jpg,2021-05-26,0.6606368089573128,0.28953813855843247,0.04982505248425472
../data/satellite/aqua/2021/20210527_AQUA.jpg,2021-05-27,0.5388033589923024,0.2689293212036389,0.19226731980405878
../data/satellite/aqua/2021/20210528_AQUA.jpg,2021-05-28,0.5167599720083975,0.285444366689993,0.19779566130160953
../data/satellite/aqua/2021/20210529_AQUA.jpg,2021-05-29,0.3141707487753674,0.4199440167949615,0.2658852344296711
../data/satellite/aqua/2021/20210530_AQUA.jpg,2021-05-30,0.11049685094471659,0.6665150454863541,0.2229881035689293
../data/satellite/aqua/2021/20210531_AQUA.jpg,2021-05-31,0.12939118264520644,0.49720083974807555,0.373407977606718
../data/satellite/aqua/2021/20210601_AQUA.jpg,2021-06-01,0.14636109167249825,0.3269419174247726,0.5266969909027291
../data/satellite/aqua/2021/20210603_AQUA.jpg,2021-06-03,0.4943666899930021,0.20073477956613017,0.30489853044086773
../data/satellite/aqua/2021/20210604_AQUA.jpg,2021-06-04,0.440482855143457,0.1953114065780266,0.36420573827851643
../data/satellite/aqua/2021/20210605_AQUA.jpg,2021-06-05,0.8009447165850245,0.12036389083275018,0.07869139258222534
../data/satellite/aqua/2021/20210606_AQUA.jpg,2021-06-06,0.7687193841847446,0.11976906927921624,0.11151154653603919
../data/satellite/aqua/2021/20210607_AQUA.jpg,2021-06-07,0.6570328901329601,0.17015395381385584,0.17281315605318404
../data/satellite/aqua/2021/20210608_AQUA.jpg,2021-06-08,0.7756822953114065,0.08432470258922323,0.13999300209937018
../data/satellite/aqua/2021/20210609_AQUA.jpg,2021-06-09,0.8154303708887334,0.08407977606717984,0.10048985304408678
../data/satellite/aqua/2021/20210610_AQUA.jpg,2021-06-10,0.21641007697690692,0.5207137858642408,0.26287613715885233
../data/satellite/aqua/2021/20210611_AQUA.jpg,2021-06-11,0.032365290412876134,0.6104618614415676,0.35717284814555633
../data/satellite/aqua/2021/20210612_AQUA.jpg,2021-06-12,0.6823652904128762,0.1900629811056683,0.12757172848145557
../data/satellite/aqua/2021/20210613_AQUA.jpg,2021-06-13,0.05895731280615815,0.6052484254723582,0.3357942617214836
../data/satellite/aqua/2021/20210614_AQUA.jpg,2021-06-14,0.2,0.46861441567529744,0.3313855843247026
../data/satellite/aqua/2021/20210615_AQUA.jpg,2021-06-15,0.19149755073477956,0.5564380685794261,0.2520643806857943
../data/satellite/aqua/2021/20210616_AQUA.jpg,2021-06-16,0.11021693491952414,0.5403428971308607,0.34944016794961513
../data/satellite/aqua/2021/20210618_AQUA.jpg,2021-06-18,0.5337998600419874,0.2489153254023793,0.2172848145556333
../data/satellite/aqua/2021/20210619_AQUA.jpg,2021-06-19,0.7750874737578727,0.09604618614415675,0.1288663400979706
../data/satellite/aqua/2021/20210620_AQUA.jpg,2021-06-20,0.8238278516445067,0.051609517144856544,0.1245626312106368
../data/satellite/aqua/2021/20210621_AQUA.jpg,2021-06-21,0.5332750174947516,0.26490552834149755,0.20181945416375088
../data/satellite/aqua/2021/20210622_AQUA.jpg,2021-06-22,0.8699090272918124,0.01630510846745976,0.11378586424072779
../data/satellite/aqua/2021/20210623_AQUA.jpg,2021-06-23,0.7136109167249826,0.10223932820153954,0.18414975507347794
../data/satellite/aqua/2021/20210624_AQUA.jpg,2021-06-24,0.7055983205038489,0.19716585024492653,0.09723582925122463
../data/satellite/aqua/2021/20210625_AQUA.jpg,2021-06-25,0.16529041287613716,0.6079426172148356,0.22676696990902728
../data/satellite/aqua/2021/20210626_AQUA.jpg,2021-06-26,0.07932120363890832,0.5857242827151854,0.3349545136459062
../data/satellite/aqua/2021/20210627_AQUA.jpg,2021-06-27,0.2308257522743177,0.49307207837648703,0.27610216934919524
../data/satellite/aqua/2021/20210628_AQUA.jpg,2021-06-28,0.7479006298110566,0.18869839048285514,0.06340097970608817
../data/satellite/aqua/2021/20210629_AQUA.jpg,2021-06-29,0.15622813156053184,0.40979706088173545,0.43397480755773266
../data/satellite/aqua/2021/20210630_AQUA.jpg,2021-06-30,0.16378586424072777,0.3417074877536739,0.49450664800559835
../data/satellite/aqua/2021/20210701_AQUA.jpg,2021-07-01,0.1468859342197341,0.4184744576627012,0.43463960811756475
../data/satellite/aqua/2021/20210702_AQUA.jpg,2021-07-02,0.08859342197340797,0.5356543037088873,0.3757522743177047
../data/satellite/aqua/2021/20210703_AQUA.jpg,2021-07-03,0.2244226731980406,0.23495451364590622,0.5406228131560532
../data/satellite/aqua/2021/20210704_AQUA.jpg,2021-07-04,0.1638558432470259,0.5042687193841847,0.3318754373687894
../data/satellite/aqua/2021/20210705_AQUA.jpg,2021-07-05,0.11018194541637509,0.4553184044786564,0.4344996501049685
../data/satellite/aqua/2021/20210706_AQUA.jpg,2021-07-06,0.18275017494751575,0.6235129461161651,0.1937368789363191
../data/satellite/aqua/2021/20210708_AQUA.jpg,2021-07-08,0.11109167249825053,0.5447865640307907,0.3441217634709587
../data/satellite/aqua/2021/20210709_AQUA.jpg,2021-07-09,0.25787263820853745,0.6364940517844646,0.1056333100069979
../data/satellite/aqua/2021/20210710_AQUA.jpg,2021-07-10,0.5212386284114766,0.2315255423372988,0.24723582925122464
../data/satellite/aqua/2021/20210711_AQUA.jpg,2021-07-11,0.8545486354093772,0.015185444366689994,0.13026592022393282
../data/satellite/aqua/2021/20210712_AQUA.jpg,2021-07-12,0.8837298810356893,0.012946116165150455,0.10332400279916025
../data/satellite/aqua/2021/20210713_AQUA.jpg,2021-07-13,0.08261021693491953,0.4887333799860042,0.42865640307907626
../data/satellite/aqua/2021/20210714_AQUA.jpg,2021-07-14,0.6588873337998601,0.29093771868439466,0.05017494751574528
../data/satellite/aqua/2021/20210715_AQUA.jpg,2021-07-15,0.5230930720783765,0.3527991602519244,0.1241077676696991
../data/satellite/aqua/2021/20210716_AQUA.jpg,2021-07-16,0.49489153254023793,0.3313156053184045,0.17379286214135758
../data/satellite/aqua/2021/20210717_AQUA.jpg,2021-07-17,0.1125962211336599,0.5171448565430371,0.370258922323303
../data/satellite/aqua/2021/20210718_AQUA.jpg,2021-07-18,0.21305108467459763,0.5338698390482856,0.25307907627711684
../data/satellite/aqua/2021/20210719_AQUA.jpg,2021-07-19,0.06829951014695591,0.5702939118264521,0.36140657802659204
../data/satellite/aqua/2021/20210720_AQUA.jpg,2021-07-20,0.1185444366689993,0.4255773268019594,0.4558782365290413
../data/satellite/aqua/2021/20210721_AQUA.jpg,2021-07-21,0.07358292512246326,0.5836948915325403,0.3427221833449965
../data/satellite/aqua/2021/20210722_AQUA.jpg,2021-07-22,0.06532540237928622,0.7104268719384185,0.2242477256822953
../data/satellite/aqua/2021/20210723_AQUA.jpg,2021-07-23,0.062351294611616516,0.5812456263121064,0.3564030790762771
../data/satellite/aqua/2021/20210724_AQUA.jpg,2021-07-24,0.3636808957312806,0.3218334499650105,0.3144856543037089
../data/satellite/aqua/2021/20210725_AQUA.jpg,2021-07-25,0.12830650804758573,0.42946116165150455,0.44223233030090975
../data/satellite/aqua/2021/20210726_AQUA.jpg,2021-07-26,0.11049685094471659,0.5032890132960112,0.3862141357592722
../data/satellite/aqua/2021/20210727_AQUA.jpg,2021-07-27,0.30811756473058083,0.37750174947515747,0.3143806857942617
../data/satellite/aqua/2021/20210728_AQUA.jpg,2021-07-28,0.6743177046885934,0.1780965710286914,0.14758572428271519
../data/satellite/aqua/2021/20210729_AQUA.jpg,2021-07-29,0.11434569629111267,0.47953114065780267,0.4061231630510847
../data/satellite/aqua/2021/20210730_AQUA.jpg,2021-07-30,0.841182645206438,0.027046885934219733,0.1317704688593422
../data/satellite/aqua/2021/20210731_AQUA.jpg,2021-07-31,0.618334499650105,0.09940517844646606,0.282260321903429
../data/satellite/aqua/2021/20210801_AQUA.jpg,2021-08-01,0.33047585724282713,0.35853743876836947,0.31098670398880335
../data/satellite/aqua/2021/20210802_AQUA.jpg,2021-08-02,0.6605318404478656,0.1503848845346396,0.18908327501749475
../data/satellite/aqua/2021/20210803_AQUA.jpg,2021-08-03,0.11606018194541637,0.5540937718684394,0.32984604618614416
../data/satellite/aqua/2021/20210804_AQUA.jpg,2021-08-04,0.797445766270119,0.06242127361791463,0.1401329601119664
../data/satellite/aqua/2021/20210805_AQUA.jpg,2021-08-05,0.3857592722183345,0.4647655703289013,0.14947515745276416
../data/satellite/aqua/2021/20210806_AQUA.jpg,2021-08-06,0.25500349895031493,0.43397480755773266,0.3110216934919524
../data/satellite/aqua/2021/20210807_AQUA.jpg,2021-08-07,0.5203289013296011,0.23495451364590622,0.24471658502449264
../data/satellite/aqua/2021/20210808_AQUA.jpg,2021-08-08,0.05157452764170749,0.5495801259622113,0.39884534639608116
../data/satellite/aqua/2021/20210809_AQUA.jpg,2021-08-09,0.42477256822953113,0.38121063680895734,0.19401679496151156
../data/satellite/aqua/2021/20210810_AQUA.jpg,2021-08-10,0.17967109867039888,0.36602519244226733,0.4543037088873338
../data/satellite/aqua/2021/20210811_AQUA.jpg,2021-08-11,0.06336599020293912,0.6674597620713786,0.26917424772568227
../data/satellite/aqua/2021/20210812_AQUA.jpg,2021-08-12,0.14926522043386983,0.522148355493352,0.32858642407277816
../data/satellite/aqua/2021/20210813_AQUA.jpg,2021-08-13,0.17263820853743878,0.35888733379986004,0.4684744576627012
../data/satellite/aqua/2021/20210814_AQUA.jpg,2021-08-14,0.035024492652204336,0.5299160251924423,0.4350594821553534
../data/satellite/aqua/2021/20210815_AQUA.jpg,2021-08-15,0.07372288313505948,0.5728831350594822,0.35339398180545833
../data/satellite/aqua/2021/20210816_AQUA.jpg,2021-08-16,0.24958012596221132,0.4008747375787264,0.34954513645906227
../data/satellite/aqua/2021/20210817_AQUA.jpg,2021-08-17,0.46686494051784466,0.23257522743177048,0.3005598320503849
../data/satellite/aqua/2021/20210818_AQUA.jpg,2021-08-18,0.3646955913226032,0.31511546536039187,0.3201889433170049
../data/satellite/aqua/2021/20210819_AQUA.jpg,2021-08-19,0.08799860041987403,0.5532540237928621,0.35874737578726384
../data/satellite/aqua/2021/20210820_AQUA.jpg,2021-08-20,0.3344296710986704,0.34629111266620016,0.31927921623512945
../data/satellite/aqua/2021/20210821_AQUA.jpg,2021-08-21,0.6822953114065781,0.12340797760671798,0.19429671098670398
../data/satellite/aqua/2021/20210822_AQUA.jpg,2021-08-22,0.5948565430370889,0.2884884534639608,0.11665500349895032
../data/satellite/aqua/2021/20210823_AQUA.jpg,2021-08-23,0.21371588523442966,0.4177746675997201,0.36850944716585027
../data/satellite/aqua/2021/20210824_AQUA.jpg,2021-08-24,0.2179846046186144,0.5318754373687894,0.2501399580125962
../data/satellite/aqua/2021/20210825_AQUA.jpg,2021-08-25,0.04314205738278516,0.6303009097270819,0.32655703289013294
../data/satellite/aqua/2021/20210826_AQUA.jpg,2021-08-26,0.054723582925122465,0.5392582225332401,0.4060181945416375
../data/satellite/aqua/2021/20210827_AQUA.jpg,2021-08-27,0.17767669699090272,0.4207487753673898,0.4015745276417075
../data/satellite/aqua/2021/20210828_AQUA.jpg,2021-08-28,0.24184744576627012,0.4327851644506648,0.32536738978306506
../data/satellite/aqua/2021/20210829_AQUA.jpg,2021-08-29,0.12813156053184044,0.5343946815955214,0.3374737578726382
../data/satellite/aqua/2021/20210830_AQUA.jpg,2021-08-30,0.2040587823652904,0.47883135059482157,0.317109867039888
../data/satellite/aqua/2021/20210831_AQUA.jpg,2021-08-31,0.2501049685094472,0.536074177746676,0.21382085374387683
../data/satellite/aqua/2021/20210901_AQUA.jpg,2021-09-01,0.7333799860041987,0.14142757172848144,0.1251924422673198
../data/satellite/aqua/2021/20210902_AQUA.jpg,2021-09-02,0.4619664100769769,0.3673547935619314,0.17067879636109168
../data/satellite/aqua/2021/20210903_AQUA.jpg,2021-09-03,0.1175997200839748,0.48523442967109864,0.3971658502449265
../data/satellite/aqua/2021/20210904_AQUA.jpg,2021-09-04,0.10465360391882435,0.49338698390482855,0.4019594121763471
../data/satellite/aqua/2021/20210905_AQUA.jpg,2021-09-05,0.09692092372288313,0.5917074877536739,0.311371588523443
../data/satellite/aqua/2021/20210906_AQUA.jpg,2021-09-06,0.08894331700489853,0.5193491952414275,0.3917074877536739
../data/satellite/aqua/2021/20210907_AQUA.jpg,2021-09-07,0.42932120363890836,0.2707137858642407,0.2999650104968509
../data/satellite/aqua/2021/20210908_AQUA.jpg,2021-09-08,0.23212036389083274,0.3229881035689293,0.44489153254023794
../data/satellite/aqua/2021/20210909_AQUA.jpg,2021-09-09,0.289853044086774,0.45640307907627714,0.25374387683694893
../data/satellite/aqua/2021/20210910_AQUA.jpg,2021-09-10,0.6004898530440868,0.15944716585024493,0.2400629811056683
../data/satellite/aqua/2021/20210911_AQUA.jpg,2021-09-11,0.6413925822253324,0.2544786564030791,0.10412876137158852
../data/satellite/aqua/2021/20210912_AQUA.jpg,2021-09-12,0.20437368789363192,0.5980055983205038,0.19762071378586424
../data/satellite/aqua/2021/20210913_AQUA.jpg,2021-09-13,0.16662001399580126,0.47428271518544435,0.35909727081875437
../data/satellite/aqua/2021/20210914_AQUA.jpg,2021-09-14,0.5447865640307907,0.25083974807557735,0.20437368789363192
../data/satellite/aqua/2021/20210915_AQUA.jpg,2021-09-15,0.20535339398180547,0.4876487053883835,0.3069979006298111
../data/satellite/aqua/2021/20210916_AQUA.jpg,2021-09-16,0.6263121063680895,0.1730230930720784,0.20066480055983205
../data/satellite/aqua/2021/20210917_AQUA.jpg,2021-09-17,0.41840447865640307,0.334184744576627,0.2474107767669699
../data/satellite/aqua/2021/20210918_AQUA.jpg,2021-09-18,0.5858642407277816,0.21480055983205038,0.19933519944016795
../data/satellite/aqua/2021/20210919_AQUA.jpg,2021-09-19,0.5431070678796361,0.28705388383484953,0.16983904828551435
../data/satellite/aqua/2021/20210920_AQUA.jpg,2021-09-20,0.18037088873337997,0.4755073477956613,0.3441217634709587
../data/satellite/aqua/2021/20210921_AQUA.jpg,2021-09-21,0.627256822953114,0.19135759272218333,0.1813855843247026
../data/satellite/aqua/2021/20210922_AQUA.jpg,2021-09-22,0.2551784464660602,0.3589223233030091,0.3858992302309307
../data/satellite/aqua/2021/20210923_AQUA.jpg,2021-09-23,0.26466060181945417,0.38509447165850247,0.35024492652204336
../data/satellite/aqua/2021/20210924_AQUA.jpg,2021-09-24,0.4511546536039188,0.3179146256123163,0.23093072078376486
../data/satellite/aqua/2021/20210925_AQUA.jpg,2021-09-25,0.4657802659202239,0.31707487753673896,0.21714485654303708
../data/satellite/aqua/2021/20210926_AQUA.jpg,2021-09-26,0.7421273617914625,0.14212736179146257,0.11574527641707488
../data/satellite/aqua/2021/20210927_AQUA.jpg,2021-09-27,0.812001399580126,0.06805458362491253,0.11994401679496151
../data/satellite/aqua/2021/20210928_AQUA.jpg,2021-09-28,0.8273268019594122,0.033519944016794964,0.13915325402379286
../data/satellite/aqua/2021/20210929_AQUA.jpg,2021-09-29,0.28180545836249127,0.35339398180545833,0.3648005598320504
../data/satellite/aqua/2021/20210930_AQUA.jpg,2021-09-30,0.12386284114765571,0.5152904128761372,0.36084674597620714
../data/satellite/aqua/2021/20211001_AQUA.jpg,2021-10-01,0.15209937018894332,0.39135759272218335,0.45654303708887334
../data/satellite/aqua/2021/20211002_AQUA.jpg,2021-10-02,0.22830650804758573,0.4085374387683695,0.3631560531840448
../data/satellite/aqua/2021/20211003_AQUA.jpg,2021-10-03,0.2046186144156753,0.172148355493352,0.6232330300909728
../data/satellite/aqua/2021/20211004_AQUA.jpg,2021-10-04,0.05465360391882435,0.7475157452764171,0.19783065080475856
../data/satellite/aqua/2021/20211005_AQUA.jpg,2021-10-05,0.3690692792162351,0.4287263820853744,0.2022043386983905
../data/satellite/aqua/2021/20211006_AQUA.jpg,2021-10-06,0.1926522043386984,0.6034639608117565,0.20388383484954514
../data/satellite/aqua/2021/20211007_AQUA.jpg,2021-10-07,0.5243177046885934,0.1112666200139958,0.36441567529741076
../data/satellite/aqua/2021/20211008_AQUA.jpg,2021-10-08,0.28782365290412876,0.3384534639608118,0.37372288313505947
../data/satellite/aqua/2021/20211009_AQUA.jpg,2021-10-09,0.15426871938418474,0.43372988103568927,0.41200139958012594
../data/satellite/aqua/2021/20211010_AQUA.jpg,2021-10-10,0.15909727081875438,0.28138558432470256,0.559517144856543
../data/satellite/aqua/2021/20211011_AQUA.jpg,2021-10-11,0.1089923023093072,0.5275367389783066,0.36347095871238627
../data/satellite/aqua/2021/20211012_AQUA.jpg,2021-10-12,0.1934219734079776,0.4884884534639608,0.3180895731280616
../data/satellite/aqua/2021/20211013_AQUA.jpg,2021-10-13,0.12774667599720083,0.5503498950314906,0.3219034289713086
../data/satellite/aqua/2021/20211014_AQUA.jpg,2021-10-14,0.07057382785164451,0.24219734079776067,0.6872288313505949
../data/satellite/aqua/2021/20211015_AQUA.jpg,2021-10-15,0.648670398880336,0.12718684394681595,0.22414275717284815
../data/satellite/aqua/2021/20211016_AQUA.jpg,2021-10-16,0.7059132260321903,0.05979706088173548,0.23428971308607419
../data/satellite/aqua/2021/20211017_AQUA.jpg,2021-10-17,0.4946815955213436,0.07802659202239329,0.42729181245626313
../data/satellite/aqua/2021/20211018_AQUA.jpg,2021-10-18,0.3769069279216235,0.29534639608117563,0.32774667599720086
../data/satellite/aqua/2021/20211019_AQUA.jpg,2021-10-19,0.10482855143456962,0.4482155353393982,0.4469559132260322
../data/satellite/aqua/2021/20211020_AQUA.jpg,2021-10-20,0.23950314905528342,0.3167949615115465,0.44370188943317007
../data/satellite/aqua/2021/20211021_AQUA.jpg,2021-10-21,0.27771168649405176,0.47141357592722183,0.25087473757872636
../data/satellite/aqua/2021/20211022_AQUA.jpg,2021-10-22,0.14310706787963612,0.5300209937018895,0.32687193841847445
../data/satellite/aqua/2021/20211023_AQUA.jpg,2021-10-23,0.2539188243526942,0.4144156752974108,0.331665500349895
../data/satellite/aqua/2021/20211024_AQUA.jpg,2021-10-24,0.2646256123163051,0.2758222533240028,0.4595521343596921
../data/satellite/aqua/2021/20211025_AQUA.jpg,2021-10-25,0.7466759972008398,0.10440867739678096,0.14891532540237928
../data/satellite/aqua/2021/20211026_AQUA.jpg,2021-10-26,0.2922673198040588,0.3212036389083275,0.38652904128761373
../data/satellite/aqua/2021/20211027_AQUA.jpg,2021-10-27,0.09688593421973409,0.40125962211336597,0.5018544436668999
../data/satellite/aqua/2021/20211028_AQUA.jpg,2021-10-28,0.2469559132260322,0.4663400979706088,0.286703988803359
../data/satellite/aqua/2021/20211029_AQUA.jpg,2021-10-29,0.6215885234429671,0.1735479356193142,0.2048635409377187
../data/satellite/aqua/2021/20211030_AQUA.jpg,2021-10-30,0.28068579426172147,0.27610216934919524,0.4432120363890833
../data/satellite/aqua/2021/20211031_AQUA.jpg,2021-10-31,0.24370188943317006,0.23995801259622113,0.5163400979706089
../data/satellite/aqua/2021/20211101_AQUA.jpg,2021-11-01,0.10157452764170749,0.6155003498950314,0.282925122463261
../data/satellite/aqua/2021/20211102_AQUA.jpg,2021-11-02,0.30598320503848847,0.4394331700489853,0.25458362491252623
../data/satellite/aqua/2021/20211103_AQUA.jpg,2021-11-03,0.3357592722183345,0.4264520643806858,0.2377886634009797
../data/satellite/aqua/2021/20211104_AQUA.jpg,2021-11-04,0.6829951014695591,0.2391182645206438,0.07788663400979706
../data/satellite/aqua/2021/20211105_AQUA.jpg,2021-11-05,0.6479706088173548,0.10395381385584325,0.24807557732680197
../data/satellite/aqua/2021/20211106_AQUA.jpg,2021-11-06,0.8353743876836949,0.09454163750874738,0.07008397480755774
../data/satellite/aqua/2021/20211107_AQUA.jpg,2021-11-07,0.8736878936319105,0.06609517144856543,0.060216934919524144
../data/satellite/aqua/2021/20211108_AQUA.jpg,2021-11-08,0.9271868439468159,0.0010496850944716584,0.07176347095871238
../data/satellite/aqua/2021/20211109_AQUA.jpg,2021-11-09,0.910111966410077,0.04111266620013996,0.04877536738978307
../data/satellite/aqua/2021/20211110_AQUA.jpg,2021-11-10,0.910111966410077,0.04111266620013996,0.04877536738978307
../data/satellite/aqua/2021/20211111_AQUA.jpg,2021-11-11,0.910111966410077,0.04111266620013996,0.04877536738978307
../data/satellite/aqua/2021/20211112_AQUA.jpg,2021-11-12,0.910111966410077,0.04111266620013996,0.04877536738978307
../data/satellite/aqua/2021/20211113_AQUA.jpg,2021-11-13,0.910111966410077,0.04111266620013996,0.04877536738978307
../data/satellite/aqua/2021/20211114_AQUA.jpg,2021-11-14,0.910111966410077,0.04111266620013996,0.04877536738978307
../data/satellite/aqua/2021/20211115_AQUA.jpg,2021-11-15,0.910111966410077,0.04111266620013996,0.04877536738978307
../data/satellite/aqua/2021/20211116_AQUA.jpg,2021-11-16,0.910111966410077,0.04111266620013996,0.04877536738978307
../data/satellite/aqua/2021/20211117_AQUA.jpg,2021-11-17,0.910111966410077,0.04111266620013996,0.04877536738978307
../data/satellite/aqua/2021/20211118_AQUA.jpg,2021-11-18,0.910111966410077,0.04111266620013996,0.04877536738978307
../data/satellite/aqua/2021/20211119_AQUA.jpg,2021-11-19,0.910111966410077,0.04111266620013996,0.04877536738978307
../data/satellite/aqua/2021/20211120_AQUA.jpg,2021-11-20,0.910111966410077,0.04111266620013996,0.04877536738978307
../data/satellite/aqua/2021/20211121_AQUA.jpg,2021-11-21,0.910111966410077,0.04111266620013996,0.04877536738978307
../data/satellite/aqua/2021/20211122_AQUA.jpg,2021-11-22,0.910111966410077,0.04111266620013996,0.04877536738978307
../data/satellite/aqua/2021/20211123_AQUA.jpg,2021-11-23,0.910111966410077,0.04111266620013996,0.04877536738978307
../data/satellite/aqua/2021/20211124_AQUA.jpg,2021-11-24,0.910111966410077,0.04111266620013996,0.04877536738978307
../data/satellite/aqua/2021/20211125_AQUA.jpg,2021-11-25,0.910111966410077,0.04111266620013996,0.04877536738978307
../data/satellite/aqua/2021/20211126_AQUA.jpg,2021-11-26,0.910111966410077,0.04111266620013996,0.04877536738978307
../data/satellite/aqua/2021/20211127_AQUA.jpg,2021-11-27,0.910111966410077,0.04111266620013996,0.04877536738978307
../data/satellite/aqua/2021/20211128_AQUA.jpg,2021-11-28,0.910111966410077,0.04111266620013996,0.04877536738978307
../data/satellite/aqua/2021/20211129_AQUA.jpg,2021-11-29,0.910111966410077,0.04111266620013996,0.04877536738978307
../data/satellite/aqua/2021/20211130_AQUA.jpg,2021-11-30,0.910111966410077,0.04111266620013996,0.04877536738978307
../data/satellite/aqua/2021/20211201_AQUA.jpg,2021-12-01,0.910111966410077,0.04111266620013996,0.04877536738978307
../data/satellite/aqua/2021/20211202_AQUA.jpg,2021-12-02,0.910111966410077,0.04111266620013996,0.04877536738978307
../data/satellite/aqua/2021/20211203_AQUA.jpg,2021-12-03,0.910111966410077,0.04111266620013996,0.04877536738978307
../data/satellite/aqua/2021/20211204_AQUA.jpg,2021-12-04,0.910111966410077,0.04111266620013996,0.04877536738978307
../data/satellite/aqua/2021/20211205_AQUA.jpg,2021-12-05,0.910111966410077,0.04111266620013996,0.04877536738978307
../data/satellite/aqua/2021/20211206_AQUA.jpg,2021-12-06,0.910111966410077,0.04111266620013996,0.04877536738978307
../data/satellite/aqua/2021/20211207_AQUA.jpg,2021-12-07,0.910111966410077,0.04111266620013996,0.04877536738978307
../data/satellite/aqua/2021/20211208_AQUA.jpg,2021-12-08,0.910111966410077,0.04111266620013996,0.04877536738978307
../data/satellite/aqua/2021/20211209_AQUA.jpg,2021-12-09,0.910111966410077,0.04111266620013996,0.04877536738978307
../data/satellite/aqua/2021/20211210_AQUA.jpg,2021-12-10,0.910111966410077,0.04111266620013996,0.04877536738978307
../data/satellite/aqua/2021/20211211_AQUA.jpg,2021-12-11,0.910111966410077,0.04111266620013996,0.04877536738978307
../data/satellite/aqua/2021/20211212_AQUA.jpg,2021-12-12,0.910111966410077,0.04111266620013996,0.04877536738978307
../data/satellite/aqua/2021/20211213_AQUA.jpg,2021-12-13,0.910111966410077,0.04111266620013996,0.04877536738978307
../data/satellite/aqua/2021/20211214_AQUA.jpg,2021-12-14,0.910111966410077,0.04111266620013996,0.04877536738978307
../data/satellite/aqua/2021/20211215_AQUA.jpg,2021-12-15,0.910111966410077,0.04111266620013996,0.04877536738978307
../data/satellite/aqua/2021/20211216_AQUA.jpg,2021-12-16,0.910111966410077,0.04111266620013996,0.04877536738978307
../data/satellite/aqua/2021/20211217_AQUA.jpg,2021-12-17,0.910111966410077,0.04111266620013996,0.04877536738978307
../data/satellite/aqua/2021/20211218_AQUA.jpg,2021-12-18,0.910111966410077,0.04111266620013996,0.04877536738978307
../data/satellite/aqua/2021/20211219_AQUA.jpg,2021-12-19,0.910111966410077,0.04111266620013996,0.04877536738978307
../data/satellite/aqua/2021/20211220_AQUA.jpg,2021-12-20,0.910111966410077,0.04111266620013996,0.04877536738978307
../data/satellite/aqua/2021/20211221_AQUA.jpg,2021-12-21,0.910111966410077,0.04111266620013996,0.04877536738978307
../data/satellite/aqua/2021/20211222_AQUA.jpg,2021-12-22,0.910111966410077,0.04111266620013996,0.04877536738978307
../data/satellite/aqua/2021/20211223_AQUA.jpg,2021-12-23,0.910111966410077,0.04111266620013996,0.04877536738978307
../data/satellite/aqua/2021/20211224_AQUA.jpg,2021-12-24,0.910111966410077,0.04111266620013996,0.04877536738978307
../data/satellite/aqua/2021/20211225_AQUA.jpg,2021-12-25,0.910111966410077,0.04111266620013996,0.04877536738978307
../data/satellite/aqua/2021/20211226_AQUA.jpg,2021-12-26,0.910111966410077,0.04111266620013996,0.04877536738978307
../data/satellite/aqua/2021/20211227_AQUA.jpg,2021-12-27,0.910111966410077,0.04111266620013996,0.04877536738978307
../data/satellite/aqua/2021/20211228_AQUA.jpg,2021-12-28,0.910111966410077,0.04111266620013996,0.04877536738978307
../data/satellite/aqua/2021/20211229_AQUA.jpg,2021-12-29,0.910111966410077,0.04111266620013996,0.04877536738978307
../data/satellite/aqua/2021/20211230_AQUA.jpg,2021-12-30,0.910111966410077,0.04111266620013996,0.04877536738978307
../data/satellite/aqua/2021/20211231_AQUA.jpg,2021-12-31,0.910111966410077,0.04111266620013996,0.04877536738978307
../data/satellite/aqua/2022/20220101_AQUA.jpg,2022-01-01,0.910111966410077,0.04111266620013996,0.04877536738978307
../data/satellite/aqua/2022/20220102_AQUA.jpg,2022-01-02,0.910111966410077,0.04111266620013996,0.04877536738978307
../data/satellite/aqua/2022/20220103_AQUA.jpg,2022-01-03,0.910111966410077,0.04111266620013996,0.04877536738978307
../data/satellite/aqua/2022/20220104_AQUA.jpg,2022-01-04,0.910111966410077,0.04111266620013996,0.04877536738978307
../data/satellite/aqua/2022/20220105_AQUA.jpg,2022-01-05,0.910111966410077,0.04111266620013996,0.04877536738978307
../data/satellite/aqua/2022/20220106_AQUA.jpg,2022-01-06,0.910111966410077,0.04111266620013996,0.04877536738978307
../data/satellite/aqua/2022/20220107_AQUA.jpg,2022-01-07,0.910111966410077,0.04111266620013996,0.04877536738978307
../data/satellite/aqua/2022/20220108_AQUA.jpg,2022-01-08,0.910111966410077,0.04111266620013996,0.04877536738978307
../data/satellite/aqua/2022/20220109_AQUA.jpg,2022-01-09,0.910111966410077,0.04111266620013996,0.04877536738978307
../data/satellite/aqua/2022/20220110_AQUA.jpg,2022-01-10,0.910111966410077,0.04111266620013996,0.04877536738978307
../data/satellite/aqua/2022/20220111_AQUA.jpg,2022-01-11,0.910111966410077,0.04111266620013996,0.04877536738978307
../data/satellite/aqua/2022/20220112_AQUA.jpg,2022-01-12,0.910111966410077,0.04111266620013996,0.04877536738978307
../data/satellite/aqua/2022/20220113_AQUA.jpg,2022-01-13,0.910111966410077,0.04111266620013996,0.04877536738978307
../data/satellite/aqua/2022/20220114_AQUA.jpg,2022-01-14,0.910111966410077,0.04111266620013996,0.04877536738978307
../data/satellite/aqua/2022/20220115_AQUA.jpg,2022-01-15,0.910111966410077,0.04111266620013996,0.04877536738978307
../data/satellite/aqua/2022/20220116_AQUA.jpg,2022-01-16,0.910111966410077,0.04111266620013996,0.04877536738978307
../data/satellite/aqua/2022/20220117_AQUA.jpg,2022-01-17,0.910111966410077,0.04111266620013996,0.04877536738978307
../data/satellite/aqua/2022/20220118_AQUA.jpg,2022-01-18,0.910111966410077,0.04111266620013996,0.04877536738978307
../data/satellite/aqua/2022/20220119_AQUA.jpg,2022-01-19,0.910111966410077,0.04111266620013996,0.04877536738978307
../data/satellite/aqua/2022/20220120_AQUA.jpg,2022-01-20,0.910111966410077,0.04111266620013996,0.04877536738978307
../data/satellite/aqua/2022/20220121_AQUA.jpg,2022-01-21,0.910111966410077,0.04111266620013996,0.04877536738978307
../data/satellite/aqua/2022/20220122_AQUA.jpg,2022-01-22,0.910111966410077,0.04111266620013996,0.04877536738978307
../data/satellite/aqua/2022/20220123_AQUA.jpg,2022-01-23,0.910111966410077,0.04111266620013996,0.04877536738978307
../data/satellite/aqua/2022/20220124_AQUA.jpg,2022-01-24,0.910111966410077,0.04111266620013996,0.04877536738978307
../data/satellite/aqua/2022/20220125_AQUA.jpg,2022-01-25,0.910111966410077,0.04111266620013996,0.04877536738978307
../data/satellite/aqua/2022/20220126_AQUA.jpg,2022-01-26,0.910111966410077,0.04111266620013996,0.04877536738978307
../data/satellite/aqua/2022/20220127_AQUA.jpg,2022-01-27,0.910111966410077,0.04111266620013996,0.04877536738978307
../data/satellite/aqua/2022/20220128_AQUA.jpg,2022-01-28,0.910111966410077,0.04111266620013996,0.04877536738978307
../data/satellite/aqua/2022/20220129_AQUA.jpg,2022-01-29,0.910111966410077,0.04111266620013996,0.04877536738978307
../data/satellite/aqua/2022/20220130_AQUA.jpg,2022-01-30,0.910111966410077,0.04111266620013996,0.04877536738978307
../data/satellite/aqua/2022/20220131_AQUA.jpg,2022-01-31,0.910111966410077,0.04111266620013996,0.04877536738978307
../data/satellite/aqua/2022/20220201_AQUA.jpg,2022-02-01,0.910111966410077,0.04111266620013996,0.04877536738978307
../data/satellite/aqua/2022/20220202_AQUA.jpg,2022-02-02,0.910111966410077,0.04111266620013996,0.04877536738978307
../data/satellite/aqua/2022/20220203_AQUA.jpg,2022-02-03,0.817074877536739,0.11934919524142758,0.06357592722183344
../data/satellite/aqua/2022/20220204_AQUA.jpg,2022-02-04,0.8250524842547236,0.11123163051084675,0.06371588523442967
../data/satellite/aqua/2022/20220205_AQUA.jpg,2022-02-05,0.6277116864940517,0.25965710286913923,0.11263121063680896
../data/satellite/aqua/2022/20220206_AQUA.jpg,2022-02-06,0.5722183344996501,0.29510146955913225,0.13268019594121763
../data/satellite/aqua/2022/20220207_AQUA.jpg,2022-02-07,0.2857592722183345,0.6908327501749475,0.023407977606717985
../data/satellite/aqua/2022/20220208_AQUA.jpg,2022-02-08,0.43743876836948914,0.38292512246326105,0.1796361091672498
../data/satellite/aqua/2022/20220209_AQUA.jpg,2022-02-09,0.0880335899230231,0.49870538838348494,0.41326102169349194
../data/satellite/aqua/2022/20220210_AQUA.jpg,2022-02-10,0.08663400979706089,0.6032540237928622,0.310111966410077
../data/satellite/aqua/2022/20220211_AQUA.jpg,2022-02-11,0.3011196641007698,0.2815605318404479,0.4173198040587824
../data/satellite/aqua/2022/20220212_AQUA.jpg,2022-02-12,0.1764520643806858,0.3592372288313506,0.4643107067879636
../data/satellite/aqua/2022/20220213_AQUA.jpg,2022-02-13,0.12764170748775366,0.4558082575227432,0.41655003498950316
../data/satellite/aqua/2022/20220214_AQUA.jpg,2022-02-14,0.11805458362491253,0.5374387683694891,0.3445066480055983
../data/satellite/aqua/2022/20220215_AQUA.jpg,2022-02-15,0.0990552834149755,0.49324702589223235,0.40769769069279216
../data/satellite/aqua/2022/20220216_AQUA.jpg,2022-02-16,0.29188243526941915,0.5238978306508048,0.18421973407977607
../data/satellite/aqua/2022/20220217_AQUA.jpg,2022-02-17,0.2541637508747376,0.2212736179146256,0.5245626312106368
../data/satellite/aqua/2022/20220226_AQUA.jpg,2022-02-26,0.1682295311406578,0.2502449265220434,0.5815255423372988
../data/satellite/aqua/2022/20220227_AQUA.jpg,2022-02-27,0.1682295311406578,0.2502449265220434,0.5815255423372988
../data/satellite/aqua/2022/20220228_AQUA.jpg,2022-02-28,0.31578026592022396,0.563925822253324,0.12029391182645206
../data/satellite/aqua/2022/20220301_AQUA.jpg,2022-03-01,0.08614415675297411,0.7036039188243527,0.2102519244226732
../data/satellite/aqua/2022/20220302_AQUA.jpg,2022-03-02,0.11794961511546537,0.4729531140657803,0.40909727081875435
../data/satellite/aqua/2022/20220303_AQUA.jpg,2022-03-03,0.09958012596221133,0.4324002799160252,0.46801959412176347
../data/satellite/aqua/2022/20220304_AQUA.jpg,2022-03-04,0.09706088173547936,0.6975857242827151,0.20535339398180547
../data/satellite/aqua/2022/20220305_AQUA.jpg,2022-03-05,0.07508747375787264,0.6065780265920224,0.31833449965010496
../data/satellite/aqua/2022/20220306_AQUA.jpg,2022-03-06,0.048180545836249124,0.5033939818054584,0.4484254723582925
../data/satellite/aqua/2022/20220307_AQUA.jpg,2022-03-07,0.0648705388383485,0.6086074177746676,0.32652204338698393
../data/satellite/aqua/2022/20220308_AQUA.jpg,2022-03-08,0.09979006298110567,0.7180195941217634,0.18219034289713085
../data/satellite/aqua/2022/20220309_AQUA.jpg,2022-03-09,0.18565430370888733,0.5212386284114766,0.2931070678796361
../data/satellite/aqua/2022/20220310_AQUA.jpg,2022-03-10,0.18565430370888733,0.5212386284114766,0.2931070678796361
../data/satellite/aqua/2022/20220311_AQUA.jpg,2022-03-11,0.046221133659902026,0.6698040587823653,0.2839748075577327
../data/satellite/aqua/2022/20220312_AQUA.jpg,2022-03-12,0.13435969209237228,0.4916025192442267,0.374037788663401
../data/satellite/aqua/2022/20220313_AQUA.jpg,2022-03-13,0.16511546536039187,0.29142757172848144,0.5434569629111267
../data/satellite/aqua/2022/20220314_AQUA.jpg,2022-03-14,0.13372988103568928,0.39919524142757173,0.467074877536739
../data/satellite/aqua/2022/20220315_AQUA.jpg,2022-03-15,0.11668999300209937,0.4966410076976907,0.3866689993002099
../data/satellite/aqua/2022/20220316_AQUA.jpg,2022-03-16,0.07127361791462561,0.5390832750174948,0.38964310706787963
../data/satellite/aqua/2022/20220317_AQUA.jpg,2022-03-17,0.056857942617214836,0.7038138558432471,0.23932820153953813
../data/satellite/aqua/2022/20220318_AQUA.jpg,2022-03-18,0.11371588523442967,0.48149055283414977,0.4047935619314206
../data/satellite/aqua/2022/20220319_AQUA.jpg,2022-03-19,0.0798110566829951,0.5606368089573128,0.3595521343596921
../data/satellite/aqua/2022/20220320_AQUA.jpg,2022-03-20,0.05556333100069979,0.5713785864240728,0.37305808257522743
../data/satellite/aqua/2022/20220321_AQUA.jpg,2022-03-21,0.03128061581525542,0.7947515745276417,0.17396780965710287
../data/satellite/aqua/2022/20220322_AQUA.jpg,2022-03-22,0.10892232330300909,0.4995451364590623,0.3915325402379286
../data/satellite/aqua/2022/20220323_AQUA.jpg,2022-03-23,0.05384884534639608,0.6142407277816655,0.3319104268719384
../data/satellite/aqua/2022/20220324_AQUA.jpg,2022-03-24,0.12200839748075577,0.3938068579426172,0.484184744576627
../data/satellite/aqua/2022/20220325_AQUA.jpg,2022-03-25,0.11343596920923722,0.3913925822253324,0.4951714485654304
../data/satellite/aqua/2022/20220326_AQUA.jpg,2022-03-26,0.05104968509447166,0.6486004198740378,0.30034989503149057
../data/satellite/aqua/2022/20220327_AQUA.jpg,2022-03-27,0.027046885934219733,0.8283414975507348,0.14461161651504548
../data/satellite/aqua/2022/20220328_AQUA.jpg,2022-03-28,0.0370888733379986,0.78666899930021,0.17624212736179146
../data/satellite/aqua/2022/20220329_AQUA.jpg,2022-03-29,0.02060881735479356,0.8453114065780266,0.13407977606717986
../data/satellite/aqua/2022/20220330_AQUA.jpg,2022-03-30,0.036214135759272216,0.799335199440168,0.16445066480055984
../data/satellite/aqua/2022/20220331_AQUA.jpg,2022-03-31,0.058817354793561934,0.6549335199440168,0.2862491252624213
../data/satellite/aqua/2022/20220401_AQUA.jpg,2022-04-01,0.910111966410077,0.04111266620013996,0.04877536738978307
../data/satellite/aqua/2022/20220402_AQUA.jpg,2022-04-02,0.910111966410077,0.04111266620013996,0.04877536738978307
../data/satellite/aqua/2022/20220403_AQUA.jpg,2022-04-03,0.910111966410077,0.04111266620013996,0.04877536738978307
../data/satellite/aqua/2022/20220404_AQUA.jpg,2022-04-04,0.910111966410077,0.04111266620013996,0.04877536738978307
../data/satellite/aqua/2022/20220405_AQUA.jpg,2022-04-05,0.910111966410077,0.04111266620013996,0.04877536738978307
../data/satellite/aqua/2022/20220406_AQUA.jpg,2022-04-06,0.910111966410077,0.04111266620013996,0.04877536738978307
../data/satellite/aqua/2022/20220407_AQUA.jpg,2022-04-07,0.910111966410077,0.04111266620013996,0.04877536738978307
../data/satellite/aqua/2022/20220408_AQUA.jpg,2022-04-08,0.910111966410077,0.04111266620013996,0.04877536738978307
../data/satellite/aqua/2022/20220409_AQUA.jpg,2022-04-09,0.910111966410077,0.04111266620013996,0.04877536738978307
../data/satellite/aqua/2022/20220410_AQUA.jpg,2022-04-10,0.910111966410077,0.04111266620013996,0.04877536738978307
../data/satellite/aqua/2022/20220411_AQUA.jpg,2022-04-11,0.910111966410077,0.04111266620013996,0.04877536738978307
../data/satellite/aqua/2022/20220412_AQUA.jpg,2022-04-12,0.910111966410077,0.04111266620013996,0.04877536738978307
../data/satellite/aqua/2022/20220413_AQUA.jpg,2022-04-13,0.910111966410077,0.04111266620013996,0.04877536738978307
../data/satellite/aqua/2022/20220414_AQUA.jpg,2022-04-14,0.910111966410077,0.04111266620013996,0.04877536738978307
../data/satellite/aqua/2022/20220415_AQUA.jpg,2022-04-15,0.910111966410077,0.04111266620013996,0.04877536738978307
../data/satellite/aqua/2022/20220416_AQUA.jpg,2022-04-16,0.910111966410077,0.04111266620013996,0.04877536738978307
../data/satellite/aqua/2022/20220417_AQUA.jpg,2022-04-17,0.10913226032190343,0.5923372988103569,0.29853044086773967
../data/satellite/aqua/2022/20220418_AQUA.jpg,2022-04-18,0.15675297410776767,0.4392932120363891,0.4039538138558432
../data/satellite/aqua/2022/20220419_AQUA.jpg,2022-04-19,0.05951714485654304,0.6877536738978306,0.2527291812456263
../data/satellite/aqua/2022/20220420_AQUA.jpg,2022-04-20,0.04503149055283415,0.7241777466759972,0.23079076277116864
../data/satellite/aqua/2022/20220421_AQUA.jpg,2022-04-21,0.14002799160251925,0.45489853044086775,0.405073477956613
../data/satellite/aqua/2022/20220422_AQUA.jpg,2022-04-22,0.1242477256822953,0.475332400279916,0.40041987403778867
../data/satellite/aqua/2022/20220423_AQUA.jpg,2022-04-23,0.07767669699090272,0.6182995101469559,0.3040237928621414
../data/satellite/aqua/2022/20220424_AQUA.jpg,2022-04-24,0.05734779566130161,0.7184044786564031,0.2242477256822953
../data/satellite/aqua/2022/20220426_AQUA.jpg,2022-04-26,0.19377186843946817,0.42578726382085375,0.3804408677396781
../data/satellite/aqua/2022/20220427_AQUA.jpg,2022-04-27,0.07169349195241427,0.3287963610916725,0.5995101469559132
../data/satellite/aqua/2022/20220428_AQUA.jpg,2022-04-28,0.04293212036389083,0.6421623512946116,0.31490552834149754
../data/satellite/aqua/2022/20220429_AQUA.jpg,2022-04-29,0.05570328901329601,0.6321203638908327,0.3121763470958712
../data/satellite/aqua/2022/20220430_AQUA.jpg,2022-04-30,0.06564030790762772,0.7435969209237229,0.1907627711686494
../data/satellite/aqua/2022/20220501_AQUA.jpg,2022-05-01,0.08946815955213436,0.7279566130160952,0.18257522743177046
../data/satellite/aqua/2022/20220502_AQUA.jpg,2022-05-02,0.09926522043386984,0.7040937718684395,0.1966410076976907
../data/satellite/aqua/2022/20220503_AQUA.jpg,2022-05-03,0.09286214135759273,0.6756473058082575,0.23149055283414977
../data/satellite/aqua/2022/20220504_AQUA.jpg,2022-05-04,0.11350594821553533,0.6115115465360392,0.2749825052484255
../data/satellite/aqua/2022/20220506_AQUA.jpg,2022-05-06,0.1036738978306508,0.6931420573827851,0.20318404478656404
../data/satellite/aqua/2022/20220507_AQUA.jpg,2022-05-07,0.09422673198040588,0.6937718684394681,0.21200139958012595
../data/satellite/aqua/2022/20220508_AQUA.jpg,2022-05-08,0.08355493351994402,0.667669699090273,0.24877536738978306
../data/satellite/aqua/2022/20220509_AQUA.jpg,2022-05-09,0.12631210636808957,0.5108467459762072,0.3628411476557033
../data/satellite/aqua/2022/20220510_AQUA.jpg,2022-05-10,0.0748775367389783,0.7181595521343597,0.206962911126662
../data/satellite/aqua/2022/20220511_AQUA.jpg,2022-05-11,0.08631910426871939,0.7066829951014696,0.20699790062981105
../data/satellite/aqua/2022/20220512_AQUA.jpg,2022-05-12,0.1300559832050385,0.6896431070678797,0.18030090972708188
../data/satellite/aqua/2022/20220513_AQUA.jpg,2022-05-13,0.06245626312106368,0.7700839748075577,0.16745976207137858
../data/satellite/aqua/2022/20220514_AQUA.jpg,2022-05-14,0.12281315605318405,0.668999300209937,0.20818754373687895
../data/satellite/aqua/2022/20220515_AQUA.jpg,2022-05-15,0.13275017494751576,0.6529741077676697,0.21427571728481457
../data/satellite/aqua/2022/20220516_AQUA.jpg,2022-05-16,0.18040587823652904,0.6155353393981805,0.2040587823652904
../data/satellite/aqua/2022/20220518_AQUA.jpg,2022-05-18,0.08579426172148355,0.571518544436669,0.3426871938418474
../data/satellite/aqua/2022/20220519_AQUA.jpg,2022-05-19,0.18579426172148356,0.5226731980405879,0.29153254023792863
../data/satellite/aqua/2022/20220520_AQUA.jpg,2022-05-20,0.2529041287613716,0.5407977606717984,0.20629811056682995
../data/satellite/aqua/2022/20220521_AQUA.jpg,2022-05-21,0.24261721483554932,0.48533939818054583,0.27204338698390484
../data/satellite/aqua/2022/20220522_AQUA.jpg,2022-05-22,0.26836948915325404,0.35325402379286214,0.3783764870538838
../data/satellite/aqua/2022/20220523_AQUA.jpg,2022-05-23,0.19219734079776069,0.4110916724982505,0.3967109867039888
../data/satellite/aqua/2022/20220524_AQUA.jpg,2022-05-24,0.20342897130860743,0.555703289013296,0.24086773967809658
../data/satellite/aqua/2022/20220525_AQUA.jpg,2022-05-25,0.17837648705388384,0.47946116165150454,0.34216235129461164
../data/satellite/aqua/2022/20220526_AQUA.jpg,2022-05-26,0.23880335899230232,0.6024842547235829,0.15871238628411477
../data/satellite/aqua/2022/20220527_AQUA.jpg,2022-05-27,0.2516095171448565,0.446815955213436,0.3015745276417075
../data/satellite/aqua/2022/20220528_AQUA.jpg,2022-05-28,0.3334849545136459,0.47141357592722183,0.19510146955913227
../data/satellite/aqua/2022/20220529_AQUA.jpg,2022-05-29,0.3390482855143457,0.5060181945416375,0.1549335199440168
../data/satellite/aqua/2022/20220530_AQUA.jpg,2022-05-30,0.34377186843946816,0.4776766969909027,0.1785514345696291
../data/satellite/aqua/2022/20220531_AQUA.jpg,2022-05-31,0.3694191742477257,0.4552134359692092,0.17536738978306507
../data/satellite/aqua/2022/20220601_AQUA.jpg,2022-06-01,0.2618264520643807,0.4168999300209937,0.3212736179146256
../data/satellite/aqua/2022/20220602_AQUA.jpg,2022-06-02,0.4116864940517845,0.3693142057382785,0.21899930020993702
../data/satellite/aqua/2022/20220603_AQUA.jpg,2022-06-03,0.23568929321203638,0.3847445766270119,0.3795661301609517
../data/satellite/aqua/2022/20220604_AQUA.jpg,2022-06-04,0.5827151854443667,0.29163750874737576,0.12564730580825753
../data/satellite/aqua/2022/20220605_AQUA.jpg,2022-06-05,0.6543386983904829,0.23834849545136458,0.10731280615815256
../data/satellite/aqua/2022/20220606_AQUA.jpg,2022-06-06,0.7238278516445067,0.19062281315605317,0.08554933519944016
../data/satellite/aqua/2022/20220607_AQUA.jpg,2022-06-07,0.7653254023792863,0.16665500349895032,0.06801959412176348
../data/satellite/aqua/2022/20220608_AQUA.jpg,2022-06-08,0.2890482855143457,0.429741077676697,0.2812106368089573
../data/satellite/aqua/2022/20220609_AQUA.jpg,2022-06-09,0.035129461161651505,0.6061931420573828,0.3586773967809657
../data/satellite/aqua/2022/20220610_AQUA.jpg,2022-06-10,0.293037088873338,0.34692092372288313,0.36004198740377885
../data/satellite/aqua/2022/20220611_AQUA.jpg,2022-06-11,0.468334499650105,0.3154303708887334,0.21623512946116166
../data/satellite/aqua/2022/20220612_AQUA.jpg,2022-06-12,0.09884534639608118,0.6333449965010497,0.26780965710286914
../data/satellite/aqua/2022/20220613_AQUA.jpg,2022-06-13,0.18271518544436668,0.4454163750874738,0.37186843946815956
../data/satellite/aqua/2022/20220614_AQUA.jpg,2022-06-14,0.09951014695591323,0.6466410076976907,0.25384884534639607
../data/satellite/aqua/2022/20220615_AQUA.jpg,2022-06-15,0.3010146955913226,0.507627711686494,0.19135759272218333
../data/satellite/aqua/2022/20220616_AQUA.jpg,2022-06-16,0.42585724282715187,0.3289013296011197,0.24524142757172848
../data/satellite/aqua/2022/20220617_AQUA.jpg,2022-06-17,0.09916025192442267,0.6155353393981805,0.28530440867739676
../data/satellite/aqua/2022/20220618_AQUA.jpg,2022-06-18,0.07340797760671798,0.5533589923023093,0.3732330300909727
../data/satellite/aqua/2022/20220619_AQUA.jpg,2022-06-19,0.320258922323303,0.565815255423373,0.113925822253324
../data/satellite/aqua/2022/20220620_AQUA.jpg,2022-06-20,0.5787613715885235,0.2970258922323303,0.12421273617914626
../data/satellite/aqua/2022/20220621_AQUA.jpg,2022-06-21,0.08957312806158152,0.5800909727081875,0.33033589923023093
../data/satellite/aqua/2022/20220622_AQUA.jpg,2022-06-22,0.11578026592022393,0.49324702589223235,0.39097270818754376
../data/satellite/aqua/2022/20220623_AQUA.jpg,2022-06-23,0.13460461861441567,0.4807557732680196,0.38463960811756476
../data/satellite/aqua/2022/20220624_AQUA.jpg,2022-06-24,0.20724282715185444,0.4982505248425472,0.29450664800559834
../data/satellite/aqua/2022/20220625_AQUA.jpg,2022-06-25,0.16396081175647306,0.4144856543037089,0.42155353393981804
../data/satellite/aqua/2022/20220626_AQUA.jpg,2022-06-26,0.7416025192442267,0.08579426172148355,0.1726032190342897
../data/satellite/aqua/2022/20220627_AQUA.jpg,2022-06-27,0.910111966410077,0.04111266620013996,0.04877536738978307
../data/satellite/aqua/2022/20220628_AQUA.jpg,2022-06-28,0.910111966410077,0.04111266620013996,0.04877536738978307
../data/satellite/aqua/2022/20220629_AQUA.jpg,2022-06-29,0.09779566130160952,0.4473757872638209,0.45482855143456963
../data/satellite/aqua/2022/20220630_AQUA.jpg,2022-06-30,0.09349195241427571,0.5226731980405879,0.38383484954513647
../data/satellite/aqua/2022/20220701_AQUA.jpg,2022-07-01,0.7796011196641007,0.06497550734779566,0.15542337298810358
../data/satellite/aqua/2022/20220702_AQUA.jpg,2022-07-02,0.0996151154653604,0.5538838348495452,0.3465010496850945
../data/satellite/aqua/2022/20220703_AQUA.jpg,2022-07-03,0.38687893631910425,0.28355493351994404,0.3295661301609517
../data/satellite/aqua/2022/20220704_AQUA.jpg,2022-07-04,0.894261721483555,0.018264520643806858,0.08747375787263821
../data/satellite/aqua/2022/20220705_AQUA.jpg,2022-07-05,0.6749125262421274,0.2397480755773268,0.08533939818054584
../data/satellite/aqua/2022/20220706_AQUA.jpg,2022-07-06,0.6532540237928621,0.16245626312106368,0.18428971308607417
../data/satellite/aqua/2022/20220707_AQUA.jpg,2022-07-07,0.26147655703289013,0.4403428971308607,0.29818054583624914
../data/satellite/aqua/2022/20220708_AQUA.jpg,2022-07-08,0.20507347795661302,0.5732330300909727,0.22169349195241428
../data/satellite/aqua/2022/20220709_AQUA.jpg,2022-07-09,0.6512246326102169,0.1785514345696291,0.17022393282015397
../data/satellite/aqua/2022/20220710_AQUA.jpg,2022-07-10,0.16077676696990903,0.34048285514345694,0.498740377886634
../data/satellite/aqua/2022/20220711_AQUA.jpg,2022-07-11,0.11417074877536738,0.5535689293212036,0.33226032190342897
../data/satellite/aqua/2022/20220712_AQUA.jpg,2022-07-12,0.05587823652904129,0.6447515745276418,0.299370188943317
../data/satellite/aqua/2022/20220713_AQUA.jpg,2022-07-13,0.09650104968509447,0.6220783764870539,0.28142057382785163
../data/satellite/aqua/2022/20220714_AQUA.jpg,2022-07-14,0.15052484254723583,0.5655003498950315,0.2839748075577327
../data/satellite/aqua/2022/20220715_AQUA.jpg,2022-07-15,0.8909377186843946,0.014275717284814556,0.09478656403079076
../data/satellite/aqua/2022/20220716_AQUA.jpg,2022-07-16,0.3625262421273618,0.463296011196641,0.1741777466759972
../data/satellite/aqua/2022/20220717_AQUA.jpg,2022-07-17,0.6548635409377187,0.13561931420573828,0.20951714485654305
../data/satellite/aqua/2022/20220718_AQUA.jpg,2022-07-18,0.4312106368089573,0.3186144156752974,0.25017494751574526
../data/satellite/aqua/2022/20220719_AQUA.jpg,2022-07-19,0.11613016095171448,0.5621063680895731,0.3217634709587124
../data/satellite/aqua/2022/20220720_AQUA.jpg,2022-07-20,0.45206438068579424,0.21794961511546537,0.32998600419874036
../data/satellite/aqua/2022/20220721_AQUA.jpg,2022-07-21,0.13100069979006299,0.3681595521343597,0.5008397480755773
../data/satellite/aqua/2022/20220722_AQUA.jpg,2022-07-22,0.1780965710286914,0.4863890832750175,0.3355143456962911
../data/satellite/aqua/2022/20220723_AQUA.jpg,2022-07-23,0.16648005598320503,0.46312106368089573,0.37039888033589924
../data/satellite/aqua/2022/20220803_AQUA.jpg,2022-08-03,0.5723932820153954,0.19779566130160953,0.2298110566829951
../data/satellite/aqua/2022/20220804_AQUA.jpg,2022-08-04,0.1857592722183345,0.42477256822953113,0.3894681595521344
../data/satellite/aqua/2022/20220805_AQUA.jpg,2022-08-05,0.32844646606018196,0.47162351294611615,0.19993002099370188
../data/satellite/aqua/2022/20220806_AQUA.jpg,2022-08-06,0.07459762071378587,0.6419174247725682,0.2834849545136459
../data/satellite/aqua/2022/20220807_AQUA.jpg,2022-08-07,0.0847445766270119,0.7041287613715885,0.21112666200139957
../data/satellite/aqua/2022/20220808_AQUA.jpg,2022-08-08,0.043421973407977606,0.67148355493352,0.28509447165850244
../data/satellite/aqua/2022/20220809_AQUA.jpg,2022-08-09,0.17414275717284813,0.41749475157452764,0.4083624912526242
../data/satellite/aqua/2022/20220810_AQUA.jpg,2022-08-10,0.09205738278516445,0.5996501049685095,0.3082925122463261
../data/satellite/aqua/2022/20220811_AQUA.jpg,2022-08-11,0.15269419174247725,0.5957662701189643,0.25153953813855845
../data/satellite/aqua/2022/20220812_AQUA.jpg,2022-08-12,0.16182645206438068,0.6243876836948915,0.2137858642407278
../data/satellite/aqua/2022/20220813_AQUA.jpg,2022-08-13,0.20972708187543737,0.42393282015395384,0.3663400979706088
../data/satellite/aqua/2022/20220814_AQUA.jpg,2022-08-14,0.06522043386983904,0.5252274317704688,0.40955213435969207
../data/satellite/aqua/2022/20220815_AQUA.jpg,2022-08-15,0.04615115465360392,0.5010146955913226,0.45283414975507347
../data/satellite/aqua/2022/20220816_AQUA.jpg,2022-08-16,0.2475857242827152,0.4672848145556333,0.2851294611616515
../data/satellite/aqua/2022/20220817_AQUA.jpg,2022-08-17,0.19870538838348495,0.3784114765570329,0.42288313505948216
../data/satellite/aqua/2022/20220818_AQUA.jpg,2022-08-18,0.16756473058082574,0.5192792162351295,0.31315605318404477
../data/satellite/aqua/2022/20220819_AQUA.jpg,2022-08-19,0.06035689293212036,0.48243526941917425,0.4572078376487054
../data/satellite/aqua/2022/20220820_AQUA.jpg,2022-08-20,0.42568229531140656,0.4796361091672498,0.0946815955213436
../data/satellite/aqua/2022/20220821_AQUA.jpg,2022-08-21,0.16819454163750874,0.6453463960811756,0.18645906228131562
../data/satellite/aqua/2022/20220822_AQUA.jpg,2022-08-22,0.15640307907627712,0.36021693491952417,0.48337998600419874
../data/satellite/aqua/2022/20220823_AQUA.jpg,2022-08-23,0.1155703289013296,0.42932120363890836,0.4551084674597621
../data/satellite/aqua/2022/20220824_AQUA.jpg,2022-08-24,0.11133659902029391,0.6837648705388384,0.20489853044086773
../data/satellite/aqua/2022/20220825_AQUA.jpg,2022-08-25,0.08418474457662702,0.5812806158152555,0.3345346396081176
../data/satellite/aqua/2022/20220826_AQUA.jpg,2022-08-26,0.07904128761371589,0.5432820153953813,0.3776766969909027
../data/satellite/aqua/2022/20220827_AQUA.jpg,2022-08-27,0.2521693491952414,0.44534639608117566,0.3024842547235829
../data/satellite/aqua/2022/20220828_AQUA.jpg,2022-08-28,0.42977606717984607,0.28922323303009095,0.281000699790063
../data/satellite/aqua/2022/20220829_AQUA.jpg,2022-08-29,0.060951714485654306,0.5659902029391183,0.37305808257522743
../data/satellite/aqua/2022/20220830_AQUA.jpg,2022-08-30,0.16434569629111268,0.6023792862141357,0.23327501749475157
../data/satellite/aqua/2022/20220831_AQUA.jpg,2022-08-31,0.07774667599720084,0.4709587123862841,0.451294611616515
../data/satellite/aqua/2022/20220901_AQUA.jpg,2022-09-01,0.1802659202239328,0.5355143456962911,0.2842197340797761
../data/satellite/aqua/2022/20220902_AQUA.jpg,2022-09-02,0.17379286214135758,0.3600769769069279,0.4661301609517145
../data/satellite/aqua/2022/20220903_AQUA.jpg,2022-09-03,0.04447165850244927,0.7286913925822254,0.2268369489153254
../data/satellite/aqua/2022/20220904_AQUA.jpg,2022-09-04,0.07106368089573128,0.716445066480056,0.21249125262421273
../data/satellite/aqua/2022/20220905_AQUA.jpg,2022-09-05,0.11700489853044087,0.4939818054583625,0.38901329601119666
../data/satellite/aqua/2022/20220906_AQUA.jpg,2022-09-06,0.030160951714485653,0.6428271518544436,0.3270118964310707
../data/satellite/aqua/2022/20220907_AQUA.jpg,2022-09-07,0.20241427571728482,0.513261021693492,0.2843247025892232
../data/satellite/aqua/2022/20220908_AQUA.jpg,2022-09-08,0.1390482855143457,0.5440517844646606,0.3168999300209937
../data/satellite/aqua/2022/20220909_AQUA.jpg,2022-09-09,0.16707487753673897,0.3193491952414276,0.5135759272218334
../data/satellite/aqua/2022/20220910_AQUA.jpg,2022-09-10,0.15353393981805458,0.46710986703988805,0.3793561931420574
../data/satellite/aqua/2022/20220911_AQUA.jpg,2022-09-11,0.2328551434569629,0.4115465360391882,0.3555983205038488
../data/satellite/aqua/2022/20220912_AQUA.jpg,2022-09-12,0.1296710986703989,0.4691392582225332,0.4011896431070679
../data/satellite/aqua/2022/20220913_AQUA.jpg,2022-09-13,0.11630510846745976,0.38257522743177047,0.5011196641007698
../data/satellite/aqua/2022/20220914_AQUA.jpg,2022-09-14,0.10178446466060181,0.44191742477256823,0.45629811056682995
../data/satellite/aqua/2022/20220915_AQUA.jpg,2022-09-15,0.07547235829251224,0.5463610916724982,0.3781665500349895
../data/satellite/aqua/2022/20220916_AQUA.jpg,2022-09-16,0.2707487753673898,0.30349895031490554,0.4257522743177047
../data/satellite/aqua/2022/20220917_AQUA.jpg,2022-09-17,0.3141357592722183,0.3578026592022393,0.3280615815255423
../data/satellite/aqua/2022/20220918_AQUA.jpg,2022-09-18,0.15283414975507348,0.5134009797060882,0.33376487053883835
../data/satellite/aqua/2022/20220919_AQUA.jpg,2022-09-19,0.06682995101469559,0.5716235129461161,0.36154653603918824
../data/satellite/aqua/2022/20220920_AQUA.jpg,2022-09-20,0.07753673897830651,0.5536039188243527,0.3688593421973408
../data/satellite/aqua/2022/20220921_AQUA.jpg,2022-09-21,0.07603219034289713,0.5947865640307908,0.3291812456263121
../data/satellite/aqua/2022/20220922_AQUA.jpg,2022-09-22,0.17620713785864242,0.38799860041987405,0.43579426172148356
../data/satellite/aqua/2022/20220923_AQUA.jpg,2022-09-23,0.04205738278516445,0.3173547935619314,0.6405878236529041
../data/satellite/aqua/2022/20220924_AQUA.jpg,2022-09-24,0.5123862841147656,0.2480405878236529,0.23957312806158151
../data/satellite/aqua/2022/20220925_AQUA.jpg,2022-09-25,0.33673897830650806,0.44027291812456265,0.2229881035689293
../data/satellite/aqua/2022/20220926_AQUA.jpg,2022-09-26,0.19366689993002098,0.4576627011896431,0.3486703988803359
../data/satellite/aqua/2022/20220927_AQUA.jpg,2022-09-27,0.15272918124562632,0.35783764870538837,0.4894331700489853
../data/satellite/aqua/2022/20220928_AQUA.jpg,2022-09-28,0.1546885934219734,0.4986703988803359,0.3466410076976907
../data/satellite/aqua/2022/20220929_AQUA.jpg,2022-09-29,0.19583624912526243,0.49937018894331703,0.3047935619314206
../data/satellite/aqua/2022/20220930_AQUA.jpg,2022-09-30,0.25801259622113365,0.38296011196641006,0.35902729181245624
../data/satellite/aqua/2022/20221001_AQUA.jpg,2022-10-01,0.41242127361791464,0.4895031490552834,0.09807557732680196
../data/satellite/aqua/2022/20221002_AQUA.jpg,2022-10-02,0.46745976207137857,0.3287263820853744,0.20381385584324702
../data/satellite/aqua/2022/20221003_AQUA.jpg,2022-10-03,0.2960811756473058,0.4586074177746676,0.24531140657802658
../data/satellite/aqua/2022/20221004_AQUA.jpg,2022-10-04,0.222148355493352,0.3977256822953114,0.3801259622113366
../data/satellite/aqua/2022/20221005_AQUA.jpg,2022-10-05,0.23205038488453464,0.46840447865640306,0.2995451364590623
../data/satellite/aqua/2022/20221006_AQUA.jpg,2022-10-06,0.2046885934219734,0.4189293212036389,0.37638208537438766
../data/satellite/aqua/2022/20221007_AQUA.jpg,2022-10-07,0.2676347095871239,0.3758222533240028,0.35654303708887336
../data/satellite/aqua/2022/20221008_AQUA.jpg,2022-10-08,0.2509447165850245,0.3514695591322603,0.39758572428271516
../data/satellite/aqua/2022/20221009_AQUA.jpg,2022-10-09,0.6609517144856543,0.11616515045486354,0.22288313505948215
../data/satellite/aqua/2022/20221010_AQUA.jpg,2022-10-10,0.2734779566130161,0.45339398180545837,0.2731280615815255
../data/satellite/aqua/2022/20221011_AQUA.jpg,2022-10-11,0.33446466060181945,0.4304408677396781,0.23509447165850245
../data/satellite/aqua/2022/20221012_AQUA.jpg,2022-10-12,0.4406927921623513,0.34314205738278514,0.21616515045486354
../data/satellite/aqua/2022/20221013_AQUA.jpg,2022-10-13,0.15374387683694893,0.47358292512246325,0.37267319804058785
../data/satellite/aqua/2022/20221014_AQUA.jpg,2022-10-14,0.09737578726382086,0.5039538138558433,0.3986703988803359
../data/satellite/aqua/2022/20221015_AQUA.jpg,2022-10-15,0.593037088873338,0.06931420573827851,0.3376487053883835
../data/satellite/aqua/2022/20221016_AQUA.jpg,2022-10-16,0.17333799860041987,0.22781665500349896,0.5988453463960812
../data/satellite/aqua/2022/20221017_AQUA.jpg,2022-10-17,0.20850244926522044,0.2904478656403079,0.5010496850944717
../data/satellite/aqua/2022/20221018_AQUA.jpg,2022-10-18,0.12193841847445766,0.34415675297410775,0.5339048285514346
../data/satellite/aqua/2022/20221019_AQUA.jpg,2022-10-19,0.2624562631210637,0.33733379986004197,0.40020993701889435
../data/satellite/aqua/2022/20221020_AQUA.jpg,2022-10-20,0.24090272918124564,0.2827151854443667,0.4763820853743877
../data/satellite/aqua/2022/20221021_AQUA.jpg,2022-10-21,0.23988803358992303,0.2946815955213436,0.4654303708887334
../data/satellite/aqua/2022/20221022_AQUA.jpg,2022-10-22,0.2539188243526942,0.2659902029391183,0.48009097270818757
../data/satellite/aqua/2022/20221023_AQUA.jpg,2022-10-23,0.13908327501749476,0.44097270818754375,0.4199440167949615
../data/satellite/aqua/2022/20221024_AQUA.jpg,2022-10-24,0.12932120363890834,0.36602519244226733,0.5046536039188243
../data/satellite/aqua/2022/20221025_AQUA.jpg,2022-10-25,0.1321553533939818,0.35657802659202237,0.5112666200139958
../data/satellite/aqua/2022/20221026_AQUA.jpg,2022-10-26,0.20472358292512247,0.2814555633310007,0.5138208537438769
../data/satellite/aqua/2022/20221027_AQUA.jpg,2022-10-27,0.18533939818054584,0.4251924422673198,0.3894681595521344
../data/satellite/aqua/2022/20221028_AQUA.jpg,2022-10-28,0.14965010496850945,0.382295311406578,0.46805458362491253
../data/satellite/aqua/2022/20221029_AQUA.jpg,2022-10-29,0.05454863540937719,0.5682645206438068,0.37718684394681595
../data/satellite/aqua/2022/20221030_AQUA.jpg,2022-10-30,0.3390482855143457,0.43719384184744575,0.22375787263820854
../data/satellite/aqua/2022/20221031_AQUA.jpg,2022-10-31,0.300664800559832,0.4806508047585724,0.21868439468159553
../data/satellite/aqua/2022/20221101_AQUA.jpg,2022-11-01,0.12221833449965011,0.5858642407277816,0.2919174247725682
../data/satellite/aqua/2022/20221102_AQUA.jpg,2022-11-02,0.13988803358992302,0.2532890132960112,0.6068229531140658
../data/satellite/aqua/2022/20221103_AQUA.jpg,2022-11-03,0.5564030790762771,0.152519244226732,0.2910776766969909
../data/satellite/aqua/2022/20221104_AQUA.jpg,2022-11-04,0.7501399580125963,0.1940517844646606,0.055808257522743175
../data/satellite/aqua/2022/20221105_AQUA.jpg,2022-11-05,0.6461161651504549,0.1963261021693492,0.15755773268019593
../data/satellite/aqua/2022/20221106_AQUA.jpg,2022-11-06,0.8118264520643806,0.12631210636808957,0.06186144156752974
../data/satellite/aqua/2022/20221107_AQUA.jpg,2022-11-07,0.8226382085374387,0.11364590622813156,0.06371588523442967
../data/satellite/aqua/2022/20221108_AQUA.jpg,2022-11-08,0.910111966410077,0.04111266620013996,0.04877536738978307
../data/satellite/aqua/2022/20221109_AQUA.jpg,2022-11-09,0.910111966410077,0.04111266620013996,0.04877536738978307
../data/satellite/aqua/2022/20221110_AQUA.jpg,2022-11-10,0.910111966410077,0.04111266620013996,0.04877536738978307
../data/satellite/aqua/2022/20221111_AQUA.jpg,2022-11-11,0.910111966410077,0.04111266620013996,0.04877536738978307
../data/satellite/aqua/2022/20221112_AQUA.jpg,2022-11-12,0.910111966410077,0.04111266620013996,0.04877536738978307
../data/satellite/aqua/2022/20221113_AQUA.jpg,2022-11-13,0.910111966410077,0.04111266620013996,0.04877536738978307
../data/satellite/aqua/2022/20221114_AQUA.jpg,2022-11-14,0.910111966410077,0.04111266620013996,0.04877536738978307
../data/satellite/aqua/2022/20221115_AQUA.jpg,2022-11-15,0.910111966410077,0.04111266620013996,0.04877536738978307
../data/satellite/aqua/2022/20221116_AQUA.jpg,2022-11-16,0.910111966410077,0.04111266620013996,0.04877536738978307
../data/satellite/aqua/2022/20221117_AQUA.jpg,2022-11-17,0.910111966410077,0.04111266620013996,0.04877536738978307
../data/satellite/aqua/2022/20221118_AQUA.jpg,2022-11-18,0.910111966410077,0.04111266620013996,0.04877536738978307
../data/satellite/aqua/2022/20221119_AQUA.jpg,2022-11-19,0.910111966410077,0.04111266620013996,0.04877536738978307
../data/satellite/aqua/2022/20221120_AQUA.jpg,2022-11-20,0.910111966410077,0.04111266620013996,0.04877536738978307
../data/satellite/aqua/2022/20221121_AQUA.jpg,2022-11-21,0.910111966410077,0.04111266620013996,0.04877536738978307
../data/satellite/aqua/2022/20221122_AQUA.jpg,2022-11-22,0.910111966410077,0.04111266620013996,0.04877536738978307
../data/satellite/aqua/2022/20221123_AQUA.jpg,2022-11-23,0.910111966410077,0.04111266620013996,0.04877536738978307
../data/satellite/aqua/2022/20221124_AQUA.jpg,2022-11-24,0.910111966410077,0.04111266620013996,0.04877536738978307
../data/satellite/aqua/2022/20221125_AQUA.jpg,2022-11-25,0.910111966410077,0.04111266620013996,0.04877536738978307
../data/satellite/aqua/2022/20221126_AQUA.jpg,2022-11-26,0.910111966410077,0.04111266620013996,0.04877536738978307
../data/satellite/aqua/2022/20221127_AQUA.jpg,2022-11-27,0.910111966410077,0.04111266620013996,0.04877536738978307
../data/satellite/aqua/2022/20221128_AQUA.jpg,2022-11-28,0.910111966410077,0.04111266620013996,0.04877536738978307
../data/satellite/aqua/2022/20221129_AQUA.jpg,2022-11-29,0.910111966410077,0.04111266620013996,0.04877536738978307
../data/satellite/aqua/2022/20221130_AQUA.jpg,2022-11-30,0.910111966410077,0.04111266620013996,0.04877536738978307
../data/satellite/aqua/2022/20221201_AQUA.jpg,2022-12-01,0.910111966410077,0.04111266620013996,0.04877536738978307
../data/satellite/aqua/2022/20221202_AQUA.jpg,2022-12-02,0.910111966410077,0.04111266620013996,0.04877536738978307
../data/satellite/aqua/2022/20221203_AQUA.jpg,2022-12-03,0.910111966410077,0.04111266620013996,0.04877536738978307
../data/satellite/aqua/2022/20221204_AQUA.jpg,2022-12-04,0.910111966410077,0.04111266620013996,0.04877536738978307
../data/satellite/aqua/2022/20221205_AQUA.jpg,2022-12-05,0.910111966410077,0.04111266620013996,0.04877536738978307
../data/satellite/aqua/2022/20221206_AQUA.jpg,2022-12-06,0.910111966410077,0.04111266620013996,0.04877536738978307
../data/satellite/aqua/2022/20221207_AQUA.jpg,2022-12-07,0.910111966410077,0.04111266620013996,0.04877536738978307
../data/satellite/aqua/2022/20221208_AQUA.jpg,2022-12-08,0.910111966410077,0.04111266620013996,0.04877536738978307
../data/satellite/aqua/2022/20221209_AQUA.jpg,2022-12-09,0.910111966410077,0.04111266620013996,0.04877536738978307
../data/satellite/aqua/2022/20221210_AQUA.jpg,2022-12-10,0.910111966410077,0.04111266620013996,0.04877536738978307
../data/satellite/aqua/2022/20221211_AQUA.jpg,2022-12-11,0.910111966410077,0.04111266620013996,0.04877536738978307
../data/satellite/aqua/2022/20221212_AQUA.jpg,2022-12-12,0.910111966410077,0.04111266620013996,0.04877536738978307
../data/satellite/aqua/2022/20221213_AQUA.jpg,2022-12-13,0.910111966410077,0.04111266620013996,0.04877536738978307
../data/satellite/aqua/2022/20221214_AQUA.jpg,2022-12-14,0.910111966410077,0.04111266620013996,0.04877536738978307
../data/satellite/aqua/2022/20221215_AQUA.jpg,2022-12-15,0.910111966410077,0.04111266620013996,0.04877536738978307
../data/satellite/aqua/2022/20221216_AQUA.jpg,2022-12-16,0.910111966410077,0.04111266620013996,0.04877536738978307
../data/satellite/aqua/2022/20221217_AQUA.jpg,2022-12-17,0.910111966410077,0.04111266620013996,0.04877536738978307
../data/satellite/aqua/2022/20221218_AQUA.jpg,2022-12-18,0.910111966410077,0.04111266620013996,0.04877536738978307
../data/satellite/aqua/2022/20221219_AQUA.jpg,2022-12-19,0.910111966410077,0.04111266620013996,0.04877536738978307
../data/satellite/aqua/2022/20221220_AQUA.jpg,2022-12-20,0.910111966410077,0.04111266620013996,0.04877536738978307
../data/satellite/aqua/2022/20221221_AQUA.jpg,2022-12-21,0.910111966410077,0.04111266620013996,0.04877536738978307
../data/satellite/aqua/2022/20221222_AQUA.jpg,2022-12-22,0.910111966410077,0.04111266620013996,0.04877536738978307
../data/satellite/aqua/2022/20221223_AQUA.jpg,2022-12-23,0.910111966410077,0.04111266620013996,0.04877536738978307
../data/satellite/aqua/2022/20221224_AQUA.jpg,2022-12-24,0.910111966410077,0.04111266620013996,0.04877536738978307
../data/satellite/aqua/2022/20221225_AQUA.jpg,2022-12-25,0.910111966410077,0.04111266620013996,0.04877536738978307
../data/satellite/aqua/2022/20221226_AQUA.jpg,2022-12-26,0.910111966410077,0.04111266620013996,0.04877536738978307
../data/satellite/aqua/2022/20221227_AQUA.jpg,2022-12-27,0.910111966410077,0.04111266620013996,0.04877536738978307
../data/satellite/aqua/2022/20221228_AQUA.jpg,2022-12-28,0.910111966410077,0.04111266620013996,0.04877536738978307
../data/satellite/aqua/2022/20221229_AQUA.jpg,2022-12-29,0.910111966410077,0.04111266620013996,0.04877536738978307
../data/satellite/aqua/2022/20221230_AQUA.jpg,2022-12-30,0.910111966410077,0.04111266620013996,0.04877536738978307
../data/satellite/aqua/2022/20221231_AQUA.jpg,2022-12-31,0.910111966410077,0.04111266620013996,0.04877536738978307
../data/satellite/aqua/2023/20230101_AQUA.jpg,2023-01-01,0.910111966410077,0.04111266620013996,0.04877536738978307
../data/satellite/aqua/2023/20230102_AQUA.jpg,2023-01-02,0.910111966410077,0.04111266620013996,0.04877536738978307
../data/satellite/aqua/2023/20230103_AQUA.jpg,2023-01-03,0.910111966410077,0.04111266620013996,0.04877536738978307
../data/satellite/aqua/2023/20230104_AQUA.jpg,2023-01-04,0.910111966410077,0.04111266620013996,0.04877536738978307
../data/satellite/aqua/2023/20230105_AQUA.jpg,2023-01-05,0.910111966410077,0.04111266620013996,0.04877536738978307
../data/satellite/aqua/2023/20230106_AQUA.jpg,2023-01-06,0.910111966410077,0.04111266620013996,0.04877536738978307
../data/satellite/aqua/2023/20230107_AQUA.jpg,2023-01-07,0.910111966410077,0.04111266620013996,0.04877536738978307
../data/satellite/aqua/2023/20230108_AQUA.jpg,2023-01-08,0.910111966410077,0.04111266620013996,0.04877536738978307
../data/satellite/aqua/2023/20230109_AQUA.jpg,2023-01-09,0.910111966410077,0.04111266620013996,0.04877536738978307
../data/satellite/aqua/2023/20230110_AQUA.jpg,2023-01-10,0.910111966410077,0.04111266620013996,0.04877536738978307
../data/satellite/aqua/2023/20230111_AQUA.jpg,2023-01-11,0.910111966410077,0.04111266620013996,0.04877536738978307
../data/satellite/aqua/2023/20230112_AQUA.jpg,2023-01-12,0.910111966410077,0.04111266620013996,0.04877536738978307
../data/satellite/aqua/2023/20230113_AQUA.jpg,2023-01-13,0.910111966410077,0.04111266620013996,0.04877536738978307
../data/satellite/aqua/2023/20230114_AQUA.jpg,2023-01-14,0.910111966410077,0.04111266620013996,0.04877536738978307
../data/satellite/aqua/2023/20230115_AQUA.jpg,2023-01-15,0.910111966410077,0.04111266620013996,0.04877536738978307
../data/satellite/aqua/2023/20230116_AQUA.jpg,2023-01-16,0.910111966410077,0.04111266620013996,0.04877536738978307
../data/satellite/aqua/2023/20230117_AQUA.jpg,2023-01-17,0.910111966410077,0.04111266620013996,0.04877536738978307
../data/satellite/aqua/2023/20230118_AQUA.jpg,2023-01-18,0.910111966410077,0.04111266620013996,0.04877536738978307
../data/satellite/aqua/2023/20230119_AQUA.jpg,2023-01-19,0.910111966410077,0.04111266620013996,0.04877536738978307
../data/satellite/aqua/2023/20230120_AQUA.jpg,2023-01-20,0.910111966410077,0.04111266620013996,0.04877536738978307
../data/satellite/aqua/2023/20230121_AQUA.jpg,2023-01-21,0.910111966410077,0.04111266620013996,0.04877536738978307
../data/satellite/aqua/2023/20230122_AQUA.jpg,2023-01-22,0.910111966410077,0.04111266620013996,0.04877536738978307
../data/satellite/aqua/2023/20230123_AQUA.jpg,2023-01-23,0.910111966410077,0.04111266620013996,0.04877536738978307
../data/satellite/aqua/2023/20230124_AQUA.jpg,2023-01-24,0.910111966410077,0.04111266620013996,0.04877536738978307
../data/satellite/aqua/2023/20230125_AQUA.jpg,2023-01-25,0.910111966410077,0.04111266620013996,0.04877536738978307
../data/satellite/aqua/2023/20230126_AQUA.jpg,2023-01-26,0.910111966410077,0.04111266620013996,0.04877536738978307
../data/satellite/aqua/2023/20230127_AQUA.jpg,2023-01-27,0.910111966410077,0.04111266620013996,0.04877536738978307
../data/satellite/aqua/2023/20230128_AQUA.jpg,2023-01-28,0.910111966410077,0.04111266620013996,0.04877536738978307
../data/satellite/aqua/2023/20230129_AQUA.jpg,2023-01-29,0.910111966410077,0.04111266620013996,0.04877536738978307
../data/satellite/aqua/2023/20230130_AQUA.jpg,2023-01-30,0.910111966410077,0.04111266620013996,0.04877536738978307
../data/satellite/aqua/2023/20230201_AQUA.jpg,2023-02-01,0.910111966410077,0.04111266620013996,0.04877536738978307
../data/satellite/aqua/2023/20230202_AQUA.jpg,2023-02-02,0.910111966410077,0.04111266620013996,0.04877536738978307
../data/satellite/aqua/2023/20230203_AQUA.jpg,2023-02-03,0.8544786564030791,0.07732680195941218,0.06819454163750875
../data/satellite/aqua/2023/20230204_AQUA.jpg,2023-02-04,0.7805808257522743,0.15790762771168648,0.061511546536039186
../data/satellite/aqua/2023/20230205_AQUA.jpg,2023-02-05,0.6657802659202239,0.2815255423372988,0.052694191742477255
../data/satellite/aqua/2023/20230206_AQUA.jpg,2023-02-06,0.48680895731280616,0.4722183344996501,0.040972708187543734
../data/satellite/aqua/2023/20230207_AQUA.jpg,2023-02-07,0.5677046885934219,0.3842547235829251,0.048040587823652905
../data/satellite/aqua/2023/20230208_AQUA.jpg,2023-02-08,0.15167949615115464,0.7293911826452064,0.1189293212036389
../data/satellite/aqua/2023/20230209_AQUA.jpg,2023-02-09,0.11655003498950314,0.5597620713785865,0.3236878936319104
../data/satellite/aqua/2023/20230210_AQUA.jpg,2023-02-10,0.1819454163750875,0.3640307907627712,0.45402379286214134
../data/satellite/aqua/2023/20230211_AQUA.jpg,2023-02-11,0.14513645906228131,0.38663400979706086,0.4682295311406578
../data/satellite/aqua/2023/20230212_AQUA.jpg,2023-02-12,0.08264520643806858,0.541777466759972,0.37557732680195943
../data/satellite/aqua/2023/20230213_AQUA.jpg,2023-02-13,0.07389783065080475,0.7462911126662002,0.1798110566829951
../data/satellite/aqua/2023/20230214_AQUA.jpg,2023-02-14,0.07568229531140658,0.4673897830650805,0.4569279216235129
../data/satellite/aqua/2023/20230215_AQUA.jpg,2023-02-15,0.26560531840447865,0.27967109867039885,0.45472358292512244
../data/satellite/aqua/2023/20230216_AQUA.jpg,2023-02-16,0.22477256822953115,0.26903428971308607,0.5061931420573828
../data/satellite/aqua/2023/20230217_AQUA.jpg,2023-02-17,0.07221833449965011,0.5773268019594122,0.35045486354093774
../data/satellite/aqua/2023/20230218_AQUA.jpg,2023-02-18,0.21238628411476557,0.2604618614415675,0.5271518544436669
../data/satellite/aqua/2023/20230219_AQUA.jpg,2023-02-19,0.1883484954513646,0.3584674597620714,0.45318404478656404
../data/satellite/aqua/2023/20230220_AQUA.jpg,2023-02-20,0.3706787963610917,0.19307207837648704,0.43624912526242127
../data/satellite/aqua/2023/20230221_AQUA.jpg,2023-02-21,0.046221133659902026,0.6005598320503849,0.3532190342897131
../data/satellite/aqua/2023/20230222_AQUA.jpg,2023-02-22,0.0268369489153254,0.7312456263121063,0.24191742477256822
../data/satellite/aqua/2023/20230227_AQUA.jpg,2023-02-27,0.910111966410077,0.04111266620013996,0.04877536738978307
../data/satellite/aqua/2023/20230228_AQUA.jpg,2023-02-28,0.910111966410077,0.04111266620013996,0.04877536738978307
../data/satellite/aqua/2023/20230301_AQUA.jpg,2023-03-01,0.910111966410077,0.04111266620013996,0.04877536738978307
../data/satellite/aqua/2023/20230302_AQUA.jpg,2023-03-02,0.05521343596920924,0.7344296710986704,0.21035689293212037
../data/satellite/aqua/2023/20230303_AQUA.jpg,2023-03-03,0.07109867039888033,0.7887333799860042,0.14016794961511547
../data/satellite/aqua/2023/20230304_AQUA.jpg,2023-03-04,0.05899230230930721,0.6546885934219734,0.28631910426871937
../data/satellite/aqua/2023/20230305_AQUA.jpg,2023-03-05,0.06634009797060882,0.5735479356193142,0.360111966410077
../data/satellite/aqua/2023/20230306_AQUA.jpg,2023-03-06,0.06592022393282015,0.7588873337998601,0.1751924422673198
../data/satellite/aqua/2023/20230307_AQUA.jpg,2023-03-07,0.07673198040587824,0.7542687193841847,0.16899930020993703
../data/satellite/aqua/2023/20230308_AQUA.jpg,2023-03-08,0.05402379286214136,0.3884184744576627,0.5575577326801959
../data/satellite/aqua/2023/20230309_AQUA.jpg,2023-03-09,0.07806158152554234,0.7022743177046886,0.21966410076976908
../data/satellite/aqua/2023/20230310_AQUA.jpg,2023-03-10,0.09349195241427571,0.7675297410776767,0.13897830650804757
../data/satellite/aqua/2023/20230311_AQUA.jpg,2023-03-11,0.08198040587823653,0.7710636808957313,0.1469559132260322
../data/satellite/aqua/2023/20230312_AQUA.jpg,2023-03-12,0.08680895731280616,0.7616165150454863,0.15157452764170748
../data/satellite/aqua/2023/20230313_AQUA.jpg,2023-03-13,0.09065780265920224,0.7634359692092372,0.14590622813156054
../data/satellite/aqua/2023/20230314_AQUA.jpg,2023-03-14,0.07004898530440867,0.6336948915325402,0.2962561231630511
../data/satellite/aqua/2023/20230315_AQUA.jpg,2023-03-15,0.19156752974107769,0.3100769769069279,0.4983554933519944
../data/satellite/aqua/2023/20230316_AQUA.jpg,2023-03-16,0.15160951714485654,0.26053184044786565,0.5878586424072778
../data/satellite/aqua/2023/20230317_AQUA.jpg,2023-03-17,0.045591322603219034,0.7528691392582225,0.20153953813855843
../data/satellite/aqua/2023/20230318_AQUA.jpg,2023-03-18,0.06539538138558433,0.7509447165850245,0.18365990202939117
../data/satellite/aqua/2023/20230319_AQUA.jpg,2023-03-19,0.04888033589923023,0.6293911826452064,0.3217284814555633
../data/satellite/aqua/2023/20230320_AQUA.jpg,2023-03-20,0.057627711686494054,0.6885584324702589,0.253813855843247
../data/satellite/aqua/2023/20230321_AQUA.jpg,2023-03-21,0.07375787263820854,0.7093771868439468,0.21686494051784463
../data/satellite/aqua/2023/20230322_AQUA.jpg,2023-03-22,0.09576627011896431,0.5939118264520644,0.3103219034289713
../data/satellite/aqua/2023/20230323_AQUA.jpg,2023-03-23,0.0794261721483555,0.6304408677396781,0.29013296011196643
../data/satellite/aqua/2023/20230324_AQUA.jpg,2023-03-24,0.09090272918124563,0.631000699790063,0.2780965710286914
../data/satellite/aqua/2023/20230325_AQUA.jpg,2023-03-25,0.0526592022393282,0.6680545836249125,0.27928621413575927
../data/satellite/aqua/2023/20230326_AQUA.jpg,2023-03-26,0.049790062981105665,0.7356193142057382,0.21459062281315605
../data/satellite/aqua/2023/20230327_AQUA.jpg,2023-03-27,0.046116165150454864,0.7351994401679496,0.21868439468159553
../data/satellite/aqua/2023/20230328_AQUA.jpg,2023-03-28,0.05510846745976207,0.7223233030090973,0.22256822953114067
../data/satellite/aqua/2023/20230329_AQUA.jpg,2023-03-29,0.0364590622813156,0.7627711686494052,0.2007697690692792
../data/satellite/aqua/2023/20230330_AQUA.jpg,2023-03-30,0.03950314905528342,0.7599020293911827,0.20059482155353395
../data/satellite/aqua/2023/20230331_AQUA.jpg,2023-03-31,0.053009097270818754,0.7476557032890133,0.19933519944016795
../data/satellite/aqua/2023/20230401_AQUA.jpg,2023-04-01,0.06630510846745977,0.7308607417774667,0.20283414975507347
../data/satellite/aqua/2023/20230402_AQUA.jpg,2023-04-02,0.06927921623512946,0.7407277816655004,0.1899930020993702
../data/satellite/aqua/2023/20230403_AQUA.jpg,2023-04-03,0.09755073477956613,0.7096571028691393,0.19279216235129462
../data/satellite/aqua/2023/20230404_AQUA.jpg,2023-04-04,0.07617214835549335,0.6903428971308607,0.2334849545136459
../data/satellite/aqua/2023/20230405_AQUA.jpg,2023-04-05,0.09153254023792862,0.6735479356193143,0.23491952414275719
../data/satellite/aqua/2023/20230406_AQUA.jpg,2023-04-06,0.09307207837648705,0.6759622113365991,0.23096571028691393
../data/satellite/aqua/2023/20230407_AQUA.jpg,2023-04-07,0.1036738978306508,0.6519594121763471,0.2443666899930021
../data/satellite/aqua/2023/20230408_AQUA.jpg,2023-04-08,0.057172848145556336,0.7104968509447166,0.2323303009097271
../data/satellite/aqua/2023/20230409_AQUA.jpg,2023-04-09,0.07228831350594822,0.6419174247725682,0.28579426172148353
../data/satellite/aqua/2023/20230410_AQUA.jpg,2023-04-10,0.11829951014695592,0.6578376487053884,0.2238628411476557
../data/satellite/aqua/2023/20230411_AQUA.jpg,2023-04-11,0.16084674597620713,0.627151854443667,0.21200139958012595
../data/satellite/aqua/2023/20230412_AQUA.jpg,2023-04-12,0.1469559132260322,0.6135409377186843,0.23950314905528342
../data/satellite/aqua/2023/20230413_AQUA.jpg,2023-04-13,0.1162701189643107,0.49016794961511545,0.39356193142057383
../data/satellite/aqua/2023/20230414_AQUA.jpg,2023-04-14,0.10216934919524143,0.6123862841147656,0.285444366689993
../data/satellite/aqua/2023/20230415_AQUA.jpg,2023-04-15,0.1068929321203639,0.5973757872638209,0.2957312806158153
../data/satellite/aqua/2023/20230416_AQUA.jpg,2023-04-16,0.08439468159552134,0.71518544436669,0.20041987403778866
../data/satellite/aqua/2023/20230417_AQUA.jpg,2023-04-17,0.04517144856543037,0.6709587123862841,0.2838698390482855
../data/satellite/aqua/2023/20230418_AQUA.jpg,2023-04-18,0.044191742477256823,0.6187193841847446,0.3370888733379986
../data/satellite/aqua/2023/20230419_AQUA.jpg,2023-04-19,0.15818754373687893,0.4340097970608817,0.40780265920223935
../data/satellite/aqua/2023/20230420_AQUA.jpg,2023-04-20,0.17886634009797062,0.6258922323303009,0.1952414275717285
../data/satellite/aqua/2023/20230421_AQUA.jpg,2023-04-21,0.21717984604618615,0.5412526242127362,0.24156752974107767
../data/satellite/aqua/2023/20230423_AQUA.jpg,2023-04-23,0.1353044086773968,0.4276766969909027,0.4370188943317005
../data/satellite/aqua/2023/20230424_AQUA.jpg,2023-04-24,0.09527641707487754,0.47008397480755776,0.43463960811756475
../data/satellite/aqua/2023/20230425_AQUA.jpg,2023-04-25,0.14058782365290412,0.4640657802659202,0.39534639608117567
../data/satellite/aqua/2023/20230426_AQUA.jpg,2023-04-26,0.06000699790062981,0.681035689293212,0.25895731280615814
../data/satellite/aqua/2023/20230427_AQUA.jpg,2023-04-27,0.14706088173547935,0.6029741077676697,0.24996501049685094
../data/satellite/aqua/2023/20230428_AQUA.jpg,2023-04-28,0.2228481455563331,0.5407277816655004,0.23642407277816654
../data/satellite/aqua/2023/20230429_AQUA.jpg,2023-04-29,0.277186843946816,0.5642057382785165,0.1586074177746676
../data/satellite/aqua/2023/20230430_AQUA.jpg,2023-04-30,0.3390132960111966,0.518299510146956,0.14268719384184744
../data/satellite/aqua/2023/20230501_AQUA.jpg,2023-05-01,0.3237228831350595,0.5378236529041288,0.13845346396081176
../data/satellite/aqua/2023/20230502_AQUA.jpg,2023-05-02,0.910111966410077,0.04111266620013996,0.04877536738978307
../data/satellite/aqua/2023/20230503_AQUA.jpg,2023-05-03,0.12795661301609518,0.38883834849545135,0.4832050384884535
../data/satellite/aqua/2023/20230504_AQUA.jpg,2023-05-04,0.1453114065780266,0.46724982505248425,0.38743876836948915
../data/satellite/aqua/2023/20230505_AQUA.jpg,2023-05-05,0.06242127361791463,0.5346745976207138,0.4029041287613716
../data/satellite/aqua/2023/20230506_AQUA.jpg,2023-05-06,0.07732680195941218,0.5648355493351994,0.35783764870538837
../data/satellite/aqua/2023/20230507_AQUA.jpg,2023-05-07,0.11864940517844647,0.4904478656403079,0.39090272918124563
../data/satellite/aqua/2023/20230508_AQUA.jpg,2023-05-08,0.20223932820153953,0.3698040587823653,0.42795661301609517
../data/satellite/aqua/2023/20230509_AQUA.jpg,2023-05-09,0.06382085374387683,0.5169349195241427,0.4192442267319804
../data/satellite/aqua/2023/20230510_AQUA.jpg,2023-05-10,0.21284114765570328,0.5199790062981106,0.26717984604618616
../data/satellite/aqua/2023/20230511_AQUA.jpg,2023-05-11,0.1910776766969909,0.5590272918124563,0.24989503149055284
../data/satellite/aqua/2023/20230512_AQUA.jpg,2023-05-12,0.18901329601119665,0.4467809657102869,0.36420573827851643
../data/satellite/aqua/2023/20230513_AQUA.jpg,2023-05-13,0.20437368789363192,0.4946116165150455,0.3010146955913226
../data/satellite/aqua/2023/20230514_AQUA.jpg,2023-05-14,0.10570328901329601,0.4976557032890133,0.3966410076976907
../data/satellite/aqua/2023/20230515_AQUA.jpg,2023-05-15,0.20864240727781666,0.45573827851644505,0.33561931420573826
../data/satellite/aqua/2023/20230516_AQUA.jpg,2023-05-16,0.436703988803359,0.43212036389083275,0.13117564730580825
../data/satellite/aqua/2023/20230517_AQUA.jpg,2023-05-17,0.31235129461161654,0.4836249125262421,0.20402379286214137
../data/satellite/aqua/2023/20230518_AQUA.jpg,2023-05-18,0.11501049685094472,0.5728131560531841,0.3121763470958712
../data/satellite/aqua/2023/20230519_AQUA.jpg,2023-05-19,0.20825752274317705,0.5162351294611617,0.27550734779566133
../data/satellite/aqua/2023/20230520_AQUA.jpg,2023-05-20,0.091777466759972,0.5028341497550735,0.40538838348495454
../data/satellite/aqua/2023/20230521_AQUA.jpg,2023-05-21,0.09541637508747376,0.4794261721483555,0.4251574527641708
../data/satellite/aqua/2023/20230522_AQUA.jpg,2023-05-22,0.3424772568229531,0.4553184044786564,0.2022043386983905
../data/satellite/aqua/2023/20230523_AQUA.jpg,2023-05-23,0.12123862841147656,0.40619314205738277,0.47256822953114064
../data/satellite/aqua/2023/20230525_AQUA.jpg,2023-05-25,0.3081525542337299,0.4418474457662701,0.25
../data/satellite/aqua/2023/20230526_AQUA.jpg,2023-05-26,0.04853044086773968,0.5204688593421973,0.431000699790063
../data/satellite/aqua/2023/20230529_AQUA.jpg,2023-05-29,0.20062981105668298,0.5318054583624913,0.26756473058082575
../data/satellite/aqua/2023/20230530_AQUA.jpg,2023-05-30,0.07218334499650104,0.47008397480755776,0.4577326801959412
../data/satellite/aqua/2023/20230531_AQUA.jpg,2023-05-31,0.910111966410077,0.04111266620013996,0.04877536738978307
../data/satellite/aqua/2023/20230601_AQUA.jpg,2023-06-01,0.059587123862841145,0.5495101469559133,0.39090272918124563
../data/satellite/aqua/2023/20230602_AQUA.jpg,2023-06-02,0.0953813855843247,0.608257522743177,0.29636109167249824
../data/satellite/aqua/2023/20230603_AQUA.jpg,2023-06-03,0.07270818754373688,0.5072778166550035,0.42001399580125964
../data/satellite/aqua/2023/20230604_AQUA.jpg,2023-06-04,0.14009797060881735,0.6131910426871938,0.2467109867039888
../data/satellite/aqua/2023/20230605_AQUA.jpg,2023-06-05,0.06333100069979006,0.5007347795661301,0.43593421973407975
../data/satellite/aqua/2023/20230606_AQUA.jpg,2023-06-06,0.12648705388383485,0.5909377186843947,0.2825752274317705
../data/satellite/aqua/2023/20230607_AQUA.jpg,2023-06-07,0.1386634009797061,0.5773967809657102,0.2839398180545836
../data/satellite/aqua/2023/20230608_AQUA.jpg,2023-06-08,0.17736179146256123,0.6311406578026592,0.19149755073477956
../data/satellite/aqua/2023/20230609_AQUA.jpg,2023-06-09,0.26088173547935617,0.4708187543736879,0.2682995101469559
../data/satellite/aqua/2023/20230610_AQUA.jpg,2023-06-10,0.08656403079076277,0.5390482855143457,0.37438768369489156
../data/satellite/aqua/2023/20230611_AQUA.jpg,2023-06-11,0.10048985304408678,0.5279566130160952,0.37155353393981805
../data/satellite/aqua/2023/20230612_AQUA.jpg,2023-06-12,0.28705388383484953,0.5080825752274317,0.2048635409377187
../data/satellite/aqua/2023/20230613_AQUA.jpg,2023-06-13,0.08953813855843247,0.6260321903428971,0.2844296710986704
../data/satellite/aqua/2023/20230614_AQUA.jpg,2023-06-14,0.17869139258222533,0.48887333799860044,0.33243526941917423
../data/satellite/aqua/2023/20230615_AQUA.jpg,2023-06-15,0.12750174947515747,0.5767319804058783,0.29576627011896434
../data/satellite/aqua/2023/20230616_AQUA.jpg,2023-06-16,0.1231630510846746,0.4090622813156053,0.4677746675997201
../data/satellite/aqua/2023/20230617_AQUA.jpg,2023-06-17,0.14496151154653603,0.5722533240027992,0.2827851644506648
../data/satellite/aqua/2023/20230618_AQUA.jpg,2023-06-18,0.20783764870538837,0.4306857942617215,0.3614765570328901
../data/satellite/aqua/2023/20230619_AQUA.jpg,2023-06-19,0.09800559832050385,0.4411826452064381,0.4608117564730581
../data/satellite/aqua/2023/20230620_AQUA.jpg,2023-06-20,0.14461161651504548,0.46252624212736176,0.39286214135759273
../data/satellite/aqua/2023/20230621_AQUA.jpg,2023-06-21,0.07232330300909727,0.4309307207837649,0.49674597620713784
../data/satellite/aqua/2023/20230622_AQUA.jpg,2023-06-22,0.11270118964310707,0.2495451364590623,0.6377536738978307
../data/satellite/aqua/2023/20230623_AQUA.jpg,2023-06-23,0.06994401679496151,0.717704688593422,0.2123512946116165
../data/satellite/aqua/2023/20230624_AQUA.jpg,2023-06-24,0.3332400279916025,0.2728481455563331,0.3939118264520644
../data/satellite/aqua/2023/20230625_AQUA.jpg,2023-06-25,0.2287963610916725,0.4009447165850245,0.370258922323303
../data/satellite/aqua/2023/20230626_AQUA.jpg,2023-06-26,0.837963610916725,0.049125262421273616,0.1129111266620014
../data/satellite/aqua/2023/20230627_AQUA.jpg,2023-06-27,0.08509447165850245,0.6099020293911827,0.3050034989503149
../data/satellite/aqua/2023/20230628_AQUA.jpg,2023-06-28,0.18404478656403078,0.5275367389783066,0.2884184744576627
../data/satellite/aqua/2023/20230629_AQUA.jpg,2023-06-29,0.164555633310007,0.4390482855143457,0.3963960811756473
../data/satellite/aqua/2023/20230630_AQUA.jpg,2023-06-30,0.078481455563331,0.5698740377886634,0.3516445066480056
../data/satellite/aqua/2023/20230701_AQUA.jpg,2023-07-01,0.18659902029391182,0.3920923722883135,0.42130860741777465
../data/satellite/aqua/2023/20230702_AQUA.jpg,2023-07-02,0.6896081175647306,0.13656403079076276,0.17382785164450665
../data/satellite/aqua/2023/20230703_AQUA.jpg,2023-07-03,0.3219734079776067,0.4805458362491253,0.197480755773268
../data/satellite/aqua/2023/20230704_AQUA.jpg,2023-07-04,0.08023093072078376,0.46357592722183344,0.45619314205738276
../data/satellite/aqua/2023/20230705_AQUA.jpg,2023-07-05,0.15388383484954513,0.4141007697690693,0.43201539538138556
../data/satellite/aqua/2023/20230706_AQUA.jpg,2023-07-06,0.04758572428271519,0.7472358292512247,0.20517844646606018
../data/satellite/aqua/2023/20230707_AQUA.jpg,2023-07-07,0.024352694191742477,0.6261021693491953,0.34954513645906227
../data/satellite/aqua/2023/20230708_AQUA.jpg,2023-07-08,0.5014695591322603,0.22477256822953115,0.27375787263820855
../data/satellite/aqua/2023/20230709_AQUA.jpg,2023-07-09,0.0986703988803359,0.620888733379986,0.2804408677396781
../data/satellite/aqua/2023/20230710_AQUA.jpg,2023-07-10,0.12368789363191042,0.40874737578726383,0.46756473058082576
../data/satellite/aqua/2023/20230711_AQUA.jpg,2023-07-11,0.2527291812456263,0.47781665500349896,0.2694541637508747
../data/satellite/aqua/2023/20230712_AQUA.jpg,2023-07-12,0.15598320503848845,0.48610916724982506,0.3579076277116865
../data/satellite/aqua/2023/20230713_AQUA.jpg,2023-07-13,0.15909727081875438,0.5485654303708888,0.2923372988103569
../data/satellite/aqua/2023/20230714_AQUA.jpg,2023-07-14,0.171518544436669,0.3795661301609517,0.4489153254023793
../data/satellite/aqua/2023/20230715_AQUA.jpg,2023-07-15,0.1241077676696991,0.4529741077676697,0.4229181245626312
../data/satellite/aqua/2023/20230716_AQUA.jpg,2023-07-16,0.20370888733379985,0.4020993701889433,0.3941917424772568
../data/satellite/aqua/2023/20230717_AQUA.jpg,2023-07-17,0.16931420573827852,0.4059482155353394,0.42473757872638207
../data/satellite/aqua/2023/20230718_AQUA.jpg,2023-07-18,0.29184744576627014,0.3965710286913926,0.3115815255423373
../data/satellite/aqua/2023/20230719_AQUA.jpg,2023-07-19,0.34496151154653604,0.44856543037088875,0.20647305808257524
../data/satellite/aqua/2023/20230720_AQUA.jpg,2023-07-20,0.29079776067179847,0.28635409377186843,0.4228481455563331
../data/satellite/aqua/2023/20230721_AQUA.jpg,2023-07-21,0.910111966410077,0.04111266620013996,0.04877536738978307
../data/satellite/aqua/2023/20230722_AQUA.jpg,2023-07-22,0.910111966410077,0.04111266620013996,0.04877536738978307
../data/satellite/aqua/2023/20230723_AQUA.jpg,2023-07-23,0.910111966410077,0.04111266620013996,0.04877536738978307
../data/satellite/aqua/2023/20230724_AQUA.jpg,2023-07-24,0.910111966410077,0.04111266620013996,0.04877536738978307
../data/satellite/aqua/2023/20230725_AQUA.jpg,2023-07-25,0.910111966410077,0.04111266620013996,0.04877536738978307
../data/satellite/aqua/2023/20230726_AQUA.jpg,2023-07-26,0.910111966410077,0.04111266620013996,0.04877536738978307
../data/satellite/aqua/2023/20230727_AQUA.jpg,2023-07-27,0.15199440167949615,0.638628411476557,0.20937718684394682
../data/satellite/aqua/2023/20230728_AQUA.jpg,2023-07-28,0.16801959412176348,0.38859342197340796,0.44338698390482856
../data/satellite/aqua/2023/20230729_AQUA.jpg,2023-07-29,0.09184744576627012,0.5118264520643807,0.3963261021693492
../data/satellite/aqua/2023/20230730_AQUA.jpg,2023-07-30,0.11973407977606718,0.4862841147655703,0.3939818054583625
../data/satellite/aqua/2023/20230731_AQUA.jpg,2023-07-31,0.11154653603918824,0.5853393981805458,0.3031140657802659
../data/satellite/aqua/2023/20230801_AQUA.jpg,2023-08-01,0.8458362491252625,0.041287613715885234,0.11287613715885235
../data/satellite/aqua/2023/20230802_AQUA.jpg,2023-08-02,0.1456962911126662,0.6001049685094472,0.25419874037788665
../data/satellite/aqua/2023/20230803_AQUA.jpg,2023-08-03,0.15115465360391883,0.5251574527641707,0.3236878936319104
../data/satellite/aqua/2023/20230804_AQUA.jpg,2023-08-04,0.2212736179146256,0.44790062981105666,0.3308257522743177
../data/satellite/aqua/2023/20230805_AQUA.jpg,2023-08-05,0.3325752274317705,0.4615815255423373,0.20584324702589224
../data/satellite/aqua/2023/20230806_AQUA.jpg,2023-08-06,0.782260321903429,0.06829951014695591,0.14944016794961512
../data/satellite/aqua/2023/20230807_AQUA.jpg,2023-08-07,0.7048285514345697,0.10160951714485654,0.19356193142057382
../data/satellite/aqua/2023/20230808_AQUA.jpg,2023-08-08,0.5783764870538838,0.09576627011896431,0.32585724282715184
../data/satellite/aqua/2023/20230809_AQUA.jpg,2023-08-09,0.15097970608817354,0.527256822953114,0.3217634709587124
../data/satellite/aqua/2023/20230810_AQUA.jpg,2023-08-10,0.12554233729881037,0.6502799160251924,0.2241777466759972
../data/satellite/aqua/2023/20230811_AQUA.jpg,2023-08-11,0.06168649405178447,0.534149755073478,0.4041637508747376
../data/satellite/aqua/2023/20230812_AQUA.jpg,2023-08-12,0.1818404478656403,0.33722883135059484,0.48093072078376486
../data/satellite/aqua/2023/20230813_AQUA.jpg,2023-08-13,0.16578026592022393,0.5856543037088874,0.24856543037088874
../data/satellite/aqua/2023/20230814_AQUA.jpg,2023-08-14,0.06084674597620714,0.6214835549335199,0.31766969909027293
../data/satellite/aqua/2023/20230815_AQUA.jpg,2023-08-15,0.26539538138558433,0.43047585724282716,0.3041287613715885
../data/satellite/aqua/2023/20230816_AQUA.jpg,2023-08-16,0.1618964310706788,0.5006648005598321,0.33743876836948916
../data/satellite/aqua/2023/20230817_AQUA.jpg,2023-08-17,0.8749825052484255,0.010251924422673198,0.11476557032890133
../data/satellite/aqua/2023/20230818_AQUA.jpg,2023-08-18,0.2655003498950315,0.4565080475857243,0.2779916025192442
../data/satellite/aqua/2023/20230819_AQUA.jpg,2023-08-19,0.11119664100769769,0.49107767669699093,0.3977256822953114
../data/satellite/aqua/2023/20230820_AQUA.jpg,2023-08-20,0.910111966410077,0.04111266620013996,0.04877536738978307
../data/satellite/aqua/2023/20230821_AQUA.jpg,2023-08-21,0.910111966410077,0.04111266620013996,0.04877536738978307
../data/satellite/aqua/2023/20230822_AQUA.jpg,2023-08-22,0.18558432470258923,0.6774667599720084,0.13694891532540238
../data/satellite/aqua/2023/20230823_AQUA.jpg,2023-08-23,0.1396780965710287,0.38488453463960814,0.4754373687893632
../data/satellite/aqua/2023/20230824_AQUA.jpg,2023-08-24,0.08275017494751574,0.6205388383484954,0.2967109867039888
../data/satellite/aqua/2023/20230825_AQUA.jpg,2023-08-25,0.18666899930020994,0.48047585724282715,0.33285514345696293
../data/satellite/aqua/2023/20230826_AQUA.jpg,2023-08-26,0.1332400279916025,0.4486703988803359,0.4180895731280616
../data/satellite/aqua/2023/20230827_AQUA.jpg,2023-08-27,0.15864240727781664,0.5938418474457663,0.24751574527641707
../data/satellite/aqua/2023/20230828_AQUA.jpg,2023-08-28,0.4953114065780266,0.24121763470958713,0.2634709587123863
../data/satellite/aqua/2023/20230829_AQUA.jpg,2023-08-29,0.3824352694191743,0.37547235829251224,0.2420923722883135
../data/satellite/aqua/2023/20230830_AQUA.jpg,2023-08-30,0.05874737578726382,0.6023442967109867,0.3389083275017495
../data/satellite/aqua/2023/20230831_AQUA.jpg,2023-08-31,0.12071378586424072,0.5086074177746676,0.3706787963610917
../data/satellite/aqua/2023/20230901_AQUA.jpg,2023-09-01,0.3238628411476557,0.3665150454863541,0.3096221133659902
../data/satellite/aqua/2023/20230902_AQUA.jpg,2023-09-02,0.22351294611616515,0.3462561231630511,0.4302309307207838
../data/satellite/aqua/2023/20230903_AQUA.jpg,2023-09-03,0.2866340097970609,0.5624562631210637,0.15090972708187544
../data/satellite/aqua/2023/20230904_AQUA.jpg,2023-09-04,0.4226382085374388,0.11168649405178446,0.4656752974107768
../data/satellite/aqua/2023/20230905_AQUA.jpg,2023-09-05,0.07036389083275017,0.5478306508047586,0.38180545836249125
../data/satellite/aqua/2023/20230906_AQUA.jpg,2023-09-06,0.13785864240727783,0.39503149055283415,0.46710986703988805
../data/satellite/aqua/2023/20230907_AQUA.jpg,2023-09-07,0.09909027291812457,0.70444366689993,0.19646606018194543
../data/satellite/aqua/2023/20230908_AQUA.jpg,2023-09-08,0.34174247725682294,0.38481455563331,0.27344296710986704
../data/satellite/aqua/2023/20230909_AQUA.jpg,2023-09-09,0.23939818054583625,0.5267319804058782,0.2338698390482855
../data/satellite/aqua/2023/20230910_AQUA.jpg,2023-09-10,0.15451364590622813,0.6304408677396781,0.21504548635409376
../data/satellite/aqua/2023/20230911_AQUA.jpg,2023-09-11,0.09772568229531141,0.6531140657802659,0.24916025192442268
../data/satellite/aqua/2023/20230912_AQUA.jpg,2023-09-12,0.14478656403079077,0.3976557032890133,0.45755773268019595
../data/satellite/aqua/2023/20230917_AQUA.jpg,2023-09-17,0.5327501749475158,0.2926172148355493,0.1746326102169349
../data/satellite/aqua/2023/20231015_AQUA.jpg,2023-10-15,0.2663400979706088,0.39230230930720783,0.34135759272218336
../data/satellite/aqua/2023/20231016_AQUA.jpg,2023-10-16,0.3662701189643107,0.3904478656403079,0.24328201539538138
../data/satellite/aqua/2023/20231017_AQUA.jpg,2023-10-17,0.651259622113366,0.08365990202939118,0.2650804758572428
../data/satellite/aqua/2023/20231106_AQUA.jpg,2023-11-06,0.7422323303009097,0.17295311406578026,0.08481455563331
../data/satellite/aqua/2023/20231107_AQUA.jpg,2023-11-07,0.8853393981805459,0.044261721483554936,0.07039888033589924
../data/satellite/aqua/2024/20240225_AQUA.jpg,2024-02-25,0.04226731980405878,0.5830300909727082,0.374702589223233
../data/satellite/aqua/2024/20240226_AQUA.jpg,2024-02-26,0.03033589923023093,0.6299510146955913,0.3397130860741778
../data/satellite/aqua/2024/20240229_AQUA.jpg,2024-02-29,0.08257522743177047,0.5332050384884535,0.38421973407977605
../data/satellite/aqua/2024/20240309_AQUA.jpg,2024-03-09,0.05878236529041288,0.7285514345696291,0.21266620013995802
../data/satellite/aqua/2024/20240403_AQUA.jpg,2024-04-03,0.05416375087473758,0.5986703988803359,0.3471658502449265
../data/satellite/aqua/2024/20240404_AQUA.jpg,2024-04-04,0.0993002099370189,0.4900979706088174,0.41060181945416374
../data/satellite/aqua/2024/20240406_AQUA.jpg,2024-04-06,0.0824002799160252,0.5578376487053884,0.3597620713785864
../data/satellite/aqua/2024/20240407_AQUA.jpg,2024-04-07,0.05584324702589223,0.6508397480755773,0.29331700489853046
../data/satellite/aqua/2024/20240410_AQUA.jpg,2024-04-10,0.08691392582225332,0.58666899930021,0.32641707487753674
../data/satellite/aqua/2024/20240411_AQUA.jpg,2024-04-11,0.06861441567529741,0.6629811056682995,0.2684044786564031
../data/satellite/aqua/2024/20240708_AQUA.jpg,2024-07-08,0.5786564030790763,0.19321203638908327,0.22813156053184044
../data/satellite/aqua/2024/20240709_AQUA.jpg,2024-07-09,0.33722883135059484,0.328481455563331,0.3342897130860742
../data/satellite/aqua/2024/20240710_AQUA.jpg,2024-07-10,0.5222533240027991,0.22757172848145557,0.25017494751574526
../data/satellite/aqua/2024/20240711_AQUA.jpg,2024-07-11,0.1245626312106368,0.49188243526941916,0.383554933519944
../data/satellite/aqua/2024/20240712_AQUA.jpg,2024-07-12,0.605038488453464,0.2253673897830651,0.16959412176347097
../data/satellite/aqua/2024/20240713_AQUA.jpg,2024-07-13,0.1780265920223933,0.7298460461861441,0.09212736179146257
../data/satellite/aqua/2024/20240714_AQUA.jpg,2024-07-14,0.07935619314205739,0.5660951714485655,0.3545486354093772
../data/satellite/aqua/2024/20240715_AQUA.jpg,2024-07-15,0.720258922323303,0.13981805458362492,0.13992302309307209
../data/satellite/aqua/2024/20240716_AQUA.jpg,2024-07-16,0.696815955213436,0.15794261721483555,0.14524142757172848
../data/satellite/aqua/2024/20240717_AQUA.jpg,2024-07-17,0.9129461161651504,0.011756473058082575,0.07529741077676697
../data/satellite/aqua/2024/20240718_AQUA.jpg,2024-07-18,0.9061931420573828,0.012001399580125962,0.08180545836249126
../data/satellite/aqua/2024/20240719_AQUA.jpg,2024-07-19,0.9192442267319804,0.012001399580125962,0.06875437368789364
../data/satellite/aqua/2024/20240720_AQUA.jpg,2024-07-20,0.5442267319804058,0.07263820853743877,0.38313505948215537
../data/satellite/aqua/2024/20240721_AQUA.jpg,2024-07-21,0.8970608817354794,0.015255423372988103,0.08768369489153253
../data/satellite/aqua/2024/20240722_AQUA.jpg,2024-07-22,0.22477256822953115,0.49545136459062283,0.27977606717984604
../data/satellite/aqua/2024/20240723_AQUA.jpg,2024-07-23,0.14730580825752274,0.7032540237928622,0.14944016794961512
../data/satellite/aqua/2024/20240724_AQUA.jpg,2024-07-24,0.06336599020293912,0.712001399580126,0.22463261021693492
../data/satellite/aqua/2024/20240725_AQUA.jpg,2024-07-25,0.09688593421973409,0.5665500349895032,0.33656403079076275
../data/satellite/aqua/2024/20240726_AQUA.jpg,2024-07-26,0.14958012596221135,0.4443666899930021,0.4060531840447866
../data/satellite/aqua/2024/20240727_AQUA.jpg,2024-07-27,0.8971308607417775,0.021413575927221835,0.0814555633310007
../data/satellite/aqua/2024/20240728_AQUA.jpg,2024-07-28,0.9386634009797061,0.019699090272918125,0.04163750874737579
../data/satellite/aqua/2024/20240729_AQUA.jpg,2024-07-29,0.9386634009797061,0.019699090272918125,0.04163750874737579
../data/satellite/aqua/2024/20240730_AQUA.jpg,2024-07-30,0.09233729881035689,0.7134009797060882,0.19426172148355494
../data/satellite/aqua/2024/20240731_AQUA.jpg,2024-07-31,0.3700139958012596,0.3741077676696991,0.2558782365290413
../data/satellite/aqua/2024/20240801_AQUA.jpg,2024-08-01,0.4128061581525542,0.26920923722883133,0.31798460461861444
../data/satellite/aqua/2024/20240802_AQUA.jpg,2024-08-02,0.8796011196641008,0.0449965010496851,0.07540237928621414
../data/satellite/aqua/2024/20240803_AQUA.jpg,2024-08-03,0.8419874037788664,0.019629111266620015,0.13838348495451364
../data/satellite/aqua/2024/20240804_AQUA.jpg,2024-08-04,0.8048635409377187,0.0804408677396781,0.11469559132260322
../data/satellite/aqua/2024/20240805_AQUA.jpg,2024-08-05,0.7255773268019594,0.15276417074877538,0.12165850244926522
../data/satellite/aqua/2024/20240806_AQUA.jpg,2024-08-06,0.9386634009797061,0.019699090272918125,0.04163750874737579
../data/satellite/aqua/2024/20240807_AQUA.jpg,2024-08-07,0.9386634009797061,0.019699090272918125,0.04163750874737579
../data/satellite/aqua/2024/20240808_AQUA.jpg,2024-08-08,0.10307907627711686,0.6041637508747376,0.29275717284814556
../data/satellite/aqua/2024/20240809_AQUA.jpg,2024-08-09,0.11277116864940517,0.5324702589223234,0.3547585724282715
../data/satellite/aqua/2024/20240810_AQUA.jpg,2024-08-10,0.09853044086773968,0.5662001399580125,0.33526941917424774
../data/satellite/aqua/2024/20240811_AQUA.jpg,2024-08-11,0.3093771868439468,0.4953114065780266,0.1953114065780266
../data/satellite/aqua/2024/20240812_AQUA.jpg,2024-08-12,0.44839048285514344,0.3632260321903429,0.18838348495451365
../data/satellite/aqua/2024/20240813_AQUA.jpg,2024-08-13,0.1270818754373688,0.4448565430370889,0.42806158152554236
../data/satellite/aqua/2024/20240814_AQUA.jpg,2024-08-14,0.6604618614415675,0.25384884534639607,0.08568929321203639
../data/satellite/aqua/2024/20240815_AQUA.jpg,2024-08-15,0.12914625612316305,0.5122463261021694,0.3586074177746676
../data/satellite/aqua/2024/20240816_AQUA.jpg,2024-08-16,0.12529741077676698,0.587368789363191,0.287333799860042
../data/satellite/aqua/2024/20240817_AQUA.jpg,2024-08-17,0.1774667599720084,0.47428271518544435,0.34825052484254726
../data/satellite/aqua/2024/20240818_AQUA.jpg,2024-08-18,0.4587473757872638,0.27148355493351994,0.26976906927921623
../data/satellite/aqua/2024/20240819_AQUA.jpg,2024-08-19,0.23523442967109867,0.5320153953813855,0.23275017494751574
../data/satellite/aqua/2024/20240820_AQUA.jpg,2024-08-20,0.3351294611616515,0.4281665500349895,0.236703988803359
../data/satellite/aqua/2024/20240821_AQUA.jpg,2024-08-21,0.4561231630510847,0.3424772568229531,0.2013995801259622
../data/satellite/aqua/2024/20240822_AQUA.jpg,2024-08-22,0.9386634009797061,0.019699090272918125,0.04163750874737579
../data/satellite/aqua/2024/20240823_AQUA.jpg,2024-08-23,0.9386634009797061,0.019699090272918125,0.04163750874737579
../data/satellite/aqua/2024/20240824_AQUA.jpg,2024-08-24,0.11969909027291813,0.45300909727081873,0.42729181245626313
../data/satellite/aqua/2024/20240825_AQUA.jpg,2024-08-25,0.4497550734779566,0.30409377186843944,0.24615115465360393
../data/satellite/aqua/2024/20240826_AQUA.jpg,2024-08-26,0.07302309307207838,0.6433170048985304,0.2836599020293912
../data/satellite/aqua/2024/20240827_AQUA.jpg,2024-08-27,0.1420223932820154,0.5757172848145556,0.282260321903429
../data/satellite/aqua/2024/20240828_AQUA.jpg,2024-08-28,0.5535339398180545,0.26420573827851646,0.18226032190342897
../data/satellite/aqua/2024/20240829_AQUA.jpg,2024-08-29,0.3339748075577327,0.4280965710286914,0.23792862141357593
../data/satellite/aqua/2024/20240830_AQUA.jpg,2024-08-30,0.3833449965010497,0.34034289713086074,0.27631210636808956
../data/satellite/aqua/2024/20240831_AQUA.jpg,2024-08-31,0.13516445066480057,0.5275717284814556,0.3372638208537439
../data/satellite/aqua/2024/20240901_AQUA.jpg,2024-09-01,0.3213785864240728,0.4331700489853044,0.2454513645906228
../data/satellite/aqua/2024/20240902_AQUA.jpg,2024-09-02,0.12585724282715186,0.4616515045486354,0.4124912526242127
../data/satellite/aqua/2024/20240903_AQUA.jpg,2024-09-03,0.40433869839048286,0.26983904828551436,0.3258222533240028
../data/satellite/aqua/2024/20240904_AQUA.jpg,2024-09-04,0.48474457662701187,0.3047935619314206,0.21046186144156753
../data/satellite/aqua/2024/20240905_AQUA.jpg,2024-09-05,0.10374387683694891,0.4951364590622813,0.40111966410076977
../data/satellite/aqua/2024/20240906_AQUA.jpg,2024-09-06,0.14205738278516444,0.3951014695591323,0.4628411476557033
../data/satellite/aqua/2024/20240907_AQUA.jpg,2024-09-07,0.10881735479356193,0.5118614415675298,0.3793212036389083
../data/satellite/aqua/2024/20240908_AQUA.jpg,2024-09-08,0.5965360391882435,0.24293212036389084,0.16053184044786564
../data/satellite/aqua/2024/20240909_AQUA.jpg,2024-09-09,0.8122463261021694,0.07165850244926522,0.11609517144856543
../data/satellite/aqua/2024/20240910_AQUA.jpg,2024-09-10,0.23547935619314206,0.31441567529741077,0.45010496850944715
../data/satellite/aqua/2024/20240911_AQUA.jpg,2024-09-11,0.8510146955913226,0.07074877536738979,0.07823652904128761
../data/satellite/aqua/2024/20240912_AQUA.jpg,2024-09-12,0.8789363191042687,0.04121763470958712,0.07984604618614416
../data/satellite/aqua/2024/20240913_AQUA.jpg,2024-09-13,0.46815955213435967,0.30867739678096573,0.2231630510846746
../data/satellite/aqua/2024/20240914_AQUA.jpg,2024-09-14,0.3414625612316305,0.3604268719384185,0.298110566829951
../data/satellite/aqua/2024/20240915_AQUA.jpg,2024-09-15,0.11749475157452764,0.6099720083974808,0.2725332400279916
../data/satellite/aqua/2024/20240916_AQUA.jpg,2024-09-16,0.2860391882435269,0.394296710986704,0.3196641007697691
../data/satellite/aqua/2024/20240917_AQUA.jpg,2024-09-17,0.6925122463261022,0.14825052484254725,0.1592372288313506
../data/satellite/aqua/2024/20240918_AQUA.jpg,2024-09-18,0.6818404478656404,0.15059482155353393,0.16756473058082574
../data/satellite/aqua/2024/20240919_AQUA.jpg,2024-09-19,0.22281315605318405,0.40146955913226035,0.37571728481455563
../data/satellite/aqua/2024/20240920_AQUA.jpg,2024-09-20,0.5829951014695591,0.14534639608117564,0.2716585024492652
../data/satellite/aqua/2024/20240921_AQUA.jpg,2024-09-21,0.6573827851644507,0.1946815955213436,0.14793561931420574
../data/satellite/aqua/2024/20240922_AQUA.jpg,2024-09-22,0.922113365990203,0.007207837648705389,0.07067879636109167
../data/satellite/aqua/2024/20240923_AQUA.jpg,2024-09-23,0.7032890132960112,0.0807557732680196,0.2159552134359692
../data/satellite/aqua/2024/20240925_AQUA.jpg,2024-09-25,0.5248775367389783,0.27736179146256124,0.19776067179846046
../data/satellite/aqua/2024/20240926_AQUA.jpg,2024-09-26,0.25871238628411475,0.4442617214835549,0.2970258922323303
../data/satellite/aqua/2024/20240927_AQUA.jpg,2024-09-27,0.23887333799860042,0.28845346396081173,0.4726731980405878
../data/satellite/aqua/2024/20240928_AQUA.jpg,2024-09-28,0.10650804758572428,0.3494751574527642,0.5440167949615116
../data/satellite/aqua/2024/20240929_AQUA.jpg,2024-09-29,0.21819454163750876,0.3489853044086774,0.43282015395381385
../data/satellite/aqua/2024/20240930_AQUA.jpg,2024-09-30,0.08467459762071379,0.5390482855143457,0.37627711686494053
../data/satellite/aqua/2024/20241001_AQUA.jpg,2024-10-01,0.06847445766270119,0.5526242127361791,0.37890132960111966
../data/satellite/aqua/2024/20241002_AQUA.jpg,2024-10-02,0.15244926522043387,0.40412876137158854,0.4434219734079776
../data/satellite/aqua/2024/20241003_AQUA.jpg,2024-10-03,0.08880335899230231,0.5129461161651504,0.39825052484254725
../data/satellite/aqua/2024/20241004_AQUA.jpg,2024-10-04,0.26480055983205036,0.43957312806158155,0.2956263121063681
../data/satellite/aqua/2024/20241005_AQUA.jpg,2024-10-05,0.8289013296011196,0.09058782365290413,0.08051084674597621
../data/satellite/aqua/2024/20241006_AQUA.jpg,2024-10-06,0.11452064380685795,0.443666899930021,0.44181245626312105
../data/satellite/aqua/2024/20241007_AQUA.jpg,2024-10-07,0.22918124562631212,0.32711686494051784,0.44370188943317007
../data/satellite/aqua/2024/20241008_AQUA.jpg,2024-10-08,0.42659202239328203,0.3900279916025192,0.18337998600419875
../data/satellite/aqua/2024/20241009_AQUA.jpg,2024-10-09,0.5671798460461861,0.2391182645206438,0.19370188943317004
../data/satellite/aqua/2024/20241010_AQUA.jpg,2024-10-10,0.7599720083974808,0.03691392582225332,0.20311406578026592
../data/satellite/aqua/2024/20241011_AQUA.jpg,2024-10-11,0.8078726382085374,0.09573128061581526,0.09639608117564731
../data/satellite/aqua/2024/20241012_AQUA.jpg,2024-10-12,0.6029391182645206,0.02344296710986704,0.37361791462561234
../data/satellite/aqua/2024/20241013_AQUA.jpg,2024-10-13,0.53666899930021,0.3320853743876837,0.13124562631210637
../data/satellite/aqua/2024/20241014_AQUA.jpg,2024-10-14,0.12533240027991602,0.470888733379986,0.40377886634009796
../data/satellite/aqua/2024/20241015_AQUA.jpg,2024-10-15,0.220888733379986,0.4863890832750175,0.2927221833449965
../data/satellite/aqua/2024/20241016_AQUA.jpg,2024-10-16,0.6128761371588524,0.23743876836948916,0.1496850944716585
../data/satellite/aqua/2024/20241017_AQUA.jpg,2024-10-17,0.32603219034289715,0.3651504548635409,0.3088173547935619
../data/satellite/aqua/2024/20241018_AQUA.jpg,2024-10-18,0.4261371588523443,0.28037088873338,0.2934919524142757
../data/satellite/aqua/2024/20241019_AQUA.jpg,2024-10-19,0.5818054583624912,0.21368089573128063,0.20451364590622814
../data/satellite/aqua/2024/20241020_AQUA.jpg,2024-10-20,0.21161651504548634,0.4081175647305808,0.3802659202239328
../data/satellite/aqua/2024/20241021_AQUA.jpg,2024-10-21,0.251259622113366,0.3998250524842547,0.3489153254023793
../data/satellite/aqua/2024/20241022_AQUA.jpg,2024-10-22,0.23943317004898532,0.4501399580125962,0.31042687193841845
../data/satellite/aqua/2024/20241023_AQUA.jpg,2024-10-23,0.11161651504548635,0.4236529041287614,0.46473058082575225
../data/satellite/aqua/2024/20241024_AQUA.jpg,2024-10-24,0.1668999300209937,0.4264170748775367,0.40668299510146955
../data/satellite/aqua/2024/20241025_AQUA.jpg,2024-10-25,0.24692092372288313,0.39884534639608116,0.3542337298810357
../data/satellite/aqua/2024/20241026_AQUA.jpg,2024-10-26,0.27837648705388385,0.3349895031490553,0.38663400979706086
../data/satellite/aqua/2024/20241027_AQUA.jpg,2024-10-27,0.8381035689293213,0.027186843946815954,0.13470958712386283
../data/satellite/aqua/2024/20241028_AQUA.jpg,2024-10-28,0.4475857242827152,0.236703988803359,0.31571028691392583
../data/satellite/aqua/2024/20241029_AQUA.jpg,2024-10-29,0.17375787263820855,0.3309307207837649,0.4953114065780266
../data/satellite/aqua/2024/20241030_AQUA.jpg,2024-10-30,0.0586074177746676,0.5932820153953814,0.348110566829951
../data/satellite/aqua/2024/20241031_AQUA.jpg,2024-10-31,0.4669699090272918,0.3224632610216935,0.2105668299510147
../data/satellite/aqua/2024/20241101_AQUA.jpg,2024-11-01,0.183554933519944,0.4570328901329601,0.3594121763470959
../data/satellite/aqua/2024/20241102_AQUA.jpg,2024-11-02,0.266480055983205,0.5072778166550035,0.22624212736179147
../data/satellite/aqua/2024/20241103_AQUA.jpg,2024-11-03,0.43421973407977604,0.14667599720083974,0.41910426871938417
../data/satellite/aqua/2024/20241104_AQUA.jpg,2024-11-04,0.7614415675297411,0.1244926522043387,0.11406578026592022
../data/satellite/aqua/2024/20241105_AQUA.jpg,2024-11-05,0.7022043386983905,0.13428971308607418,0.16350594821553535
../data/satellite/aqua/2024/20241106_AQUA.jpg,2024-11-06,0.9277466759972008,0.015990202939118264,0.05626312106368089
../data/satellite/aqua/2024/20241107_AQUA.jpg,2024-11-07,0.9144856543037089,0.03456962911126662,0.050944716585024495
../data/satellite/aqua/2024/20241108_AQUA.jpg,2024-11-08,0.9386634009797061,0.019699090272918125,0.04163750874737579
../data/satellite/aqua/2024/20241109_AQUA.jpg,2024-11-09,0.9386634009797061,0.019699090272918125,0.04163750874737579
../data/satellite/aqua/2024/20241110_AQUA.jpg,2024-11-10,0.9386634009797061,0.019699090272918125,0.04163750874737579
../data/satellite/aqua/2024/20241111_AQUA.jpg,2024-11-11,0.9386634009797061,0.019699090272918125,0.04163750874737579
../data/satellite/aqua/2024/20241112_AQUA.jpg,2024-11-12,0.9386634009797061,0.019699090272918125,0.04163750874737579
../data/satellite/aqua/2024/20241113_AQUA.jpg,2024-11-13,0.9386634009797061,0.019699090272918125,0.04163750874737579
../data/satellite/aqua/2024/20241114_AQUA.jpg,2024-11-14,0.9386634009797061,0.019699090272918125,0.04163750874737579
../data/satellite/aqua/2024/20241115_AQUA.jpg,2024-11-15,0.9386634009797061,0.019699090272918125,0.04163750874737579
../data/satellite/aqua/2024/20241116_AQUA.jpg,2024-11-16,0.9386634009797061,0.019699090272918125,0.04163750874737579
../data/satellite/aqua/2024/20241117_AQUA.jpg,2024-11-17,0.9386634009797061,0.019699090272918125,0.04163750874737579
../data/satellite/aqua/2024/20241118_AQUA.jpg,2024-11-18,0.9386634009797061,0.019699090272918125,0.04163750874737579
../data/satellite/aqua/2024/20241119_AQUA.jpg,2024-11-19,0.9386634009797061,0.019699090272918125,0.04163750874737579
../data/satellite/aqua/2024/20241120_AQUA.jpg,2024-11-20,0.9386634009797061,0.019699090272918125,0.04163750874737579
../data/satellite/aqua/2024/20241121_AQUA.jpg,2024-11-21,0.9386634009797061,0.019699090272918125,0.04163750874737579
../data/satellite/aqua/2024/20241122_AQUA.jpg,2024-11-22,0.9386634009797061,0.019699090272918125,0.04163750874737579
../data/satellite/aqua/2024/20241123_AQUA.jpg,2024-11-23,0.9386634009797061,0.019699090272918125,0.04163750874737579
../data/satellite/aqua/2024/20241124_AQUA.jpg,2024-11-24,0.9386634009797061,0.019699090272918125,0.04163750874737579
../data/satellite/aqua/2024/20241125_AQUA.jpg,2024-11-25,0.9386634009797061,0.019699090272918125,0.04163750874737579
../data/satellite/aqua/2024/20241126_AQUA.jpg,2024-11-26,0.9386634009797061,0.019699090272918125,0.04163750874737579
../data/satellite/aqua/2024/20241127_AQUA.jpg,2024-11-27,0.9383484954513646,0.01861441567529741,0.043037088873338
../data/satellite/aqua/2024/20241128_AQUA.jpg,2024-11-28,0.9386634009797061,0.019699090272918125,0.04163750874737579
../data/satellite/aqua/2024/20241129_AQUA.jpg,2024-11-29,0.9386634009797061,0.019699090272918125,0.04163750874737579
../data/satellite/aqua/2024/20241130_AQUA.jpg,2024-11-30,0.9386634009797061,0.019699090272918125,0.04163750874737579
../data/satellite/aqua/2024/20241201_AQUA.jpg,2024-12-01,0.9386634009797061,0.019699090272918125,0.04163750874737579
../data/satellite/aqua/2024/20241202_AQUA.jpg,2024-12-02,0.9386634009797061,0.019699090272918125,0.04163750874737579
../data/satellite/aqua/2024/20241203_AQUA.jpg,2024-12-03,0.9386634009797061,0.019699090272918125,0.04163750874737579
../data/satellite/aqua/2024/20241204_AQUA.jpg,2024-12-04,0.9386634009797061,0.019699090272918125,0.04163750874737579
../data/satellite/aqua/2024/20241205_AQUA.jpg,2024-12-05,0.9386634009797061,0.019699090272918125,0.04163750874737579
../data/satellite/aqua/2024/20241206_AQUA.jpg,2024-12-06,0.9386634009797061,0.019699090272918125,0.04163750874737579
../data/satellite/aqua/2024/20241207_AQUA.jpg,2024-12-07,0.9386634009797061,0.019699090272918125,0.04163750874737579
../data/satellite/aqua/2024/20241208_AQUA.jpg,2024-12-08,0.9386634009797061,0.019699090272918125,0.04163750874737579
../data/satellite/aqua/2024/20241209_AQUA.jpg,2024-12-09,0.9386634009797061,0.019699090272918125,0.04163750874737579
../data/satellite/aqua/2024/20241210_AQUA.jpg,2024-12-10,0.9386634009797061,0.019699090272918125,0.04163750874737579
../data/satellite/aqua/2024/20241211_AQUA.jpg,2024-12-11,0.9386634009797061,0.019699090272918125,0.04163750874737579
../data/satellite/aqua/2024/20241212_AQUA.jpg,2024-12-12,0.9386634009797061,0.019699090272918125,0.04163750874737579
../data/satellite/aqua/2024/20241213_AQUA.jpg,2024-12-13,0.9386634009797061,0.019699090272918125,0.04163750874737579
../data/satellite/aqua/2024/20241214_AQUA.jpg,2024-12-14,0.9386634009797061,0.019699090272918125,0.04163750874737579
../data/satellite/aqua/2024/20241215_AQUA.jpg,2024-12-15,0.9386634009797061,0.019699090272918125,0.04163750874737579
../data/satellite/aqua/2024/20241216_AQUA.jpg,2024-12-16,0.9386634009797061,0.019699090272918125,0.04163750874737579
../data/satellite/aqua/2024/20241217_AQUA.jpg,2024-12-17,0.9386634009797061,0.019699090272918125,0.04163750874737579
../data/satellite/aqua/2024/20241218_AQUA.jpg,2024-12-18,0.9386634009797061,0.019699090272918125,0.04163750874737579
../data/satellite/aqua/2024/20241219_AQUA.jpg,2024-12-19,0.9383484954513646,0.01861441567529741,0.043037088873338
../data/satellite/aqua/2024/20241220_AQUA.jpg,2024-12-20,0.9386634009797061,0.019699090272918125,0.04163750874737579
../data/satellite/aqua/2024/20241221_AQUA.jpg,2024-12-21,0.9386634009797061,0.019699090272918125,0.04163750874737579
../data/satellite/aqua/2024/20241222_AQUA.jpg,2024-12-22,0.9386634009797061,0.019699090272918125,0.04163750874737579
../data/satellite/aqua/2024/20241223_AQUA.jpg,2024-12-23,0.9386634009797061,0.019699090272918125,0.04163750874737579
../data/satellite/aqua/2024/20241224_AQUA.jpg,2024-12-24,0.9386634009797061,0.019699090272918125,0.04163750874737579
../data/satellite/aqua/2024/20241225_AQUA.jpg,2024-12-25,0.9386634009797061,0.019699090272918125,0.04163750874737579
../data/satellite/aqua/2024/20241226_AQUA.jpg,2024-12-26,0.9386634009797061,0.019699090272918125,0.04163750874737579
../data/satellite/aqua/2024/20241227_AQUA.jpg,2024-12-27,0.9386634009797061,0.019699090272918125,0.04163750874737579
../data/satellite/aqua/2024/20241228_AQUA.jpg,2024-12-28,0.9386634009797061,0.019699090272918125,0.04163750874737579
../data/satellite/aqua/2024/20241229_AQUA.jpg,2024-12-29,0.9386634009797061,0.019699090272918125,0.04163750874737579
../data/satellite/aqua/2024/20241230_AQUA.jpg,2024-12-30,0.9386634009797061,0.019699090272918125,0.04163750874737579
../data/satellite/aqua/2024/20241231_AQUA.jpg,2024-12-31,0.9386634009797061,0.019699090272918125,0.04163750874737579
../data/satellite/aqua/2025/20250101_AQUA.jpg,2025-01-01,0.9386634009797061,0.019699090272918125,0.04163750874737579
../data/satellite/aqua/2025/20250102_AQUA.jpg,2025-01-02,0.9386634009797061,0.019699090272918125,0.04163750874737579
../data/satellite/aqua/2025/20250103_AQUA.jpg,2025-01-03,0.9386634009797061,0.019699090272918125,0.04163750874737579
../data/satellite/aqua/2025/20250104_AQUA.jpg,2025-01-04,0.9386634009797061,0.019699090272918125,0.04163750874737579
../data/satellite/aqua/2025/20250105_AQUA.jpg,2025-01-05,0.9386634009797061,0.019699090272918125,0.04163750874737579
../data/satellite/aqua/2025/20250106_AQUA.jpg,2025-01-06,0.9386634009797061,0.019699090272918125,0.04163750874737579
../data/satellite/aqua/2025/20250107_AQUA.jpg,2025-01-07,0.9386634009797061,0.019699090272918125,0.04163750874737579
../data/satellite/aqua/2025/20250108_AQUA.jpg,2025-01-08,0.9386634009797061,0.019699090272918125,0.04163750874737579
../data/satellite/aqua/2025/20250109_AQUA.jpg,2025-01-09,0.9386634009797061,0.019699090272918125,0.04163750874737579
../data/satellite/aqua/2025/20250110_AQUA.jpg,2025-01-10,0.9386634009797061,0.019699090272918125,0.04163750874737579
../data/satellite/aqua/2025/20250111_AQUA.jpg,2025-01-11,0.9386634009797061,0.019699090272918125,0.04163750874737579
../data/satellite/aqua/2025/20250112_AQUA.jpg,2025-01-12,0.9386634009797061,0.019699090272918125,0.04163750874737579
../data/satellite/aqua/2025/20250113_AQUA.jpg,2025-01-13,0.9386634009797061,0.019699090272918125,0.04163750874737579
../data/satellite/aqua/2025/20250114_AQUA.jpg,2025-01-14,0.9386634009797061,0.019699090272918125,0.04163750874737579
../data/satellite/aqua/2025/20250115_AQUA.jpg,2025-01-15,0.9386634009797061,0.019699090272918125,0.04163750874737579
../data/satellite/aqua/2025/20250116_AQUA.jpg,2025-01-16,0.9386634009797061,0.019699090272918125,0.04163750874737579
../data/satellite/aqua/2025/20250117_AQUA.jpg,2025-01-17,0.9386634009797061,0.019699090272918125,0.04163750874737579
../data/satellite/aqua/2025/20250118_AQUA.jpg,2025-01-18,0.9386634009797061,0.019699090272918125,0.04163750874737579
../data/satellite/aqua/2025/20250119_AQUA.jpg,2025-01-19,0.9386634009797061,0.019699090272918125,0.04163750874737579
../data/satellite/aqua/2025/20250120_AQUA.jpg,2025-01-20,0.9386634009797061,0.019699090272918125,0.04163750874737579
../data/satellite/aqua/2025/20250121_AQUA.jpg,2025-01-21,0.9386634009797061,0.019699090272918125,0.04163750874737579
../data/satellite/aqua/2025/20250122_AQUA.jpg,2025-01-22,0.9386634009797061,0.019699090272918125,0.04163750874737579
../data/satellite/aqua/2025/20250123_AQUA.jpg,2025-01-23,0.9386634009797061,0.019699090272918125,0.04163750874737579
../data/satellite/aqua/2025/20250124_AQUA.jpg,2025-01-24,0.9386634009797061,0.019699090272918125,0.04163750874737579
../data/satellite/aqua/2025/20250125_AQUA.jpg,2025-01-25,0.9386634009797061,0.019699090272918125,0.04163750874737579
../data/satellite/aqua/2025/20250126_AQUA.jpg,2025-01-26,0.9386634009797061,0.019699090272918125,0.04163750874737579
../data/satellite/aqua/2025/20250127_AQUA.jpg,2025-01-27,0.9386634009797061,0.019699090272918125,0.04163750874737579
../data/satellite/aqua/2025/20250128_AQUA.jpg,2025-01-28,0.9386634009797061,0.019699090272918125,0.04163750874737579
../data/satellite/aqua/2025/20250129_AQUA.jpg,2025-01-29,0.9386634009797061,0.019699090272918125,0.04163750874737579
../data/satellite/aqua/2025/20250130_AQUA.jpg,2025-01-30,0.9386634009797061,0.019699090272918125,0.04163750874737579
../data/satellite/aqua/2025/20250131_AQUA.jpg,2025-01-31,0.9386634009797061,0.019699090272918125,0.04163750874737579
../data/satellite/aqua/2025/20250201_AQUA.jpg,2025-02-01,0.9386634009797061,0.019699090272918125,0.04163750874737579
../data/satellite/aqua/2025/20250202_AQUA.jpg,2025-02-02,0.9386634009797061,0.019699090272918125,0.04163750874737579
../data/satellite/aqua/2025/20250203_AQUA.jpg,2025-02-03,0.808817354793562,0.14790062981105667,0.04328201539538139
../data/satellite/aqua/2025/20250204_AQUA.jpg,2025-02-04,0.7997900629811057,0.15577326801959412,0.04443666899930021
../data/satellite/aqua/2025/20250205_AQUA.jpg,2025-02-05,0.9386634009797061,0.019699090272918125,0.04163750874737579
../data/satellite/aqua/2025/20250206_AQUA.jpg,2025-02-06,0.467074877536739,0.3387333799860042,0.19419174247725682
../data/satellite/aqua/2025/20250207_AQUA.jpg,2025-02-07,0.3363890832750175,0.47137858642407277,0.19223233030090972
../data/satellite/aqua/2025/20250208_AQUA.jpg,2025-02-08,0.09128761371588523,0.7490202939118265,0.15969209237228832
../data/satellite/aqua/2025/20250209_AQUA.jpg,2025-02-09,0.17319804058782365,0.5764870538838348,0.2503149055283415
../data/satellite/aqua/2025/20250210_AQUA.jpg,2025-02-10,0.11742477256822953,0.43268019594121765,0.4498950314905528
../data/satellite/aqua/2025/20250211_AQUA.jpg,2025-02-11,0.16644506648005597,0.41759972008397483,0.4159552134359692
../data/satellite/aqua/2025/20250212_AQUA.jpg,2025-02-12,0.26154653603918826,0.24142757172848145,0.4970258922323303
../data/satellite/aqua/2025/20250213_AQUA.jpg,2025-02-13,0.06287613715885235,0.5131210636808957,0.4240027991602519
../data/satellite/aqua/2025/20250214_AQUA.jpg,2025-02-14,0.9386634009797061,0.019699090272918125,0.04163750874737579
../data/satellite/aqua/2025/20250215_AQUA.jpg,2025-02-15,0.31249125262421273,0.4691392582225332,0.21836948915325402
../data/satellite/aqua/2025/20250216_AQUA.jpg,2025-02-16,0.2351994401679496,0.29461161651504547,0.4701889433170049
../data/satellite/aqua/2025/20250217_AQUA.jpg,2025-02-17,0.21606018194541637,0.527256822953114,0.2566829951014696
../data/satellite/aqua/2025/20250218_AQUA.jpg,2025-02-18,0.3083624912526242,0.4412526242127362,0.2503848845346396
../data/satellite/aqua/2025/20250219_AQUA.jpg,2025-02-19,0.279741077676697,0.4466759972008397,0.27358292512246324
../data/satellite/aqua/2025/20250220_AQUA.jpg,2025-02-20,0.18470958712386285,0.47830650804758573,0.33698390482855145
../data/satellite/aqua/2025/20250221_AQUA.jpg,2025-02-21,0.16487053883834848,0.336703988803359,0.4984254723582925
../data/satellite/aqua/2025/20250222_AQUA.jpg,2025-02-22,0.15503848845346396,0.44086773967809656,0.4040937718684395
../data/satellite/aqua/2025/20250223_AQUA.jpg,2025-02-23,0.2724632610216935,0.28813855843247027,0.43939818054583624
../data/satellite/aqua/2025/20250224_AQUA.jpg,2025-02-24,0.09688593421973409,0.48705388383484954,0.4160601819454164
../data/satellite/aqua/2025/20250225_AQUA.jpg,2025-02-25,0.09769069279216235,0.47053883834849547,0.43177046885934217
../data/satellite/aqua/2025/20250226_AQUA.jpg,2025-02-26,0.09877536738978307,0.34681595521343594,0.554408677396781
../data/satellite/aqua/2025/20250227_AQUA.jpg,2025-02-27,0.07116864940517845,0.6720083974807558,0.2568229531140658
../data/satellite/aqua/2025/20250228_AQUA.jpg,2025-02-28,0.2928621413575927,0.2434219734079776,0.4637158852344297
../data/satellite/aqua/2025/20250301_AQUA.jpg,2025-03-01,0.05755773268019594,0.6440867739678097,0.2983554933519944
../data/satellite/aqua/2025/20250302_AQUA.jpg,2025-03-02,0.2281665500349895,0.22344296710986705,0.5483904828551435
../data/satellite/aqua/2025/20250303_AQUA.jpg,2025-03-03,0.06794961511546536,0.6553883834849545,0.27666200139958014
../data/satellite/aqua/2025/20250304_AQUA.jpg,2025-03-04,0.06696990902729182,0.491147655703289,0.44188243526941917
../data/satellite/aqua/2025/20250305_AQUA.jpg,2025-03-05,0.04786564030790763,0.5364940517844646,0.41564030790762774
../data/satellite/aqua/2025/20250306_AQUA.jpg,2025-03-06,0.06105668299510147,0.6181245626312106,0.3208187543736879
../data/satellite/aqua/2025/20250307_AQUA.jpg,2025-03-07,0.11410076976906929,0.458222533240028,0.4276766969909027
../data/satellite/aqua/2025/20250308_AQUA.jpg,2025-03-08,0.10300909727081875,0.5678796361091673,0.329111266620014
../data/satellite/aqua/2025/20250309_AQUA.jpg,2025-03-09,0.20584324702589224,0.26490552834149755,0.5292512246326102
../data/satellite/aqua/2025/20250310_AQUA.jpg,2025-03-10,0.2675997200839748,0.29104268719384185,0.44135759272218333
../data/satellite/aqua/2025/20250311_AQUA.jpg,2025-03-11,0.0698740377886634,0.555668299510147,0.37445766270118963
../data/satellite/aqua/2025/20250312_AQUA.jpg,2025-03-12,0.12739678096571028,0.4965360391882435,0.3760671798460462
../data/satellite/aqua/2025/20250313_AQUA.jpg,2025-03-13,0.22312806158152554,0.28813855843247027,0.4887333799860042
../data/satellite/aqua/2025/20250314_AQUA.jpg,2025-03-14,0.05948215535339398,0.6156752974107768,0.3248425472358292
../data/satellite/aqua/2025/20250315_AQUA.jpg,2025-03-15,0.1036039188243527,0.7195941217634709,0.17680195941217636
../data/satellite/aqua/2025/20250316_AQUA.jpg,2025-03-16,0.04706088173547936,0.6017844646606019,0.35115465360391884
../data/satellite/aqua/2025/20250317_AQUA.jpg,2025-03-17,0.1122113365990203,0.4303358992302309,0.45745276417074876
../data/satellite/aqua/2025/20250318_AQUA.jpg,2025-03-18,0.1456962911126662,0.39814555633310006,0.45615815255423375
../data/satellite/aqua/2025/20250323_AQUA.jpg,2025-03-23,0.05458362491252624,0.5511546536039188,0.3942617214835549
../data/satellite/aqua/2025/20250324_AQUA.jpg,2025-03-24,0.06046186144156753,0.6792862141357593,0.2602519244226732
../data/satellite/aqua/2025/20250325_AQUA.jpg,2025-03-25,0.07907627711686493,0.5912876137158852,0.32963610916724984
../data/satellite/aqua/2025/20250326_AQUA.jpg,2025-03-26,0.12267319804058782,0.45468859342197343,0.4226382085374388
../data/satellite/aqua/2025/20250327_AQUA.jpg,2025-03-27,0.07515745276417075,0.4942267319804059,0.43061581525542336
../data/satellite/aqua/2025/20250328_AQUA.jpg,2025-03-28,0.05027991602519244,0.5943666899930021,0.35535339398180543
../data/satellite/aqua/2025/20250329_AQUA.jpg,2025-03-29,0.2532190342897131,0.21707487753673899,0.5297060881735479
../data/satellite/aqua/2025/20250330_AQUA.jpg,2025-03-30,0.055248425472358295,0.6218684394681595,0.32288313505948213
../data/satellite/aqua/2025/20250331_AQUA.jpg,2025-03-31,0.06543037088873338,0.6111616515045486,0.32340797760671797
../data/satellite/aqua/2025/20250401_AQUA.jpg,2025-04-01,0.1549335199440168,0.4580825752274318,0.38698390482855144
../data/satellite/aqua/2025/20250402_AQUA.jpg,2025-04-02,0.06931420573827851,0.5999300209937019,0.3307557732680196
../data/satellite/aqua/2025/20250403_AQUA.jpg,2025-04-03,0.08289013296011197,0.630965710286914,0.2861441567529741
../data/satellite/aqua/2025/20250404_AQUA.jpg,2025-04-04,0.08579426172148355,0.5130860741777467,0.40111966410076977
../data/satellite/aqua/2025/20250405_AQUA.jpg,2025-04-05,0.1828551434569629,0.29713086074177747,0.5200139958012596
../data/satellite/aqua/2025/20250406_AQUA.jpg,2025-04-06,0.9383484954513646,0.01861441567529741,0.043037088873338
