filepath,date,coverage_fraction,frac_water,frac_thin_sea_ice,frac_sea_ice,classified_output,black_ratio
../data/satellite/aqua/2016/20160612_AQUA.jpg,2016-06-12,0.12121332908163265,,,,,0.0
../data/satellite/aqua/2016/20160613_AQUA.jpg,2016-06-13,0.45689174107142855,0.967720828789531,0.02896401308615049,0.0033151581243184296,../data/satellite/aqua/2016/20160613_AQUA.jpg_classified.png,0.0
../data/satellite/aqua/2016/20160614_AQUA.jpg,2016-06-14,0.03085140306122449,,,,,0.0
../data/satellite/aqua/2016/20160615_AQUA.jpg,2016-06-15,0.14889588647959184,,,,,0.0
../data/satellite/aqua/2016/20160616_AQUA.jpg,2016-06-16,0.2568359375,0.7589043221851478,0.19197641033599752,0.04911926747885466,../data/satellite/aqua/2016/20160616_AQUA.jpg_classified.png,0.0
../data/satellite/aqua/2016/20160617_AQUA.jpg,2016-06-17,0.1907684948979592,,,,,0.0
../data/satellite/aqua/2016/20160618_AQUA.jpg,2016-06-18,0.2732780612244898,0.9058488914819136,0.08561843640606767,0.00853267211201867,../data/satellite/aqua/2016/20160618_AQUA.jpg_classified.png,0.0
../data/satellite/aqua/2016/20160619_AQUA.jpg,2016-06-19,0.22686144770408162,0.8566283053676536,0.11745585522270052,0.025915839409645963,../data/satellite/aqua/2016/20160619_AQUA.jpg_classified.png,0.0
../data/satellite/aqua/2016/20160620_AQUA.jpg,2016-06-20,0.5782047193877551,0.9611884737350062,0.037536191920584584,0.00127533434440921,../data/satellite/aqua/2016/20160620_AQUA.jpg_classified.png,0.0
../data/satellite/aqua/2016/20160621_AQUA.jpg,2016-06-21,0.09217554209183673,,,,,0.0
../data/satellite/aqua/2016/20160622_AQUA.jpg,2016-06-22,0.25777264030612246,0.87699087675893,0.11156641410236585,0.011442709138704191,../data/satellite/aqua/2016/20160622_AQUA.jpg_classified.png,0.0
../data/satellite/aqua/2016/20160623_AQUA.jpg,2016-06-23,0.06652582908163265,,,,,0.0
../data/satellite/aqua/2016/20160624_AQUA.jpg,2016-06-24,0.049485809948979595,,,,,0.0
../data/satellite/aqua/2016/20160625_AQUA.jpg,2016-06-25,0.06525031887755102,,,,,0.0
../data/satellite/aqua/2016/20160626_AQUA.jpg,2016-06-26,0.08071588010204081,,,,,0.0
../data/satellite/aqua/2016/20160627_AQUA.jpg,2016-06-27,0.0616828762755102,,,,,0.0
../data/satellite/aqua/2016/20160628_AQUA.jpg,2016-06-28,0.2158801020408163,0.7681868537666174,0.13127769571639586,0.1005354505169867,../data/satellite/aqua/2016/20160628_AQUA.jpg_classified.png,0.0
../data/satellite/aqua/2016/20160629_AQUA.jpg,2016-06-29,0.23875956632653061,0.81669449081803,0.15626043405676127,0.027045075125208682,../data/satellite/aqua/2016/20160629_AQUA.jpg_classified.png,0.0
../data/satellite/aqua/2016/20160630_AQUA.jpg,2016-06-30,0.12105389030612244,,,,,0.0
../data/satellite/aqua/2016/20160701_AQUA.jpg,2016-07-01,0.16193000637755103,,,,,0.0
../data/satellite/aqua/2016/20160702_AQUA.jpg,2016-07-02,0.16743064413265307,,,,,0.0
../data/satellite/aqua/2016/20160703_AQUA.jpg,2016-07-03,0.11208545918367346,,,,,0.0
../data/satellite/aqua/2016/20160704_AQUA.jpg,2016-07-04,0.13068000637755103,,,,,0.0
../data/satellite/aqua/2016/20160705_AQUA.jpg,2016-07-05,0.23327885841836735,0.7601025202904742,0.16710807347287485,0.072789406236651,../data/satellite/aqua/2016/20160705_AQUA.jpg_classified.png,0.0
../data/satellite/aqua/2016/20160706_AQUA.jpg,2016-07-06,0.5583346619897959,0.938996965911119,0.06003926467963591,0.0009637694092450473,../data/satellite/aqua/2016/20160706_AQUA.jpg_classified.png,0.0
../data/satellite/aqua/2016/20160707_AQUA.jpg,2016-07-07,0.5427495216836735,0.951162192927698,0.048360445048287,0.00047736202401498184,../data/satellite/aqua/2016/20160707_AQUA.jpg_classified.png,0.0
../data/satellite/aqua/2016/20160708_AQUA.jpg,2016-07-08,0.45920360331632654,0.9158022655266699,0.0744759342042446,0.009721800269085543,../data/satellite/aqua/2016/20160708_AQUA.jpg_classified.png,0.0
../data/satellite/aqua/2016/20160709_AQUA.jpg,2016-07-09,0.1384327168367347,,,,,0.0
../data/satellite/aqua/2016/20160710_AQUA.jpg,2016-07-10,0.42223373724489793,0.9340602284527518,0.0648541489662985,0.0010856225809496838,../data/satellite/aqua/2016/20160710_AQUA.jpg_classified.png,0.0
../data/satellite/aqua/2016/20160711_AQUA.jpg,2016-07-11,0.48592952806122447,0.9581658600607005,0.04113690427364449,0.0006972356656549913,../data/satellite/aqua/2016/20160711_AQUA.jpg_classified.png,0.0
../data/satellite/aqua/2016/20160712_AQUA.jpg,2016-07-12,0.4777782206632653,0.961414925124098,0.03812622533683727,0.0004588495390647812,../data/satellite/aqua/2016/20160712_AQUA.jpg_classified.png,0.0
../data/satellite/aqua/2016/20160713_AQUA.jpg,2016-07-13,0.2141063456632653,0.7900958763846225,0.14800335101926837,0.06190077259610909,../data/satellite/aqua/2016/20160713_AQUA.jpg_classified.png,0.0
../data/satellite/aqua/2016/20160714_AQUA.jpg,2016-07-14,0.11274314413265306,,,,,0.0
../data/satellite/aqua/2016/20160715_AQUA.jpg,2016-07-15,0.3913624043367347,0.8996791770637063,0.08830269389417936,0.012018129042114375,../data/satellite/aqua/2016/20160715_AQUA.jpg_classified.png,0.0
../data/satellite/aqua/2016/20160716_AQUA.jpg,2016-07-16,0.4060108418367347,0.8947084233261339,0.1050461417632044,0.00024543491066169253,../data/satellite/aqua/2016/20160716_AQUA.jpg_classified.png,0.0
../data/satellite/aqua/2016/20160717_AQUA.jpg,2016-07-17,0.06851881377551021,,,,,0.0
../data/satellite/aqua/2016/20160718_AQUA.jpg,2016-07-18,0.12555803571428573,,,,,0.0
../data/satellite/aqua/2016/20160719_AQUA.jpg,2016-07-19,0.06311782525510204,,,,,0.0
../data/satellite/aqua/2016/20160720_AQUA.jpg,2016-07-20,0.1903698979591837,,,,,0.0
../data/satellite/aqua/2016/20160721_AQUA.jpg,2016-07-21,0.2920519770408163,0.8045584823256449,0.18800327555616214,0.007438242118192985,../data/satellite/aqua/2016/20160721_AQUA.jpg_classified.png,0.0
../data/satellite/aqua/2016/20160722_AQUA.jpg,2016-07-22,0.13869180484693877,,,,,0.0
../data/satellite/aqua/2016/20160723_AQUA.jpg,2016-07-23,0.3510044642857143,0.874006359300477,0.12128094481035658,0.004712695889166478,../data/satellite/aqua/2016/20160723_AQUA.jpg_classified.png,0.0
../data/satellite/aqua/2016/20160724_AQUA.jpg,2016-07-24,0.4855110012755102,0.9112105414391856,0.06982471983908707,0.01896473872172735,../data/satellite/aqua/2016/20160724_AQUA.jpg_classified.png,0.0
../data/satellite/aqua/2016/20160725_AQUA.jpg,2016-07-25,0.16200972576530612,,,,,0.0
../data/satellite/aqua/2016/20160726_AQUA.jpg,2016-07-26,0.5312101403061225,0.9208749155849029,0.07859983492158776,0.000525249493509417,../data/satellite/aqua/2016/20160726_AQUA.jpg_classified.png,0.0
../data/satellite/aqua/2016/20160727_AQUA.jpg,2016-07-27,0.2449577487244898,0.7979009030998292,0.19192905377918804,0.010170043120982833,../data/satellite/aqua/2016/20160727_AQUA.jpg_classified.png,0.0
../data/satellite/aqua/2016/20160728_AQUA.jpg,2016-07-28,0.20081313775510204,0.8623461691147281,0.08217546645494243,0.055478364430329496,../data/satellite/aqua/2016/20160728_AQUA.jpg_classified.png,0.0
../data/satellite/aqua/2016/20160729_AQUA.jpg,2016-07-29,0.23810188137755103,0.7555871766970788,0.22800703105382103,0.016405792249100194,../data/satellite/aqua/2016/20160729_AQUA.jpg_classified.png,0.0
../data/satellite/aqua/2016/20160730_AQUA.jpg,2016-07-30,0.23596938775510204,0.7809121621621622,0.16579391891891893,0.053293918918918916,../data/satellite/aqua/2016/20160730_AQUA.jpg_classified.png,0.0
../data/satellite/aqua/2016/20160731_AQUA.jpg,2016-07-31,0.3026546556122449,0.8164098511787172,0.12478598709337548,0.058804161727907284,../data/satellite/aqua/2016/20160731_AQUA.jpg_classified.png,0.0
../data/satellite/aqua/2016/20160801_AQUA.jpg,2016-08-01,0.17613998724489796,,,,,0.0
../data/satellite/aqua/2016/20160802_AQUA.jpg,2016-08-02,0.44712611607142855,0.9269890795631825,0.0705593938043236,0.0024515266324938714,../data/satellite/aqua/2016/20160802_AQUA.jpg_classified.png,0.0
../data/satellite/aqua/2016/20160803_AQUA.jpg,2016-08-03,0.31897720025510207,0.7690721649484537,0.1852546079350203,0.045673227116526084,../data/satellite/aqua/2016/20160803_AQUA.jpg_classified.png,0.0
../data/satellite/aqua/2016/20160804_AQUA.jpg,2016-08-04,0.5712890625,0.939333682190825,0.060526774812489095,0.00013954299668585382,../data/satellite/aqua/2016/20160804_AQUA.jpg_classified.png,0.0
../data/satellite/aqua/2016/20160805_AQUA.jpg,2016-08-05,0.1337890625,,,,,0.0
../data/satellite/aqua/2016/20160806_AQUA.jpg,2016-08-06,0.16964285714285715,,,,,0.0
../data/satellite/aqua/2016/20160807_AQUA.jpg,2016-08-07,0.020228794642857144,,,,,0.0
../data/satellite/aqua/2016/20160809_AQUA.jpg,2016-08-09,,,,,,0.7099808673469388
../data/satellite/aqua/2016/20160810_AQUA.jpg,2016-08-10,0.1793486926020408,,,,,0.0
../data/satellite/aqua/2016/20160811_AQUA.jpg,2016-08-11,0.20653300382653061,0.7572131622117148,0.12959567692753063,0.1131911608607546,../data/satellite/aqua/2016/20160811_AQUA.jpg_classified.png,0.0
../data/satellite/aqua/2016/20160812_AQUA.jpg,2016-08-12,0.2412906568877551,0.8057322210291566,0.10977120673990254,0.08449657223094077,../data/satellite/aqua/2016/20160812_AQUA.jpg_classified.png,0.0
../data/satellite/aqua/2016/20160813_AQUA.jpg,2016-08-13,0.19804288903061223,,,,,0.0
../data/satellite/aqua/2016/20160814_AQUA.jpg,2016-08-14,0.37049585459183676,0.814147391070468,0.15857988165680473,0.02727272727272727,../data/satellite/aqua/2016/20160814_AQUA.jpg_classified.png,0.0
../data/satellite/aqua/2016/20160815_AQUA.jpg,2016-08-15,0.2852758290816326,0.8607656839457873,0.11715802710632947,0.02207628894788319,../data/satellite/aqua/2016/20160815_AQUA.jpg_classified.png,0.0
../data/satellite/aqua/2016/20160816_AQUA.jpg,2016-08-16,0.23435507015306123,0.6985287864614338,0.13155880602092015,0.16991240751764605,../data/satellite/aqua/2016/20160816_AQUA.jpg_classified.png,0.0
../data/satellite/aqua/2016/20160817_AQUA.jpg,2016-08-17,0.21944754464285715,0.7560621196984834,0.17809463264008718,0.06584324766142947,../data/satellite/aqua/2016/20160817_AQUA.jpg_classified.png,0.0
../data/satellite/aqua/2016/20160819_AQUA.jpg,2016-08-19,0.05215640943877551,,,,,0.0
../data/satellite/aqua/2016/20160820_AQUA.jpg,2016-08-20,0.07308274872448979,,,,,0.0
../data/satellite/aqua/2016/20160821_AQUA.jpg,2016-08-21,0.2769052933673469,0.7424787678134447,0.22693248884410536,0.03058874334244998,../data/satellite/aqua/2016/20160821_AQUA.jpg_classified.png,0.0
../data/satellite/aqua/2016/20160822_AQUA.jpg,2016-08-22,0.4796516262755102,0.9165247018739353,0.05625960859267877,0.027215689533385965,../data/satellite/aqua/2016/20160822_AQUA.jpg_classified.png,0.0
../data/satellite/aqua/2016/20160823_AQUA.jpg,2016-08-23,0.06060666454081633,,,,,0.0
../data/satellite/aqua/2016/20160824_AQUA.jpg,2016-08-24,0.05074139030612245,,,,,0.0
../data/satellite/aqua/2016/20160825_AQUA.jpg,2016-08-25,0.14369419642857142,,,,,0.0
../data/satellite/aqua/2016/20160826_AQUA.jpg,2016-08-26,0.07108976403061225,,,,,0.0
../data/satellite/aqua/2016/20160827_AQUA.jpg,2016-08-27,0.05139907525510204,,,,,0.0
../data/satellite/aqua/2016/20160828_AQUA.jpg,2016-08-28,0.11039142219387756,,,,,0.0
../data/satellite/aqua/2016/20160829_AQUA.jpg,2016-08-29,0.13849250637755103,,,,,0.0
../data/satellite/aqua/2016/20160830_AQUA.jpg,2016-08-30,0.38538345025510207,0.871127889538191,0.10042922893933909,0.028442881522469876,../data/satellite/aqua/2016/20160830_AQUA.jpg_classified.png,0.0
../data/satellite/aqua/2016/20160831_AQUA.jpg,2016-08-31,0.07212611607142858,,,,,0.0
../data/satellite/aqua/2016/20160901_AQUA.jpg,2016-09-01,0.3122010522959184,0.7835939993616342,0.1975103734439834,0.01889562719438238,../data/satellite/aqua/2016/20160901_AQUA.jpg_classified.png,0.0
../data/satellite/aqua/2016/20160902_AQUA.jpg,2016-09-02,0.4005500637755102,0.8823763558563041,0.11394168573987462,0.003681958403821276,../data/satellite/aqua/2016/20160902_AQUA.jpg_classified.png,0.0
../data/satellite/aqua/2016/20160903_AQUA.jpg,2016-09-03,0.22233737244897958,0.8223377554679097,0.1389386877016852,0.03872355683040516,../data/satellite/aqua/2016/20160903_AQUA.jpg_classified.png,0.0
../data/satellite/aqua/2016/20160904_AQUA.jpg,2016-09-04,0.13554288903061223,,,,,0.0
../data/satellite/aqua/2016/20160905_AQUA.jpg,2016-09-05,0.04954559948979592,,,,,0.0
../data/satellite/aqua/2016/20160906_AQUA.jpg,2016-09-06,0.056939572704081634,,,,,0.0
../data/satellite/aqua/2016/20160907_AQUA.jpg,2016-09-07,0.13153698979591838,,,,,0.0
../data/satellite/aqua/2016/20160908_AQUA.jpg,2016-09-08,0.05072146045918367,,,,,0.0
../data/satellite/aqua/2016/20160909_AQUA.jpg,2016-09-09,0.2690529336734694,0.738,0.23777777777777778,0.02422222222222222,../data/satellite/aqua/2016/20160909_AQUA.jpg_classified.png,0.0
../data/satellite/aqua/2016/20160910_AQUA.jpg,2016-09-10,0.2924904336734694,0.7989234123739438,0.18356500408830745,0.017511583537748704,../data/satellite/aqua/2016/20160910_AQUA.jpg_classified.png,0.0
../data/satellite/aqua/2016/20160911_AQUA.jpg,2016-09-11,0.4130261479591837,0.8701988033198225,0.1178343949044586,0.011966801775718973,../data/satellite/aqua/2016/20160911_AQUA.jpg_classified.png,0.0
../data/satellite/aqua/2016/20160912_AQUA.jpg,2016-09-12,0.4282126913265306,0.911849576468398,0.0785162431350647,0.00963418039653728,../data/satellite/aqua/2016/20160912_AQUA.jpg_classified.png,0.0
../data/satellite/aqua/2016/20160913_AQUA.jpg,2016-09-13,0.46835140306122447,0.8827234042553191,0.10008510638297873,0.017191489361702127,../data/satellite/aqua/2016/20160913_AQUA.jpg_classified.png,0.0
../data/satellite/aqua/2016/20160914_AQUA.jpg,2016-09-14,0.4053531568877551,0.8657751118540734,0.1292590589507842,0.004965829195142338,../data/satellite/aqua/2016/20160914_AQUA.jpg_classified.png,0.0
../data/satellite/aqua/2016/20160915_AQUA.jpg,2016-09-15,0.4632095025510204,0.7891747698132691,0.1593666637982962,0.05145856638843473,../data/satellite/aqua/2016/20160915_AQUA.jpg_classified.png,0.0
../data/satellite/aqua/2016/20160916_AQUA.jpg,2016-09-16,0.31636639030612246,0.7792616857754819,0.19371298979463272,0.027025324429885346,../data/satellite/aqua/2016/20160916_AQUA.jpg_classified.png,0.0
../data/satellite/aqua/2016/20160917_AQUA.jpg,2016-09-17,0.11842315051020408,,,,,0.0
../data/satellite/aqua/2016/20160918_AQUA.jpg,2016-09-18,0.2948022959183674,0.6878042184964845,0.24296917252568956,0.06922660897782586,../data/satellite/aqua/2016/20160918_AQUA.jpg_classified.png,0.0
../data/satellite/aqua/2016/20160919_AQUA.jpg,2016-09-19,0.29990433673469385,0.6647395002658161,0.2927299308878256,0.04253056884635832,../data/satellite/aqua/2016/20160919_AQUA.jpg_classified.png,0.0
../data/satellite/aqua/2016/20160920_AQUA.jpg,2016-09-20,0.18656329719387754,,,,,0.0
../data/satellite/aqua/2016/20160921_AQUA.jpg,2016-09-21,0.10889668367346939,,,,,0.0
../data/satellite/aqua/2016/20160922_AQUA.jpg,2016-09-22,0.05295360331632653,,,,,0.0
../data/satellite/aqua/2016/20160923_AQUA.jpg,2016-09-23,0.08185188137755102,,,,,0.0
../data/satellite/aqua/2016/20160924_AQUA.jpg,2016-09-24,0.2042610012755102,0.7233876475753732,0.23846228900380526,0.03815006342082154,../data/satellite/aqua/2016/20160924_AQUA.jpg_classified.png,0.0
../data/satellite/aqua/2016/20160925_AQUA.jpg,2016-09-25,0.49525669642857145,0.8562173038229376,0.1330784708249497,0.010704225352112675,../data/satellite/aqua/2016/20160925_AQUA.jpg_classified.png,0.0
../data/satellite/aqua/2016/20160926_AQUA.jpg,2016-09-26,0.3335658482142857,0.8494951305490829,0.14064647188862997,0.009858397562287149,../data/satellite/aqua/2016/20160926_AQUA.jpg_classified.png,0.0
../data/satellite/aqua/2016/20160927_AQUA.jpg,2016-09-27,0.08573820153061225,,,,,0.0
../data/satellite/aqua/2016/20160928_AQUA.jpg,2016-09-28,0.06975446428571429,,,,,0.0
../data/satellite/aqua/2016/20160929_AQUA.jpg,2016-09-29,0.15501434948979592,,,,,0.0
../data/satellite/aqua/2016/20160930_AQUA.jpg,2016-09-30,0.2507374043367347,0.9039821953739766,0.0875129163023607,0.008504888323662666,../data/satellite/aqua/2016/20160930_AQUA.jpg_classified.png,0.0
../data/satellite/aqua/2016/20161001_AQUA.jpg,2016-10-01,0.04037786989795918,,,,,0.0
../data/satellite/aqua/2016/20161002_AQUA.jpg,2016-10-02,0.1623485331632653,,,,,0.0
../data/satellite/aqua/2016/20161004_AQUA.jpg,2016-10-04,0.543327487244898,0.9459687477074316,0.05172034333504512,0.0023109089575232924,../data/satellite/aqua/2016/20161004_AQUA.jpg_classified.png,0.0
../data/satellite/aqua/2016/20161006_AQUA.jpg,2016-10-06,0.23405612244897958,0.780483651226158,0.16076294277929154,0.05875340599455041,../data/satellite/aqua/2016/20161006_AQUA.jpg_classified.png,0.0
../data/satellite/aqua/2016/20161007_AQUA.jpg,2016-10-07,0.050860969387755105,,,,,0.0
../data/satellite/aqua/2016/20161008_AQUA.jpg,2016-10-08,0.08197146045918367,,,,,0.0
../data/satellite/aqua/2016/20161009_AQUA.jpg,2016-10-09,0.04001913265306122,,,,,0.0
../data/satellite/aqua/2016/20161010_AQUA.jpg,2016-10-10,0.050482302295918366,,,,,0.0
../data/satellite/aqua/2016/20161011_AQUA.jpg,2016-10-11,0.3142139668367347,0.8799314981605988,0.09983508816440441,0.020233413674996828,../data/satellite/aqua/2016/20161011_AQUA.jpg_classified.png,0.0
../data/satellite/aqua/2016/20161012_AQUA.jpg,2016-10-12,0.2557995854591837,0.7402415270744059,0.19688352162056877,0.06287495130502532,../data/satellite/aqua/2016/20161012_AQUA.jpg_classified.png,0.0
../data/satellite/aqua/2016/20161013_AQUA.jpg,2016-10-13,0.28342235331632654,0.8024752127135926,0.1584979959215245,0.03902679136488292,../data/satellite/aqua/2016/20161013_AQUA.jpg_classified.png,0.0
../data/satellite/aqua/2016/20161014_AQUA.jpg,2016-10-14,0.26249601403061223,0.8913522131956572,0.10113127325184117,0.007516513552501708,../data/satellite/aqua/2016/20161014_AQUA.jpg_classified.png,0.0
../data/satellite/aqua/2016/20161015_AQUA.jpg,2016-10-15,0.05385044642857143,,,,,0.0
../data/satellite/aqua/2016/20161016_AQUA.jpg,2016-10-16,0.10758131377551021,,,,,0.0
../data/satellite/aqua/2016/20161017_AQUA.jpg,2016-10-17,0.297054368622449,0.8220731298222073,0.15102314659510233,0.026903723582690373,../data/satellite/aqua/2016/20161017_AQUA.jpg_classified.png,0.0
../data/satellite/aqua/2016/20161018_AQUA.jpg,2016-10-18,0.13845264668367346,,,,,0.0
../data/satellite/aqua/2016/20161019_AQUA.jpg,2016-10-19,0.26305404974489793,0.817031593302523,0.15576937646791422,0.027199030229562847,../data/satellite/aqua/2016/20161019_AQUA.jpg_classified.png,0.0005580357142857143
../data/satellite/aqua/2016/20161020_AQUA.jpg,2016-10-20,0.20918367346938777,0.6970274390243902,0.2500952743902439,0.052877286585365856,../data/satellite/aqua/2016/20161020_AQUA.jpg_classified.png,0.0
../data/satellite/aqua/2016/20161021_AQUA.jpg,2016-10-21,0.29390545280612246,0.9035057977893809,0.07567640876110396,0.020817793449515155,../data/satellite/aqua/2016/20161021_AQUA.jpg_classified.png,0.00029894770408163266
../data/satellite/aqua/2016/20161022_AQUA.jpg,2016-10-22,0.06576849489795919,,,,,0.0
../data/satellite/aqua/2016/20161023_AQUA.jpg,2016-10-23,0.14387356505102042,,,,,1.992984693877551e-05
../data/satellite/aqua/2016/20161025_AQUA.jpg,2016-10-25,0.1806042729591837,,,,,0.0
../data/satellite/aqua/2016/20161026_AQUA.jpg,2016-10-26,0.1806042729591837,,,,,0.0
../data/satellite/aqua/2016/20161027_AQUA.jpg,2016-10-27,0.1806042729591837,,,,,0.0
../data/satellite/aqua/2016/20161028_AQUA.jpg,2016-10-28,0.1806042729591837,,,,,0.0
../data/satellite/aqua/2016/20161029_AQUA.jpg,2016-10-29,0.1806042729591837,,,,,0.0
../data/satellite/aqua/2016/20161030_AQUA.jpg,2016-10-30,0.1806042729591837,,,,,0.0
../data/satellite/aqua/2016/20161031_AQUA.jpg,2016-10-31,0.1806042729591837,,,,,0.0
../data/satellite/aqua/2016/20161101_AQUA.jpg,2016-11-01,0.1806042729591837,,,,,0.0
../data/satellite/aqua/2016/20161102_AQUA.jpg,2016-11-02,0.1806042729591837,,,,,0.0
../data/satellite/aqua/2016/20161104_AQUA.jpg,2016-11-04,0.1806042729591837,,,,,0.0
../data/satellite/aqua/2016/20161105_AQUA.jpg,2016-11-05,0.1806042729591837,,,,,0.0
../data/satellite/aqua/2016/20161106_AQUA.jpg,2016-11-06,0.1806042729591837,,,,,0.0
../data/satellite/aqua/2016/20161107_AQUA.jpg,2016-11-07,0.1806042729591837,,,,,0.0
../data/satellite/aqua/2016/20161108_AQUA.jpg,2016-11-08,,,,,,0.7099011479591837
../data/satellite/aqua/2016/20161109_AQUA.jpg,2016-11-09,,,,,,0.7099011479591837
../data/satellite/aqua/2016/20161115_AQUA.jpg,2016-11-15,,,,,,0.7137276785714286
../data/satellite/aqua/2016/20161116_AQUA.jpg,2016-11-16,,,,,,0.7099011479591837
../data/satellite/aqua/2016/20161118_AQUA.jpg,2016-11-18,,,,,,0.7099011479591837
../data/satellite/aqua/2016/20161129_AQUA.jpg,2016-11-29,,,,,,0.7099808673469388
../data/satellite/aqua/2017/20170131_AQUA.jpg,2017-01-31,,,,,,0.7099808673469388
../data/satellite/aqua/2017/20170201_AQUA.jpg,2017-02-01,,,,,,0.7099808673469388
../data/satellite/aqua/2017/20170202_AQUA.jpg,2017-02-02,,,,,,0.7085060586734694
../data/satellite/aqua/2017/20170203_AQUA.jpg,2017-02-03,,,,,,0.6168088329081632
../data/satellite/aqua/2017/20170204_AQUA.jpg,2017-02-04,,,,,,0.5478117028061225
../data/satellite/aqua/2017/20170205_AQUA.jpg,2017-02-05,,,,,,0.35275829081632654
../data/satellite/aqua/2017/20170206_AQUA.jpg,2017-02-06,,,,,,0.3954280931122449
../data/satellite/aqua/2017/20170207_AQUA.jpg,2017-02-07,0.22383211096938777,0.5263111031965096,0.21351616062683643,0.26017273617665393,../data/satellite/aqua/2017/20170207_AQUA.jpg_classified.png,0.11045121173469388
../data/satellite/aqua/2017/20170208_AQUA.jpg,2017-02-08,0.16755022321428573,,,,,0.0791015625
../data/satellite/aqua/2017/20170209_AQUA.jpg,2017-02-09,0.1485969387755102,,,,,0.0
../data/satellite/aqua/2017/20170210_AQUA.jpg,2017-02-10,0.08755181760204081,,,,,0.0
../data/satellite/aqua/2017/20170211_AQUA.jpg,2017-02-11,0.09394929846938775,,,,,0.0
../data/satellite/aqua/2017/20170212_AQUA.jpg,2017-02-12,0.076171875,,,,,0.0
../data/satellite/aqua/2017/20170213_AQUA.jpg,2017-02-13,0.11356026785714286,,,,,0.0
../data/satellite/aqua/2017/20170214_AQUA.jpg,2017-02-14,0.14666374362244897,,,,,0.0
../data/satellite/aqua/2017/20170215_AQUA.jpg,2017-02-15,0.07627152423469388,,,,,0.0
../data/satellite/aqua/2017/20170216_AQUA.jpg,2017-02-16,0.15027104591836735,,,,,0.0
../data/satellite/aqua/2017/20170217_AQUA.jpg,2017-02-17,0.12177136479591837,,,,,0.0
../data/satellite/aqua/2017/20170218_AQUA.jpg,2017-02-18,0.08866788903061225,,,,,0.0
../data/satellite/aqua/2017/20170219_AQUA.jpg,2017-02-19,0.09273357780612244,,,,,0.0
../data/satellite/aqua/2017/20170220_AQUA.jpg,2017-02-20,0.09717793367346939,,,,,0.0
../data/satellite/aqua/2017/20170221_AQUA.jpg,2017-02-21,0.09345105229591837,,,,,0.0
../data/satellite/aqua/2017/20170222_AQUA.jpg,2017-02-22,0.11276307397959184,,,,,0.0
../data/satellite/aqua/2017/20170223_AQUA.jpg,2017-02-23,0.08551897321428571,,,,,0.0
../data/satellite/aqua/2017/20170224_AQUA.jpg,2017-02-24,0.11826371173469388,,,,,0.0
../data/satellite/aqua/2017/20170225_AQUA.jpg,2017-02-25,0.0946468431122449,,,,,0.0
../data/satellite/aqua/2017/20170226_AQUA.jpg,2017-02-26,0.11708785076530612,,,,,0.0
../data/satellite/aqua/2017/20170227_AQUA.jpg,2017-02-27,0.07718829719387756,,,,,0.0
../data/satellite/aqua/2017/20170228_AQUA.jpg,2017-02-28,0.08023756377551021,,,,,0.0
../data/satellite/aqua/2017/20170301_AQUA.jpg,2017-03-01,0.13895089285714285,,,,,0.0
../data/satellite/aqua/2017/20170302_AQUA.jpg,2017-03-02,0.08484135841836735,,,,,0.0
../data/satellite/aqua/2017/20170303_AQUA.jpg,2017-03-03,0.08151307397959184,,,,,0.0
../data/satellite/aqua/2017/20170304_AQUA.jpg,2017-03-04,0.06531010841836735,,,,,0.0
../data/satellite/aqua/2017/20170305_AQUA.jpg,2017-03-05,0.09293287627551021,,,,,0.0
../data/satellite/aqua/2017/20170306_AQUA.jpg,2017-03-06,0.08091517857142858,,,,,0.0
../data/satellite/aqua/2017/20170307_AQUA.jpg,2017-03-07,0.06710379464285714,,,,,0.0
../data/satellite/aqua/2017/20170308_AQUA.jpg,2017-03-08,0.08047672193877552,,,,,0.0
../data/satellite/aqua/2017/20170309_AQUA.jpg,2017-03-09,0.07623166454081633,,,,,0.0
../data/satellite/aqua/2017/20170310_AQUA.jpg,2017-03-10,0.12201052295918367,,,,,0.0
../data/satellite/aqua/2017/20170311_AQUA.jpg,2017-03-11,0.1402264030612245,,,,,0.0
../data/satellite/aqua/2017/20170312_AQUA.jpg,2017-03-12,0.0752750318877551,,,,,0.0
../data/satellite/aqua/2017/20170313_AQUA.jpg,2017-03-13,0.07547433035714286,,,,,0.0
../data/satellite/aqua/2017/20170314_AQUA.jpg,2017-03-14,0.08633609693877552,,,,,0.0
../data/satellite/aqua/2017/20170315_AQUA.jpg,2017-03-15,0.0794204400510204,,,,,0.0
../data/satellite/aqua/2017/20170316_AQUA.jpg,2017-03-16,0.08310746173469388,,,,,0.0
../data/satellite/aqua/2017/20170317_AQUA.jpg,2017-03-17,0.07792570153061225,,,,,0.0
../data/satellite/aqua/2017/20170318_AQUA.jpg,2017-03-18,0.0713687818877551,,,,,0.0
../data/satellite/aqua/2017/20170319_AQUA.jpg,2017-03-19,0.08631616709183673,,,,,0.0
../data/satellite/aqua/2017/20170320_AQUA.jpg,2017-03-20,0.06616709183673469,,,,,0.0
../data/satellite/aqua/2017/20170321_AQUA.jpg,2017-03-21,0.08424346301020408,,,,,0.0
../data/satellite/aqua/2017/20170322_AQUA.jpg,2017-03-22,0.08932557397959184,,,,,0.0
../data/satellite/aqua/2017/20170323_AQUA.jpg,2017-03-23,0.04396524234693878,,,,,0.0
../data/satellite/aqua/2017/20170324_AQUA.jpg,2017-03-24,0.11577248086734694,,,,,0.0
../data/satellite/aqua/2017/20170325_AQUA.jpg,2017-03-25,0.07924107142857142,,,,,0.0
../data/satellite/aqua/2017/20170326_AQUA.jpg,2017-03-26,0.08231026785714286,,,,,0.0
../data/satellite/aqua/2017/20170327_AQUA.jpg,2017-03-27,0.09042171556122448,,,,,0.0
../data/satellite/aqua/2017/20170328_AQUA.jpg,2017-03-28,0.06586814413265306,,,,,0.0
../data/satellite/aqua/2017/20170329_AQUA.jpg,2017-03-29,0.08639588647959184,,,,,0.0
../data/satellite/aqua/2017/20170330_AQUA.jpg,2017-03-30,0.09514508928571429,,,,,0.0
../data/satellite/aqua/2017/20170331_AQUA.jpg,2017-03-31,0.08749202806122448,,,,,0.0
../data/satellite/aqua/2017/20170403_AQUA.jpg,2017-04-03,,,,,,0.7099808673469388
../data/satellite/aqua/2017/20170404_AQUA.jpg,2017-04-04,,,,,,0.7099808673469388
../data/satellite/aqua/2017/20170405_AQUA.jpg,2017-04-05,,,,,,0.7099808673469388
../data/satellite/aqua/2017/20170518_AQUA.jpg,2017-05-18,0.0882095025510204,,,,,0.0
../data/satellite/aqua/2017/20170519_AQUA.jpg,2017-05-19,0.06808035714285714,,,,,0.0
../data/satellite/aqua/2017/20170520_AQUA.jpg,2017-05-20,0.18977200255102042,,,,,0.0
../data/satellite/aqua/2017/20170521_AQUA.jpg,2017-05-21,0.09137834821428571,,,,,0.0
../data/satellite/aqua/2017/20170522_AQUA.jpg,2017-05-22,0.1155532525510204,,,,,0.0
../data/satellite/aqua/2017/20170523_AQUA.jpg,2017-05-23,0.16290656887755103,,,,,0.0
../data/satellite/aqua/2017/20170528_AQUA.jpg,2017-05-28,0.06750239158163265,,,,,0.0
../data/satellite/aqua/2017/20170529_AQUA.jpg,2017-05-29,0.12739158163265307,,,,,0.0
../data/satellite/aqua/2017/20170530_AQUA.jpg,2017-05-30,0.10363520408163265,,,,,0.0
../data/satellite/aqua/2017/20170531_AQUA.jpg,2017-05-31,0.26191804846938777,0.5643737635063156,0.22196012783442398,0.2136661086592604,../data/satellite/aqua/2017/20170531_AQUA.jpg_classified.png,0.0
../data/satellite/aqua/2017/20170601_AQUA.jpg,2017-06-01,0.20832669005102042,0.6128384195924615,0.19477661915239644,0.19238496125514207,../data/satellite/aqua/2017/20170601_AQUA.jpg_classified.png,0.0
../data/satellite/aqua/2017/20170602_AQUA.jpg,2017-06-02,0.29091597576530615,0.6721244091251627,0.18860039734191958,0.13927519353291773,../data/satellite/aqua/2017/20170602_AQUA.jpg_classified.png,0.0
../data/satellite/aqua/2017/20170603_AQUA.jpg,2017-06-03,0.0830875318877551,,,,,0.0
../data/satellite/aqua/2017/20170604_AQUA.jpg,2017-06-04,0.19118702168367346,,,,,0.0
../data/satellite/aqua/2017/20170605_AQUA.jpg,2017-06-05,0.11039142219387756,,,,,0.0
../data/satellite/aqua/2017/20170607_AQUA.jpg,2017-06-07,0.11878188775510204,,,,,0.0
../data/satellite/aqua/2017/20170608_AQUA.jpg,2017-06-08,0.11493542729591837,,,,,0.0
../data/satellite/aqua/2017/20170609_AQUA.jpg,2017-06-09,0.06947544642857142,,,,,0.0
../data/satellite/aqua/2017/20170610_AQUA.jpg,2017-06-10,0.4384167729591837,0.842803891262842,0.09687244294935904,0.060323665787798894,../data/satellite/aqua/2017/20170610_AQUA.jpg_classified.png,0.0
../data/satellite/aqua/2017/20170611_AQUA.jpg,2017-06-11,0.06146364795918367,,,,,0.0
../data/satellite/aqua/2017/20170612_AQUA.jpg,2017-06-12,0.12039620535714286,,,,,0.0
../data/satellite/aqua/2017/20170613_AQUA.jpg,2017-06-13,0.3522201849489796,0.8915294517059922,0.0894019125219261,0.019068635772081708,../data/satellite/aqua/2017/20170613_AQUA.jpg_classified.png,0.0
../data/satellite/aqua/2017/20170614_AQUA.jpg,2017-06-14,0.1426578443877551,,,,,0.0
../data/satellite/aqua/2017/20170615_AQUA.jpg,2017-06-15,0.08785076530612244,,,,,0.0
../data/satellite/aqua/2017/20170616_AQUA.jpg,2017-06-16,0.07555404974489796,,,,,0.0
../data/satellite/aqua/2017/20170617_AQUA.jpg,2017-06-17,0.09052136479591837,,,,,0.0
../data/satellite/aqua/2017/20170618_AQUA.jpg,2017-06-18,0.03886320153061224,,,,,0.0
../data/satellite/aqua/2017/20170619_AQUA.jpg,2017-06-19,0.19062898596938777,,,,,0.0
../data/satellite/aqua/2017/20170620_AQUA.jpg,2017-06-20,0.09402901785714286,,,,,0.0
../data/satellite/aqua/2017/20170621_AQUA.jpg,2017-06-21,0.05725845025510204,,,,,0.0
../data/satellite/aqua/2017/20170622_AQUA.jpg,2017-06-22,0.038404815051020405,,,,,0.0
../data/satellite/aqua/2017/20170623_AQUA.jpg,2017-06-23,0.06680484693877552,,,,,0.0
../data/satellite/aqua/2017/20170624_AQUA.jpg,2017-06-24,0.0633968431122449,,,,,0.0
../data/satellite/aqua/2017/20170625_AQUA.jpg,2017-06-25,0.03461814413265306,,,,,0.0
../data/satellite/aqua/2017/20170626_AQUA.jpg,2017-06-26,0.09446747448979592,,,,,0.0
../data/satellite/aqua/2017/20170627_AQUA.jpg,2017-06-27,0.18712133290816327,,,,,0.0
../data/satellite/aqua/2017/20170628_AQUA.jpg,2017-06-28,0.05237563775510204,,,,,0.0
../data/satellite/aqua/2017/20170629_AQUA.jpg,2017-06-29,0.07836415816326531,,,,,0.0
../data/satellite/aqua/2017/20170630_AQUA.jpg,2017-06-30,0.14211973852040816,,,,,0.0
../data/satellite/aqua/2017/20170701_AQUA.jpg,2017-07-01,0.052634725765306124,,,,,0.0
../data/satellite/aqua/2017/20170702_AQUA.jpg,2017-07-02,0.3341039540816326,0.8398950131233596,0.14179193509902172,0.018313051777618706,../data/satellite/aqua/2017/20170702_AQUA.jpg_classified.png,0.0
../data/satellite/aqua/2017/20170703_AQUA.jpg,2017-07-03,0.3090122767857143,0.8929377620122542,0.09409867784585618,0.012963560141889712,../data/satellite/aqua/2017/20170703_AQUA.jpg_classified.png,0.0
../data/satellite/aqua/2017/20170704_AQUA.jpg,2017-07-04,0.15848214285714285,,,,,0.0
../data/satellite/aqua/2017/20170705_AQUA.jpg,2017-07-05,0.28300382653061223,0.8453521126760564,0.14373239436619717,0.010915492957746478,../data/satellite/aqua/2017/20170705_AQUA.jpg_classified.png,0.0
../data/satellite/aqua/2017/20170706_AQUA.jpg,2017-07-06,0.5460379464285714,0.926673479816045,0.06916563252792175,0.004160887656033287,../data/satellite/aqua/2017/20170706_AQUA.jpg_classified.png,0.0
../data/satellite/aqua/2017/20170707_AQUA.jpg,2017-07-07,0.459163743622449,0.933026607057598,0.0630669733929424,0.003906419549459612,../data/satellite/aqua/2017/20170707_AQUA.jpg_classified.png,0.0
../data/satellite/aqua/2017/20170708_AQUA.jpg,2017-07-08,0.3488719706632653,0.8439303056269637,0.11842330762639246,0.03764638674664381,../data/satellite/aqua/2017/20170708_AQUA.jpg_classified.png,0.0
../data/satellite/aqua/2017/20170709_AQUA.jpg,2017-07-09,0.12157206632653061,,,,,0.0
../data/satellite/aqua/2017/20170710_AQUA.jpg,2017-07-10,0.11485570790816327,,,,,0.0
../data/satellite/aqua/2017/20170711_AQUA.jpg,2017-07-11,0.3596340880102041,0.9194236630645608,0.07636464394569133,0.004211692989747853,../data/satellite/aqua/2017/20170711_AQUA.jpg_classified.png,0.0
../data/satellite/aqua/2017/20170712_AQUA.jpg,2017-07-12,0.1270129145408163,,,,,0.0
../data/satellite/aqua/2017/20170713_AQUA.jpg,2017-07-13,0.3513233418367347,0.8881325164511005,0.09916042659405491,0.012707056954844566,../data/satellite/aqua/2017/20170713_AQUA.jpg_classified.png,0.0
../data/satellite/aqua/2017/20170714_AQUA.jpg,2017-07-14,0.09167729591836735,,,,,0.0
../data/satellite/aqua/2017/20170715_AQUA.jpg,2017-07-15,0.08111447704081633,,,,,0.0
../data/satellite/aqua/2017/20170716_AQUA.jpg,2017-07-16,0.1924426020408163,,,,,0.0
../data/satellite/aqua/2017/20170717_AQUA.jpg,2017-07-17,0.20525749362244897,0.7266724924749975,0.22400233032333236,0.04932517720167007,../data/satellite/aqua/2017/20170717_AQUA.jpg_classified.png,0.0
../data/satellite/aqua/2017/20170718_AQUA.jpg,2017-07-18,0.3847058354591837,0.7905506916023416,0.19406309900015542,0.015386209397502978,../data/satellite/aqua/2017/20170718_AQUA.jpg_classified.png,0.0
../data/satellite/aqua/2017/20170719_AQUA.jpg,2017-07-19,0.06702407525510204,,,,,0.0
../data/satellite/aqua/2017/20170720_AQUA.jpg,2017-07-20,0.19770408163265307,,,,,0.0
../data/satellite/aqua/2017/20170721_AQUA.jpg,2017-07-21,0.09741709183673469,,,,,0.0
../data/satellite/aqua/2017/20170722_AQUA.jpg,2017-07-22,0.5801179846938775,0.9662292153359902,0.033633365397828775,0.0001374192661811186,../data/satellite/aqua/2017/20170722_AQUA.jpg_classified.png,0.0
../data/satellite/aqua/2017/20170724_AQUA.jpg,2017-07-24,0.19387755102040816,,,,,0.0
../data/satellite/aqua/2017/20170725_AQUA.jpg,2017-07-25,0.5409558354591837,0.94941605570497,0.049773422245146075,0.0008105220498839479,../data/satellite/aqua/2017/20170725_AQUA.jpg_classified.png,0.0
../data/satellite/aqua/2017/20170726_AQUA.jpg,2017-07-26,0.3436702806122449,0.8921363952679193,0.10531199257712828,0.002551612154952447,../data/satellite/aqua/2017/20170726_AQUA.jpg_classified.png,0.0
../data/satellite/aqua/2017/20170727_AQUA.jpg,2017-07-27,0.5736806441326531,0.9657807886051764,0.033906548549591804,0.0003126628452318916,../data/satellite/aqua/2017/20170727_AQUA.jpg_classified.png,0.0
../data/satellite/aqua/2017/20170728_AQUA.jpg,2017-07-28,0.5773278061224489,0.9448356807511737,0.05512979839823253,3.452085059375863e-05,../data/satellite/aqua/2017/20170728_AQUA.jpg_classified.png,0.0
../data/satellite/aqua/2017/20170729_AQUA.jpg,2017-07-29,0.10459183673469388,,,,,0.0
../data/satellite/aqua/2017/20170730_AQUA.jpg,2017-07-30,0.38107860331632654,0.7870404267559228,0.20924637832749332,0.003713194916583861,../data/satellite/aqua/2017/20170730_AQUA.jpg_classified.png,0.0
../data/satellite/aqua/2017/20170731_AQUA.jpg,2017-07-31,0.2919124681122449,0.7104526524202909,0.22994469857308664,0.059602649006622516,../data/satellite/aqua/2017/20170731_AQUA.jpg_classified.png,0.0
../data/satellite/aqua/2017/20170801_AQUA.jpg,2017-08-01,0.11122847576530612,,,,,0.0
../data/satellite/aqua/2017/20170802_AQUA.jpg,2017-08-02,0.3403818558673469,0.8371684524855085,0.14157737572457404,0.021254171789917443,../data/satellite/aqua/2017/20170802_AQUA.jpg_classified.png,0.0
../data/satellite/aqua/2017/20170803_AQUA.jpg,2017-08-03,0.2871691645408163,0.69678673051565,0.25581233951002846,0.047400929974321604,../data/satellite/aqua/2017/20170803_AQUA.jpg_classified.png,0.0
../data/satellite/aqua/2017/20170804_AQUA.jpg,2017-08-04,0.515266262755102,0.9361800881875145,0.06304633712384931,0.0007735746886361879,../data/satellite/aqua/2017/20170804_AQUA.jpg_classified.png,0.0
../data/satellite/aqua/2017/20170805_AQUA.jpg,2017-08-05,0.2209422831632653,0.7265920981418005,0.17580732455349088,0.09760057730470864,../data/satellite/aqua/2017/20170805_AQUA.jpg_classified.png,0.0
../data/satellite/aqua/2017/20170806_AQUA.jpg,2017-08-06,0.17811304209183673,,,,,0.0
../data/satellite/aqua/2017/20170807_AQUA.jpg,2017-08-07,0.23170440051020408,0.7569241355582316,0.19224152761052812,0.05083433683124032,../data/satellite/aqua/2017/20170807_AQUA.jpg_classified.png,0.0
../data/satellite/aqua/2017/20170808_AQUA.jpg,2017-08-08,0.1307796556122449,,,,,0.0
../data/satellite/aqua/2017/20170809_AQUA.jpg,2017-08-09,0.3413584183673469,0.7328935077066792,0.26453759925268566,0.002568893040635217,../data/satellite/aqua/2017/20170809_AQUA.jpg_classified.png,0.0
../data/satellite/aqua/2017/20170810_AQUA.jpg,2017-08-10,0.455875318877551,0.6780187112004896,0.31900848124508174,0.002972807554428609,../data/satellite/aqua/2017/20170810_AQUA.jpg_classified.png,0.0
../data/satellite/aqua/2017/20170811_AQUA.jpg,2017-08-11,0.37729193239795916,0.6734984945327769,0.3114468332364904,0.01505467223073266,../data/satellite/aqua/2017/20170811_AQUA.jpg_classified.png,0.0
../data/satellite/aqua/2017/20170812_AQUA.jpg,2017-08-12,0.33719308035714285,0.7762870145989715,0.2024351321000059,0.02127785330102252,../data/satellite/aqua/2017/20170812_AQUA.jpg_classified.png,0.0
../data/satellite/aqua/2017/20170813_AQUA.jpg,2017-08-13,0.3569834183673469,0.7380527020991514,0.24023001339883876,0.021717284502009826,../data/satellite/aqua/2017/20170813_AQUA.jpg_classified.png,0.0
../data/satellite/aqua/2017/20170814_AQUA.jpg,2017-08-14,0.5697943239795918,0.8100034977264778,0.1893669115075201,0.0006295907660020986,../data/satellite/aqua/2017/20170814_AQUA.jpg_classified.png,0.0
../data/satellite/aqua/2017/20170815_AQUA.jpg,2017-08-15,0.11702806122448979,,,,,0.0
../data/satellite/aqua/2017/20170816_AQUA.jpg,2017-08-16,0.03812579719387755,,,,,0.0
../data/satellite/aqua/2017/20170817_AQUA.jpg,2017-08-17,0.10770089285714286,,,,,0.0
../data/satellite/aqua/2017/20170818_AQUA.jpg,2017-08-18,0.07892219387755102,,,,,0.0
../data/satellite/aqua/2017/20170819_AQUA.jpg,2017-08-19,0.06845902423469388,,,,,0.0
../data/satellite/aqua/2017/20170820_AQUA.jpg,2017-08-20,0.1457469706632653,,,,,0.0
../data/satellite/aqua/2017/20170821_AQUA.jpg,2017-08-21,0.5774075255102041,0.955439734916471,0.04386994339362143,0.0006903216899074969,../data/satellite/aqua/2017/20170821_AQUA.jpg_classified.png,0.0
../data/satellite/aqua/2017/20170822_AQUA.jpg,2017-08-22,0.12663424744897958,,,,,0.0
../data/satellite/aqua/2017/20170825_AQUA.jpg,2017-08-25,0.5615234375,0.68773735581189,0.30448979591836733,0.007772848269742679,../data/satellite/aqua/2017/20170825_AQUA.jpg_classified.png,0.0
../data/satellite/aqua/2017/20170826_AQUA.jpg,2017-08-26,0.2536073022959184,0.6714341846758349,0.2719056974459725,0.056660117878192535,../data/satellite/aqua/2017/20170826_AQUA.jpg_classified.png,0.0
../data/satellite/aqua/2017/20170827_AQUA.jpg,2017-08-27,0.40555245535714285,0.7382672367192491,0.25101970612806523,0.010713057152685636,../data/satellite/aqua/2017/20170827_AQUA.jpg_classified.png,0.0
../data/satellite/aqua/2017/20170828_AQUA.jpg,2017-08-28,0.06810028698979592,,,,,0.0
../data/satellite/aqua/2017/20170829_AQUA.jpg,2017-08-29,0.05193718112244898,,,,,0.0
../data/satellite/aqua/2017/20170830_AQUA.jpg,2017-08-30,0.05863360969387755,,,,,0.0
../data/satellite/aqua/2017/20170831_AQUA.jpg,2017-08-31,0.06299824617346939,,,,,0.0
../data/satellite/aqua/2017/20170901_AQUA.jpg,2017-09-01,0.17024075255102042,,,,,0.0
../data/satellite/aqua/2017/20170902_AQUA.jpg,2017-09-02,0.569694674744898,0.6907818786076614,0.30449536470176664,0.004722756690571978,../data/satellite/aqua/2017/20170902_AQUA.jpg_classified.png,0.0
../data/satellite/aqua/2017/20170903_AQUA.jpg,2017-09-03,0.07619180484693877,,,,,0.0
../data/satellite/aqua/2017/20170904_AQUA.jpg,2017-09-04,0.22488839285714285,0.7817263381779511,0.1913328606876994,0.02694080113434952,../data/satellite/aqua/2017/20170904_AQUA.jpg_classified.png,0.0
../data/satellite/aqua/2017/20170905_AQUA.jpg,2017-09-05,0.4735730229591837,0.7810790337513678,0.2006144263950846,0.01830653985354768,../data/satellite/aqua/2017/20170905_AQUA.jpg_classified.png,0.0
../data/satellite/aqua/2017/20170906_AQUA.jpg,2017-09-06,0.4237683354591837,0.8106099797770776,0.1844988947937732,0.004891125429149226,../data/satellite/aqua/2017/20170906_AQUA.jpg_classified.png,0.0
../data/satellite/aqua/2017/20170907_AQUA.jpg,2017-09-07,0.5644929846938775,0.7541660782375371,0.24442169185143342,0.0014122299110295156,../data/satellite/aqua/2017/20170907_AQUA.jpg_classified.png,0.0
../data/satellite/aqua/2017/20170908_AQUA.jpg,2017-09-08,0.48740433673469385,0.8337013411841675,0.1581207065750736,0.008177952240758913,../data/satellite/aqua/2017/20170908_AQUA.jpg_classified.png,0.0
../data/satellite/aqua/2017/20170909_AQUA.jpg,2017-09-09,0.06774154974489796,,,,,0.0
../data/satellite/aqua/2017/20170910_AQUA.jpg,2017-09-10,0.06174266581632653,,,,,0.0
../data/satellite/aqua/2017/20170911_AQUA.jpg,2017-09-11,0.05393016581632653,,,,,0.0
../data/satellite/aqua/2017/20170912_AQUA.jpg,2017-09-12,0.08932557397959184,,,,,0.0
../data/satellite/aqua/2017/20170913_AQUA.jpg,2017-09-13,0.03940130739795918,,,,,0.0
../data/satellite/aqua/2017/20170914_AQUA.jpg,2017-09-14,0.0293765943877551,,,,,0.0
../data/satellite/aqua/2017/20170915_AQUA.jpg,2017-09-15,0.055345184948979595,,,,,0.0
../data/satellite/aqua/2017/20170916_AQUA.jpg,2017-09-16,0.0496452487244898,,,,,0.0
../data/satellite/aqua/2017/20170917_AQUA.jpg,2017-09-17,0.06913663903061225,,,,,0.0
../data/satellite/aqua/2017/20170918_AQUA.jpg,2017-09-18,0.08067602040816327,,,,,0.0
../data/satellite/aqua/2017/20170919_AQUA.jpg,2017-09-19,0.049485809948979595,,,,,0.0
../data/satellite/aqua/2017/20170920_AQUA.jpg,2017-09-20,0.06156329719387755,,,,,0.0
../data/satellite/aqua/2017/20170921_AQUA.jpg,2017-09-21,0.1527423469387755,,,,,0.0
../data/satellite/aqua/2017/20170922_AQUA.jpg,2017-09-22,0.10672433035714286,,,,,0.0
../data/satellite/aqua/2017/20170923_AQUA.jpg,2017-09-23,0.4025829081632653,0.8826237623762376,0.10975247524752475,0.007623762376237624,../data/satellite/aqua/2017/20170923_AQUA.jpg_classified.png,0.0
../data/satellite/aqua/2017/20170924_AQUA.jpg,2017-09-24,0.28946109693877553,0.752065546681355,0.18961718534838887,0.058317267970256124,../data/satellite/aqua/2017/20170924_AQUA.jpg_classified.png,0.0
../data/satellite/aqua/2017/20170925_AQUA.jpg,2017-09-25,0.1307995854591837,,,,,0.0
../data/satellite/aqua/2017/20170926_AQUA.jpg,2017-09-26,0.3789660395408163,0.9088088351301604,0.0832500657375756,0.007941099132264002,../data/satellite/aqua/2017/20170926_AQUA.jpg_classified.png,0.0
../data/satellite/aqua/2017/20170927_AQUA.jpg,2017-09-27,0.42677774234693877,0.8807322312505838,0.09708601849257495,0.02218175025684132,../data/satellite/aqua/2017/20170927_AQUA.jpg_classified.png,0.0
../data/satellite/aqua/2017/20170928_AQUA.jpg,2017-09-28,0.029815051020408163,,,,,0.0
../data/satellite/aqua/2017/20170929_AQUA.jpg,2017-09-29,0.036451690051020405,,,,,0.0
../data/satellite/aqua/2017/20170930_AQUA.jpg,2017-09-30,0.46267139668367346,0.8976954555244454,0.09885849666164118,0.0034460478139134183,../data/satellite/aqua/2017/20170930_AQUA.jpg_classified.png,0.0
../data/satellite/aqua/2017/20171001_AQUA.jpg,2017-10-01,0.18867586096938777,,,,,0.0
../data/satellite/aqua/2017/20171002_AQUA.jpg,2017-10-02,0.31638632015306123,0.8558740157480315,0.12592125984251967,0.01820472440944882,../data/satellite/aqua/2017/20171002_AQUA.jpg_classified.png,0.0
../data/satellite/aqua/2017/20171003_AQUA.jpg,2017-10-03,0.07477678571428571,,,,,0.0
../data/satellite/aqua/2017/20171004_AQUA.jpg,2017-10-04,0.032704878826530615,,,,,0.0
../data/satellite/aqua/2017/20171006_AQUA.jpg,2017-10-06,0.17574139030612246,,,,,0.0
../data/satellite/aqua/2017/20171007_AQUA.jpg,2017-10-07,0.044822225765306124,,,,,0.0
../data/satellite/aqua/2017/20171008_AQUA.jpg,2017-10-08,0.14504942602040816,,,,,0.0
../data/satellite/aqua/2017/20171009_AQUA.jpg,2017-10-09,0.18889508928571427,,,,,0.0
../data/satellite/aqua/2017/20171010_AQUA.jpg,2017-10-10,0.3264907525510204,0.8537419118544745,0.1309974362104749,0.015260651935050665,../data/satellite/aqua/2017/20171010_AQUA.jpg_classified.png,0.0
../data/satellite/aqua/2017/20171011_AQUA.jpg,2017-10-11,0.28182796556122447,0.7690403790396719,0.17127501591118025,0.05968460504914787,../data/satellite/aqua/2017/20171011_AQUA.jpg_classified.png,0.0
../data/satellite/aqua/2017/20171012_AQUA.jpg,2017-10-12,0.3337452168367347,0.8717305625223934,0.11381822524782037,0.014451212229786218,../data/satellite/aqua/2017/20171012_AQUA.jpg_classified.png,0.0
../data/satellite/aqua/2017/20171013_AQUA.jpg,2017-10-13,0.11362005739795919,,,,,0.0
../data/satellite/aqua/2017/20171014_AQUA.jpg,2017-10-14,0.3785873724489796,0.8806590861233944,0.11244472520530638,0.006896188671299221,../data/satellite/aqua/2017/20171014_AQUA.jpg_classified.png,0.0
../data/satellite/aqua/2017/20171015_AQUA.jpg,2017-10-15,0.44521285076530615,0.5449662026053091,0.44921437844129103,0.005819418953399884,../data/satellite/aqua/2017/20171015_AQUA.jpg_classified.png,0.0
../data/satellite/aqua/2017/20171016_AQUA.jpg,2017-10-16,0.4232900191326531,0.9254673007203729,0.06662272235039314,0.007909976929233956,../data/satellite/aqua/2017/20171016_AQUA.jpg_classified.png,0.0
../data/satellite/aqua/2017/20171017_AQUA.jpg,2017-10-17,0.04575892857142857,,,,,0.0
../data/satellite/aqua/2017/20171018_AQUA.jpg,2017-10-18,0.1354033801020408,,,,,0.0
../data/satellite/aqua/2017/20171019_AQUA.jpg,2017-10-19,0.20693160076530612,0.7340845613021285,0.25050563420976596,0.015409804488105557,../data/satellite/aqua/2017/20171019_AQUA.jpg_classified.png,0.0
../data/satellite/aqua/2017/20171020_AQUA.jpg,2017-10-20,0.14146205357142858,,,,,0.0
../data/satellite/aqua/2017/20171021_AQUA.jpg,2017-10-21,0.09506536989795919,,,,,0.0
../data/satellite/aqua/2017/20171022_AQUA.jpg,2017-10-22,0.24619339923469388,0.6272970128713673,0.3245365498259532,0.04816643730267951,../data/satellite/aqua/2017/20171022_AQUA.jpg_classified.png,0.0
../data/satellite/aqua/2017/20171023_AQUA.jpg,2017-10-23,0.07083067602040816,,,,,0.0
../data/satellite/aqua/2017/20171024_AQUA.jpg,2017-10-24,0.09193638392857142,,,,,0.0
../data/satellite/aqua/2017/20171025_AQUA.jpg,2017-10-25,0.06072624362244898,,,,,0.007334183673469388
../data/satellite/aqua/2017/20171026_AQUA.jpg,2017-10-26,0.15146683673469388,,,,,0.0006975446428571429
../data/satellite/aqua/2017/20171027_AQUA.jpg,2017-10-27,0.07997847576530612,,,,,0.0
../data/satellite/aqua/2017/20171029_AQUA.jpg,2017-10-29,0.06459263392857142,,,,,0.0
../data/satellite/aqua/2017/20171030_AQUA.jpg,2017-10-30,0.059091996173469385,,,,,0.0
../data/satellite/aqua/2017/20171031_AQUA.jpg,2017-10-31,0.12848772321428573,,,,,0.0
../data/satellite/aqua/2017/20171101_AQUA.jpg,2017-11-01,0.1041733099489796,,,,,0.07368064413265306
../data/satellite/aqua/2017/20171102_AQUA.jpg,2017-11-02,0.20362324617346939,0.5909758246060487,0.10257414113732015,0.3064500342566311,../data/satellite/aqua/2017/20171102_AQUA.jpg_classified.png,0.14650430484693877
../data/satellite/aqua/2017/20171103_AQUA.jpg,2017-11-03,0.24543606505102042,0.6708891595615104,0.2875355257815672,0.04157531465692245,../data/satellite/aqua/2017/20171103_AQUA.jpg_classified.png,0.1662547831632653
../data/satellite/aqua/2017/20171104_AQUA.jpg,2017-11-04,,,,,,0.37187101403061223
../data/satellite/aqua/2017/20171105_AQUA.jpg,2017-11-05,,,,,,0.6971659757653061
../data/satellite/aqua/2017/20171106_AQUA.jpg,2017-11-06,,,,,,0.5713687818877551
../data/satellite/aqua/2017/20171107_AQUA.jpg,2017-11-07,,,,,,0.6859255420918368
../data/satellite/aqua/2017/20171108_AQUA.jpg,2017-11-08,,,,,,0.7026267538265306
../data/satellite/aqua/2017/20171109_AQUA.jpg,2017-11-09,,,,,,0.7099410076530612
../data/satellite/aqua/2017/20171110_AQUA.jpg,2017-11-10,,,,,,0.7099410076530612
../data/satellite/aqua/2017/20171111_AQUA.jpg,2017-11-11,,,,,,0.7099410076530612
../data/satellite/aqua/2017/20171112_AQUA.jpg,2017-11-12,,,,,,0.7099410076530612
../data/satellite/aqua/2017/20171113_AQUA.jpg,2017-11-13,,,,,,0.7099410076530612
../data/satellite/aqua/2017/20171114_AQUA.jpg,2017-11-14,,,,,,0.7099410076530612
../data/satellite/aqua/2017/20171115_AQUA.jpg,2017-11-15,,,,,,0.7099410076530612
../data/satellite/aqua/2017/20171116_AQUA.jpg,2017-11-16,,,,,,0.7099410076530612
../data/satellite/aqua/2017/20171117_AQUA.jpg,2017-11-17,,,,,,0.7099410076530612
../data/satellite/aqua/2017/20171118_AQUA.jpg,2017-11-18,,,,,,0.7099410076530612
../data/satellite/aqua/2017/20171119_AQUA.jpg,2017-11-19,,,,,,0.7099410076530612
../data/satellite/aqua/2017/20171120_AQUA.jpg,2017-11-20,,,,,,0.7099410076530612
../data/satellite/aqua/2017/20171121_AQUA.jpg,2017-11-21,,,,,,0.7099410076530612
../data/satellite/aqua/2017/20171122_AQUA.jpg,2017-11-22,,,,,,0.7099410076530612
../data/satellite/aqua/2017/20171123_AQUA.jpg,2017-11-23,,,,,,0.7099410076530612
../data/satellite/aqua/2017/20171124_AQUA.jpg,2017-11-24,,,,,,0.7099410076530612
../data/satellite/aqua/2017/20171125_AQUA.jpg,2017-11-25,,,,,,0.7099410076530612
../data/satellite/aqua/2017/20171126_AQUA.jpg,2017-11-26,,,,,,0.7099410076530612
../data/satellite/aqua/2017/20171127_AQUA.jpg,2017-11-27,,,,,,0.7099410076530612
../data/satellite/aqua/2017/20171128_AQUA.jpg,2017-11-28,,,,,,0.7099410076530612
../data/satellite/aqua/2017/20171130_AQUA.jpg,2017-11-30,,,,,,0.7099410076530612
../data/satellite/aqua/2017/20171201_AQUA.jpg,2017-12-01,,,,,,0.7099410076530612
../data/satellite/aqua/2017/20171202_AQUA.jpg,2017-12-02,,,,,,0.7099410076530612
../data/satellite/aqua/2017/20171203_AQUA.jpg,2017-12-03,,,,,,0.7099410076530612
../data/satellite/aqua/2017/20171204_AQUA.jpg,2017-12-04,,,,,,0.7099410076530612
../data/satellite/aqua/2017/20171205_AQUA.jpg,2017-12-05,,,,,,0.7099410076530612
../data/satellite/aqua/2017/20171206_AQUA.jpg,2017-12-06,,,,,,0.7099410076530612
../data/satellite/aqua/2017/20171207_AQUA.jpg,2017-12-07,,,,,,0.7099410076530612
../data/satellite/aqua/2017/20171208_AQUA.jpg,2017-12-08,,,,,,0.7099410076530612
../data/satellite/aqua/2017/20171209_AQUA.jpg,2017-12-09,,,,,,0.7099410076530612
../data/satellite/aqua/2017/20171210_AQUA.jpg,2017-12-10,,,,,,0.7099410076530612
../data/satellite/aqua/2017/20171211_AQUA.jpg,2017-12-11,,,,,,0.7099410076530612
../data/satellite/aqua/2017/20171212_AQUA.jpg,2017-12-12,,,,,,0.7099410076530612
../data/satellite/aqua/2017/20171213_AQUA.jpg,2017-12-13,,,,,,0.7099410076530612
../data/satellite/aqua/2017/20171214_AQUA.jpg,2017-12-14,,,,,,0.7099410076530612
../data/satellite/aqua/2017/20171215_AQUA.jpg,2017-12-15,,,,,,0.7099410076530612
../data/satellite/aqua/2017/20171216_AQUA.jpg,2017-12-16,,,,,,0.7099410076530612
../data/satellite/aqua/2017/20171217_AQUA.jpg,2017-12-17,,,,,,0.7099410076530612
../data/satellite/aqua/2017/20171218_AQUA.jpg,2017-12-18,,,,,,0.7099410076530612
../data/satellite/aqua/2017/20171219_AQUA.jpg,2017-12-19,,,,,,0.7099410076530612
../data/satellite/aqua/2017/20171220_AQUA.jpg,2017-12-20,,,,,,0.7099410076530612
../data/satellite/aqua/2017/20171221_AQUA.jpg,2017-12-21,,,,,,0.7099410076530612
../data/satellite/aqua/2017/20171222_AQUA.jpg,2017-12-22,,,,,,0.7099410076530612
../data/satellite/aqua/2017/20171223_AQUA.jpg,2017-12-23,,,,,,0.7099410076530612
../data/satellite/aqua/2017/20171224_AQUA.jpg,2017-12-24,,,,,,0.7099410076530612
../data/satellite/aqua/2017/20171225_AQUA.jpg,2017-12-25,,,,,,0.7099410076530612
../data/satellite/aqua/2017/20171226_AQUA.jpg,2017-12-26,,,,,,0.7099410076530612
../data/satellite/aqua/2017/20171227_AQUA.jpg,2017-12-27,,,,,,0.7099410076530612
../data/satellite/aqua/2017/20171228_AQUA.jpg,2017-12-28,,,,,,0.7099410076530612
../data/satellite/aqua/2017/20171229_AQUA.jpg,2017-12-29,,,,,,0.7099410076530612
../data/satellite/aqua/2017/20171230_AQUA.jpg,2017-12-30,,,,,,0.7099410076530612
../data/satellite/aqua/2017/20171231_AQUA.jpg,2017-12-31,,,,,,0.7099410076530612
../data/satellite/aqua/2018/20180112_AQUA.jpg,2018-01-12,,,,,,0.7099410076530612
../data/satellite/aqua/2018/20180113_AQUA.jpg,2018-01-13,,,,,,0.7099410076530612
../data/satellite/aqua/2018/20180114_AQUA.jpg,2018-01-14,,,,,,0.7099410076530612
../data/satellite/aqua/2018/20180115_AQUA.jpg,2018-01-15,,,,,,0.7099410076530612
../data/satellite/aqua/2018/20180116_AQUA.jpg,2018-01-16,,,,,,0.7099410076530612
../data/satellite/aqua/2018/20180117_AQUA.jpg,2018-01-17,,,,,,0.7099410076530612
../data/satellite/aqua/2018/20180118_AQUA.jpg,2018-01-18,,,,,,0.7099410076530612
../data/satellite/aqua/2018/20180119_AQUA.jpg,2018-01-19,,,,,,0.7099410076530612
../data/satellite/aqua/2018/20180120_AQUA.jpg,2018-01-20,,,,,,0.7099410076530612
../data/satellite/aqua/2018/20180121_AQUA.jpg,2018-01-21,,,,,,0.7099410076530612
../data/satellite/aqua/2018/20180122_AQUA.jpg,2018-01-22,,,,,,0.7099410076530612
../data/satellite/aqua/2018/20180123_AQUA.jpg,2018-01-23,,,,,,0.7099410076530612
../data/satellite/aqua/2018/20180124_AQUA.jpg,2018-01-24,,,,,,0.7099410076530612
../data/satellite/aqua/2018/20180125_AQUA.jpg,2018-01-25,,,,,,0.7099410076530612
../data/satellite/aqua/2018/20180126_AQUA.jpg,2018-01-26,,,,,,0.7099410076530612
../data/satellite/aqua/2018/20180127_AQUA.jpg,2018-01-27,,,,,,0.7099410076530612
../data/satellite/aqua/2018/20180128_AQUA.jpg,2018-01-28,,,,,,0.7099410076530612
../data/satellite/aqua/2018/20180129_AQUA.jpg,2018-01-29,,,,,,0.7099410076530612
../data/satellite/aqua/2018/20180130_AQUA.jpg,2018-01-30,,,,,,0.7099410076530612
../data/satellite/aqua/2018/20180131_AQUA.jpg,2018-01-31,,,,,,0.7099410076530612
../data/satellite/aqua/2018/20180201_AQUA.jpg,2018-02-01,,,,,,0.7099410076530612
../data/satellite/aqua/2018/20180202_AQUA.jpg,2018-02-02,,,,,,0.709602200255102
../data/satellite/aqua/2018/20180203_AQUA.jpg,2018-02-03,,,,,,0.6265146683673469
../data/satellite/aqua/2018/20180204_AQUA.jpg,2018-02-04,,,,,,0.5757732780612245
../data/satellite/aqua/2018/20180205_AQUA.jpg,2018-02-05,,,,,,0.4132055165816326
../data/satellite/aqua/2018/20180206_AQUA.jpg,2018-02-06,,,,,,0.28236607142857145
../data/satellite/aqua/2018/20180207_AQUA.jpg,2018-02-07,,,,,,0.2256656568877551
../data/satellite/aqua/2018/20180208_AQUA.jpg,2018-02-08,0.12693319515306123,,,,,0.04197225765306122
../data/satellite/aqua/2018/20180209_AQUA.jpg,2018-02-09,0.15987723214285715,,,,,0.027323820153061226
../data/satellite/aqua/2018/20180210_AQUA.jpg,2018-02-10,0.11603156887755102,,,,,0.0
../data/satellite/aqua/2018/20180211_AQUA.jpg,2018-02-11,0.11365991709183673,,,,,0.0
../data/satellite/aqua/2018/20180212_AQUA.jpg,2018-02-12,0.10845822704081633,,,,,0.0
../data/satellite/aqua/2018/20180213_AQUA.jpg,2018-02-13,0.1532405931122449,,,,,0.0
../data/satellite/aqua/2018/20180214_AQUA.jpg,2018-02-14,0.1055484693877551,,,,,0.0
../data/satellite/aqua/2018/20180215_AQUA.jpg,2018-02-15,0.1031967474489796,,,,,0.0
../data/satellite/aqua/2018/20180216_AQUA.jpg,2018-02-16,0.08436304209183673,,,,,0.0
../data/satellite/aqua/2018/20180217_AQUA.jpg,2018-02-17,0.08286830357142858,,,,,0.0
../data/satellite/aqua/2018/20180218_AQUA.jpg,2018-02-18,0.09574298469387756,,,,,0.0
../data/satellite/aqua/2018/20180219_AQUA.jpg,2018-02-19,0.09249441964285714,,,,,0.0
../data/satellite/aqua/2018/20180220_AQUA.jpg,2018-02-20,0.08019770408163265,,,,,0.0
../data/satellite/aqua/2018/20180221_AQUA.jpg,2018-02-21,0.10532924107142858,,,,,0.0
../data/satellite/aqua/2018/20180222_AQUA.jpg,2018-02-22,0.06961495535714286,,,,,0.0
../data/satellite/aqua/2018/20180223_AQUA.jpg,2018-02-23,0.09741709183673469,,,,,0.0
../data/satellite/aqua/2018/20180224_AQUA.jpg,2018-02-24,0.08181202168367346,,,,,0.0
../data/satellite/aqua/2018/20180225_AQUA.jpg,2018-02-25,0.11549346301020408,,,,,0.0
../data/satellite/aqua/2018/20180226_AQUA.jpg,2018-02-26,0.12629544005102042,,,,,0.0
../data/satellite/aqua/2018/20180227_AQUA.jpg,2018-02-27,0.1299625318877551,,,,,0.0
../data/satellite/aqua/2018/20180228_AQUA.jpg,2018-02-28,0.08864795918367346,,,,,0.0
../data/satellite/aqua/2018/20180301_AQUA.jpg,2018-03-01,0.08386479591836735,,,,,0.0
../data/satellite/aqua/2018/20180302_AQUA.jpg,2018-03-02,0.09528459821428571,,,,,0.0
../data/satellite/aqua/2018/20180303_AQUA.jpg,2018-03-03,0.07912149234693877,,,,,0.0
../data/satellite/aqua/2018/20180304_AQUA.jpg,2018-03-04,0.08705357142857142,,,,,0.0
../data/satellite/aqua/2018/20180305_AQUA.jpg,2018-03-05,0.10991310586734694,,,,,0.0
../data/satellite/aqua/2018/20180306_AQUA.jpg,2018-03-06,0.10700334821428571,,,,,0.0
../data/satellite/aqua/2018/20180307_AQUA.jpg,2018-03-07,0.09010283801020408,,,,,0.0
../data/satellite/aqua/2018/20180308_AQUA.jpg,2018-03-08,0.09654017857142858,,,,,0.0
../data/satellite/aqua/2018/20180309_AQUA.jpg,2018-03-09,0.11210538903061225,,,,,0.0
../data/satellite/aqua/2018/20180310_AQUA.jpg,2018-03-10,0.1282684948979592,,,,,0.0
../data/satellite/aqua/2018/20180311_AQUA.jpg,2018-03-11,0.08013791454081633,,,,,0.0
../data/satellite/aqua/2018/20180312_AQUA.jpg,2018-03-12,0.10499043367346939,,,,,0.0
../data/satellite/aqua/2018/20180313_AQUA.jpg,2018-03-13,0.09624123086734694,,,,,0.0
../data/satellite/aqua/2018/20180314_AQUA.jpg,2018-03-14,0.07768654336734694,,,,,0.0
../data/satellite/aqua/2018/20180315_AQUA.jpg,2018-03-15,0.10674426020408163,,,,,0.0
../data/satellite/aqua/2018/20180316_AQUA.jpg,2018-03-16,0.10323660714285714,,,,,0.0
../data/satellite/aqua/2018/20180317_AQUA.jpg,2018-03-17,0.05026307397959184,,,,,0.0
../data/satellite/aqua/2018/20180318_AQUA.jpg,2018-03-18,0.08575813137755102,,,,,0.0
../data/satellite/aqua/2018/20180319_AQUA.jpg,2018-03-19,0.07667012117346939,,,,,0.0
../data/satellite/aqua/2018/20180320_AQUA.jpg,2018-03-20,0.05395009566326531,,,,,0.0
../data/satellite/aqua/2018/20180321_AQUA.jpg,2018-03-21,0.07690927933673469,,,,,0.0
../data/satellite/aqua/2018/20180322_AQUA.jpg,2018-03-22,0.06690449617346939,,,,,0.0
../data/satellite/aqua/2018/20180323_AQUA.jpg,2018-03-23,0.09554368622448979,,,,,0.0
../data/satellite/aqua/2018/20180324_AQUA.jpg,2018-03-24,0.08587771045918367,,,,,0.0
../data/satellite/aqua/2018/20180325_AQUA.jpg,2018-03-25,0.09630102040816327,,,,,0.0
../data/satellite/aqua/2018/20180326_AQUA.jpg,2018-03-26,0.0905014349489796,,,,,0.0
../data/satellite/aqua/2018/20180327_AQUA.jpg,2018-03-27,0.09600207270408163,,,,,0.0
../data/satellite/aqua/2018/20180328_AQUA.jpg,2018-03-28,0.09253427933673469,,,,,0.0
../data/satellite/aqua/2018/20180329_AQUA.jpg,2018-03-29,0.055743781887755105,,,,,0.0
../data/satellite/aqua/2018/20180330_AQUA.jpg,2018-03-30,0.08083545918367346,,,,,0.0
../data/satellite/aqua/2018/20180331_AQUA.jpg,2018-03-31,0.0905014349489796,,,,,0.0
../data/satellite/aqua/2018/20180401_AQUA.jpg,2018-04-01,0.11007254464285714,,,,,0.0
../data/satellite/aqua/2018/20180402_AQUA.jpg,2018-04-02,0.07051179846938775,,,,,0.0
../data/satellite/aqua/2018/20180403_AQUA.jpg,2018-04-03,0.08960459183673469,,,,,0.0
../data/satellite/aqua/2018/20180404_AQUA.jpg,2018-04-04,0.09388950892857142,,,,,0.0
../data/satellite/aqua/2018/20180405_AQUA.jpg,2018-04-05,0.11437739158163265,,,,,0.0
../data/satellite/aqua/2018/20180406_AQUA.jpg,2018-04-06,0.08569834183673469,,,,,0.0
../data/satellite/aqua/2018/20180407_AQUA.jpg,2018-04-07,0.08888711734693877,,,,,0.0
../data/satellite/aqua/2018/20180408_AQUA.jpg,2018-04-08,0.08358577806122448,,,,,0.0
../data/satellite/aqua/2018/20180409_AQUA.jpg,2018-04-09,0.09446747448979592,,,,,0.0
../data/satellite/aqua/2018/20180410_AQUA.jpg,2018-04-10,0.09446747448979592,,,,,0.0
../data/satellite/aqua/2018/20180411_AQUA.jpg,2018-04-11,0.11244419642857142,,,,,0.0
../data/satellite/aqua/2018/20180412_AQUA.jpg,2018-04-12,0.06198182397959184,,,,,0.0
../data/satellite/aqua/2018/20180413_AQUA.jpg,2018-04-13,0.08745216836734694,,,,,0.0
../data/satellite/aqua/2018/20180414_AQUA.jpg,2018-04-14,0.09044164540816327,,,,,0.0
../data/satellite/aqua/2018/20180415_AQUA.jpg,2018-04-15,0.09219547193877552,,,,,0.0
../data/satellite/aqua/2018/20180416_AQUA.jpg,2018-04-16,0.10951450892857142,,,,,0.0
../data/satellite/aqua/2018/20180417_AQUA.jpg,2018-04-17,0.12033641581632654,,,,,0.0
../data/satellite/aqua/2018/20180418_AQUA.jpg,2018-04-18,0.05963010204081633,,,,,0.0
../data/satellite/aqua/2018/20180419_AQUA.jpg,2018-04-19,0.15328045280612246,,,,,0.0
../data/satellite/aqua/2018/20180420_AQUA.jpg,2018-04-20,0.19102758290816327,,,,,0.0
../data/satellite/aqua/2018/20180421_AQUA.jpg,2018-04-21,0.09701849489795919,,,,,0.0
../data/satellite/aqua/2018/20180422_AQUA.jpg,2018-04-22,0.09869260204081633,,,,,0.0
../data/satellite/aqua/2018/20180423_AQUA.jpg,2018-04-23,0.11088966836734694,,,,,0.0
../data/satellite/aqua/2018/20180424_AQUA.jpg,2018-04-24,0.08161272321428571,,,,,0.0
../data/satellite/aqua/2018/20180425_AQUA.jpg,2018-04-25,0.07882254464285714,,,,,0.0
../data/satellite/aqua/2018/20180426_AQUA.jpg,2018-04-26,0.09249441964285714,,,,,0.0
../data/satellite/aqua/2018/20180427_AQUA.jpg,2018-04-27,0.09671954719387756,,,,,0.0
../data/satellite/aqua/2018/20180428_AQUA.jpg,2018-04-28,0.09976881377551021,,,,,0.0
../data/satellite/aqua/2018/20180429_AQUA.jpg,2018-04-29,0.0888671875,,,,,0.0
../data/satellite/aqua/2018/20180430_AQUA.jpg,2018-04-30,0.18020567602040816,,,,,0.0
../data/satellite/aqua/2018/20180501_AQUA.jpg,2018-05-01,0.08107461734693877,,,,,0.0
../data/satellite/aqua/2018/20180502_AQUA.jpg,2018-05-02,0.08607700892857142,,,,,0.0
../data/satellite/aqua/2018/20180503_AQUA.jpg,2018-05-03,0.23026945153061223,0.20737406958629045,0.43716461831400383,0.3554613120997057,../data/satellite/aqua/2018/20180503_AQUA.jpg_classified.png,0.0
../data/satellite/aqua/2018/20180504_AQUA.jpg,2018-05-04,0.07250478316326531,,,,,0.0
../data/satellite/aqua/2018/20180505_AQUA.jpg,2018-05-05,0.1441326530612245,,,,,0.0
../data/satellite/aqua/2018/20180506_AQUA.jpg,2018-05-06,0.08852838010204081,,,,,0.0
../data/satellite/aqua/2018/20180507_AQUA.jpg,2018-05-07,0.1395886479591837,,,,,0.0
../data/satellite/aqua/2018/20180508_AQUA.jpg,2018-05-08,0.15146683673469388,,,,,0.0
../data/satellite/aqua/2018/20180509_AQUA.jpg,2018-05-09,0.1318957270408163,,,,,0.0
../data/satellite/aqua/2018/20180510_AQUA.jpg,2018-05-10,0.15987723214285715,,,,,0.0
../data/satellite/aqua/2018/20180511_AQUA.jpg,2018-05-11,0.06734295280612244,,,,,0.0
../data/satellite/aqua/2018/20180512_AQUA.jpg,2018-05-12,0.09966916454081633,,,,,0.0
../data/satellite/aqua/2018/20180513_AQUA.jpg,2018-05-13,0.16872608418367346,,,,,0.0
../data/satellite/aqua/2018/20180514_AQUA.jpg,2018-05-14,0.14425223214285715,,,,,0.0
../data/satellite/aqua/2018/20180515_AQUA.jpg,2018-05-15,0.08231026785714286,,,,,0.0
../data/satellite/aqua/2018/20180516_AQUA.jpg,2018-05-16,0.18132174744897958,,,,,0.0
../data/satellite/aqua/2018/20180517_AQUA.jpg,2018-05-17,0.21279097576530612,0.49667509600074927,0.31806687271705536,0.18525803128219537,../data/satellite/aqua/2018/20180517_AQUA.jpg_classified.png,0.0
../data/satellite/aqua/2018/20180518_AQUA.jpg,2018-05-18,0.1573860012755102,,,,,0.0
../data/satellite/aqua/2018/20180519_AQUA.jpg,2018-05-19,0.11678890306122448,,,,,0.0
../data/satellite/aqua/2018/20180520_AQUA.jpg,2018-05-20,0.06415417729591837,,,,,0.0
../data/satellite/aqua/2018/20180521_AQUA.jpg,2018-05-21,0.1204360650510204,,,,,0.0
../data/satellite/aqua/2018/20180522_AQUA.jpg,2018-05-22,0.33193160076530615,0.7800060042029421,0.18679075352746924,0.03320324226958871,../data/satellite/aqua/2018/20180522_AQUA.jpg_classified.png,0.0
../data/satellite/aqua/2018/20180523_AQUA.jpg,2018-05-23,0.19738520408163265,,,,,0.0
../data/satellite/aqua/2018/20180524_AQUA.jpg,2018-05-24,0.023736447704081634,,,,,0.0
../data/satellite/aqua/2018/20180525_AQUA.jpg,2018-05-25,0.07212611607142858,,,,,0.0
../data/satellite/aqua/2018/20180526_AQUA.jpg,2018-05-26,0.1663544323979592,,,,,0.0
../data/satellite/aqua/2018/20180527_AQUA.jpg,2018-05-27,0.04274952168367347,,,,,0.0
../data/satellite/aqua/2018/20180528_AQUA.jpg,2018-05-28,0.18714126275510204,,,,,0.0
../data/satellite/aqua/2018/20180529_AQUA.jpg,2018-05-29,0.11318160076530612,,,,,0.0
../data/satellite/aqua/2018/20180530_AQUA.jpg,2018-05-30,0.06600765306122448,,,,,0.0
../data/satellite/aqua/2018/20180531_AQUA.jpg,2018-05-31,0.09795519770408163,,,,,0.0
../data/satellite/aqua/2018/20180601_AQUA.jpg,2018-06-01,0.07304288903061225,,,,,0.0
../data/satellite/aqua/2018/20180602_AQUA.jpg,2018-06-02,0.1200374681122449,,,,,0.0
../data/satellite/aqua/2018/20180603_AQUA.jpg,2018-06-03,0.13293207908163265,,,,,0.0
../data/satellite/aqua/2018/20180604_AQUA.jpg,2018-06-04,0.23744419642857142,0.6129763303676348,0.279335235856975,0.1076884337753903,../data/satellite/aqua/2018/20180604_AQUA.jpg_classified.png,0.0
../data/satellite/aqua/2018/20180605_AQUA.jpg,2018-06-05,0.11485570790816327,,,,,0.0
../data/satellite/aqua/2018/20180606_AQUA.jpg,2018-06-06,0.04233099489795918,,,,,0.0
../data/satellite/aqua/2018/20180607_AQUA.jpg,2018-06-07,0.05707908163265306,,,,,0.0
../data/satellite/aqua/2018/20180608_AQUA.jpg,2018-06-08,0.051458864795918366,,,,,0.0
../data/satellite/aqua/2018/20180609_AQUA.jpg,2018-06-09,0.2954201211734694,0.8438912500843284,0.13128246643729338,0.024826283478378196,../data/satellite/aqua/2018/20180609_AQUA.jpg_classified.png,0.0
../data/satellite/aqua/2018/20180610_AQUA.jpg,2018-06-10,0.11597177933673469,,,,,0.0
../data/satellite/aqua/2018/20180611_AQUA.jpg,2018-06-11,0.17253268494897958,,,,,0.0
../data/satellite/aqua/2018/20180612_AQUA.jpg,2018-06-12,0.06871811224489796,,,,,0.0
../data/satellite/aqua/2018/20180613_AQUA.jpg,2018-06-13,0.3162468112244898,0.8552432568691707,0.12389715149987396,0.020859591630955382,../data/satellite/aqua/2018/20180613_AQUA.jpg_classified.png,0.0
../data/satellite/aqua/2018/20180614_AQUA.jpg,2018-06-14,0.2015106823979592,0.7191177925032143,0.18850756601720897,0.0923746414795767,../data/satellite/aqua/2018/20180614_AQUA.jpg_classified.png,0.0
../data/satellite/aqua/2018/20180615_AQUA.jpg,2018-06-15,0.11553332270408163,,,,,0.0
../data/satellite/aqua/2018/20180616_AQUA.jpg,2018-06-16,0.14475047831632654,,,,,0.0
../data/satellite/aqua/2018/20180617_AQUA.jpg,2018-06-17,0.036790497448979595,,,,,0.0
../data/satellite/aqua/2018/20180618_AQUA.jpg,2018-06-18,0.21436543367346939,0.7567869096318334,0.2116028263294905,0.03161026403867609,../data/satellite/aqua/2018/20180618_AQUA.jpg_classified.png,0.0
../data/satellite/aqua/2018/20180619_AQUA.jpg,2018-06-19,0.06935586734693877,,,,,0.0
../data/satellite/aqua/2018/20180620_AQUA.jpg,2018-06-20,0.20348373724489796,0.7686581782566112,0.18775710088148873,0.0435847208619001,../data/satellite/aqua/2018/20180620_AQUA.jpg_classified.png,0.0
../data/satellite/aqua/2018/20180621_AQUA.jpg,2018-06-21,0.05018335459183673,,,,,0.0
../data/satellite/aqua/2018/20180622_AQUA.jpg,2018-06-22,0.06837930484693877,,,,,0.0
../data/satellite/aqua/2018/20180623_AQUA.jpg,2018-06-23,0.32240513392857145,0.8221549112938122,0.1580639179081412,0.01978117079804661,../data/satellite/aqua/2018/20180623_AQUA.jpg_classified.png,0.0
../data/satellite/aqua/2018/20180624_AQUA.jpg,2018-06-24,0.045998086734693876,,,,,0.0
../data/satellite/aqua/2018/20180625_AQUA.jpg,2018-06-25,0.057537468112244895,,,,,0.0
../data/satellite/aqua/2018/20180626_AQUA.jpg,2018-06-26,0.05267458545918367,,,,,0.0
../data/satellite/aqua/2018/20180627_AQUA.jpg,2018-06-27,0.5333625637755102,0.8524400269038188,0.14292653762797997,0.004633435468201181,../data/satellite/aqua/2018/20180627_AQUA.jpg_classified.png,0.0
../data/satellite/aqua/2018/20180628_AQUA.jpg,2018-06-28,0.1961296237244898,,,,,1.992984693877551e-05
../data/satellite/aqua/2018/20180629_AQUA.jpg,2018-06-29,0.04450334821428571,,,,,0.0
../data/satellite/aqua/2018/20180630_AQUA.jpg,2018-06-30,0.12252869897959184,,,,,0.0
../data/satellite/aqua/2018/20180701_AQUA.jpg,2018-07-01,0.1800263073979592,,,,,0.0
../data/satellite/aqua/2018/20180702_AQUA.jpg,2018-07-02,0.05211654974489796,,,,,0.0
../data/satellite/aqua/2018/20180703_AQUA.jpg,2018-07-03,0.08964445153061225,,,,,0.0
../data/satellite/aqua/2018/20180704_AQUA.jpg,2018-07-04,0.2635921556122449,0.7837592620595796,0.14962951761681537,0.06661122032360502,../data/satellite/aqua/2018/20180704_AQUA.jpg_classified.png,0.0
../data/satellite/aqua/2018/20180705_AQUA.jpg,2018-07-05,0.021424585459183673,,,,,0.0
../data/satellite/aqua/2018/20180706_AQUA.jpg,2018-07-06,0.1299426020408163,,,,,0.0
../data/satellite/aqua/2018/20180707_AQUA.jpg,2018-07-07,0.20715082908163265,0.7106984798922455,0.1806811622089667,0.10862035789878777,../data/satellite/aqua/2018/20180707_AQUA.jpg_classified.png,0.0
../data/satellite/aqua/2018/20180708_AQUA.jpg,2018-07-08,0.06158322704081633,,,,,0.0
../data/satellite/aqua/2018/20180709_AQUA.jpg,2018-07-09,0.42346938775510207,0.9229103915662651,0.0714890813253012,0.005600527108433735,../data/satellite/aqua/2018/20180709_AQUA.jpg_classified.png,0.0
../data/satellite/aqua/2018/20180710_AQUA.jpg,2018-07-10,0.03633211096938776,,,,,0.0
../data/satellite/aqua/2018/20180711_AQUA.jpg,2018-07-11,0.05628188775510204,,,,,0.0
../data/satellite/aqua/2018/20180712_AQUA.jpg,2018-07-12,0.16230867346938777,,,,,0.0
../data/satellite/aqua/2018/20180713_AQUA.jpg,2018-07-13,0.0594108737244898,,,,,0.0
../data/satellite/aqua/2018/20180714_AQUA.jpg,2018-07-14,0.07386001275510204,,,,,0.0
../data/satellite/aqua/2018/20180715_AQUA.jpg,2018-07-15,0.06196189413265306,,,,,0.0
../data/satellite/aqua/2018/20180716_AQUA.jpg,2018-07-16,0.04707429846938776,,,,,0.0
../data/satellite/aqua/2018/20180717_AQUA.jpg,2018-07-17,0.07296316964285714,,,,,0.0
../data/satellite/aqua/2018/20180718_AQUA.jpg,2018-07-18,0.06395487882653061,,,,,0.0
../data/satellite/aqua/2018/20180719_AQUA.jpg,2018-07-19,0.4842155612244898,0.7598370102074415,0.2369114257490945,0.003251564043463945,../data/satellite/aqua/2018/20180719_AQUA.jpg_classified.png,0.0
../data/satellite/aqua/2018/20180720_AQUA.jpg,2018-07-20,0.3752989477040816,0.836015081514524,0.15394827677765388,0.010036641707822208,../data/satellite/aqua/2018/20180720_AQUA.jpg_classified.png,0.0
../data/satellite/aqua/2018/20180721_AQUA.jpg,2018-07-21,0.09652024872448979,,,,,0.0
../data/satellite/aqua/2018/20180722_AQUA.jpg,2018-07-22,0.04954559948979592,,,,,0.0
../data/satellite/aqua/2018/20180723_AQUA.jpg,2018-07-23,0.06441326530612244,,,,,0.0
../data/satellite/aqua/2018/20180724_AQUA.jpg,2018-07-24,0.07619180484693877,,,,,0.0
../data/satellite/aqua/2018/20180725_AQUA.jpg,2018-07-25,0.04147401147959184,,,,,0.0
../data/satellite/aqua/2018/20180726_AQUA.jpg,2018-07-26,0.06796077806122448,,,,,0.0
../data/satellite/aqua/2018/20180727_AQUA.jpg,2018-07-27,0.05430883290816327,,,,,0.0
../data/satellite/aqua/2018/20180728_AQUA.jpg,2018-07-28,0.4313416772959184,0.7839024164856998,0.19276440419535185,0.02333317931894839,../data/satellite/aqua/2018/20180728_AQUA.jpg_classified.png,0.0
../data/satellite/aqua/2018/20180729_AQUA.jpg,2018-07-29,0.13905054209183673,,,,,0.0
../data/satellite/aqua/2018/20180730_AQUA.jpg,2018-07-30,0.2776426977040816,0.8657669944727586,0.12447060512526022,0.009762400401981192,../data/satellite/aqua/2018/20180730_AQUA.jpg_classified.png,0.0
../data/satellite/aqua/2018/20180731_AQUA.jpg,2018-07-31,0.23503268494897958,0.7436614941066735,0.20156024760451116,0.0547782582888154,../data/satellite/aqua/2018/20180731_AQUA.jpg_classified.png,0.0
../data/satellite/aqua/2018/20180801_AQUA.jpg,2018-08-01,0.04807079081632653,,,,,0.0
../data/satellite/aqua/2018/20180802_AQUA.jpg,2018-08-02,0.05544483418367347,,,,,0.0
../data/satellite/aqua/2018/20180803_AQUA.jpg,2018-08-03,0.07880261479591837,,,,,0.0
../data/satellite/aqua/2018/20180804_AQUA.jpg,2018-08-04,0.24756855867346939,0.7842537433585574,0.2052004508130736,0.010545805828369023,../data/satellite/aqua/2018/20180804_AQUA.jpg_classified.png,0.0
../data/satellite/aqua/2018/20180805_AQUA.jpg,2018-08-05,0.5180963010204082,0.8399753808278196,0.1532543468225881,0.006770272349592245,../data/satellite/aqua/2018/20180805_AQUA.jpg_classified.png,0.0
../data/satellite/aqua/2018/20180806_AQUA.jpg,2018-08-06,0.050083705357142856,,,,,0.0
../data/satellite/aqua/2018/20180807_AQUA.jpg,2018-08-07,0.0703125,,,,,0.0
../data/satellite/aqua/2018/20180808_AQUA.jpg,2018-08-08,0.062001753826530615,,,,,0.0
../data/satellite/aqua/2018/20180809_AQUA.jpg,2018-08-09,0.05237563775510204,,,,,0.0
../data/satellite/aqua/2018/20180810_AQUA.jpg,2018-08-10,0.20559630102040816,0.7701628538193098,0.16508336564559906,0.06475378053509112,../data/satellite/aqua/2018/20180810_AQUA.jpg_classified.png,0.0
../data/satellite/aqua/2018/20180811_AQUA.jpg,2018-08-11,0.08304767219387756,,,,,0.0
../data/satellite/aqua/2018/20180812_AQUA.jpg,2018-08-12,0.028300382653061226,,,,,0.0
../data/satellite/aqua/2018/20180813_AQUA.jpg,2018-08-13,0.2582310267857143,0.7660723933009185,0.2238944200046307,0.010033186694450877,../data/satellite/aqua/2018/20180813_AQUA.jpg_classified.png,0.0
../data/satellite/aqua/2018/20180814_AQUA.jpg,2018-08-14,0.3583386479591837,0.8981646273637375,0.0718020022246941,0.030033370411568408,../data/satellite/aqua/2018/20180814_AQUA.jpg_classified.png,0.0
../data/satellite/aqua/2018/20180815_AQUA.jpg,2018-08-15,0.11571269132653061,,,,,0.0
../data/satellite/aqua/2018/20180816_AQUA.jpg,2018-08-16,0.3256935586734694,0.8436543874678741,0.1420266797209644,0.014318932811161424,../data/satellite/aqua/2018/20180816_AQUA.jpg_classified.png,0.0
../data/satellite/aqua/2018/20180817_AQUA.jpg,2018-08-17,0.058294802295918366,,,,,0.0
../data/satellite/aqua/2018/20180818_AQUA.jpg,2018-08-18,0.047731983418367346,,,,,0.0
../data/satellite/aqua/2018/20180819_AQUA.jpg,2018-08-19,0.05883290816326531,,,,,0.0
../data/satellite/aqua/2018/20180822_AQUA.jpg,2018-08-22,0.3593152104591837,0.8390371068833546,0.15469521326751345,0.006267679849131954,../data/satellite/aqua/2018/20180822_AQUA.jpg_classified.png,0.0
../data/satellite/aqua/2018/20180823_AQUA.jpg,2018-08-23,0.053392059948979595,,,,,0.0
../data/satellite/aqua/2018/20180825_AQUA.jpg,2018-08-25,0.062021683673469385,,,,,0.0
../data/satellite/aqua/2018/20180826_AQUA.jpg,2018-08-26,0.16647401147959184,,,,,0.0
../data/satellite/aqua/2018/20180827_AQUA.jpg,2018-08-27,0.05209661989795918,,,,,0.0
../data/satellite/aqua/2018/20180828_AQUA.jpg,2018-08-28,0.03659119897959184,,,,,0.0
../data/satellite/aqua/2018/20180829_AQUA.jpg,2018-08-29,0.0833266900510204,,,,,0.0
../data/satellite/aqua/2018/20180830_AQUA.jpg,2018-08-30,0.07583306760204081,,,,,0.0
../data/satellite/aqua/2018/20180831_AQUA.jpg,2018-08-31,0.02293925382653061,,,,,0.0
../data/satellite/aqua/2018/20180901_AQUA.jpg,2018-09-01,0.06248007015306122,,,,,0.0
../data/satellite/aqua/2018/20180903_AQUA.jpg,2018-09-03,0.07427853954081633,,,,,0.0
../data/satellite/aqua/2018/20180904_AQUA.jpg,2018-09-04,0.55859375,0.8576423576423576,0.13736263736263737,0.004995004995004995,../data/satellite/aqua/2018/20180904_AQUA.jpg_classified.png,0.0
../data/satellite/aqua/2018/20180905_AQUA.jpg,2018-09-05,0.5781648596938775,0.8358841778697002,0.16232333678042055,0.001792485349879352,../data/satellite/aqua/2018/20180905_AQUA.jpg_classified.png,0.0
../data/satellite/aqua/2018/20180906_AQUA.jpg,2018-09-06,0.054787149234693876,,,,,0.0
../data/satellite/aqua/2018/20180907_AQUA.jpg,2018-09-07,0.11367984693877552,,,,,0.0
../data/satellite/aqua/2018/20180908_AQUA.jpg,2018-09-08,0.13887117346938777,,,,,0.0
../data/satellite/aqua/2018/20180909_AQUA.jpg,2018-09-09,0.10447225765306123,,,,,0.0
../data/satellite/aqua/2018/20180910_AQUA.jpg,2018-09-10,0.052415497448979595,,,,,0.0
../data/satellite/aqua/2018/20180912_AQUA.jpg,2018-09-12,0.25013950892857145,0.7751573579794439,0.20253366265636205,0.022308979364194088,../data/satellite/aqua/2018/20180912_AQUA.jpg_classified.png,0.0
../data/satellite/aqua/2018/20180913_AQUA.jpg,2018-09-13,0.23881935586734693,0.7664190937160978,0.1886005173996495,0.04498038888425269,../data/satellite/aqua/2018/20180913_AQUA.jpg_classified.png,0.0
../data/satellite/aqua/2018/20180914_AQUA.jpg,2018-09-14,0.19357860331632654,,,,,0.0
../data/satellite/aqua/2018/20180915_AQUA.jpg,2018-09-15,0.05112005739795918,,,,,0.0
../data/satellite/aqua/2018/20180916_AQUA.jpg,2018-09-16,0.1565888073979592,,,,,0.0
../data/satellite/aqua/2018/20180920_AQUA.jpg,2018-09-20,0.18596540178571427,,,,,0.0
../data/satellite/aqua/2018/20180921_AQUA.jpg,2018-09-21,0.3518215880102041,0.8455220075907778,0.14377159689571178,0.010706395513510452,../data/satellite/aqua/2018/20180921_AQUA.jpg_classified.png,0.0
../data/satellite/aqua/2018/20180922_AQUA.jpg,2018-09-22,0.34151785714285715,0.80765639589169,0.16958450046685342,0.02275910364145658,../data/satellite/aqua/2018/20180922_AQUA.jpg_classified.png,0.0
../data/satellite/aqua/2018/20180923_AQUA.jpg,2018-09-23,0.38374920280612246,0.8976369774084654,0.09940275253180993,0.002960270059724747,../data/satellite/aqua/2018/20180923_AQUA.jpg_classified.png,0.0
../data/satellite/aqua/2018/20180924_AQUA.jpg,2018-09-24,0.060546875,,,,,0.0
../data/satellite/aqua/2018/20180925_AQUA.jpg,2018-09-25,0.278499681122449,0.7131100615428653,0.25862315729211394,0.028266781165020752,../data/satellite/aqua/2018/20180925_AQUA.jpg_classified.png,0.0
../data/satellite/aqua/2018/20180926_AQUA.jpg,2018-09-26,0.05687978316326531,,,,,0.0
../data/satellite/aqua/2018/20180927_AQUA.jpg,2018-09-27,0.48768335459183676,0.9061299550469963,0.08610543522680833,0.007764609726195341,../data/satellite/aqua/2018/20180927_AQUA.jpg_classified.png,0.0
../data/satellite/aqua/2018/20180928_AQUA.jpg,2018-09-28,0.19108737244897958,,,,,0.0
../data/satellite/aqua/2018/20180929_AQUA.jpg,2018-09-29,0.026028380102040817,,,,,0.0
../data/satellite/aqua/2018/20180930_AQUA.jpg,2018-09-30,0.04454320790816327,,,,,0.0
../data/satellite/aqua/2018/20181001_AQUA.jpg,2018-10-01,0.024433992346938774,,,,,0.0
../data/satellite/aqua/2018/20181005_AQUA.jpg,2018-10-05,0.568977200255102,0.9080878489614347,0.08875967634593156,0.0031524746926337175,../data/satellite/aqua/2018/20181005_AQUA.jpg_classified.png,0.0
../data/satellite/aqua/2018/20181006_AQUA.jpg,2018-10-06,0.10568797831632654,,,,,0.0
../data/satellite/aqua/2018/20181007_AQUA.jpg,2018-10-07,0.08970424107142858,,,,,0.0
../data/satellite/aqua/2018/20181008_AQUA.jpg,2018-10-08,0.39120296556122447,0.914972744408783,0.07830251158999439,0.00672474400122268,../data/satellite/aqua/2018/20181008_AQUA.jpg_classified.png,0.0
../data/satellite/aqua/2018/20181009_AQUA.jpg,2018-10-09,0.35239955357142855,0.9179957018436828,0.07589639181088112,0.006107906345436036,../data/satellite/aqua/2018/20181009_AQUA.jpg_classified.png,0.0
../data/satellite/aqua/2018/20181010_AQUA.jpg,2018-10-10,0.12577726403061223,,,,,0.0
../data/satellite/aqua/2018/20181011_AQUA.jpg,2018-10-11,0.14479033801020408,,,,,0.0
../data/satellite/aqua/2018/20181012_AQUA.jpg,2018-10-12,0.26819595025510207,0.8030764657798916,0.14490599687894776,0.052017537341160734,../data/satellite/aqua/2018/20181012_AQUA.jpg_classified.png,0.0
../data/satellite/aqua/2018/20181013_AQUA.jpg,2018-10-13,0.1517657844387755,,,,,0.0
../data/satellite/aqua/2018/20181014_AQUA.jpg,2018-10-14,0.19533242984693877,,,,,0.0
../data/satellite/aqua/2018/20181015_AQUA.jpg,2018-10-15,0.2824657206632653,0.8885909828547238,0.10675227545332674,0.004656741691949481,../data/satellite/aqua/2018/20181015_AQUA.jpg_classified.png,0.0
../data/satellite/aqua/2018/20181016_AQUA.jpg,2018-10-16,0.021205357142857144,,,,,0.0
../data/satellite/aqua/2018/20181017_AQUA.jpg,2018-10-17,0.20284598214285715,0.8424051876596581,0.13204951856946354,0.025545293770878365,../data/satellite/aqua/2018/20181017_AQUA.jpg_classified.png,0.0
../data/satellite/aqua/2018/20181018_AQUA.jpg,2018-10-18,0.16454081632653061,,,,,0.0
../data/satellite/aqua/2018/20181019_AQUA.jpg,2018-10-19,0.270687181122449,0.8509056103666618,0.12958327197761743,0.019511117655720805,../data/satellite/aqua/2018/20181019_AQUA.jpg_classified.png,0.0
../data/satellite/aqua/2018/20181020_AQUA.jpg,2018-10-20,0.2856345663265306,0.8180295841473626,0.15294445994976277,0.029025955902874687,../data/satellite/aqua/2018/20181020_AQUA.jpg_classified.png,0.0
../data/satellite/aqua/2018/20181021_AQUA.jpg,2018-10-21,0.10586734693877552,,,,,0.0
../data/satellite/aqua/2018/20181022_AQUA.jpg,2018-10-22,0.2962173150510204,0.8452533135975241,0.13705173921819283,0.01769494718428312,../data/satellite/aqua/2018/20181022_AQUA.jpg_classified.png,0.0
../data/satellite/aqua/2018/20181023_AQUA.jpg,2018-10-23,0.23499282525510204,0.6560088202866593,0.32813162581630057,0.015859553897040114,../data/satellite/aqua/2018/20181023_AQUA.jpg_classified.png,0.0
../data/satellite/aqua/2018/20181024_AQUA.jpg,2018-10-24,0.337093431122449,0.8133498876670214,0.17996925623743645,0.006680856095542155,../data/satellite/aqua/2018/20181024_AQUA.jpg_classified.png,0.0
../data/satellite/aqua/2018/20181026_AQUA.jpg,2018-10-26,0.054567920918367346,,,,,0.0
../data/satellite/aqua/2018/20181027_AQUA.jpg,2018-10-27,0.09227519132653061,,,,,0.0
../data/satellite/aqua/2018/20181028_AQUA.jpg,2018-10-28,0.030831473214285716,,,,,0.0
../data/satellite/aqua/2018/20181029_AQUA.jpg,2018-10-29,0.055763711734693876,,,,,0.0
../data/satellite/aqua/2018/20181030_AQUA.jpg,2018-10-30,0.25938695790816324,0.6200537840952747,0.3384556281213984,0.041490587783326933,../data/satellite/aqua/2018/20181030_AQUA.jpg_classified.png,0.0
../data/satellite/aqua/2018/20181031_AQUA.jpg,2018-10-31,0.16230867346938777,,,,,0.0
../data/satellite/aqua/2018/20181101_AQUA.jpg,2018-11-01,0.17334980867346939,,,,,0.0
../data/satellite/aqua/2018/20181102_AQUA.jpg,2018-11-02,0.11220503826530612,,,,,0.05628188775510204
../data/satellite/aqua/2018/20181103_AQUA.jpg,2018-11-03,,,,,,0.21693638392857142
../data/satellite/aqua/2018/20181104_AQUA.jpg,2018-11-04,,,,,,0.3306162308673469
../data/satellite/aqua/2018/20181105_AQUA.jpg,2018-11-05,,,,,,0.47775829081632654
../data/satellite/aqua/2018/20181106_AQUA.jpg,2018-11-06,,,,,,0.4817044005102041
../data/satellite/aqua/2018/20181107_AQUA.jpg,2018-11-07,,,,,,0.6689851721938775
../data/satellite/aqua/2018/20181108_AQUA.jpg,2018-11-08,,,,,,0.7099410076530612
../data/satellite/aqua/2018/20181109_AQUA.jpg,2018-11-09,,,,,,0.7099410076530612
../data/satellite/aqua/2018/20181110_AQUA.jpg,2018-11-10,,,,,,0.7099410076530612
../data/satellite/aqua/2018/20181111_AQUA.jpg,2018-11-11,,,,,,0.7099410076530612
../data/satellite/aqua/2018/20181112_AQUA.jpg,2018-11-12,,,,,,0.7099410076530612
../data/satellite/aqua/2018/20181113_AQUA.jpg,2018-11-13,,,,,,0.7099410076530612
../data/satellite/aqua/2018/20181114_AQUA.jpg,2018-11-14,,,,,,0.7099410076530612
../data/satellite/aqua/2018/20181115_AQUA.jpg,2018-11-15,,,,,,0.7099410076530612
../data/satellite/aqua/2018/20181116_AQUA.jpg,2018-11-16,,,,,,0.7099410076530612
../data/satellite/aqua/2018/20181117_AQUA.jpg,2018-11-17,,,,,,0.7099410076530612
../data/satellite/aqua/2018/20181118_AQUA.jpg,2018-11-18,,,,,,0.7099410076530612
../data/satellite/aqua/2018/20181119_AQUA.jpg,2018-11-19,,,,,,0.7099410076530612
../data/satellite/aqua/2018/20181120_AQUA.jpg,2018-11-20,,,,,,0.7099410076530612
../data/satellite/aqua/2018/20181121_AQUA.jpg,2018-11-21,,,,,,0.7099410076530612
../data/satellite/aqua/2018/20181122_AQUA.jpg,2018-11-22,,,,,,0.7099410076530612
../data/satellite/aqua/2018/20181123_AQUA.jpg,2018-11-23,,,,,,0.7099410076530612
../data/satellite/aqua/2018/20181124_AQUA.jpg,2018-11-24,,,,,,0.7099410076530612
../data/satellite/aqua/2018/20181125_AQUA.jpg,2018-11-25,,,,,,0.7099410076530612
../data/satellite/aqua/2018/20181126_AQUA.jpg,2018-11-26,,,,,,0.7099410076530612
../data/satellite/aqua/2018/20181127_AQUA.jpg,2018-11-27,,,,,,0.7099410076530612
../data/satellite/aqua/2018/20181128_AQUA.jpg,2018-11-28,,,,,,0.7099410076530612
../data/satellite/aqua/2018/20181129_AQUA.jpg,2018-11-29,,,,,,0.7099410076530612
../data/satellite/aqua/2018/20181130_AQUA.jpg,2018-11-30,,,,,,0.7099410076530612
../data/satellite/aqua/2018/20181201_AQUA.jpg,2018-12-01,,,,,,0.7099410076530612
../data/satellite/aqua/2018/20181202_AQUA.jpg,2018-12-02,,,,,,0.7099410076530612
../data/satellite/aqua/2018/20181203_AQUA.jpg,2018-12-03,,,,,,0.7099410076530612
../data/satellite/aqua/2018/20181204_AQUA.jpg,2018-12-04,,,,,,0.7099410076530612
../data/satellite/aqua/2018/20181205_AQUA.jpg,2018-12-05,,,,,,0.7099410076530612
../data/satellite/aqua/2018/20181206_AQUA.jpg,2018-12-06,,,,,,0.7099410076530612
../data/satellite/aqua/2018/20181207_AQUA.jpg,2018-12-07,,,,,,0.7099410076530612
../data/satellite/aqua/2018/20181208_AQUA.jpg,2018-12-08,,,,,,0.7099410076530612
../data/satellite/aqua/2018/20181209_AQUA.jpg,2018-12-09,,,,,,0.7099410076530612
../data/satellite/aqua/2018/20181210_AQUA.jpg,2018-12-10,,,,,,0.7099410076530612
../data/satellite/aqua/2018/20181211_AQUA.jpg,2018-12-11,,,,,,0.7099410076530612
../data/satellite/aqua/2018/20181212_AQUA.jpg,2018-12-12,,,,,,0.7099410076530612
../data/satellite/aqua/2018/20181213_AQUA.jpg,2018-12-13,,,,,,0.7099410076530612
../data/satellite/aqua/2018/20181214_AQUA.jpg,2018-12-14,,,,,,0.7099410076530612
../data/satellite/aqua/2018/20181215_AQUA.jpg,2018-12-15,,,,,,0.7099410076530612
../data/satellite/aqua/2018/20181216_AQUA.jpg,2018-12-16,,,,,,0.7099410076530612
../data/satellite/aqua/2018/20181217_AQUA.jpg,2018-12-17,,,,,,0.7099410076530612
../data/satellite/aqua/2018/20181218_AQUA.jpg,2018-12-18,,,,,,0.7099410076530612
../data/satellite/aqua/2018/20181219_AQUA.jpg,2018-12-19,,,,,,0.7099410076530612
../data/satellite/aqua/2018/20181220_AQUA.jpg,2018-12-20,,,,,,0.7099410076530612
../data/satellite/aqua/2018/20181221_AQUA.jpg,2018-12-21,,,,,,0.7099410076530612
../data/satellite/aqua/2018/20181222_AQUA.jpg,2018-12-22,,,,,,0.7099410076530612
../data/satellite/aqua/2018/20181223_AQUA.jpg,2018-12-23,,,,,,0.7099410076530612
../data/satellite/aqua/2018/20181224_AQUA.jpg,2018-12-24,,,,,,0.7099410076530612
../data/satellite/aqua/2018/20181226_AQUA.jpg,2018-12-26,,,,,,0.7099410076530612
../data/satellite/aqua/2018/20181227_AQUA.jpg,2018-12-27,,,,,,0.7099410076530612
../data/satellite/aqua/2018/20181228_AQUA.jpg,2018-12-28,,,,,,0.7099410076530612
../data/satellite/aqua/2018/20181229_AQUA.jpg,2018-12-29,,,,,,0.7099410076530612
../data/satellite/aqua/2018/20181230_AQUA.jpg,2018-12-30,,,,,,0.7099410076530612
../data/satellite/aqua/2018/20181231_AQUA.jpg,2018-12-31,,,,,,0.7099410076530612
../data/satellite/aqua/2019/20190101_AQUA.jpg,2019-01-01,,,,,,0.7099410076530612
../data/satellite/aqua/2019/20190102_AQUA.jpg,2019-01-02,,,,,,0.7099410076530612
../data/satellite/aqua/2019/20190103_AQUA.jpg,2019-01-03,,,,,,0.7099410076530612
../data/satellite/aqua/2019/20190104_AQUA.jpg,2019-01-04,,,,,,0.7099410076530612
../data/satellite/aqua/2019/20190105_AQUA.jpg,2019-01-05,,,,,,0.7099410076530612
../data/satellite/aqua/2019/20190106_AQUA.jpg,2019-01-06,,,,,,0.7099410076530612
../data/satellite/aqua/2019/20190107_AQUA.jpg,2019-01-07,,,,,,0.7099410076530612
../data/satellite/aqua/2019/20190108_AQUA.jpg,2019-01-08,,,,,,0.7099410076530612
../data/satellite/aqua/2019/20190109_AQUA.jpg,2019-01-09,,,,,,0.7099410076530612
../data/satellite/aqua/2019/20190110_AQUA.jpg,2019-01-10,,,,,,0.7099410076530612
../data/satellite/aqua/2019/20190112_AQUA.jpg,2019-01-12,,,,,,0.7099410076530612
../data/satellite/aqua/2019/20190113_AQUA.jpg,2019-01-13,,,,,,0.7099410076530612
../data/satellite/aqua/2019/20190114_AQUA.jpg,2019-01-14,,,,,,0.7099410076530612
../data/satellite/aqua/2019/20190115_AQUA.jpg,2019-01-15,,,,,,0.7099410076530612
../data/satellite/aqua/2019/20190116_AQUA.jpg,2019-01-16,,,,,,0.7099410076530612
../data/satellite/aqua/2019/20190117_AQUA.jpg,2019-01-17,,,,,,0.7099410076530612
../data/satellite/aqua/2019/20190118_AQUA.jpg,2019-01-18,,,,,,0.7099410076530612
../data/satellite/aqua/2019/20190119_AQUA.jpg,2019-01-19,,,,,,0.7099410076530612
../data/satellite/aqua/2019/20190121_AQUA.jpg,2019-01-21,,,,,,0.7099410076530612
../data/satellite/aqua/2019/20190122_AQUA.jpg,2019-01-22,,,,,,0.7099410076530612
../data/satellite/aqua/2019/20190123_AQUA.jpg,2019-01-23,,,,,,0.7099410076530612
../data/satellite/aqua/2019/20190124_AQUA.jpg,2019-01-24,,,,,,0.7099410076530612
../data/satellite/aqua/2019/20190125_AQUA.jpg,2019-01-25,,,,,,0.7099410076530612
../data/satellite/aqua/2019/20190126_AQUA.jpg,2019-01-26,,,,,,0.7099410076530612
../data/satellite/aqua/2019/20190127_AQUA.jpg,2019-01-27,,,,,,0.7099410076530612
../data/satellite/aqua/2019/20190128_AQUA.jpg,2019-01-28,,,,,,0.7099410076530612
../data/satellite/aqua/2019/20190129_AQUA.jpg,2019-01-29,,,,,,0.7099410076530612
../data/satellite/aqua/2019/20190130_AQUA.jpg,2019-01-30,,,,,,0.7099410076530612
../data/satellite/aqua/2019/20190131_AQUA.jpg,2019-01-31,,,,,,0.7099410076530612
../data/satellite/aqua/2019/20190201_AQUA.jpg,2019-02-01,,,,,,0.7099410076530612
../data/satellite/aqua/2019/20190202_AQUA.jpg,2019-02-02,,,,,,0.7040019132653061
../data/satellite/aqua/2019/20190203_AQUA.jpg,2019-02-03,,,,,,0.7090242346938775
../data/satellite/aqua/2019/20190204_AQUA.jpg,2019-02-04,,,,,,0.5212252869897959
../data/satellite/aqua/2019/20190205_AQUA.jpg,2019-02-05,,,,,,0.5131935586734694
../data/satellite/aqua/2019/20190206_AQUA.jpg,2019-02-06,,,,,,0.29609773596938777
../data/satellite/aqua/2019/20190207_AQUA.jpg,2019-02-07,,,,,,0.2331592793367347
../data/satellite/aqua/2019/20190208_AQUA.jpg,2019-02-08,0.1988799426020408,,,,,0.08747209821428571
../data/satellite/aqua/2019/20190209_AQUA.jpg,2019-02-09,0.09299266581632654,,,,,0.017059948979591837
../data/satellite/aqua/2019/20190210_AQUA.jpg,2019-02-10,0.12595663265306123,,,,,0.0
../data/satellite/aqua/2019/20190211_AQUA.jpg,2019-02-11,0.14847735969387754,,,,,0.0
../data/satellite/aqua/2019/20190212_AQUA.jpg,2019-02-12,0.12113360969387756,,,,,0.0
../data/satellite/aqua/2019/20190213_AQUA.jpg,2019-02-13,0.09119897959183673,,,,,0.0
../data/satellite/aqua/2019/20190214_AQUA.jpg,2019-02-14,0.1434749681122449,,,,,0.0
../data/satellite/aqua/2019/20190215_AQUA.jpg,2019-02-15,0.13303172831632654,,,,,0.0
../data/satellite/aqua/2019/20190216_AQUA.jpg,2019-02-16,0.13474569515306123,,,,,0.0
../data/satellite/aqua/2019/20190217_AQUA.jpg,2019-02-17,0.09630102040816327,,,,,0.0
../data/satellite/aqua/2019/20190218_AQUA.jpg,2019-02-18,0.08840880102040816,,,,,0.0
../data/satellite/aqua/2019/20190219_AQUA.jpg,2019-02-19,0.07471699617346939,,,,,0.0
../data/satellite/aqua/2019/20190220_AQUA.jpg,2019-02-20,0.08615672831632654,,,,,0.0
../data/satellite/aqua/2019/20190221_AQUA.jpg,2019-02-21,0.06887755102040816,,,,,0.0
../data/satellite/aqua/2019/20190222_AQUA.jpg,2019-02-22,0.1087173150510204,,,,,0.0
../data/satellite/aqua/2019/20190223_AQUA.jpg,2019-02-23,0.1255779655612245,,,,,0.0
../data/satellite/aqua/2019/20190224_AQUA.jpg,2019-02-24,0.08816964285714286,,,,,0.0
../data/satellite/aqua/2019/20190225_AQUA.jpg,2019-02-25,0.09620137117346939,,,,,0.0
../data/satellite/aqua/2019/20190226_AQUA.jpg,2019-02-26,0.10184151785714286,,,,,0.0
../data/satellite/aqua/2019/20190227_AQUA.jpg,2019-02-27,0.11007254464285714,,,,,0.0
../data/satellite/aqua/2019/20190228_AQUA.jpg,2019-02-28,0.12657445790816327,,,,,0.0
../data/satellite/aqua/2019/20190301_AQUA.jpg,2019-03-01,0.10132334183673469,,,,,0.0
../data/satellite/aqua/2019/20190302_AQUA.jpg,2019-03-02,0.09656010841836735,,,,,0.0
../data/satellite/aqua/2019/20190303_AQUA.jpg,2019-03-03,0.07766661352040816,,,,,0.0
../data/satellite/aqua/2019/20190304_AQUA.jpg,2019-03-04,0.08244977678571429,,,,,0.0
../data/satellite/aqua/2019/20190305_AQUA.jpg,2019-03-05,0.11840322066326531,,,,,0.0
../data/satellite/aqua/2019/20190306_AQUA.jpg,2019-03-06,0.12950414540816327,,,,,0.0
../data/satellite/aqua/2019/20190307_AQUA.jpg,2019-03-07,0.07698899872448979,,,,,0.0
../data/satellite/aqua/2019/20190308_AQUA.jpg,2019-03-08,0.14425223214285715,,,,,0.0
../data/satellite/aqua/2019/20190309_AQUA.jpg,2019-03-09,0.12763073979591838,,,,,0.0
../data/satellite/aqua/2019/20190310_AQUA.jpg,2019-03-10,0.07308274872448979,,,,,0.0
../data/satellite/aqua/2019/20190311_AQUA.jpg,2019-03-11,0.07156808035714286,,,,,0.0
../data/satellite/aqua/2019/20190312_AQUA.jpg,2019-03-12,0.13928970025510204,,,,,0.0
../data/satellite/aqua/2019/20190313_AQUA.jpg,2019-03-13,0.10574776785714286,,,,,0.0
../data/satellite/aqua/2019/20190314_AQUA.jpg,2019-03-14,0.12079480229591837,,,,,0.0
../data/satellite/aqua/2019/20190316_AQUA.jpg,2019-03-16,0.08569834183673469,,,,,0.0
../data/satellite/aqua/2019/20190317_AQUA.jpg,2019-03-17,0.08707350127551021,,,,,0.0
../data/satellite/aqua/2019/20190318_AQUA.jpg,2019-03-18,0.10857780612244898,,,,,0.0
../data/satellite/aqua/2019/20190319_AQUA.jpg,2019-03-19,0.07977917729591837,,,,,0.0
../data/satellite/aqua/2019/20190320_AQUA.jpg,2019-03-20,0.09458705357142858,,,,,0.0
../data/satellite/aqua/2019/20190321_AQUA.jpg,2019-03-21,0.12561782525510204,,,,,0.0
../data/satellite/aqua/2019/20190322_AQUA.jpg,2019-03-22,0.08902662627551021,,,,,0.0
../data/satellite/aqua/2019/20190323_AQUA.jpg,2019-03-23,0.08157286352040816,,,,,0.0
../data/satellite/aqua/2019/20190324_AQUA.jpg,2019-03-24,0.1620495854591837,,,,,0.0
../data/satellite/aqua/2019/20190325_AQUA.jpg,2019-03-25,0.08203125,,,,,0.0
../data/satellite/aqua/2019/20190326_AQUA.jpg,2019-03-26,0.0811344068877551,,,,,0.0
../data/satellite/aqua/2019/20190327_AQUA.jpg,2019-03-27,0.10497050382653061,,,,,0.0
../data/satellite/aqua/2019/20190328_AQUA.jpg,2019-03-28,0.11443718112244898,,,,,0.0
../data/satellite/aqua/2019/20190329_AQUA.jpg,2019-03-29,0.1468829719387755,,,,,0.0
../data/satellite/aqua/2019/20190330_AQUA.jpg,2019-03-30,0.07254464285714286,,,,,0.0
../data/satellite/aqua/2019/20190331_AQUA.jpg,2019-03-31,0.07786591198979592,,,,,0.0
../data/satellite/aqua/2019/20190401_AQUA.jpg,2019-04-01,0.08031728316326531,,,,,0.0
../data/satellite/aqua/2019/20190402_AQUA.jpg,2019-04-02,0.05149872448979592,,,,,0.0
../data/satellite/aqua/2019/20190403_AQUA.jpg,2019-04-03,0.07091039540816327,,,,,0.0
../data/satellite/aqua/2019/20190404_AQUA.jpg,2019-04-04,0.07979910714285714,,,,,0.0
../data/satellite/aqua/2019/20190405_AQUA.jpg,2019-04-05,0.1874202806122449,,,,,0.0
../data/satellite/aqua/2019/20190406_AQUA.jpg,2019-04-06,0.1920440051020408,,,,,0.0
../data/satellite/aqua/2019/20190407_AQUA.jpg,2019-04-07,0.07932079081632654,,,,,0.0
../data/satellite/aqua/2019/20190408_AQUA.jpg,2019-04-08,0.17207429846938777,,,,,0.0
../data/satellite/aqua/2019/20190409_AQUA.jpg,2019-04-09,0.07635124362244898,,,,,0.0
../data/satellite/aqua/2019/20190410_AQUA.jpg,2019-04-10,0.0930923150510204,,,,,0.0
../data/satellite/aqua/2019/20190411_AQUA.jpg,2019-04-11,0.1110092474489796,,,,,0.0
../data/satellite/aqua/2019/20190412_AQUA.jpg,2019-04-12,0.10277822066326531,,,,,0.0
../data/satellite/aqua/2019/20190413_AQUA.jpg,2019-04-13,0.1090561224489796,,,,,0.0
../data/satellite/aqua/2019/20190414_AQUA.jpg,2019-04-14,0.07569355867346939,,,,,0.0
../data/satellite/aqua/2019/20190415_AQUA.jpg,2019-04-15,0.13649952168367346,,,,,0.0
../data/satellite/aqua/2019/20190416_AQUA.jpg,2019-04-16,0.07882254464285714,,,,,0.0
../data/satellite/aqua/2019/20190417_AQUA.jpg,2019-04-17,0.07310267857142858,,,,,0.0
../data/satellite/aqua/2019/20190418_AQUA.jpg,2019-04-18,0.16013632015306123,,,,,0.0
../data/satellite/aqua/2019/20190419_AQUA.jpg,2019-04-19,0.19792330994897958,,,,,0.0
../data/satellite/aqua/2019/20190420_AQUA.jpg,2019-04-20,0.15084901147959184,,,,,0.0
../data/satellite/aqua/2019/20190421_AQUA.jpg,2019-04-21,0.07581313775510204,,,,,0.0
../data/satellite/aqua/2019/20190422_AQUA.jpg,2019-04-22,0.10130341198979592,,,,,0.0
../data/satellite/aqua/2019/20190423_AQUA.jpg,2019-04-23,0.07138871173469388,,,,,0.0
../data/satellite/aqua/2019/20190424_AQUA.jpg,2019-04-24,0.05935108418367347,,,,,0.0
../data/satellite/aqua/2019/20190425_AQUA.jpg,2019-04-25,0.05466757015306122,,,,,0.0
../data/satellite/aqua/2019/20190426_AQUA.jpg,2019-04-26,0.15523357780612246,,,,,0.0
../data/satellite/aqua/2019/20190427_AQUA.jpg,2019-04-27,0.17219387755102042,,,,,0.0
../data/satellite/aqua/2019/20190428_AQUA.jpg,2019-04-28,0.17323022959183673,,,,,0.0
../data/satellite/aqua/2019/20190429_AQUA.jpg,2019-04-29,0.21462452168367346,0.4896462067044294,0.387408301606463,0.12294549168910762,../data/satellite/aqua/2019/20190429_AQUA.jpg_classified.png,0.0
../data/satellite/aqua/2019/20190430_AQUA.jpg,2019-04-30,0.1573860012755102,,,,,0.0
../data/satellite/aqua/2019/20190501_AQUA.jpg,2019-05-01,0.286312181122449,0.7045802589447306,0.2162049283029375,0.0792148127523319,../data/satellite/aqua/2019/20190501_AQUA.jpg_classified.png,0.0
../data/satellite/aqua/2019/20190502_AQUA.jpg,2019-05-02,0.12017697704081633,,,,,0.0
../data/satellite/aqua/2019/20190503_AQUA.jpg,2019-05-03,0.2284359056122449,0.5731983946955156,0.28389460827080787,0.14290699703367649,../data/satellite/aqua/2019/20190503_AQUA.jpg_classified.png,0.0
../data/satellite/aqua/2019/20190504_AQUA.jpg,2019-05-04,0.27170360331632654,0.7222914985696471,0.1991491234504511,0.07855937797990172,../data/satellite/aqua/2019/20190504_AQUA.jpg_classified.png,0.0
../data/satellite/aqua/2019/20190505_AQUA.jpg,2019-05-05,0.23311941964285715,0.6786355475763016,0.2834914935453535,0.037872958878344874,../data/satellite/aqua/2019/20190505_AQUA.jpg_classified.png,0.0
../data/satellite/aqua/2019/20190506_AQUA.jpg,2019-05-06,0.2686742665816326,0.7476448334693272,0.17647058823529413,0.07588457829537869,../data/satellite/aqua/2019/20190506_AQUA.jpg_classified.png,0.0
../data/satellite/aqua/2019/20190507_AQUA.jpg,2019-05-07,0.10216039540816327,,,,,0.0
../data/satellite/aqua/2019/20190508_AQUA.jpg,2019-05-08,0.18311543367346939,,,,,0.0
../data/satellite/aqua/2019/20190509_AQUA.jpg,2019-05-09,0.1509685905612245,,,,,0.0
../data/satellite/aqua/2019/20190510_AQUA.jpg,2019-05-10,0.22773836096938777,0.6230856742802136,0.15900936378752079,0.2179049619322657,../data/satellite/aqua/2019/20190510_AQUA.jpg_classified.png,0.0
../data/satellite/aqua/2019/20190511_AQUA.jpg,2019-05-11,0.07710857780612244,,,,,0.0
../data/satellite/aqua/2019/20190512_AQUA.jpg,2019-05-12,0.38358976403061223,0.6342287109679431,0.26154725411752483,0.10422403491453214,../data/satellite/aqua/2019/20190512_AQUA.jpg_classified.png,0.0
../data/satellite/aqua/2019/20190513_AQUA.jpg,2019-05-13,0.4682517538265306,0.7038518833794425,0.21383273036816344,0.08231538625239412,../data/satellite/aqua/2019/20190513_AQUA.jpg_classified.png,0.0
../data/satellite/aqua/2019/20190514_AQUA.jpg,2019-05-14,0.3579599808673469,0.7581983185791437,0.14453538221702578,0.09726629920383052,../data/satellite/aqua/2019/20190514_AQUA.jpg_classified.png,0.0
../data/satellite/aqua/2019/20190515_AQUA.jpg,2019-05-15,0.48965640943877553,0.834262688754121,0.13378647889616996,0.03195083234970898,../data/satellite/aqua/2019/20190515_AQUA.jpg_classified.png,0.0
../data/satellite/aqua/2019/20190516_AQUA.jpg,2019-05-16,0.057338169642857144,,,,,0.0
../data/satellite/aqua/2019/20190517_AQUA.jpg,2019-05-17,0.05040258290816327,,,,,0.0
../data/satellite/aqua/2019/20190518_AQUA.jpg,2019-05-18,0.10239955357142858,,,,,0.0
../data/satellite/aqua/2019/20190519_AQUA.jpg,2019-05-19,0.14758051658163265,,,,,0.0
../data/satellite/aqua/2019/20190520_AQUA.jpg,2019-05-20,0.12049585459183673,,,,,0.0
../data/satellite/aqua/2019/20190521_AQUA.jpg,2019-05-21,0.057916135204081634,,,,,0.0
../data/satellite/aqua/2019/20190522_AQUA.jpg,2019-05-22,0.13634008290816327,,,,,0.0
../data/satellite/aqua/2019/20190523_AQUA.jpg,2019-05-23,0.17835220025510204,,,,,0.0
../data/satellite/aqua/2019/20190524_AQUA.jpg,2019-05-24,0.20707110969387754,0.7125120307988451,0.2188642925890279,0.06862367661212705,../data/satellite/aqua/2019/20190524_AQUA.jpg_classified.png,0.0
../data/satellite/aqua/2019/20190525_AQUA.jpg,2019-05-25,0.18706154336734693,,,,,0.0
../data/satellite/aqua/2019/20190526_AQUA.jpg,2019-05-26,0.1423389668367347,,,,,0.0
../data/satellite/aqua/2019/20190527_AQUA.jpg,2019-05-27,0.11939971301020408,,,,,0.0
../data/satellite/aqua/2019/20190528_AQUA.jpg,2019-05-28,0.4299864477040816,0.8606720741599073,0.13019698725376594,0.009130938586326767,../data/satellite/aqua/2019/20190528_AQUA.jpg_classified.png,0.0
../data/satellite/aqua/2019/20190529_AQUA.jpg,2019-05-29,0.5606465242346939,0.9575912694180797,0.038853933383100496,0.003554797198819807,../data/satellite/aqua/2019/20190529_AQUA.jpg_classified.png,0.0
../data/satellite/aqua/2019/20190530_AQUA.jpg,2019-05-30,0.35391422193877553,0.8746480459511207,0.11842549836693321,0.006926455681946165,../data/satellite/aqua/2019/20190530_AQUA.jpg_classified.png,0.0
../data/satellite/aqua/2019/20190531_AQUA.jpg,2019-05-31,0.5563815369897959,0.9550453128917864,0.03886520757961099,0.0060894795286026435,../data/satellite/aqua/2019/20190531_AQUA.jpg_classified.png,0.0
../data/satellite/aqua/2019/20190601_AQUA.jpg,2019-06-01,0.2090441645408163,0.668319191533988,0.19201067785298884,0.13967013061302316,../data/satellite/aqua/2019/20190601_AQUA.jpg_classified.png,0.0
../data/satellite/aqua/2019/20190602_AQUA.jpg,2019-06-02,0.2689931441326531,0.8234422464251315,0.14803289619915536,0.02852485737571312,../data/satellite/aqua/2019/20190602_AQUA.jpg_classified.png,0.0
../data/satellite/aqua/2019/20190603_AQUA.jpg,2019-06-03,0.11593191964285714,,,,,0.0
../data/satellite/aqua/2019/20190604_AQUA.jpg,2019-06-04,0.08850845025510204,,,,,0.0
../data/satellite/aqua/2019/20190605_AQUA.jpg,2019-06-05,0.36519451530612246,0.8202357563850687,0.12628247107618423,0.053481772538746995,../data/satellite/aqua/2019/20190605_AQUA.jpg_classified.png,0.0
../data/satellite/aqua/2019/20190606_AQUA.jpg,2019-06-06,0.05783641581632653,,,,,0.0
../data/satellite/aqua/2019/20190607_AQUA.jpg,2019-06-07,0.08848852040816327,,,,,0.0
../data/satellite/aqua/2019/20190608_AQUA.jpg,2019-06-08,0.27754304846938777,0.7942697113313227,0.19488726123797215,0.010843027430705155,../data/satellite/aqua/2019/20190608_AQUA.jpg_classified.png,0.0
../data/satellite/aqua/2019/20190609_AQUA.jpg,2019-06-09,0.045978156887755105,,,,,0.0
../data/satellite/aqua/2019/20190610_AQUA.jpg,2019-06-10,0.07206632653061225,,,,,0.0
../data/satellite/aqua/2019/20190611_AQUA.jpg,2019-06-11,0.5726642219387755,0.9404190158000975,0.05690123198997703,0.0026797522099255237,../data/satellite/aqua/2019/20190611_AQUA.jpg_classified.png,0.0
../data/satellite/aqua/2019/20190612_AQUA.jpg,2019-06-12,0.4405891262755102,0.9066359071787217,0.08187451938300086,0.01148957343827747,../data/satellite/aqua/2019/20190612_AQUA.jpg_classified.png,0.0
../data/satellite/aqua/2019/20190613_AQUA.jpg,2019-06-13,0.04946588010204082,,,,,0.0
../data/satellite/aqua/2019/20190614_AQUA.jpg,2019-06-14,0.035036670918367346,,,,,0.0
../data/satellite/aqua/2019/20190615_AQUA.jpg,2019-06-15,0.09293287627551021,,,,,0.0
../data/satellite/aqua/2019/20190616_AQUA.jpg,2019-06-16,0.375,0.923469387755102,0.07259778911564625,0.003932823129251701,../data/satellite/aqua/2019/20190616_AQUA.jpg_classified.png,0.0
../data/satellite/aqua/2019/20190619_AQUA.jpg,2019-06-19,0.33083545918367346,0.9113253012048192,0.08753012048192771,0.0011445783132530121,../data/satellite/aqua/2019/20190619_AQUA.jpg_classified.png,0.0
../data/satellite/aqua/2019/20190620_AQUA.jpg,2019-06-20,0.05307318239795918,,,,,0.0
../data/satellite/aqua/2019/20190621_AQUA.jpg,2019-06-21,0.046954719387755105,,,,,0.0
../data/satellite/aqua/2019/20190622_AQUA.jpg,2019-06-22,0.09709821428571429,,,,,0.0
../data/satellite/aqua/2019/20190623_AQUA.jpg,2019-06-23,0.13671875,,,,,0.0
../data/satellite/aqua/2019/20190624_AQUA.jpg,2019-06-24,0.12521922831632654,,,,,0.0
../data/satellite/aqua/2019/20190625_AQUA.jpg,2019-06-25,0.0535514987244898,,,,,0.0
../data/satellite/aqua/2019/20190626_AQUA.jpg,2019-06-26,0.1581433354591837,,,,,0.0
../data/satellite/aqua/2019/20190627_AQUA.jpg,2019-06-27,0.18690210459183673,,,,,0.0
../data/satellite/aqua/2019/20190628_AQUA.jpg,2019-06-28,0.3573421556122449,0.8440044617958729,0.12247629670942554,0.03351924149470162,../data/satellite/aqua/2019/20190628_AQUA.jpg_classified.png,0.0
../data/satellite/aqua/2019/20190629_AQUA.jpg,2019-06-29,0.32206632653061223,0.7704207920792079,0.19504950495049506,0.03452970297029703,../data/satellite/aqua/2019/20190629_AQUA.jpg_classified.png,0.0
../data/satellite/aqua/2019/20190630_AQUA.jpg,2019-06-30,0.09558354591836735,,,,,0.0
../data/satellite/aqua/2019/20190701_AQUA.jpg,2019-07-01,0.03850446428571429,,,,,0.0
../data/satellite/aqua/2019/20190702_AQUA.jpg,2019-07-02,0.4077845982142857,0.8632031670006354,0.11920238502516983,0.01759444797419481,../data/satellite/aqua/2019/20190702_AQUA.jpg_classified.png,0.0
../data/satellite/aqua/2019/20190703_AQUA.jpg,2019-07-03,0.2797951211734694,0.7915093667640145,0.18754897072441057,0.020941662511574897,../data/satellite/aqua/2019/20190703_AQUA.jpg_classified.png,0.0
../data/satellite/aqua/2019/20190704_AQUA.jpg,2019-07-04,0.1701610331632653,,,,,0.0
../data/satellite/aqua/2019/20190705_AQUA.jpg,2019-07-05,0.06893734056122448,,,,,0.0
../data/satellite/aqua/2019/20190706_AQUA.jpg,2019-07-06,0.24840561224489796,0.8597560975609756,0.12604300385109113,0.014200898587933247,../data/satellite/aqua/2019/20190706_AQUA.jpg_classified.png,0.0
../data/satellite/aqua/2019/20190707_AQUA.jpg,2019-07-07,0.5643933354591837,0.6628058900384901,0.3367350542038914,0.00045905575761856,../data/satellite/aqua/2019/20190707_AQUA.jpg_classified.png,0.0
../data/satellite/aqua/2019/20190708_AQUA.jpg,2019-07-08,0.4810068558673469,0.7172985291071059,0.2775222705614253,0.005179200331468821,../data/satellite/aqua/2019/20190708_AQUA.jpg_classified.png,0.0
../data/satellite/aqua/2019/20190709_AQUA.jpg,2019-07-09,0.5203882334183674,0.7816629006931944,0.2181839071655624,0.00015319214124315424,../data/satellite/aqua/2019/20190709_AQUA.jpg_classified.png,0.0
../data/satellite/aqua/2019/20190710_AQUA.jpg,2019-07-10,0.5555046237244898,0.7627811860940695,0.23642951960678793,0.0007892942991425394,../data/satellite/aqua/2019/20190710_AQUA.jpg_classified.png,0.0
../data/satellite/aqua/2019/20190711_AQUA.jpg,2019-07-11,0.10283801020408163,,,,,0.0
../data/satellite/aqua/2019/20190712_AQUA.jpg,2019-07-12,0.3501674107142857,0.6467842914058054,0.29618668184405234,0.057029026750142285,../data/satellite/aqua/2019/20190712_AQUA.jpg_classified.png,0.0
../data/satellite/aqua/2019/20190713_AQUA.jpg,2019-07-13,0.2131297831632653,0.6661679446418552,0.27033850757434075,0.063493547783804,../data/satellite/aqua/2019/20190713_AQUA.jpg_classified.png,0.0
../data/satellite/aqua/2019/20190714_AQUA.jpg,2019-07-14,0.5762117346938775,0.6332664637520753,0.3665605976757056,0.00017293857221914775,../data/satellite/aqua/2019/20190714_AQUA.jpg_classified.png,0.0
../data/satellite/aqua/2019/20190716_AQUA.jpg,2019-07-16,0.5721659757653061,0.7846668292173186,0.21369605350238602,0.0016371172802953778,../data/satellite/aqua/2019/20190716_AQUA.jpg_classified.png,0.0
../data/satellite/aqua/2019/20190717_AQUA.jpg,2019-07-17,0.04223134566326531,,,,,0.0
../data/satellite/aqua/2019/20190718_AQUA.jpg,2019-07-18,0.07417889030612244,,,,,0.0
../data/satellite/aqua/2019/20190719_AQUA.jpg,2019-07-19,0.2067920918367347,0.6879336931380108,0.2158828064764842,0.09618350038550501,../data/satellite/aqua/2019/20190719_AQUA.jpg_classified.png,0.0
../data/satellite/aqua/2019/20190720_AQUA.jpg,2019-07-20,0.04900749362244898,,,,,0.0
../data/satellite/aqua/2019/20190721_AQUA.jpg,2019-07-21,0.19708625637755103,,,,,0.0
../data/satellite/aqua/2019/20190722_AQUA.jpg,2019-07-22,0.12131297831632654,,,,,0.0
../data/satellite/aqua/2019/20190723_AQUA.jpg,2019-07-23,0.5657684948979592,0.7698675496688742,0.22925179653374667,0.0008806537973791743,../data/satellite/aqua/2019/20190723_AQUA.jpg_classified.png,0.0
../data/satellite/aqua/2019/20190724_AQUA.jpg,2019-07-24,0.26827566964285715,0.7034395661540748,0.2864571725726172,0.010103261273308075,../data/satellite/aqua/2019/20190724_AQUA.jpg_classified.png,0.0
../data/satellite/aqua/2019/20190725_AQUA.jpg,2019-07-25,0.1719547193877551,,,,,0.0
../data/satellite/aqua/2019/20190726_AQUA.jpg,2019-07-26,0.2277782206632653,0.8127570216116896,0.1515443170881092,0.035698661300201245,../data/satellite/aqua/2019/20190726_AQUA.jpg_classified.png,0.0
../data/satellite/aqua/2019/20190727_AQUA.jpg,2019-07-27,0.07451769770408163,,,,,0.0
../data/satellite/aqua/2019/20190728_AQUA.jpg,2019-07-28,0.4397720025510204,0.5893229402700988,0.393048128342246,0.017628931387655217,../data/satellite/aqua/2019/20190728_AQUA.jpg_classified.png,0.0
../data/satellite/aqua/2019/20190729_AQUA.jpg,2019-07-29,0.498226243622449,0.6495059802392096,0.34601384055362217,0.004480179207168287,../data/satellite/aqua/2019/20190729_AQUA.jpg_classified.png,0.0
../data/satellite/aqua/2019/20190730_AQUA.jpg,2019-07-30,0.43379304846938777,0.845952402830102,0.15243958467334376,0.001608012496554259,../data/satellite/aqua/2019/20190730_AQUA.jpg_classified.png,0.0
../data/satellite/aqua/2019/20190731_AQUA.jpg,2019-07-31,0.5609853316326531,0.595104447918147,0.4036521244848657,0.0012434275969873526,../data/satellite/aqua/2019/20190731_AQUA.jpg_classified.png,0.0
../data/satellite/aqua/2019/20190801_AQUA.jpg,2019-08-01,0.4356066645408163,0.7285995333302832,0.27098869927254426,0.00041176739717253054,../data/satellite/aqua/2019/20190801_AQUA.jpg_classified.png,0.0
../data/satellite/aqua/2019/20190802_AQUA.jpg,2019-08-02,0.5804567920918368,0.6453218884120172,0.35454077253218885,0.0001373390557939914,../data/satellite/aqua/2019/20190802_AQUA.jpg_classified.png,0.0
../data/satellite/aqua/2019/20190803_AQUA.jpg,2019-08-03,0.1760204081632653,,,,,0.0
../data/satellite/aqua/2019/20190804_AQUA.jpg,2019-08-04,0.06331712372448979,,,,,0.0
../data/satellite/aqua/2019/20190805_AQUA.jpg,2019-08-05,0.08157286352040816,,,,,0.0
../data/satellite/aqua/2019/20190806_AQUA.jpg,2019-08-06,0.27676578443877553,0.634766328220638,0.357816663066177,0.007417008713184993,../data/satellite/aqua/2019/20190806_AQUA.jpg_classified.png,0.0
../data/satellite/aqua/2019/20190807_AQUA.jpg,2019-08-07,0.10927535076530612,,,,,0.0
../data/satellite/aqua/2019/20190808_AQUA.jpg,2019-08-08,0.13871173469387754,,,,,0.0
../data/satellite/aqua/2019/20190809_AQUA.jpg,2019-08-09,0.28208705357142855,0.7457255899392398,0.20241627808393386,0.05185813197682634,../data/satellite/aqua/2019/20190809_AQUA.jpg_classified.png,0.0
../data/satellite/aqua/2019/20190810_AQUA.jpg,2019-08-10,0.5327248086734694,0.5623269734380846,0.43684998129442576,0.0008230452674897119,../data/satellite/aqua/2019/20190810_AQUA.jpg_classified.png,0.0
../data/satellite/aqua/2019/20190811_AQUA.jpg,2019-08-11,0.5077925701530612,0.6986145453118254,0.300208014443267,0.0011774402449075709,../data/satellite/aqua/2019/20190811_AQUA.jpg_classified.png,0.0
../data/satellite/aqua/2019/20190812_AQUA.jpg,2019-08-12,0.5792809311224489,0.715647147870364,0.2841808298355467,0.00017202229408931396,../data/satellite/aqua/2019/20190812_AQUA.jpg_classified.png,0.0
../data/satellite/aqua/2019/20190813_AQUA.jpg,2019-08-13,0.570930325255102,0.6373442245261284,0.36234160645093727,0.00031416902293433867,../data/satellite/aqua/2019/20190813_AQUA.jpg_classified.png,0.0
../data/satellite/aqua/2019/20190814_AQUA.jpg,2019-08-14,0.44632892219387754,0.832417950435365,0.16195579370395177,0.005626255860683188,../data/satellite/aqua/2019/20190814_AQUA.jpg_classified.png,0.0
../data/satellite/aqua/2019/20190815_AQUA.jpg,2019-08-15,0.5467554209183674,0.6789020922942335,0.31803601370562073,0.0030618940001458043,../data/satellite/aqua/2019/20190815_AQUA.jpg_classified.png,0.0
../data/satellite/aqua/2019/20190816_AQUA.jpg,2019-08-16,0.06485172193877552,,,,,0.0
../data/satellite/aqua/2019/20190817_AQUA.jpg,2019-08-17,0.5448022959183674,0.823236757389523,0.16450834064969272,0.012254901960784314,../data/satellite/aqua/2019/20190817_AQUA.jpg_classified.png,0.0
../data/satellite/aqua/2019/20190818_AQUA.jpg,2019-08-18,0.5462771045918368,0.7605618387449836,0.23141189346953667,0.008026267785479753,../data/satellite/aqua/2019/20190818_AQUA.jpg_classified.png,0.0
../data/satellite/aqua/2019/20190819_AQUA.jpg,2019-08-19,0.21819196428571427,0.7216843259042748,0.24515893313847278,0.03315674095725247,../data/satellite/aqua/2019/20190819_AQUA.jpg_classified.png,0.0
../data/satellite/aqua/2019/20190820_AQUA.jpg,2019-08-20,0.05410953443877551,,,,,0.0
../data/satellite/aqua/2019/20190821_AQUA.jpg,2019-08-21,0.1992984693877551,,,,,0.0
../data/satellite/aqua/2019/20190822_AQUA.jpg,2019-08-22,0.44973692602040816,0.6075068687405831,0.380129398209696,0.01236373304972082,../data/satellite/aqua/2019/20190822_AQUA.jpg_classified.png,0.0
../data/satellite/aqua/2019/20190823_AQUA.jpg,2019-08-23,0.49720982142857145,0.8793490460157127,0.11660253326919993,0.004048420715087382,../data/satellite/aqua/2019/20190823_AQUA.jpg_classified.png,0.0
../data/satellite/aqua/2019/20190824_AQUA.jpg,2019-08-24,0.48604910714285715,0.5824585861899295,0.41122683286862394,0.006314580941446613,../data/satellite/aqua/2019/20190824_AQUA.jpg_classified.png,0.0
../data/satellite/aqua/2019/20190825_AQUA.jpg,2019-08-25,0.1298030931122449,,,,,0.0
../data/satellite/aqua/2019/20190826_AQUA.jpg,2019-08-26,0.29691485969387754,0.7594307960800107,0.2264733521278024,0.014095851792186871,../data/satellite/aqua/2019/20190826_AQUA.jpg_classified.png,0.0
../data/satellite/aqua/2019/20190827_AQUA.jpg,2019-08-27,0.33175223214285715,0.8323320917938244,0.15276943409828186,0.014898474107893788,../data/satellite/aqua/2019/20190827_AQUA.jpg_classified.png,0.0
../data/satellite/aqua/2019/20190828_AQUA.jpg,2019-08-28,0.29721380739795916,0.7083752430765105,0.26587541071548315,0.025749346208006438,../data/satellite/aqua/2019/20190828_AQUA.jpg_classified.png,0.0
../data/satellite/aqua/2019/20190829_AQUA.jpg,2019-08-29,0.46884964923469385,0.6800850159404889,0.30801275239107334,0.011902231668437832,../data/satellite/aqua/2019/20190829_AQUA.jpg_classified.png,0.0
../data/satellite/aqua/2019/20190830_AQUA.jpg,2019-08-30,0.19493383290816327,,,,,0.0
../data/satellite/aqua/2019/20190831_AQUA.jpg,2019-08-31,0.4306042729591837,0.8488382856613903,0.14551513468480978,0.005646579653799871,../data/satellite/aqua/2019/20190831_AQUA.jpg_classified.png,0.0
../data/satellite/aqua/2019/20190901_AQUA.jpg,2019-09-01,0.5697943239795918,0.7360965372507869,0.2590066456803078,0.004896817068905212,../data/satellite/aqua/2019/20190901_AQUA.jpg_classified.png,0.0
../data/satellite/aqua/2019/20190902_AQUA.jpg,2019-09-02,0.06596779336734694,,,,,0.0
../data/satellite/aqua/2019/20190903_AQUA.jpg,2019-09-03,0.3061623086734694,0.6734149199323005,0.32183309464913423,0.004751985418565291,../data/satellite/aqua/2019/20190903_AQUA.jpg_classified.png,0.0
../data/satellite/aqua/2019/20190904_AQUA.jpg,2019-09-04,0.05092075892857143,,,,,0.0
../data/satellite/aqua/2019/20190905_AQUA.jpg,2019-09-05,0.35317681760204084,0.5877207832515096,0.404491845832628,0.007787370915862536,../data/satellite/aqua/2019/20190905_AQUA.jpg_classified.png,0.0
../data/satellite/aqua/2019/20190906_AQUA.jpg,2019-09-06,0.3530771683673469,0.765861368254685,0.2116730638970422,0.02246556784827275,../data/satellite/aqua/2019/20190906_AQUA.jpg_classified.png,0.0
../data/satellite/aqua/2019/20190907_AQUA.jpg,2019-09-07,0.05604272959183673,,,,,0.0
../data/satellite/aqua/2019/20190908_AQUA.jpg,2019-09-08,0.05859375,,,,,0.0
../data/satellite/aqua/2019/20190909_AQUA.jpg,2019-09-09,0.46767378826530615,0.6734424273416858,0.3226796215801585,0.0038779510781556292,../data/satellite/aqua/2019/20190909_AQUA.jpg_classified.png,0.0
../data/satellite/aqua/2019/20190910_AQUA.jpg,2019-09-10,0.11142777423469388,,,,,0.0
../data/satellite/aqua/2019/20190911_AQUA.jpg,2019-09-11,0.4469467474489796,0.7540354945152947,0.23365736199054668,0.012307143494158566,../data/satellite/aqua/2019/20190911_AQUA.jpg_classified.png,0.0
../data/satellite/aqua/2019/20190912_AQUA.jpg,2019-09-12,0.20631377551020408,0.7131955177743431,0.24140262751159197,0.04540185471406492,../data/satellite/aqua/2019/20190912_AQUA.jpg_classified.png,0.0
../data/satellite/aqua/2019/20190913_AQUA.jpg,2019-09-13,0.24248644770408162,0.7728281416947481,0.20744637133229227,0.019725486972959644,../data/satellite/aqua/2019/20190913_AQUA.jpg_classified.png,0.0
../data/satellite/aqua/2019/20190914_AQUA.jpg,2019-09-14,0.0927734375,,,,,0.0
../data/satellite/aqua/2019/20190915_AQUA.jpg,2019-09-15,0.07067123724489796,,,,,0.0
../data/satellite/aqua/2019/20190916_AQUA.jpg,2019-09-16,0.21884964923469388,0.7960112922320371,0.18331663782897734,0.02067206993898552,../data/satellite/aqua/2019/20190916_AQUA.jpg_classified.png,0.0
../data/satellite/aqua/2019/20190917_AQUA.jpg,2019-09-17,0.38913026147959184,0.8847119078104994,0.10192061459667094,0.013367477592829706,../data/satellite/aqua/2019/20190917_AQUA.jpg_classified.png,0.0
../data/satellite/aqua/2019/20190918_AQUA.jpg,2019-09-18,0.5076132015306123,0.8250098154691794,0.15598743619945032,0.01900274833137024,../data/satellite/aqua/2019/20190918_AQUA.jpg_classified.png,0.0
../data/satellite/aqua/2019/20190919_AQUA.jpg,2019-09-19,0.5428491709183674,0.9193039136500477,0.07739187899258389,0.0033042073573683823,../data/satellite/aqua/2019/20190919_AQUA.jpg_classified.png,0.0
../data/satellite/aqua/2019/20190920_AQUA.jpg,2019-09-20,0.05658083545918367,,,,,0.0
../data/satellite/aqua/2019/20190921_AQUA.jpg,2019-09-21,0.05353156887755102,,,,,0.0
../data/satellite/aqua/2019/20190922_AQUA.jpg,2019-09-22,0.13490513392857142,,,,,0.0
../data/satellite/aqua/2019/20190923_AQUA.jpg,2019-09-23,0.044822225765306124,,,,,0.0
../data/satellite/aqua/2019/20190924_AQUA.jpg,2019-09-24,0.31905691964285715,0.8472109438440877,0.12905240802048848,0.023736648135423824,../data/satellite/aqua/2019/20190924_AQUA.jpg_classified.png,0.0
../data/satellite/aqua/2019/20190925_AQUA.jpg,2019-09-25,0.3074577487244898,0.8341219939067868,0.14792247358527258,0.017955532507940623,../data/satellite/aqua/2019/20190925_AQUA.jpg_classified.png,0.0
../data/satellite/aqua/2019/20190926_AQUA.jpg,2019-09-26,0.12436224489795919,,,,,0.0
../data/satellite/aqua/2019/20190927_AQUA.jpg,2019-09-27,0.5617825255102041,0.9648077195969916,0.03487299560096495,0.00031928480204342275,../data/satellite/aqua/2019/20190927_AQUA.jpg_classified.png,0.0
../data/satellite/aqua/2019/20190928_AQUA.jpg,2019-09-28,0.43680245535714285,0.903134553086645,0.09070584477802619,0.0061596021353287405,../data/satellite/aqua/2019/20190928_AQUA.jpg_classified.png,0.0
../data/satellite/aqua/2019/20190929_AQUA.jpg,2019-09-29,0.419921875,0.897484575225439,0.09933554817275747,0.0031798766018035123,../data/satellite/aqua/2019/20190929_AQUA.jpg_classified.png,0.0
../data/satellite/aqua/2019/20190930_AQUA.jpg,2019-09-30,0.27305883290816324,0.8751915918546092,0.09561345887161521,0.029194949273775635,../data/satellite/aqua/2019/20190930_AQUA.jpg_classified.png,0.0
../data/satellite/aqua/2019/20191001_AQUA.jpg,2019-10-01,0.421077806122449,0.8735327527451723,0.11827906096175692,0.008188186293070807,../data/satellite/aqua/2019/20191001_AQUA.jpg_classified.png,0.0
../data/satellite/aqua/2019/20191002_AQUA.jpg,2019-10-02,0.27218191964285715,0.8758146005711357,0.1194259354177345,0.004759464011129823,../data/satellite/aqua/2019/20191002_AQUA.jpg_classified.png,0.0
../data/satellite/aqua/2019/20191003_AQUA.jpg,2019-10-03,0.4519889987244898,0.9480135808457163,0.04837073945059306,0.003615679703690639,../data/satellite/aqua/2019/20191003_AQUA.jpg_classified.png,0.0
../data/satellite/aqua/2019/20191004_AQUA.jpg,2019-10-04,0.10758131377551021,,,,,0.0
../data/satellite/aqua/2019/20191005_AQUA.jpg,2019-10-05,0.03242586096938776,,,,,0.0
../data/satellite/aqua/2019/20191006_AQUA.jpg,2019-10-06,0.1083984375,,,,,0.0
../data/satellite/aqua/2019/20191007_AQUA.jpg,2019-10-07,0.08767139668367346,,,,,0.0
../data/satellite/aqua/2019/20191008_AQUA.jpg,2019-10-08,0.1793486926020408,,,,,0.0
../data/satellite/aqua/2019/20191009_AQUA.jpg,2019-10-09,0.4183872767857143,0.8063163911780117,0.17167627304339542,0.022007335778592863,../data/satellite/aqua/2019/20191009_AQUA.jpg_classified.png,0.0
../data/satellite/aqua/2019/20191010_AQUA.jpg,2019-10-10,0.27268016581632654,0.802514252302295,0.17943283145738928,0.01805291624031574,../data/satellite/aqua/2019/20191010_AQUA.jpg_classified.png,0.0
../data/satellite/aqua/2019/20191011_AQUA.jpg,2019-10-11,0.05530532525510204,,,,,0.0
../data/satellite/aqua/2019/20191012_AQUA.jpg,2019-10-12,0.09307238520408163,,,,,0.0
../data/satellite/aqua/2019/20191013_AQUA.jpg,2019-10-13,0.29940609056122447,0.837382679890834,0.1550955202023564,0.007521799906809559,../data/satellite/aqua/2019/20191013_AQUA.jpg_classified.png,0.0
../data/satellite/aqua/2019/20191014_AQUA.jpg,2019-10-14,0.12747130102040816,,,,,0.0
../data/satellite/aqua/2019/20191015_AQUA.jpg,2019-10-15,0.058912627551020405,,,,,0.0
../data/satellite/aqua/2019/20191016_AQUA.jpg,2019-10-16,0.14174107142857142,,,,,0.0
../data/satellite/aqua/2019/20191017_AQUA.jpg,2019-10-17,0.028479751275510203,,,,,0.0
../data/satellite/aqua/2019/20191018_AQUA.jpg,2019-10-18,0.05267458545918367,,,,,0.0
../data/satellite/aqua/2019/20191019_AQUA.jpg,2019-10-19,0.054368622448979595,,,,,0.0
../data/satellite/aqua/2019/20191020_AQUA.jpg,2019-10-20,0.11445711096938775,,,,,0.0
../data/satellite/aqua/2019/20191021_AQUA.jpg,2019-10-21,0.20380261479591838,0.5002933698415802,0.493839233326814,0.005867396831605711,../data/satellite/aqua/2019/20191021_AQUA.jpg_classified.png,0.006218112244897959
../data/satellite/aqua/2019/20191022_AQUA.jpg,2019-10-22,0.05953045280612245,,,,,0.0
../data/satellite/aqua/2019/20191023_AQUA.jpg,2019-10-23,0.06321747448979592,,,,,0.0
../data/satellite/aqua/2019/20191024_AQUA.jpg,2019-10-24,0.056959502551020405,,,,,0.0
../data/satellite/aqua/2019/20191025_AQUA.jpg,2019-10-25,0.17317044005102042,,,,,0.00027901785714285713
../data/satellite/aqua/2019/20191026_AQUA.jpg,2019-10-26,0.22670200892857142,0.41213186813186814,0.5470769230769231,0.04079120879120879,../data/satellite/aqua/2019/20191026_AQUA.jpg_classified.png,0.0
../data/satellite/aqua/2019/20191027_AQUA.jpg,2019-10-27,0.028918207908163265,,,,,0.0
../data/satellite/aqua/2019/20191028_AQUA.jpg,2019-10-28,0.03045280612244898,,,,,0.0
../data/satellite/aqua/2019/20191029_AQUA.jpg,2019-10-29,0.056162308673469385,,,,,0.0
../data/satellite/aqua/2019/20191030_AQUA.jpg,2019-10-30,0.22247688137755103,0.14243482934694973,0.8518319448177013,0.005733225835348921,../data/satellite/aqua/2019/20191030_AQUA.jpg_classified.png,0.0
../data/satellite/aqua/2019/20191031_AQUA.jpg,2019-10-31,0.49441964285714285,0.0467994195420832,0.9528781038374717,0.0003224766204450177,../data/satellite/aqua/2019/20191031_AQUA.jpg_classified.png,0.0
../data/satellite/aqua/2019/20191101_AQUA.jpg,2019-11-01,0.3860610650510204,0.2313251768106964,0.7638738320169325,0.00480099117237107,../data/satellite/aqua/2019/20191101_AQUA.jpg_classified.png,0.015146683673469387
../data/satellite/aqua/2019/20191102_AQUA.jpg,2019-11-02,0.06395487882653061,,,,,0.018415178571428572
../data/satellite/aqua/2019/20191103_AQUA.jpg,2019-11-03,0.21320950255102042,0.5645915124322303,0.43241727425687043,0.0029912133108992334,../data/satellite/aqua/2019/20191103_AQUA.jpg_classified.png,0.16856664540816327
../data/satellite/aqua/2019/20191104_AQUA.jpg,2019-11-04,,,,,,0.26347257653061223
../data/satellite/aqua/2019/20191105_AQUA.jpg,2019-11-05,,,,,,0.36732700892857145
../data/satellite/aqua/2019/20191106_AQUA.jpg,2019-11-06,,,,,,0.5370894451530612
../data/satellite/aqua/2019/20191107_AQUA.jpg,2019-11-07,,,,,,0.5873724489795918
../data/satellite/aqua/2019/20191108_AQUA.jpg,2019-11-08,,,,,,0.7098214285714286
../data/satellite/aqua/2019/20191109_AQUA.jpg,2019-11-09,,,,,,0.7099410076530612
../data/satellite/aqua/2019/20191110_AQUA.jpg,2019-11-10,,,,,,0.7099410076530612
../data/satellite/aqua/2019/20191111_AQUA.jpg,2019-11-11,,,,,,0.7099410076530612
../data/satellite/aqua/2019/20191112_AQUA.jpg,2019-11-12,,,,,,0.7099410076530612
../data/satellite/aqua/2019/20191118_AQUA.jpg,2019-11-18,,,,,,0.7099410076530612
../data/satellite/aqua/2019/20191119_AQUA.jpg,2019-11-19,,,,,,0.7099410076530612
../data/satellite/aqua/2019/20191120_AQUA.jpg,2019-11-20,,,,,,0.7099410076530612
../data/satellite/aqua/2019/20191121_AQUA.jpg,2019-11-21,,,,,,0.7099410076530612
../data/satellite/aqua/2019/20191122_AQUA.jpg,2019-11-22,,,,,,0.7099410076530612
../data/satellite/aqua/2019/20191123_AQUA.jpg,2019-11-23,,,,,,0.7099410076530612
../data/satellite/aqua/2019/20191124_AQUA.jpg,2019-11-24,,,,,,0.7099410076530612
../data/satellite/aqua/2019/20191125_AQUA.jpg,2019-11-25,,,,,,0.7099410076530612
../data/satellite/aqua/2019/20191126_AQUA.jpg,2019-11-26,,,,,,0.7099410076530612
../data/satellite/aqua/2019/20191127_AQUA.jpg,2019-11-27,,,,,,0.7099410076530612
../data/satellite/aqua/2019/20191128_AQUA.jpg,2019-11-28,,,,,,0.7099410076530612
../data/satellite/aqua/2019/20191129_AQUA.jpg,2019-11-29,,,,,,0.7099410076530612
../data/satellite/aqua/2019/20191130_AQUA.jpg,2019-11-30,,,,,,0.7099410076530612
../data/satellite/aqua/2019/20191201_AQUA.jpg,2019-12-01,,,,,,0.7099410076530612
../data/satellite/aqua/2019/20191202_AQUA.jpg,2019-12-02,,,,,,0.7099410076530612
../data/satellite/aqua/2019/20191203_AQUA.jpg,2019-12-03,,,,,,0.7099410076530612
../data/satellite/aqua/2019/20191204_AQUA.jpg,2019-12-04,,,,,,0.7099410076530612
../data/satellite/aqua/2019/20191205_AQUA.jpg,2019-12-05,,,,,,0.7099410076530612
../data/satellite/aqua/2019/20191206_AQUA.jpg,2019-12-06,,,,,,0.7099410076530612
../data/satellite/aqua/2019/20191207_AQUA.jpg,2019-12-07,,,,,,0.7099410076530612
../data/satellite/aqua/2019/20191208_AQUA.jpg,2019-12-08,,,,,,0.7099410076530612
../data/satellite/aqua/2019/20191209_AQUA.jpg,2019-12-09,,,,,,0.7099410076530612
../data/satellite/aqua/2019/20191210_AQUA.jpg,2019-12-10,,,,,,0.7099410076530612
../data/satellite/aqua/2019/20191211_AQUA.jpg,2019-12-11,,,,,,0.7099410076530612
../data/satellite/aqua/2019/20191212_AQUA.jpg,2019-12-12,,,,,,0.7099410076530612
../data/satellite/aqua/2019/20191213_AQUA.jpg,2019-12-13,,,,,,0.7099410076530612
../data/satellite/aqua/2019/20191214_AQUA.jpg,2019-12-14,,,,,,0.7099410076530612
../data/satellite/aqua/2019/20191215_AQUA.jpg,2019-12-15,,,,,,0.7099410076530612
../data/satellite/aqua/2019/20191216_AQUA.jpg,2019-12-16,,,,,,0.7099410076530612
../data/satellite/aqua/2019/20191217_AQUA.jpg,2019-12-17,,,,,,0.7099410076530612
../data/satellite/aqua/2019/20191218_AQUA.jpg,2019-12-18,,,,,,0.7099410076530612
../data/satellite/aqua/2019/20191219_AQUA.jpg,2019-12-19,,,,,,0.7099410076530612
../data/satellite/aqua/2019/20191220_AQUA.jpg,2019-12-20,,,,,,0.7099410076530612
../data/satellite/aqua/2019/20191221_AQUA.jpg,2019-12-21,,,,,,0.7099410076530612
../data/satellite/aqua/2019/20191222_AQUA.jpg,2019-12-22,,,,,,0.7099410076530612
../data/satellite/aqua/2019/20191223_AQUA.jpg,2019-12-23,,,,,,0.7099410076530612
../data/satellite/aqua/2019/20191224_AQUA.jpg,2019-12-24,,,,,,0.7099410076530612
../data/satellite/aqua/2019/20191225_AQUA.jpg,2019-12-25,,,,,,0.7099410076530612
../data/satellite/aqua/2019/20191226_AQUA.jpg,2019-12-26,,,,,,0.7099410076530612
../data/satellite/aqua/2019/20191227_AQUA.jpg,2019-12-27,,,,,,0.7099410076530612
../data/satellite/aqua/2019/20191228_AQUA.jpg,2019-12-28,,,,,,0.7099410076530612
../data/satellite/aqua/2019/20191229_AQUA.jpg,2019-12-29,,,,,,0.7099410076530612
../data/satellite/aqua/2019/20191230_AQUA.jpg,2019-12-30,,,,,,0.7099410076530612
../data/satellite/aqua/2019/20191231_AQUA.jpg,2019-12-31,,,,,,0.7099410076530612
../data/satellite/aqua/2020/20200101_AQUA.jpg,2020-01-01,,,,,,0.7099410076530612
../data/satellite/aqua/2020/20200102_AQUA.jpg,2020-01-02,,,,,,0.7099410076530612
../data/satellite/aqua/2020/20200103_AQUA.jpg,2020-01-03,,,,,,0.7099410076530612
../data/satellite/aqua/2020/20200104_AQUA.jpg,2020-01-04,,,,,,0.7099410076530612
../data/satellite/aqua/2020/20200105_AQUA.jpg,2020-01-05,,,,,,0.7099410076530612
../data/satellite/aqua/2020/20200107_AQUA.jpg,2020-01-07,,,,,,0.7099410076530612
../data/satellite/aqua/2020/20200108_AQUA.jpg,2020-01-08,,,,,,0.7099410076530612
../data/satellite/aqua/2020/20200109_AQUA.jpg,2020-01-09,,,,,,0.7099410076530612
../data/satellite/aqua/2020/20200110_AQUA.jpg,2020-01-10,,,,,,0.7099410076530612
../data/satellite/aqua/2020/20200111_AQUA.jpg,2020-01-11,,,,,,0.7099410076530612
../data/satellite/aqua/2020/20200112_AQUA.jpg,2020-01-12,,,,,,0.7099410076530612
../data/satellite/aqua/2020/20200113_AQUA.jpg,2020-01-13,,,,,,0.7099410076530612
../data/satellite/aqua/2020/20200114_AQUA.jpg,2020-01-14,,,,,,0.7099410076530612
../data/satellite/aqua/2020/20200115_AQUA.jpg,2020-01-15,,,,,,0.7099410076530612
../data/satellite/aqua/2020/20200116_AQUA.jpg,2020-01-16,,,,,,0.7099410076530612
../data/satellite/aqua/2020/20200117_AQUA.jpg,2020-01-17,,,,,,0.7099410076530612
../data/satellite/aqua/2020/20200118_AQUA.jpg,2020-01-18,,,,,,0.7099410076530612
../data/satellite/aqua/2020/20200119_AQUA.jpg,2020-01-19,,,,,,0.7099410076530612
../data/satellite/aqua/2020/20200120_AQUA.jpg,2020-01-20,,,,,,0.7099410076530612
../data/satellite/aqua/2020/20200121_AQUA.jpg,2020-01-21,,,,,,0.7099410076530612
../data/satellite/aqua/2020/20200122_AQUA.jpg,2020-01-22,,,,,,0.7099410076530612
../data/satellite/aqua/2020/20200123_AQUA.jpg,2020-01-23,,,,,,0.7099410076530612
../data/satellite/aqua/2020/20200124_AQUA.jpg,2020-01-24,,,,,,0.7099410076530612
../data/satellite/aqua/2020/20200125_AQUA.jpg,2020-01-25,,,,,,0.7099410076530612
../data/satellite/aqua/2020/20200126_AQUA.jpg,2020-01-26,,,,,,0.7099410076530612
../data/satellite/aqua/2020/20200127_AQUA.jpg,2020-01-27,,,,,,0.7099410076530612
../data/satellite/aqua/2020/20200128_AQUA.jpg,2020-01-28,,,,,,0.7099410076530612
../data/satellite/aqua/2020/20200129_AQUA.jpg,2020-01-29,,,,,,0.7099410076530612
../data/satellite/aqua/2020/20200130_AQUA.jpg,2020-01-30,,,,,,0.7099410076530612
../data/satellite/aqua/2020/20200131_AQUA.jpg,2020-01-31,,,,,,0.7099410076530612
../data/satellite/aqua/2020/20200201_AQUA.jpg,2020-02-01,,,,,,0.7099410076530612
../data/satellite/aqua/2020/20200202_AQUA.jpg,2020-02-02,,,,,,0.7099410076530612
../data/satellite/aqua/2020/20200203_AQUA.jpg,2020-02-03,,,,,,0.6796675701530612
../data/satellite/aqua/2020/20200204_AQUA.jpg,2020-02-04,,,,,,0.6106305803571429
../data/satellite/aqua/2020/20200205_AQUA.jpg,2020-02-05,,,,,,0.4480030293367347
../data/satellite/aqua/2020/20200206_AQUA.jpg,2020-02-06,,,,,,0.42514349489795916
../data/satellite/aqua/2020/20200207_AQUA.jpg,2020-02-07,,,,,,0.2003547512755102
../data/satellite/aqua/2020/20200208_AQUA.jpg,2020-02-08,0.18046476403061223,,,,,0.17414700255102042
../data/satellite/aqua/2020/20200209_AQUA.jpg,2020-02-09,0.1221500318877551,,,,,0.006915656887755102
../data/satellite/aqua/2020/20200210_AQUA.jpg,2020-02-10,0.07312260841836735,,,,,0.007792570153061225
../data/satellite/aqua/2020/20200211_AQUA.jpg,2020-02-11,0.1501514668367347,,,,,0.0
../data/satellite/aqua/2020/20200212_AQUA.jpg,2020-02-12,0.06509088010204081,,,,,0.0
../data/satellite/aqua/2020/20200213_AQUA.jpg,2020-02-13,0.07613201530612244,,,,,0.0
../data/satellite/aqua/2020/20200214_AQUA.jpg,2020-02-14,0.09703842474489796,,,,,0.0
../data/satellite/aqua/2020/20200215_AQUA.jpg,2020-02-15,0.1298030931122449,,,,,0.0
../data/satellite/aqua/2020/20200216_AQUA.jpg,2020-02-16,0.10989317602040816,,,,,0.0
../data/satellite/aqua/2020/20200217_AQUA.jpg,2020-02-17,0.06295838647959184,,,,,0.0
../data/satellite/aqua/2020/20200218_AQUA.jpg,2020-02-18,0.08749202806122448,,,,,0.0
../data/satellite/aqua/2020/20200219_AQUA.jpg,2020-02-19,0.06634646045918367,,,,,0.0
../data/satellite/aqua/2020/20200220_AQUA.jpg,2020-02-20,0.08743223852040816,,,,,0.0
../data/satellite/aqua/2020/20200221_AQUA.jpg,2020-02-21,0.10271843112244898,,,,,0.0
../data/satellite/aqua/2020/20200222_AQUA.jpg,2020-02-22,0.07906170280612244,,,,,0.0
../data/satellite/aqua/2020/20200223_AQUA.jpg,2020-02-23,0.11413823341836735,,,,,0.0
../data/satellite/aqua/2020/20200224_AQUA.jpg,2020-02-24,0.10317681760204081,,,,,0.0
../data/satellite/aqua/2020/20200225_AQUA.jpg,2020-02-25,0.11326132015306123,,,,,0.0
../data/satellite/aqua/2020/20200226_AQUA.jpg,2020-02-26,0.12513950892857142,,,,,0.0
../data/satellite/aqua/2020/20200227_AQUA.jpg,2020-02-27,0.11114875637755102,,,,,0.0
../data/satellite/aqua/2020/20200228_AQUA.jpg,2020-02-28,0.0963608099489796,,,,,0.0
../data/satellite/aqua/2020/20200229_AQUA.jpg,2020-02-29,0.08480149872448979,,,,,0.0
../data/satellite/aqua/2020/20200301_AQUA.jpg,2020-03-01,0.08639588647959184,,,,,0.0
../data/satellite/aqua/2020/20200302_AQUA.jpg,2020-03-02,0.09546396683673469,,,,,0.0
../data/satellite/aqua/2020/20200303_AQUA.jpg,2020-03-03,0.09036192602040816,,,,,0.0
../data/satellite/aqua/2020/20200307_AQUA.jpg,2020-03-07,0.07517538265306123,,,,,0.0
../data/satellite/aqua/2020/20200308_AQUA.jpg,2020-03-08,0.07543447066326531,,,,,0.0
../data/satellite/aqua/2020/20200310_AQUA.jpg,2020-03-10,0.076171875,,,,,0.0
../data/satellite/aqua/2020/20200311_AQUA.jpg,2020-03-11,0.06883769132653061,,,,,0.0
../data/satellite/aqua/2020/20200313_AQUA.jpg,2020-03-13,0.062181122448979595,,,,,0.0
../data/satellite/aqua/2020/20200314_AQUA.jpg,2020-03-14,0.07224569515306123,,,,,0.0
../data/satellite/aqua/2020/20200316_AQUA.jpg,2020-03-16,0.08181202168367346,,,,,0.0
../data/satellite/aqua/2020/20200317_AQUA.jpg,2020-03-17,0.08631616709183673,,,,,0.0
../data/satellite/aqua/2020/20200318_AQUA.jpg,2020-03-18,0.12585698341836735,,,,,0.0
../data/satellite/aqua/2020/20200321_AQUA.jpg,2020-03-21,0.06204161352040816,,,,,0.0
../data/satellite/aqua/2020/20200322_AQUA.jpg,2020-03-22,0.20396205357142858,0.6028923197185851,0.12722298221614228,0.2698846980652726,../data/satellite/aqua/2020/20200322_AQUA.jpg_classified.png,0.0
../data/satellite/aqua/2020/20200323_AQUA.jpg,2020-03-23,0.09972895408163265,,,,,0.0
../data/satellite/aqua/2020/20200324_AQUA.jpg,2020-03-24,0.07368064413265306,,,,,0.0
../data/satellite/aqua/2020/20200325_AQUA.jpg,2020-03-25,0.0725845025510204,,,,,0.0
../data/satellite/aqua/2020/20200326_AQUA.jpg,2020-03-26,0.07336176658163265,,,,,0.0
../data/satellite/aqua/2020/20200327_AQUA.jpg,2020-03-27,0.07069116709183673,,,,,0.0
../data/satellite/aqua/2020/20200328_AQUA.jpg,2020-03-28,0.10411352040816327,,,,,0.0
../data/satellite/aqua/2020/20200329_AQUA.jpg,2020-03-29,0.06433354591836735,,,,,0.0
../data/satellite/aqua/2020/20200330_AQUA.jpg,2020-03-30,0.07354113520408163,,,,,0.0
../data/satellite/aqua/2020/20200331_AQUA.jpg,2020-03-31,0.09616151147959184,,,,,0.0
../data/satellite/aqua/2020/20200401_AQUA.jpg,2020-04-01,0.1376355229591837,,,,,0.0
../data/satellite/aqua/2020/20200402_AQUA.jpg,2020-04-02,0.11449697066326531,,,,,0.0
../data/satellite/aqua/2020/20200403_AQUA.jpg,2020-04-03,0.17101801658163265,,,,,0.0
../data/satellite/aqua/2020/20200404_AQUA.jpg,2020-04-04,0.2135283801020408,0.6938585028934104,0.17127123389957066,0.13487026320701886,../data/satellite/aqua/2020/20200404_AQUA.jpg_classified.png,0.0
../data/satellite/aqua/2020/20200405_AQUA.jpg,2020-04-05,0.14140226403061223,,,,,0.0
../data/satellite/aqua/2020/20200406_AQUA.jpg,2020-04-06,0.3578603316326531,0.6182891512586323,0.226665181554912,0.1550456671864558,../data/satellite/aqua/2020/20200406_AQUA.jpg_classified.png,0.0
../data/satellite/aqua/2020/20200407_AQUA.jpg,2020-04-07,0.1504703443877551,,,,,0.0
../data/satellite/aqua/2020/20200408_AQUA.jpg,2020-04-08,0.30014349489795916,0.4934926958831341,0.30803452855245683,0.19847277556440904,../data/satellite/aqua/2020/20200408_AQUA.jpg_classified.png,0.0
../data/satellite/aqua/2020/20200409_AQUA.jpg,2020-04-09,0.32718829719387754,0.47688371809709446,0.39404276055308524,0.1290735213498203,../data/satellite/aqua/2020/20200409_AQUA.jpg_classified.png,0.0
../data/satellite/aqua/2020/20200410_AQUA.jpg,2020-04-10,0.3355189732142857,0.3258687258687259,0.5278289278289279,0.14630234630234631,../data/satellite/aqua/2020/20200410_AQUA.jpg_classified.png,0.0
../data/satellite/aqua/2020/20200411_AQUA.jpg,2020-04-11,0.22556600765306123,0.5443541261707016,0.2801731754726984,0.1754726983566001,../data/satellite/aqua/2020/20200411_AQUA.jpg_classified.png,0.0
../data/satellite/aqua/2020/20200412_AQUA.jpg,2020-04-12,0.06610730229591837,,,,,0.0
../data/satellite/aqua/2020/20200413_AQUA.jpg,2020-04-13,0.08587771045918367,,,,,0.0
../data/satellite/aqua/2020/20200414_AQUA.jpg,2020-04-14,0.06090561224489796,,,,,0.0
../data/satellite/aqua/2020/20200415_AQUA.jpg,2020-04-15,0.27853954081632654,0.5685460789925587,0.3790068689181454,0.05244705208929593,../data/satellite/aqua/2020/20200415_AQUA.jpg_classified.png,0.0
../data/satellite/aqua/2020/20200416_AQUA.jpg,2020-04-16,0.06058673469387755,,,,,0.0
../data/satellite/aqua/2020/20200417_AQUA.jpg,2020-04-17,0.3511240433673469,0.49733227381087525,0.4557270972868657,0.04694062890225905,../data/satellite/aqua/2020/20200417_AQUA.jpg_classified.png,0.0
../data/satellite/aqua/2020/20200418_AQUA.jpg,2020-04-18,0.10002790178571429,,,,,0.0
../data/satellite/aqua/2020/20200419_AQUA.jpg,2020-04-19,0.18963249362244897,,,,,0.0
../data/satellite/aqua/2020/20200420_AQUA.jpg,2020-04-20,0.08374521683673469,,,,,0.0
../data/satellite/aqua/2020/20200421_AQUA.jpg,2020-04-21,0.23961654974489796,0.6316227231140314,0.24985444564584547,0.1185228312401231,../data/satellite/aqua/2020/20200421_AQUA.jpg_classified.png,0.0
../data/satellite/aqua/2020/20200422_AQUA.jpg,2020-04-22,0.3643773915816326,0.6058633703440355,0.3566154351036482,0.03752119455231636,../data/satellite/aqua/2020/20200422_AQUA.jpg_classified.png,0.0
../data/satellite/aqua/2020/20200424_AQUA.jpg,2020-04-24,0.22158003826530612,0.7052527432991545,0.2480661989566469,0.0466810577441986,../data/satellite/aqua/2020/20200424_AQUA.jpg_classified.png,0.0
../data/satellite/aqua/2020/20200425_AQUA.jpg,2020-04-25,0.08201132015306123,,,,,0.0
../data/satellite/aqua/2020/20200426_AQUA.jpg,2020-04-26,,,,,,0.2666812818877551
../data/satellite/aqua/2020/20200427_AQUA.jpg,2020-04-27,0.0768295599489796,,,,,0.0
../data/satellite/aqua/2020/20200428_AQUA.jpg,2020-04-28,0.16645408163265307,,,,,0.0
../data/satellite/aqua/2020/20200429_AQUA.jpg,2020-04-29,0.29360650510204084,0.5866141732283464,0.3443524300841705,0.06903339668748303,../data/satellite/aqua/2020/20200429_AQUA.jpg_classified.png,0.0
../data/satellite/aqua/2020/20200430_AQUA.jpg,2020-04-30,0.2199657206632653,0.6240826311497689,0.31077285494246626,0.0651445139077648,../data/satellite/aqua/2020/20200430_AQUA.jpg_classified.png,0.0
../data/satellite/aqua/2020/20200501_AQUA.jpg,2020-05-01,0.0794204400510204,,,,,0.0
../data/satellite/aqua/2020/20200502_AQUA.jpg,2020-05-02,0.17956792091836735,,,,,0.0
../data/satellite/aqua/2020/20200503_AQUA.jpg,2020-05-03,0.06800063775510204,,,,,0.0
../data/satellite/aqua/2020/20200504_AQUA.jpg,2020-05-04,0.05921157525510204,,,,,0.0
../data/satellite/aqua/2020/20200505_AQUA.jpg,2020-05-05,0.2155811543367347,0.5205694739761486,0.35416474068595727,0.12526578533789406,../data/satellite/aqua/2020/20200505_AQUA.jpg_classified.png,0.0
../data/satellite/aqua/2020/20200506_AQUA.jpg,2020-05-06,0.11178651147959184,,,,,0.0
../data/satellite/aqua/2020/20200507_AQUA.jpg,2020-05-07,0.2312061543367347,0.6402896302042927,0.3064391000775795,0.05327126971812775,../data/satellite/aqua/2020/20200507_AQUA.jpg_classified.png,0.0
../data/satellite/aqua/2020/20200508_AQUA.jpg,2020-05-08,0.33009805484693877,0.5343838676568254,0.3906900923745698,0.07492603996860472,../data/satellite/aqua/2020/20200508_AQUA.jpg_classified.png,0.0
../data/satellite/aqua/2020/20200509_AQUA.jpg,2020-05-09,0.05313297193877551,,,,,0.0
../data/satellite/aqua/2020/20200510_AQUA.jpg,2020-05-10,0.11874202806122448,,,,,0.0
../data/satellite/aqua/2020/20200511_AQUA.jpg,2020-05-11,0.06841916454081633,,,,,0.0
../data/satellite/aqua/2020/20200512_AQUA.jpg,2020-05-12,0.40756536989795916,0.7622493887530563,0.1908557457212714,0.046894865525672375,../data/satellite/aqua/2020/20200512_AQUA.jpg_classified.png,0.0
../data/satellite/aqua/2020/20200513_AQUA.jpg,2020-05-13,0.05506616709183673,,,,,0.0
../data/satellite/aqua/2020/20200514_AQUA.jpg,2020-05-14,0.09444754464285714,,,,,0.0
../data/satellite/aqua/2020/20200515_AQUA.jpg,2020-05-15,0.05325255102040816,,,,,0.0
../data/satellite/aqua/2020/20200516_AQUA.jpg,2020-05-16,0.07734773596938775,,,,,0.0
../data/satellite/aqua/2020/20200517_AQUA.jpg,2020-05-17,0.25605867346938777,0.7480541718555417,0.23567870485678705,0.016267123287671232,../data/satellite/aqua/2020/20200517_AQUA.jpg_classified.png,0.0
../data/satellite/aqua/2020/20200518_AQUA.jpg,2020-05-18,0.37779017857142855,0.8791939227685166,0.0977526904410213,0.02305338679046212,../data/satellite/aqua/2020/20200518_AQUA.jpg_classified.png,0.0
../data/satellite/aqua/2020/20200519_AQUA.jpg,2020-05-19,0.07533482142857142,,,,,0.0
../data/satellite/aqua/2020/20200520_AQUA.jpg,2020-05-20,0.11708785076530612,,,,,0.0
../data/satellite/aqua/2020/20200521_AQUA.jpg,2020-05-21,0.370914381377551,0.8500886572457149,0.1318037719628177,0.018107570791467412,../data/satellite/aqua/2020/20200521_AQUA.jpg_classified.png,0.0
../data/satellite/aqua/2020/20200522_AQUA.jpg,2020-05-22,0.33223054846938777,0.8163167366526695,0.15398920215956807,0.02969406118776245,../data/satellite/aqua/2020/20200522_AQUA.jpg_classified.png,0.0
../data/satellite/aqua/2020/20200523_AQUA.jpg,2020-05-23,0.2012316645408163,0.691690601168664,0.2610676438546103,0.04724175497672576,../data/satellite/aqua/2020/20200523_AQUA.jpg_classified.png,0.0
../data/satellite/aqua/2020/20200524_AQUA.jpg,2020-05-24,0.18592554209183673,,,,,0.0
../data/satellite/aqua/2020/20200525_AQUA.jpg,2020-05-25,0.03344228316326531,,,,,0.0
../data/satellite/aqua/2020/20200526_AQUA.jpg,2020-05-26,0.12258848852040816,,,,,0.0
../data/satellite/aqua/2020/20200527_AQUA.jpg,2020-05-27,0.08019770408163265,,,,,0.0
../data/satellite/aqua/2020/20200528_AQUA.jpg,2020-05-28,0.03673070790816327,,,,,0.0
../data/satellite/aqua/2020/20200529_AQUA.jpg,2020-05-29,0.05213647959183673,,,,,0.0
../data/satellite/aqua/2020/20200530_AQUA.jpg,2020-05-30,0.19862085459183673,,,,,0.0
../data/satellite/aqua/2020/20200531_AQUA.jpg,2020-05-31,0.11692841198979592,,,,,0.0
../data/satellite/aqua/2020/20200601_AQUA.jpg,2020-06-01,0.029575892857142856,,,,,0.0
../data/satellite/aqua/2020/20200602_AQUA.jpg,2020-06-02,0.03517617984693878,,,,,0.0
../data/satellite/aqua/2020/20200603_AQUA.jpg,2020-06-03,0.16025589923469388,,,,,0.0
../data/satellite/aqua/2020/20200604_AQUA.jpg,2020-06-04,0.5490872130102041,0.7986642953068854,0.19269717977568873,0.008638524917425864,../data/satellite/aqua/2020/20200604_AQUA.jpg_classified.png,0.0
../data/satellite/aqua/2020/20200605_AQUA.jpg,2020-06-05,0.04607780612244898,,,,,0.0
../data/satellite/aqua/2020/20200606_AQUA.jpg,2020-06-06,0.04446348852040816,,,,,0.0
../data/satellite/aqua/2020/20200607_AQUA.jpg,2020-06-07,0.057936065051020405,,,,,0.0
../data/satellite/aqua/2020/20200608_AQUA.jpg,2020-06-08,0.04906728316326531,,,,,0.0
../data/satellite/aqua/2020/20200609_AQUA.jpg,2020-06-09,0.0823501275510204,,,,,0.0
../data/satellite/aqua/2020/20200610_AQUA.jpg,2020-06-10,0.06517059948979592,,,,,0.0
../data/satellite/aqua/2020/20200612_AQUA.jpg,2020-06-12,0.21849091198979592,0.7240718781355469,0.24418498586153425,0.031743136002918906,../data/satellite/aqua/2020/20200612_AQUA.jpg_classified.png,0.0
../data/satellite/aqua/2020/20200613_AQUA.jpg,2020-06-13,0.325374681122449,0.8795173343133652,0.08697782677937033,0.03350483890726449,../data/satellite/aqua/2020/20200613_AQUA.jpg_classified.png,0.0
../data/satellite/aqua/2020/20200614_AQUA.jpg,2020-06-14,0.10076530612244898,,,,,0.0
../data/satellite/aqua/2020/20200615_AQUA.jpg,2020-06-15,0.1923230229591837,,,,,0.0
../data/satellite/aqua/2020/20200616_AQUA.jpg,2020-06-16,0.2631337691326531,0.9097174884495948,0.07831553434825418,0.011966977202151027,../data/satellite/aqua/2020/20200616_AQUA.jpg_classified.png,0.0
../data/satellite/aqua/2020/20200617_AQUA.jpg,2020-06-17,0.09357063137755102,,,,,0.0
../data/satellite/aqua/2020/20200618_AQUA.jpg,2020-06-18,0.07860331632653061,,,,,0.0
../data/satellite/aqua/2020/20200619_AQUA.jpg,2020-06-19,0.36635044642857145,0.874007180937874,0.11701664671961702,0.008976172342508975,../data/satellite/aqua/2020/20200619_AQUA.jpg_classified.png,0.0
../data/satellite/aqua/2020/20200620_AQUA.jpg,2020-06-20,0.18142139668367346,,,,,0.0
../data/satellite/aqua/2020/20200621_AQUA.jpg,2020-06-21,0.16260762117346939,,,,,0.0
../data/satellite/aqua/2020/20200622_AQUA.jpg,2020-06-22,0.22315449617346939,0.7872644458337055,0.20058944360096453,0.01214611056533,../data/satellite/aqua/2020/20200622_AQUA.jpg_classified.png,0.0
../data/satellite/aqua/2020/20200623_AQUA.jpg,2020-06-23,,,,,,0.43632413903061223
../data/satellite/aqua/2020/20200624_AQUA.jpg,2020-06-24,0.041713169642857144,,,,,0.0
../data/satellite/aqua/2020/20200625_AQUA.jpg,2020-06-25,0.05058195153061224,,,,,0.0
../data/satellite/aqua/2020/20200626_AQUA.jpg,2020-06-26,0.15798389668367346,,,,,0.0
../data/satellite/aqua/2020/20200627_AQUA.jpg,2020-06-27,0.08703364158163265,,,,,0.0
../data/satellite/aqua/2020/20200628_AQUA.jpg,2020-06-28,0.2897401147959184,0.8122850460861192,0.13887742468014858,0.04883752923373229,../data/satellite/aqua/2020/20200628_AQUA.jpg_classified.png,0.0
../data/satellite/aqua/2020/20200629_AQUA.jpg,2020-06-29,0.027283960459183673,,,,,0.0
../data/satellite/aqua/2020/20200630_AQUA.jpg,2020-06-30,0.292171556122449,0.7719645293315143,0.20075034106412004,0.027285129604365622,../data/satellite/aqua/2020/20200630_AQUA.jpg_classified.png,0.0
../data/satellite/aqua/2020/20200701_AQUA.jpg,2020-07-01,0.5485491071428571,0.8378869350385119,0.1580438889696265,0.004069175991861648,../data/satellite/aqua/2020/20200701_AQUA.jpg_classified.png,0.0
../data/satellite/aqua/2020/20200702_AQUA.jpg,2020-07-02,0.5566007653061225,0.639394156402177,0.3577771412202807,0.0028287023775422516,../data/satellite/aqua/2020/20200702_AQUA.jpg_classified.png,0.0
../data/satellite/aqua/2020/20200703_AQUA.jpg,2020-07-03,0.07828443877551021,,,,,0.0
../data/satellite/aqua/2020/20200704_AQUA.jpg,2020-07-04,0.03746811224489796,,,,,0.0
../data/satellite/aqua/2020/20200705_AQUA.jpg,2020-07-05,0.0633968431122449,,,,,0.0
../data/satellite/aqua/2020/20200706_AQUA.jpg,2020-07-06,0.05863360969387755,,,,,0.0
../data/satellite/aqua/2020/20200707_AQUA.jpg,2020-07-07,0.12944435586734693,,,,,0.0
../data/satellite/aqua/2020/20200708_AQUA.jpg,2020-07-08,0.12438217474489796,,,,,0.0
../data/satellite/aqua/2020/20200709_AQUA.jpg,2020-07-09,0.032505580357142856,,,,,0.0
../data/satellite/aqua/2020/20200710_AQUA.jpg,2020-07-10,0.14479033801020408,,,,,0.0
../data/satellite/aqua/2020/20200711_AQUA.jpg,2020-07-11,0.5010363520408163,0.9311058074781225,0.06610978520286397,0.0027844073190135244,../data/satellite/aqua/2020/20200711_AQUA.jpg_classified.png,0.0
../data/satellite/aqua/2020/20200712_AQUA.jpg,2020-07-12,0.02889827806122449,,,,,0.0
../data/satellite/aqua/2020/20200713_AQUA.jpg,2020-07-13,0.0686782525510204,,,,,0.0
../data/satellite/aqua/2020/20200714_AQUA.jpg,2020-07-14,0.25540098852040816,0.83667577058135,0.15957861880608662,0.0037456106125634023,../data/satellite/aqua/2020/20200714_AQUA.jpg_classified.png,0.0
../data/satellite/aqua/2020/20200715_AQUA.jpg,2020-07-15,0.04372608418367347,,,,,0.0
../data/satellite/aqua/2020/20200716_AQUA.jpg,2020-07-16,0.2981704400510204,0.7462736448098389,0.21723146848472696,0.03649488670543413,../data/satellite/aqua/2020/20200716_AQUA.jpg_classified.png,0.0
../data/satellite/aqua/2020/20200717_AQUA.jpg,2020-07-17,0.5776666135204082,0.9544592030360531,0.044781783681214424,0.0007590132827324478,../data/satellite/aqua/2020/20200717_AQUA.jpg_classified.png,0.0
../data/satellite/aqua/2020/20200718_AQUA.jpg,2020-07-18,0.5087292729591837,0.7958552064561624,0.19807255347488834,0.006072240068949307,../data/satellite/aqua/2020/20200718_AQUA.jpg_classified.png,0.0
../data/satellite/aqua/2020/20200719_AQUA.jpg,2020-07-19,0.3278858418367347,0.8313274981765135,0.1587648918064673,0.009907610017019208,../data/satellite/aqua/2020/20200719_AQUA.jpg_classified.png,0.0
../data/satellite/aqua/2020/20200720_AQUA.jpg,2020-07-20,0.3640186543367347,0.8223378045442102,0.15138242540377772,0.026279770052012045,../data/satellite/aqua/2020/20200720_AQUA.jpg_classified.png,0.0
../data/satellite/aqua/2020/20200721_AQUA.jpg,2020-07-21,0.06323740433673469,,,,,0.0
../data/satellite/aqua/2020/20200722_AQUA.jpg,2020-07-22,0.1907684948979592,,,,,0.0
../data/satellite/aqua/2020/20200723_AQUA.jpg,2020-07-23,0.19599011479591838,,,,,0.0
../data/satellite/aqua/2020/20200724_AQUA.jpg,2020-07-24,0.050880899234693876,,,,,0.0
../data/satellite/aqua/2020/20200725_AQUA.jpg,2020-07-25,0.04974489795918367,,,,,0.0
../data/satellite/aqua/2020/20200726_AQUA.jpg,2020-07-26,0.03160873724489796,,,,,0.0
../data/satellite/aqua/2020/20200727_AQUA.jpg,2020-07-27,0.05953045280612245,,,,,0.0
../data/satellite/aqua/2020/20200728_AQUA.jpg,2020-07-28,0.17705676020408162,,,,,0.0
../data/satellite/aqua/2020/20200729_AQUA.jpg,2020-07-29,0.06385522959183673,,,,,0.0
../data/satellite/aqua/2020/20200730_AQUA.jpg,2020-07-30,,,,,,0.43662308673469385
../data/satellite/aqua/2020/20200731_AQUA.jpg,2020-07-31,0.1787707270408163,,,,,0.0
../data/satellite/aqua/2020/20200801_AQUA.jpg,2020-08-01,0.43199936224489793,0.9286768776527035,0.06551024174201882,0.005812880605277727,../data/satellite/aqua/2020/20200801_AQUA.jpg_classified.png,0.0
../data/satellite/aqua/2020/20200802_AQUA.jpg,2020-08-02,0.3833705357142857,0.8211166562694947,0.15886878768974838,0.020014556040756915,../data/satellite/aqua/2020/20200802_AQUA.jpg_classified.png,0.0
../data/satellite/aqua/2020/20200803_AQUA.jpg,2020-08-03,0.10708306760204081,,,,,0.0
../data/satellite/aqua/2020/20200804_AQUA.jpg,2020-08-04,0.26913265306122447,0.7700681279620853,0.2218601895734597,0.008071682464454976,../data/satellite/aqua/2020/20200804_AQUA.jpg_classified.png,0.0
../data/satellite/aqua/2020/20200805_AQUA.jpg,2020-08-05,0.3878547512755102,0.858948666563897,0.13195622013257283,0.009095113303530137,../data/satellite/aqua/2020/20200805_AQUA.jpg_classified.png,0.0
../data/satellite/aqua/2020/20200806_AQUA.jpg,2020-08-06,0.060825892857142856,,,,,0.0
../data/satellite/aqua/2020/20200807_AQUA.jpg,2020-08-07,0.10883689413265306,,,,,0.0
../data/satellite/aqua/2020/20200808_AQUA.jpg,2020-08-08,0.12145248724489796,,,,,0.0
../data/satellite/aqua/2020/20200809_AQUA.jpg,2020-08-09,0.28334263392857145,0.6857986917071112,0.2941548849968348,0.02004642329605402,../data/satellite/aqua/2020/20200809_AQUA.jpg_classified.png,0.0
../data/satellite/aqua/2020/20200810_AQUA.jpg,2020-08-10,0.4016262755102041,0.8159487892020643,0.1648471615720524,0.01920404922588329,../data/satellite/aqua/2020/20200810_AQUA.jpg_classified.png,0.0
../data/satellite/aqua/2020/20200811_AQUA.jpg,2020-08-11,0.23604910714285715,0.7282168186423505,0.25557244174265453,0.016210739614994935,../data/satellite/aqua/2020/20200811_AQUA.jpg_classified.png,0.0
../data/satellite/aqua/2020/20200812_AQUA.jpg,2020-08-12,0.04372608418367347,,,,,0.0
../data/satellite/aqua/2020/20200813_AQUA.jpg,2020-08-13,0.0664859693877551,,,,,0.0
../data/satellite/aqua/2020/20200814_AQUA.jpg,2020-08-14,0.5278021364795918,0.9196465657214062,0.07786126949363743,0.002492164784956387,../data/satellite/aqua/2020/20200814_AQUA.jpg_classified.png,0.0
../data/satellite/aqua/2020/20200815_AQUA.jpg,2020-08-15,0.44925860969387754,0.7555230236891136,0.24168219323928666,0.0027947830715996805,../data/satellite/aqua/2020/20200815_AQUA.jpg_classified.png,0.0
../data/satellite/aqua/2020/20200816_AQUA.jpg,2020-08-16,,,,,,0.7099410076530612
../data/satellite/aqua/2020/20200817_AQUA.jpg,2020-08-17,,,,,,0.7099410076530612
../data/satellite/aqua/2020/20200818_AQUA.jpg,2020-08-18,,,,,,0.7099410076530612
../data/satellite/aqua/2020/20200819_AQUA.jpg,2020-08-19,,,,,,0.7099410076530612
../data/satellite/aqua/2020/20200820_AQUA.jpg,2020-08-20,,,,,,0.7099410076530612
../data/satellite/aqua/2020/20200821_AQUA.jpg,2020-08-21,,,,,,0.7099410076530612
../data/satellite/aqua/2020/20200822_AQUA.jpg,2020-08-22,,,,,,0.7099410076530612
../data/satellite/aqua/2020/20200823_AQUA.jpg,2020-08-23,,,,,,0.7099410076530612
../data/satellite/aqua/2020/20200824_AQUA.jpg,2020-08-24,,,,,,0.7099410076530612
../data/satellite/aqua/2020/20200825_AQUA.jpg,2020-08-25,,,,,,0.7099410076530612
../data/satellite/aqua/2020/20200826_AQUA.jpg,2020-08-26,,,,,,0.7099410076530612
../data/satellite/aqua/2020/20200827_AQUA.jpg,2020-08-27,,,,,,0.7099410076530612
../data/satellite/aqua/2020/20200828_AQUA.jpg,2020-08-28,,,,,,0.7099410076530612
../data/satellite/aqua/2020/20200829_AQUA.jpg,2020-08-29,,,,,,0.7099410076530612
../data/satellite/aqua/2020/20200830_AQUA.jpg,2020-08-30,,,,,,0.7099410076530612
../data/satellite/aqua/2020/20200831_AQUA.jpg,2020-08-31,,,,,,0.7099410076530612
../data/satellite/aqua/2020/20200901_AQUA.jpg,2020-09-01,,,,,,0.7099410076530612
../data/satellite/aqua/2020/20200902_AQUA.jpg,2020-09-02,,,,,,0.7099410076530612
../data/satellite/aqua/2020/20200903_AQUA.jpg,2020-09-03,0.38707748724489793,0.8412109978375039,0.15101431366491608,0.007774688497580064,../data/satellite/aqua/2020/20200903_AQUA.jpg_classified.png,0.0
../data/satellite/aqua/2020/20200904_AQUA.jpg,2020-09-04,0.45236766581632654,0.8461538461538461,0.14825094722001939,0.005595206626134461,../data/satellite/aqua/2020/20200904_AQUA.jpg_classified.png,0.0
../data/satellite/aqua/2020/20200905_AQUA.jpg,2020-09-05,0.21025988520408162,0.7906161137440758,0.19639810426540286,0.012985781990521326,../data/satellite/aqua/2020/20200905_AQUA.jpg_classified.png,0.0
../data/satellite/aqua/2020/20200906_AQUA.jpg,2020-09-06,0.09793526785714286,,,,,0.0
../data/satellite/aqua/2020/20200907_AQUA.jpg,2020-09-07,0.04296875,,,,,0.0
../data/satellite/aqua/2020/20200908_AQUA.jpg,2020-09-08,,,,,,0.7099410076530612
../data/satellite/aqua/2020/20200909_AQUA.jpg,2020-09-09,0.5824497767857143,0.8075278015397775,0.1865868263473054,0.005885372112917023,../data/satellite/aqua/2020/20200909_AQUA.jpg_classified.png,0.0
../data/satellite/aqua/2020/20200910_AQUA.jpg,2020-09-10,0.03862404336734694,,,,,0.0
../data/satellite/aqua/2020/20200911_AQUA.jpg,2020-09-11,0.4399314413265306,0.8449759898523149,0.14723203769140164,0.007791972456283411,../data/satellite/aqua/2020/20200911_AQUA.jpg_classified.png,0.0
../data/satellite/aqua/2020/20200912_AQUA.jpg,2020-09-12,0.30245535714285715,0.8682788613600422,0.11425935687928308,0.017461781760674748,../data/satellite/aqua/2020/20200912_AQUA.jpg_classified.png,0.0
../data/satellite/aqua/2020/20200913_AQUA.jpg,2020-09-13,0.26670121173469385,0.7911373486773278,0.1924973845464056,0.016365266776266627,../data/satellite/aqua/2020/20200913_AQUA.jpg_classified.png,0.0
../data/satellite/aqua/2020/20200914_AQUA.jpg,2020-09-14,0.5771085778061225,0.8609317263528681,0.13343923749007147,0.005629036157060469,../data/satellite/aqua/2020/20200914_AQUA.jpg_classified.png,0.0
../data/satellite/aqua/2020/20200915_AQUA.jpg,2020-09-15,0.5846420599489796,0.8994375319584115,0.09947162093062895,0.0010908471109596046,../data/satellite/aqua/2020/20200915_AQUA.jpg_classified.png,0.0
../data/satellite/aqua/2020/20200916_AQUA.jpg,2020-09-16,0.06969467474489796,,,,,0.0
../data/satellite/aqua/2020/20200917_AQUA.jpg,2020-09-17,0.07764668367346939,,,,,0.0
../data/satellite/aqua/2020/20200918_AQUA.jpg,2020-09-18,,,,,,0.7099410076530612
../data/satellite/aqua/2020/20200919_AQUA.jpg,2020-09-19,,,,,,0.43672273596938777
../data/satellite/aqua/2020/20200920_AQUA.jpg,2020-09-20,0.18957270408163265,,,,,0.0
../data/satellite/aqua/2020/20200921_AQUA.jpg,2020-09-21,0.1223891900510204,,,,,0.0
../data/satellite/aqua/2020/20200922_AQUA.jpg,2020-09-22,0.3920200892857143,0.8446873411286223,0.14575495678698525,0.009557702084392475,../data/satellite/aqua/2020/20200922_AQUA.jpg_classified.png,0.0
../data/satellite/aqua/2020/20200923_AQUA.jpg,2020-09-23,0.41280691964285715,0.9360305122386907,0.05967266933809685,0.0042968184232124755,../data/satellite/aqua/2020/20200923_AQUA.jpg_classified.png,0.0
../data/satellite/aqua/2020/20200924_AQUA.jpg,2020-09-24,0.5429089604591837,0.9315370214015638,0.06570977570573767,0.002753202892698506,../data/satellite/aqua/2020/20200924_AQUA.jpg_classified.png,0.0
../data/satellite/aqua/2020/20200925_AQUA.jpg,2020-09-25,0.04904735331632653,,,,,0.0
../data/satellite/aqua/2020/20200926_AQUA.jpg,2020-09-26,0.06875797193877552,,,,,0.0
../data/satellite/aqua/2020/20200927_AQUA.jpg,2020-09-27,0.34921077806122447,0.8386599703230225,0.14353384316858805,0.017806186508389454,../data/satellite/aqua/2020/20200927_AQUA.jpg_classified.png,0.0
../data/satellite/aqua/2020/20200928_AQUA.jpg,2020-09-28,0.16196986607142858,,,,,0.0
../data/satellite/aqua/2020/20200929_AQUA.jpg,2020-09-29,0.38657924107142855,0.8870443883074702,0.0954786822704542,0.017476929422075578,../data/satellite/aqua/2020/20200929_AQUA.jpg_classified.png,0.0
../data/satellite/aqua/2020/20200930_AQUA.jpg,2020-09-30,0.49125079719387754,0.9253113716580794,0.05781167593005802,0.01687695241186255,../data/satellite/aqua/2020/20200930_AQUA.jpg_classified.png,0.0
../data/satellite/aqua/2020/20201001_AQUA.jpg,2020-10-01,0.5757134885204082,0.9802333229480389,0.01876276525772839,0.0010039117942327,../data/satellite/aqua/2020/20201001_AQUA.jpg_classified.png,0.0
../data/satellite/aqua/2020/20201002_AQUA.jpg,2020-10-02,0.04278938137755102,,,,,0.0
../data/satellite/aqua/2020/20201003_AQUA.jpg,2020-10-03,0.08816964285714286,,,,,0.0
../data/satellite/aqua/2020/20201004_AQUA.jpg,2020-10-04,0.17243303571428573,,,,,0.0
../data/satellite/aqua/2020/20201005_AQUA.jpg,2020-10-05,,,,,,0.2658641581632653
../data/satellite/aqua/2020/20201006_AQUA.jpg,2020-10-06,,,,,,0.26622289540816324
../data/satellite/aqua/2020/20201007_AQUA.jpg,2020-10-07,0.26869419642857145,0.8823616674083964,0.1041388518024032,0.013499480789200415,../data/satellite/aqua/2020/20201007_AQUA.jpg_classified.png,0.0
../data/satellite/aqua/2020/20201008_AQUA.jpg,2020-10-08,0.4170719068877551,0.8997467386629713,0.08854589764419171,0.011707363692837005,../data/satellite/aqua/2020/20201008_AQUA.jpg_classified.png,0.0
../data/satellite/aqua/2020/20201009_AQUA.jpg,2020-10-09,0.3565648915816326,0.7807277402045721,0.21558325415013135,0.003689005645296518,../data/satellite/aqua/2020/20201009_AQUA.jpg_classified.png,0.0
../data/satellite/aqua/2020/20201010_AQUA.jpg,2020-10-10,0.07778619260204081,,,,,0.0
../data/satellite/aqua/2020/20201011_AQUA.jpg,2020-10-11,0.30733816964285715,0.8983853187212243,0.08319823617145451,0.018416445107321187,../data/satellite/aqua/2020/20201011_AQUA.jpg_classified.png,0.0014150191326530613
../data/satellite/aqua/2020/20201012_AQUA.jpg,2020-10-12,0.3518215880102041,0.9226193848071149,0.07460488302271569,0.0027757321701693764,../data/satellite/aqua/2020/20201012_AQUA.jpg_classified.png,0.0
../data/satellite/aqua/2020/20201013_AQUA.jpg,2020-10-13,0.12220982142857142,,,,,0.0
../data/satellite/aqua/2020/20201014_AQUA.jpg,2020-10-14,0.36228475765306123,0.9269446583782595,0.0686544174276598,0.004400924194080757,../data/satellite/aqua/2020/20201014_AQUA.jpg_classified.png,0.0
../data/satellite/aqua/2020/20201015_AQUA.jpg,2020-10-15,0.1335499043367347,,,,,0.0
../data/satellite/aqua/2020/20201016_AQUA.jpg,2020-10-16,0.06929607780612244,,,,,0.0
../data/satellite/aqua/2020/20201017_AQUA.jpg,2020-10-17,0.07065130739795919,,,,,0.0
../data/satellite/aqua/2020/20201018_AQUA.jpg,2020-10-18,0.18439094387755103,,,,,0.0038863201530612247
../data/satellite/aqua/2020/20201019_AQUA.jpg,2020-10-19,0.12153220663265306,,,,,0.0
../data/satellite/aqua/2020/20201020_AQUA.jpg,2020-10-20,0.042291135204081634,,,,,0.0
../data/satellite/aqua/2020/20201021_AQUA.jpg,2020-10-21,0.07029257015306123,,,,,0.0
../data/satellite/aqua/2020/20201022_AQUA.jpg,2020-10-22,0.041872608418367346,,,,,0.0
../data/satellite/aqua/2020/20201023_AQUA.jpg,2020-10-23,0.22008529974489796,0.6394095807298741,0.34293217422801775,0.017658245042108122,../data/satellite/aqua/2020/20201023_AQUA.jpg_classified.png,0.0
../data/satellite/aqua/2020/20201024_AQUA.jpg,2020-10-24,0.19005102040816327,,,,,0.0
../data/satellite/aqua/2020/20201025_AQUA.jpg,2020-10-25,0.4517099808673469,0.7753364217957203,0.22228105007721155,0.002382528127068167,../data/satellite/aqua/2020/20201025_AQUA.jpg_classified.png,0.0
../data/satellite/aqua/2020/20201026_AQUA.jpg,2020-10-26,0.1143375318877551,,,,,0.0
../data/satellite/aqua/2020/20201027_AQUA.jpg,2020-10-27,0.28555484693877553,0.5833333333333334,0.40864042434394193,0.008026242322724735,../data/satellite/aqua/2020/20201027_AQUA.jpg_classified.png,0.0
../data/satellite/aqua/2020/20201028_AQUA.jpg,2020-10-28,0.22945232780612246,0.29001997741683316,0.6226005385216712,0.0873794840614957,../data/satellite/aqua/2020/20201028_AQUA.jpg_classified.png,0.0
../data/satellite/aqua/2020/20201029_AQUA.jpg,2020-10-29,0.0439453125,,,,,0.0
../data/satellite/aqua/2020/20201030_AQUA.jpg,2020-10-30,,,,,,0.2666613520408163
../data/satellite/aqua/2020/20201031_AQUA.jpg,2020-10-31,,,,,,0.2661631058673469
../data/satellite/aqua/2020/20201101_AQUA.jpg,2020-11-01,,,,,,0.3267299107142857
../data/satellite/aqua/2020/20201102_AQUA.jpg,2020-11-02,0.11585220025510204,,,,,0.07798549107142858
../data/satellite/aqua/2020/20201103_AQUA.jpg,2020-11-03,,,,,,0.5677814094387755
../data/satellite/aqua/2020/20201104_AQUA.jpg,2020-11-04,,,,,,0.5926937181122449
../data/satellite/aqua/2020/20201105_AQUA.jpg,2020-11-05,,,,,,0.5091876594387755
../data/satellite/aqua/2020/20201106_AQUA.jpg,2020-11-06,,,,,,0.5801379145408163
../data/satellite/aqua/2020/20201107_AQUA.jpg,2020-11-07,,,,,,0.6673309948979592
../data/satellite/aqua/2020/20201108_AQUA.jpg,2020-11-08,,,,,,0.7099410076530612
../data/satellite/aqua/2020/20201109_AQUA.jpg,2020-11-09,,,,,,0.7099410076530612
../data/satellite/aqua/2020/20201110_AQUA.jpg,2020-11-10,,,,,,0.7099410076530612
../data/satellite/aqua/2020/20201111_AQUA.jpg,2020-11-11,,,,,,0.7099410076530612
../data/satellite/aqua/2020/20201112_AQUA.jpg,2020-11-12,,,,,,0.7099410076530612
../data/satellite/aqua/2020/20201113_AQUA.jpg,2020-11-13,,,,,,0.7099410076530612
../data/satellite/aqua/2020/20201114_AQUA.jpg,2020-11-14,,,,,,0.7099410076530612
../data/satellite/aqua/2020/20201115_AQUA.jpg,2020-11-15,,,,,,0.7099410076530612
../data/satellite/aqua/2020/20201116_AQUA.jpg,2020-11-16,,,,,,0.7099410076530612
../data/satellite/aqua/2020/20201117_AQUA.jpg,2020-11-17,,,,,,0.7099410076530612
../data/satellite/aqua/2020/20201118_AQUA.jpg,2020-11-18,,,,,,0.7099410076530612
../data/satellite/aqua/2020/20201119_AQUA.jpg,2020-11-19,,,,,,0.7099410076530612
../data/satellite/aqua/2020/20201120_AQUA.jpg,2020-11-20,,,,,,0.7099410076530612
../data/satellite/aqua/2020/20201121_AQUA.jpg,2020-11-21,,,,,,0.7099410076530612
../data/satellite/aqua/2020/20201122_AQUA.jpg,2020-11-22,,,,,,0.7099410076530612
../data/satellite/aqua/2020/20201123_AQUA.jpg,2020-11-23,,,,,,0.7099410076530612
../data/satellite/aqua/2020/20201124_AQUA.jpg,2020-11-24,,,,,,0.7099410076530612
../data/satellite/aqua/2020/20201125_AQUA.jpg,2020-11-25,,,,,,0.7099410076530612
../data/satellite/aqua/2020/20201126_AQUA.jpg,2020-11-26,,,,,,0.7099410076530612
../data/satellite/aqua/2020/20201127_AQUA.jpg,2020-11-27,,,,,,0.7099410076530612
../data/satellite/aqua/2020/20201128_AQUA.jpg,2020-11-28,,,,,,0.7099410076530612
../data/satellite/aqua/2020/20201129_AQUA.jpg,2020-11-29,,,,,,0.7099410076530612
../data/satellite/aqua/2020/20201130_AQUA.jpg,2020-11-30,,,,,,0.7099410076530612
../data/satellite/aqua/2020/20201201_AQUA.jpg,2020-12-01,,,,,,0.7099410076530612
../data/satellite/aqua/2020/20201202_AQUA.jpg,2020-12-02,,,,,,0.7099410076530612
../data/satellite/aqua/2020/20201203_AQUA.jpg,2020-12-03,,,,,,0.7099410076530612
../data/satellite/aqua/2020/20201204_AQUA.jpg,2020-12-04,,,,,,0.7099410076530612
../data/satellite/aqua/2020/20201205_AQUA.jpg,2020-12-05,,,,,,0.7099410076530612
../data/satellite/aqua/2020/20201206_AQUA.jpg,2020-12-06,,,,,,0.7099410076530612
../data/satellite/aqua/2020/20201207_AQUA.jpg,2020-12-07,,,,,,0.7099410076530612
../data/satellite/aqua/2020/20201208_AQUA.jpg,2020-12-08,,,,,,0.7099410076530612
../data/satellite/aqua/2020/20201209_AQUA.jpg,2020-12-09,,,,,,0.7099410076530612
../data/satellite/aqua/2020/20201210_AQUA.jpg,2020-12-10,,,,,,0.7099410076530612
../data/satellite/aqua/2020/20201211_AQUA.jpg,2020-12-11,,,,,,0.7099410076530612
../data/satellite/aqua/2020/20201212_AQUA.jpg,2020-12-12,,,,,,0.7099410076530612
../data/satellite/aqua/2020/20201213_AQUA.jpg,2020-12-13,,,,,,0.7099410076530612
../data/satellite/aqua/2020/20201214_AQUA.jpg,2020-12-14,,,,,,0.7099410076530612
../data/satellite/aqua/2020/20201215_AQUA.jpg,2020-12-15,,,,,,0.7099410076530612
../data/satellite/aqua/2020/20201216_AQUA.jpg,2020-12-16,,,,,,0.7099410076530612
../data/satellite/aqua/2020/20201217_AQUA.jpg,2020-12-17,,,,,,0.7099410076530612
../data/satellite/aqua/2020/20201218_AQUA.jpg,2020-12-18,,,,,,0.7099410076530612
../data/satellite/aqua/2020/20201219_AQUA.jpg,2020-12-19,,,,,,0.7099410076530612
../data/satellite/aqua/2020/20201220_AQUA.jpg,2020-12-20,,,,,,0.7099410076530612
../data/satellite/aqua/2020/20201221_AQUA.jpg,2020-12-21,,,,,,0.7099410076530612
../data/satellite/aqua/2020/20201222_AQUA.jpg,2020-12-22,,,,,,0.7099410076530612
../data/satellite/aqua/2020/20201223_AQUA.jpg,2020-12-23,,,,,,0.7099410076530612
../data/satellite/aqua/2020/20201224_AQUA.jpg,2020-12-24,,,,,,0.7099410076530612
../data/satellite/aqua/2020/20201225_AQUA.jpg,2020-12-25,,,,,,0.7099410076530612
../data/satellite/aqua/2020/20201226_AQUA.jpg,2020-12-26,,,,,,0.7099410076530612
../data/satellite/aqua/2020/20201227_AQUA.jpg,2020-12-27,,,,,,0.7099410076530612
../data/satellite/aqua/2020/20201228_AQUA.jpg,2020-12-28,,,,,,0.7099410076530612
../data/satellite/aqua/2020/20201229_AQUA.jpg,2020-12-29,,,,,,0.7099410076530612
../data/satellite/aqua/2020/20201230_AQUA.jpg,2020-12-30,,,,,,0.7099410076530612
../data/satellite/aqua/2020/20201231_AQUA.jpg,2020-12-31,,,,,,0.7099410076530612
../data/satellite/aqua/2021/20210101_AQUA.jpg,2021-01-01,,,,,,0.7099410076530612
../data/satellite/aqua/2021/20210102_AQUA.jpg,2021-01-02,,,,,,0.7099410076530612
../data/satellite/aqua/2021/20210103_AQUA.jpg,2021-01-03,,,,,,0.7099410076530612
../data/satellite/aqua/2021/20210104_AQUA.jpg,2021-01-04,,,,,,0.7099410076530612
../data/satellite/aqua/2021/20210105_AQUA.jpg,2021-01-05,,,,,,0.7099410076530612
../data/satellite/aqua/2021/20210106_AQUA.jpg,2021-01-06,,,,,,0.7099410076530612
../data/satellite/aqua/2021/20210107_AQUA.jpg,2021-01-07,,,,,,0.7099410076530612
../data/satellite/aqua/2021/20210108_AQUA.jpg,2021-01-08,,,,,,0.7099410076530612
../data/satellite/aqua/2021/20210109_AQUA.jpg,2021-01-09,,,,,,0.7099410076530612
../data/satellite/aqua/2021/20210110_AQUA.jpg,2021-01-10,,,,,,0.7099410076530612
../data/satellite/aqua/2021/20210111_AQUA.jpg,2021-01-11,,,,,,0.7099410076530612
../data/satellite/aqua/2021/20210112_AQUA.jpg,2021-01-12,,,,,,0.7099410076530612
../data/satellite/aqua/2021/20210113_AQUA.jpg,2021-01-13,,,,,,0.7099410076530612
../data/satellite/aqua/2021/20210115_AQUA.jpg,2021-01-15,,,,,,0.7099410076530612
../data/satellite/aqua/2021/20210116_AQUA.jpg,2021-01-16,,,,,,0.7099410076530612
../data/satellite/aqua/2021/20210117_AQUA.jpg,2021-01-17,,,,,,0.7099410076530612
../data/satellite/aqua/2021/20210118_AQUA.jpg,2021-01-18,,,,,,0.7099410076530612
../data/satellite/aqua/2021/20210119_AQUA.jpg,2021-01-19,,,,,,0.7099410076530612
../data/satellite/aqua/2021/20210120_AQUA.jpg,2021-01-20,,,,,,0.7099410076530612
../data/satellite/aqua/2021/20210121_AQUA.jpg,2021-01-21,,,,,,0.7099410076530612
../data/satellite/aqua/2021/20210122_AQUA.jpg,2021-01-22,,,,,,0.7099410076530612
../data/satellite/aqua/2021/20210123_AQUA.jpg,2021-01-23,,,,,,0.7099410076530612
../data/satellite/aqua/2021/20210124_AQUA.jpg,2021-01-24,,,,,,0.7099410076530612
../data/satellite/aqua/2021/20210125_AQUA.jpg,2021-01-25,,,,,,0.7099410076530612
../data/satellite/aqua/2021/20210126_AQUA.jpg,2021-01-26,,,,,,0.7099410076530612
../data/satellite/aqua/2021/20210127_AQUA.jpg,2021-01-27,,,,,,0.7099410076530612
../data/satellite/aqua/2021/20210128_AQUA.jpg,2021-01-28,,,,,,0.7099410076530612
../data/satellite/aqua/2021/20210129_AQUA.jpg,2021-01-29,,,,,,0.7099410076530612
../data/satellite/aqua/2021/20210130_AQUA.jpg,2021-01-30,,,,,,0.7099410076530612
../data/satellite/aqua/2021/20210131_AQUA.jpg,2021-01-31,,,,,,0.7099410076530612
../data/satellite/aqua/2021/20210201_AQUA.jpg,2021-02-01,,,,,,0.7099410076530612
../data/satellite/aqua/2021/20210202_AQUA.jpg,2021-02-02,,,,,,0.7099410076530612
../data/satellite/aqua/2021/20210203_AQUA.jpg,2021-02-03,,,,,,0.6579440369897959
../data/satellite/aqua/2021/20210204_AQUA.jpg,2021-02-04,,,,,,0.4772401147959184
../data/satellite/aqua/2021/20210205_AQUA.jpg,2021-02-05,,,,,,0.3896484375
../data/satellite/aqua/2021/20210206_AQUA.jpg,2021-02-06,,,,,,0.2886240433673469
../data/satellite/aqua/2021/20210207_AQUA.jpg,2021-02-07,0.21318957270408162,0.418061138637001,0.2845657661026456,0.2973730952603534,../data/satellite/aqua/2021/20210207_AQUA.jpg_classified.png,0.11202566964285714
../data/satellite/aqua/2021/20210208_AQUA.jpg,2021-02-08,0.28475765306122447,0.3393057110862262,0.41349384098544234,0.24720044792833146,../data/satellite/aqua/2021/20210208_AQUA.jpg_classified.png,0.08639588647959184
../data/satellite/aqua/2021/20210209_AQUA.jpg,2021-02-09,0.27720424107142855,0.5122582500539219,0.31914587677043643,0.16859587317564168,../data/satellite/aqua/2021/20210209_AQUA.jpg_classified.png,0.0
../data/satellite/aqua/2021/20210210_AQUA.jpg,2021-02-10,0.24565529336734693,0.2509329871815674,0.5546811617718643,0.19438585104656822,../data/satellite/aqua/2021/20210210_AQUA.jpg_classified.png,0.0
../data/satellite/aqua/2021/20210211_AQUA.jpg,2021-02-11,,,,,,0.2661033163265306
../data/satellite/aqua/2021/20210212_AQUA.jpg,2021-02-12,0.2021484375,0.2899536626244701,0.5537809326629203,0.1562654047126097,../data/satellite/aqua/2021/20210212_AQUA.jpg_classified.png,0.0
../data/satellite/aqua/2021/20210214_AQUA.jpg,2021-02-14,0.10718271683673469,,,,,0.0
../data/satellite/aqua/2021/20210215_AQUA.jpg,2021-02-15,0.08689413265306123,,,,,0.0
../data/satellite/aqua/2021/20210216_AQUA.jpg,2021-02-16,0.10052614795918367,,,,,0.0
../data/satellite/aqua/2021/20210217_AQUA.jpg,2021-02-17,0.11180644132653061,,,,,0.0
../data/satellite/aqua/2021/20210218_AQUA.jpg,2021-02-18,,,,,,0.265625
../data/satellite/aqua/2021/20210219_AQUA.jpg,2021-02-19,0.09357063137755102,,,,,0.0
../data/satellite/aqua/2021/20210220_AQUA.jpg,2021-02-20,0.08508051658163265,,,,,0.0
../data/satellite/aqua/2021/20210221_AQUA.jpg,2021-02-21,0.10792012117346939,,,,,0.0
../data/satellite/aqua/2021/20210222_AQUA.jpg,2021-02-22,0.11449697066326531,,,,,0.0
../data/satellite/aqua/2021/20210223_AQUA.jpg,2021-02-23,0.099609375,,,,,0.0
../data/satellite/aqua/2021/20210224_AQUA.jpg,2021-02-24,,,,,,0.26656170280612246
../data/satellite/aqua/2021/20210225_AQUA.jpg,2021-02-25,0.16418207908163265,,,,,0.0
../data/satellite/aqua/2021/20210226_AQUA.jpg,2021-02-26,0.1312579719387755,,,,,0.0
../data/satellite/aqua/2021/20210227_AQUA.jpg,2021-02-27,,,,,,0.26723931760204084
../data/satellite/aqua/2021/20210301_AQUA.jpg,2021-03-01,0.08677455357142858,,,,,0.0
../data/satellite/aqua/2021/20210302_AQUA.jpg,2021-03-02,0.06851881377551021,,,,,0.0
../data/satellite/aqua/2021/20210303_AQUA.jpg,2021-03-03,0.07188695790816327,,,,,0.0
../data/satellite/aqua/2021/20210304_AQUA.jpg,2021-03-04,,,,,,0.26526626275510207
../data/satellite/aqua/2021/20210305_AQUA.jpg,2021-03-05,0.1376953125,,,,,0.0
../data/satellite/aqua/2021/20210306_AQUA.jpg,2021-03-06,0.04862882653061224,,,,,0.0
../data/satellite/aqua/2021/20210308_AQUA.jpg,2021-03-08,0.1783123405612245,,,,,0.0
../data/satellite/aqua/2021/20210309_AQUA.jpg,2021-03-09,0.11489556760204081,,,,,0.0
../data/satellite/aqua/2021/20210310_AQUA.jpg,2021-03-10,0.14548788265306123,,,,,0.0
../data/satellite/aqua/2021/20210312_AQUA.jpg,2021-03-12,,,,,,0.2661631058673469
../data/satellite/aqua/2021/20210314_AQUA.jpg,2021-03-14,0.12647480867346939,,,,,0.0
../data/satellite/aqua/2021/20210315_AQUA.jpg,2021-03-15,0.07952008928571429,,,,,0.0
../data/satellite/aqua/2021/20210316_AQUA.jpg,2021-03-16,0.08729272959183673,,,,,0.0
../data/satellite/aqua/2021/20210317_AQUA.jpg,2021-03-17,,,,,,0.2661232461734694
../data/satellite/aqua/2021/20210318_AQUA.jpg,2021-03-18,0.07663026147959184,,,,,0.0
../data/satellite/aqua/2021/20210319_AQUA.jpg,2021-03-19,,,,,,0.26682079081632654
../data/satellite/aqua/2021/20210320_AQUA.jpg,2021-03-20,0.09972895408163265,,,,,0.0
../data/satellite/aqua/2021/20210321_AQUA.jpg,2021-03-21,0.0709701849489796,,,,,0.0
../data/satellite/aqua/2021/20210322_AQUA.jpg,2021-03-22,,,,,,0.2662826849489796
../data/satellite/aqua/2021/20210323_AQUA.jpg,2021-03-23,,,,,,0.2670200892857143
../data/satellite/aqua/2021/20210324_AQUA.jpg,2021-03-24,0.10122369260204081,,,,,0.0
../data/satellite/aqua/2021/20210325_AQUA.jpg,2021-03-25,,,,,,0.2667610012755102
../data/satellite/aqua/2021/20210326_AQUA.jpg,2021-03-26,0.11013233418367346,,,,,0.0
../data/satellite/aqua/2021/20210327_AQUA.jpg,2021-03-27,,,,,,0.26626275510204084
../data/satellite/aqua/2021/20210328_AQUA.jpg,2021-03-28,0.11401865433673469,,,,,0.0
../data/satellite/aqua/2021/20210329_AQUA.jpg,2021-03-29,0.12197066326530612,,,,,0.0
../data/satellite/aqua/2021/20210330_AQUA.jpg,2021-03-30,0.07762675382653061,,,,,0.0
../data/satellite/aqua/2021/20210331_AQUA.jpg,2021-03-31,0.09191645408163265,,,,,0.0
../data/satellite/aqua/2021/20210401_AQUA.jpg,2021-04-01,0.07126913265306123,,,,,0.0
../data/satellite/aqua/2021/20210402_AQUA.jpg,2021-04-02,0.1477000956632653,,,,,0.0
../data/satellite/aqua/2021/20210403_AQUA.jpg,2021-04-03,0.16131218112244897,,,,,0.0
../data/satellite/aqua/2021/20210404_AQUA.jpg,2021-04-04,0.1434948979591837,,,,,0.0
../data/satellite/aqua/2021/20210405_AQUA.jpg,2021-04-05,0.07168765943877552,,,,,0.0
../data/satellite/aqua/2021/20210407_AQUA.jpg,2021-04-07,0.11473612882653061,,,,,0.0
../data/satellite/aqua/2021/20210409_AQUA.jpg,2021-04-09,0.07922114158163265,,,,,0.0
../data/satellite/aqua/2021/20210410_AQUA.jpg,2021-04-10,0.07948022959183673,,,,,0.0
../data/satellite/aqua/2021/20210411_AQUA.jpg,2021-04-11,0.06704400510204081,,,,,0.0
../data/satellite/aqua/2021/20210412_AQUA.jpg,2021-04-12,0.07238520408163265,,,,,0.0
../data/satellite/aqua/2021/20210414_AQUA.jpg,2021-04-14,0.050302933673469385,,,,,0.0
../data/satellite/aqua/2021/20210415_AQUA.jpg,2021-04-15,0.10570790816326531,,,,,0.0
../data/satellite/aqua/2021/20210417_AQUA.jpg,2021-04-17,0.07916135204081633,,,,,0.0
../data/satellite/aqua/2021/20210419_AQUA.jpg,2021-04-19,0.18307557397959184,,,,,0.0
../data/satellite/aqua/2021/20210420_AQUA.jpg,2021-04-20,0.15915975765306123,,,,,0.0
../data/satellite/aqua/2021/20210421_AQUA.jpg,2021-04-21,0.18913424744897958,,,,,0.0
../data/satellite/aqua/2021/20210422_AQUA.jpg,2021-04-22,0.12290736607142858,,,,,0.0
../data/satellite/aqua/2021/20210423_AQUA.jpg,2021-04-23,0.12629544005102042,,,,,0.0
../data/satellite/aqua/2021/20210424_AQUA.jpg,2021-04-24,0.10794005102040816,,,,,0.0
../data/satellite/aqua/2021/20210425_AQUA.jpg,2021-04-25,0.11172672193877552,,,,,0.0
../data/satellite/aqua/2021/20210426_AQUA.jpg,2021-04-26,0.0733219068877551,,,,,0.0
../data/satellite/aqua/2021/20210427_AQUA.jpg,2021-04-27,0.03242586096938776,,,,,0.0
../data/satellite/aqua/2021/20210428_AQUA.jpg,2021-04-28,0.12488042091836735,,,,,0.0
../data/satellite/aqua/2021/20210429_AQUA.jpg,2021-04-29,0.17839205994897958,,,,,0.0
../data/satellite/aqua/2021/20210430_AQUA.jpg,2021-04-30,0.15318080357142858,,,,,0.0
../data/satellite/aqua/2021/20210501_AQUA.jpg,2021-05-01,0.22905373086734693,0.4137300965805273,0.3299399634560167,0.25632993996345604,../data/satellite/aqua/2021/20210501_AQUA.jpg_classified.png,0.0
../data/satellite/aqua/2021/20210502_AQUA.jpg,2021-05-02,0.23274075255102042,0.47799280698749785,0.27812981674944337,0.24387737626305875,../data/satellite/aqua/2021/20210502_AQUA.jpg_classified.png,0.0
../data/satellite/aqua/2021/20210503_AQUA.jpg,2021-05-03,0.23497289540816327,0.394147582697201,0.4027141645462256,0.20313825275657338,../data/satellite/aqua/2021/20210503_AQUA.jpg_classified.png,0.0
../data/satellite/aqua/2021/20210505_AQUA.jpg,2021-05-05,0.24338329081632654,0.5059777268260727,0.2821814608581723,0.211840812315755,../data/satellite/aqua/2021/20210505_AQUA.jpg_classified.png,0.0
../data/satellite/aqua/2021/20210506_AQUA.jpg,2021-05-06,0.1184829400510204,,,,,0.0
../data/satellite/aqua/2021/20210507_AQUA.jpg,2021-05-07,0.12761080994897958,,,,,0.0
../data/satellite/aqua/2021/20210508_AQUA.jpg,2021-05-08,,,,,,0.26646205357142855
../data/satellite/aqua/2021/20210510_AQUA.jpg,2021-05-10,0.1386120854591837,,,,,0.0
../data/satellite/aqua/2021/20210511_AQUA.jpg,2021-05-11,0.07260443239795919,,,,,0.0
../data/satellite/aqua/2021/20210512_AQUA.jpg,2021-05-12,0.14969308035714285,,,,,0.0
../data/satellite/aqua/2021/20210513_AQUA.jpg,2021-05-13,0.08535953443877552,,,,,0.0
../data/satellite/aqua/2021/20210514_AQUA.jpg,2021-05-14,0.18732063137755103,,,,,0.0
../data/satellite/aqua/2021/20210515_AQUA.jpg,2021-05-15,0.18895487882653061,,,,,0.0
../data/satellite/aqua/2021/20210516_AQUA.jpg,2021-05-16,0.06921635841836735,,,,,0.0
../data/satellite/aqua/2021/20210517_AQUA.jpg,2021-05-17,0.1015625,,,,,0.0
../data/satellite/aqua/2021/20210519_AQUA.jpg,2021-05-19,0.13323102678571427,,,,,0.0
../data/satellite/aqua/2021/20210520_AQUA.jpg,2021-05-20,0.10670440051020408,,,,,0.0
../data/satellite/aqua/2021/20210521_AQUA.jpg,2021-05-21,,,,,,0.4366430165816326
../data/satellite/aqua/2021/20210523_AQUA.jpg,2021-05-23,0.29440369897959184,0.5829271594909288,0.3157324668291362,0.10134037367993501,../data/satellite/aqua/2021/20210523_AQUA.jpg_classified.png,0.0
../data/satellite/aqua/2021/20210524_AQUA.jpg,2021-05-24,0.15935905612244897,,,,,0.0
../data/satellite/aqua/2021/20210525_AQUA.jpg,2021-05-25,0.04181281887755102,,,,,0.0
../data/satellite/aqua/2021/20210526_AQUA.jpg,2021-05-26,,,,,,0.43662308673469385
../data/satellite/aqua/2021/20210527_AQUA.jpg,2021-05-27,0.3502670599489796,0.8056330014224751,0.17951635846372688,0.01485064011379801,../data/satellite/aqua/2021/20210527_AQUA.jpg_classified.png,0.0
../data/satellite/aqua/2021/20210528_AQUA.jpg,2021-05-28,0.3612683354591837,0.8458101175042754,0.13719865394163402,0.016991228554090583,../data/satellite/aqua/2021/20210528_AQUA.jpg_classified.png,0.0
../data/satellite/aqua/2021/20210529_AQUA.jpg,2021-05-29,0.25743383290816324,0.6995432375938685,0.22203297979406983,0.07842378261206162,../data/satellite/aqua/2021/20210529_AQUA.jpg_classified.png,0.0
../data/satellite/aqua/2021/20210530_AQUA.jpg,2021-05-30,0.06367586096938775,,,,,0.0
../data/satellite/aqua/2021/20210531_AQUA.jpg,2021-05-31,0.05857382015306122,,,,,0.0
../data/satellite/aqua/2021/20210601_AQUA.jpg,2021-06-01,0.09024234693877552,,,,,0.0
../data/satellite/aqua/2021/20210603_AQUA.jpg,2021-06-03,0.2710060586734694,0.8588027651125165,0.12082659214590381,0.020370642741579643,../data/satellite/aqua/2021/20210603_AQUA.jpg_classified.png,0.0
../data/satellite/aqua/2021/20210604_AQUA.jpg,2021-06-04,0.30935108418367346,0.8487952583429971,0.14044581883777862,0.010758922819224326,../data/satellite/aqua/2021/20210604_AQUA.jpg_classified.png,0.0
../data/satellite/aqua/2021/20210605_AQUA.jpg,2021-06-05,0.5245336415816326,0.9244272198791748,0.06964550324860368,0.005927276872221589,../data/satellite/aqua/2021/20210605_AQUA.jpg_classified.png,0.0
../data/satellite/aqua/2021/20210606_AQUA.jpg,2021-06-06,,,,,,0.2664819834183674
../data/satellite/aqua/2021/20210607_AQUA.jpg,2021-06-07,0.42420679209183676,0.870425182053089,0.12412497063659854,0.005449847310312427,../data/satellite/aqua/2021/20210607_AQUA.jpg_classified.png,0.0
../data/satellite/aqua/2021/20210608_AQUA.jpg,2021-06-08,0.4932238520408163,0.9202763859705835,0.07632940035558429,0.003394213673832229,../data/satellite/aqua/2021/20210608_AQUA.jpg_classified.png,0.0
../data/satellite/aqua/2021/20210609_AQUA.jpg,2021-06-09,0.5394013073979592,0.8274524293367819,0.17066321817845925,0.0018843524847589137,../data/satellite/aqua/2021/20210609_AQUA.jpg_classified.png,0.0
../data/satellite/aqua/2021/20210610_AQUA.jpg,2021-06-10,0.1786312181122449,,,,,0.0
../data/satellite/aqua/2021/20210611_AQUA.jpg,2021-06-11,0.03587372448979592,,,,,0.0
../data/satellite/aqua/2021/20210612_AQUA.jpg,2021-06-12,,,,,,0.4364636479591837
../data/satellite/aqua/2021/20210613_AQUA.jpg,2021-06-13,0.05329241071428571,,,,,0.0
../data/satellite/aqua/2021/20210614_AQUA.jpg,2021-06-14,0.1494738520408163,,,,,0.0
../data/satellite/aqua/2021/20210615_AQUA.jpg,2021-06-15,0.16753029336734693,,,,,0.0
../data/satellite/aqua/2021/20210616_AQUA.jpg,2021-06-16,0.11092952806122448,,,,,0.0
../data/satellite/aqua/2021/20210618_AQUA.jpg,2021-06-18,0.3520009566326531,0.7790737175857774,0.20360095119465518,0.017325331219567433,../data/satellite/aqua/2021/20210618_AQUA.jpg_classified.png,0.0
../data/satellite/aqua/2021/20210619_AQUA.jpg,2021-06-19,0.5194316007653061,0.9084525956336569,0.08544680197981813,0.006100602386524959,../data/satellite/aqua/2021/20210619_AQUA.jpg_classified.png,0.0
../data/satellite/aqua/2021/20210620_AQUA.jpg,2021-06-20,0.5729233099489796,0.9232615577277629,0.07367725327860299,0.0030611889936341184,../data/satellite/aqua/2021/20210620_AQUA.jpg_classified.png,0.0
../data/satellite/aqua/2021/20210621_AQUA.jpg,2021-06-21,0.37340561224489793,0.7931789069171649,0.1868061485909479,0.020014944491887277,../data/satellite/aqua/2021/20210621_AQUA.jpg_classified.png,0.0
../data/satellite/aqua/2021/20210622_AQUA.jpg,2021-06-22,0.5786631058673469,0.9452040640606165,0.052109522989495435,0.002686412949888066,../data/satellite/aqua/2021/20210622_AQUA.jpg_classified.png,0.0
../data/satellite/aqua/2021/20210623_AQUA.jpg,2021-06-23,0.37169164540816324,0.5779088471849866,0.41785522788203755,0.004235924932975871,../data/satellite/aqua/2021/20210623_AQUA.jpg_classified.png,0.0
../data/satellite/aqua/2021/20210624_AQUA.jpg,2021-06-24,,,,,,0.43656329719387754
../data/satellite/aqua/2021/20210625_AQUA.jpg,2021-06-25,0.09420838647959184,,,,,0.0
../data/satellite/aqua/2021/20210626_AQUA.jpg,2021-06-26,0.06146364795918367,,,,,0.0
../data/satellite/aqua/2021/20210627_AQUA.jpg,2021-06-27,0.06345663265306123,,,,,0.0
../data/satellite/aqua/2021/20210628_AQUA.jpg,2021-06-28,,,,,,0.43680245535714285
../data/satellite/aqua/2021/20210629_AQUA.jpg,2021-06-29,0.06509088010204081,,,,,0.0
../data/satellite/aqua/2021/20210630_AQUA.jpg,2021-06-30,0.06285873724489796,,,,,0.0
../data/satellite/aqua/2021/20210701_AQUA.jpg,2021-07-01,0.035634566326530615,,,,,0.0
../data/satellite/aqua/2021/20210702_AQUA.jpg,2021-07-02,0.061403858418367346,,,,,0.0
../data/satellite/aqua/2021/20210703_AQUA.jpg,2021-07-03,0.03575414540816327,,,,,0.0
../data/satellite/aqua/2021/20210704_AQUA.jpg,2021-07-04,0.045778858418367346,,,,,0.0
../data/satellite/aqua/2021/20210705_AQUA.jpg,2021-07-05,0.09697863520408163,,,,,0.0
../data/satellite/aqua/2021/20210706_AQUA.jpg,2021-07-06,0.15961814413265307,,,,,0.0
../data/satellite/aqua/2021/20210708_AQUA.jpg,2021-07-08,0.047751913265306124,,,,,0.0
../data/satellite/aqua/2021/20210709_AQUA.jpg,2021-07-09,0.2207828443877551,0.7132153818378769,0.20409821267376782,0.0826864054883553,../data/satellite/aqua/2021/20210709_AQUA.jpg_classified.png,0.0
../data/satellite/aqua/2021/20210710_AQUA.jpg,2021-07-10,0.25386639030612246,0.8528811430365835,0.13832626785994662,0.008792589103469932,../data/satellite/aqua/2021/20210710_AQUA.jpg_classified.png,0.0
../data/satellite/aqua/2021/20210711_AQUA.jpg,2021-07-11,0.5743781887755102,0.9364330326162387,0.06294240111034004,0.0006245662734212352,../data/satellite/aqua/2021/20210711_AQUA.jpg_classified.png,0.0
../data/satellite/aqua/2021/20210712_AQUA.jpg,2021-07-12,0.5776068239795918,0.9610102822441515,0.03833413843075012,0.0006555793250983369,../data/satellite/aqua/2021/20210712_AQUA.jpg_classified.png,0.0
../data/satellite/aqua/2021/20210713_AQUA.jpg,2021-07-13,0.06987404336734694,,,,,0.0
../data/satellite/aqua/2021/20210714_AQUA.jpg,2021-07-14,,,,,,0.4368223852040816
../data/satellite/aqua/2021/20210715_AQUA.jpg,2021-07-15,,,,,,0.26696029974489793
../data/satellite/aqua/2021/20210716_AQUA.jpg,2021-07-16,0.3159080038265306,0.7504889281433348,0.22093243328496626,0.028578638571698945,../data/satellite/aqua/2021/20210716_AQUA.jpg_classified.png,0.0
../data/satellite/aqua/2021/20210717_AQUA.jpg,2021-07-17,0.05426897321428571,,,,,0.0
../data/satellite/aqua/2021/20210718_AQUA.jpg,2021-07-18,0.0752750318877551,,,,,0.0
../data/satellite/aqua/2021/20210719_AQUA.jpg,2021-07-19,0.06263950892857142,,,,,0.0
../data/satellite/aqua/2021/20210720_AQUA.jpg,2021-07-20,0.04966517857142857,,,,,0.0
../data/satellite/aqua/2021/20210721_AQUA.jpg,2021-07-21,0.05259486607142857,,,,,0.0
../data/satellite/aqua/2021/20210722_AQUA.jpg,2021-07-22,0.05953045280612245,,,,,0.0
../data/satellite/aqua/2021/20210723_AQUA.jpg,2021-07-23,0.07322225765306123,,,,,0.0
../data/satellite/aqua/2021/20210724_AQUA.jpg,2021-07-24,0.21073820153061223,0.7643275959901645,0.16748628711934935,0.06818611689048609,../data/satellite/aqua/2021/20210724_AQUA.jpg_classified.png,0.0
../data/satellite/aqua/2021/20210725_AQUA.jpg,2021-07-25,0.08735251913265306,,,,,0.0
../data/satellite/aqua/2021/20210726_AQUA.jpg,2021-07-26,0.0628188775510204,,,,,0.0
../data/satellite/aqua/2021/20210727_AQUA.jpg,2021-07-27,0.12625558035714285,,,,,0.0
../data/satellite/aqua/2021/20210728_AQUA.jpg,2021-07-28,0.4369419642857143,0.5627166575442437,0.42898193760262726,0.008301404853128991,../data/satellite/aqua/2021/20210728_AQUA.jpg_classified.png,0.0
../data/satellite/aqua/2021/20210729_AQUA.jpg,2021-07-29,0.0205875318877551,,,,,0.0
../data/satellite/aqua/2021/20210730_AQUA.jpg,2021-07-30,0.5768295599489796,0.6476868327402135,0.35231316725978645,0.0,../data/satellite/aqua/2021/20210730_AQUA.jpg_classified.png,0.0
../data/satellite/aqua/2021/20210731_AQUA.jpg,2021-07-31,0.5449816645408163,0.7559700127994149,0.23715487292009507,0.006875114280490035,../data/satellite/aqua/2021/20210731_AQUA.jpg_classified.png,0.0
../data/satellite/aqua/2021/20210801_AQUA.jpg,2021-08-01,0.25980548469387754,0.7555231666155262,0.20872967167842896,0.0357471617060448,../data/satellite/aqua/2021/20210801_AQUA.jpg_classified.png,0.0
../data/satellite/aqua/2021/20210802_AQUA.jpg,2021-08-02,,,,,,0.4367625956632653
../data/satellite/aqua/2021/20210803_AQUA.jpg,2021-08-03,0.09492586096938775,,,,,0.0
../data/satellite/aqua/2021/20210804_AQUA.jpg,2021-08-04,0.5407963966836735,0.9499170812603649,0.049714391007923346,0.0003685277317118113,../data/satellite/aqua/2021/20210804_AQUA.jpg_classified.png,0.0
../data/satellite/aqua/2021/20210805_AQUA.jpg,2021-08-05,0.25681600765306123,0.7197733974856433,0.19036163277976098,0.08986496973459568,../data/satellite/aqua/2021/20210805_AQUA.jpg_classified.png,0.0
../data/satellite/aqua/2021/20210806_AQUA.jpg,2021-08-06,0.18865593112244897,,,,,0.0
../data/satellite/aqua/2021/20210807_AQUA.jpg,2021-08-07,0.3916015625,0.7072115629294111,0.27085347854852665,0.021934958522062193,../data/satellite/aqua/2021/20210807_AQUA.jpg_classified.png,0.0
../data/satellite/aqua/2021/20210808_AQUA.jpg,2021-08-08,0.045818718112244895,,,,,0.0
../data/satellite/aqua/2021/20210809_AQUA.jpg,2021-08-09,0.29886798469387754,0.6465724193118165,0.32488663643638305,0.02854094425180048,../data/satellite/aqua/2021/20210809_AQUA.jpg_classified.png,0.0
../data/satellite/aqua/2021/20210810_AQUA.jpg,2021-08-10,0.0706313775510204,,,,,0.0
../data/satellite/aqua/2021/20210811_AQUA.jpg,2021-08-11,0.06371572066326531,,,,,0.0
../data/satellite/aqua/2021/20210812_AQUA.jpg,2021-08-12,0.05060188137755102,,,,,0.0
../data/satellite/aqua/2021/20210813_AQUA.jpg,2021-08-13,0.04400510204081633,,,,,0.0
../data/satellite/aqua/2021/20210814_AQUA.jpg,2021-08-14,0.07864317602040816,,,,,0.0
../data/satellite/aqua/2021/20210815_AQUA.jpg,2021-08-15,0.06371572066326531,,,,,0.0
../data/satellite/aqua/2021/20210816_AQUA.jpg,2021-08-16,0.058514030612244895,,,,,0.0
../data/satellite/aqua/2021/20210817_AQUA.jpg,2021-08-17,0.14072464923469388,,,,,0.0
../data/satellite/aqua/2021/20210818_AQUA.jpg,2021-08-18,0.25326849489795916,0.8373465533522191,0.14903997481901166,0.01361347182876928,../data/satellite/aqua/2021/20210818_AQUA.jpg_classified.png,0.0
../data/satellite/aqua/2021/20210819_AQUA.jpg,2021-08-19,0.052634725765306124,,,,,0.0
../data/satellite/aqua/2021/20210820_AQUA.jpg,2021-08-20,0.14863679846938777,,,,,0.0
../data/satellite/aqua/2021/20210821_AQUA.jpg,2021-08-21,0.5119977678571429,0.8977033865317244,0.08369015181004281,0.018606461658232775,../data/satellite/aqua/2021/20210821_AQUA.jpg_classified.png,0.0
../data/satellite/aqua/2021/20210822_AQUA.jpg,2021-08-22,0.36037149234693877,0.8458135162039597,0.13831434575821258,0.015872138037827672,../data/satellite/aqua/2021/20210822_AQUA.jpg_classified.png,0.0
../data/satellite/aqua/2021/20210823_AQUA.jpg,2021-08-23,0.12027662627551021,,,,,0.0
../data/satellite/aqua/2021/20210824_AQUA.jpg,2021-08-24,0.1631656568877551,,,,,0.0
../data/satellite/aqua/2021/20210825_AQUA.jpg,2021-08-25,0.08771125637755102,,,,,0.0
../data/satellite/aqua/2021/20210826_AQUA.jpg,2021-08-26,0.033203125,,,,,0.0
../data/satellite/aqua/2021/20210827_AQUA.jpg,2021-08-27,0.05193718112244898,,,,,0.0
../data/satellite/aqua/2021/20210828_AQUA.jpg,2021-08-28,0.11180644132653061,,,,,0.0
../data/satellite/aqua/2021/20210829_AQUA.jpg,2021-08-29,0.08069595025510204,,,,,0.0
../data/satellite/aqua/2021/20210830_AQUA.jpg,2021-08-30,0.09841358418367346,,,,,0.0
../data/satellite/aqua/2021/20210831_AQUA.jpg,2021-08-31,0.2086455676020408,0.6510650491928551,0.308338905339574,0.040596045467570924,../data/satellite/aqua/2021/20210831_AQUA.jpg_classified.png,0.0
../data/satellite/aqua/2021/20210901_AQUA.jpg,2021-09-01,0.49782764668367346,0.661075303254734,0.33444093038152045,0.004483766363745546,../data/satellite/aqua/2021/20210901_AQUA.jpg_classified.png,0.0
../data/satellite/aqua/2021/20210902_AQUA.jpg,2021-09-02,0.34622130102040816,0.7017038913193645,0.2559866451761455,0.04230946350448998,../data/satellite/aqua/2021/20210902_AQUA.jpg_classified.png,0.0
../data/satellite/aqua/2021/20210903_AQUA.jpg,2021-09-03,0.06307796556122448,,,,,0.0
../data/satellite/aqua/2021/20210904_AQUA.jpg,2021-09-04,0.03515625,,,,,0.0
../data/satellite/aqua/2021/20210905_AQUA.jpg,2021-09-05,0.10427295918367346,,,,,0.0
../data/satellite/aqua/2021/20210906_AQUA.jpg,2021-09-06,0.0623405612244898,,,,,0.0
../data/satellite/aqua/2021/20210907_AQUA.jpg,2021-09-07,,,,,,0.2661033163265306
../data/satellite/aqua/2021/20210908_AQUA.jpg,2021-09-08,0.10981345663265306,,,,,0.0
../data/satellite/aqua/2021/20210909_AQUA.jpg,2021-09-09,0.19688695790816327,,,,,0.0
../data/satellite/aqua/2021/20210910_AQUA.jpg,2021-09-10,0.40842235331632654,0.645488703459718,0.3281120382569658,0.026399258283316254,../data/satellite/aqua/2021/20210910_AQUA.jpg_classified.png,0.0
../data/satellite/aqua/2021/20210911_AQUA.jpg,2021-09-11,0.41238839285714285,0.7244828919389136,0.25947225981055483,0.016044848250531606,../data/satellite/aqua/2021/20210911_AQUA.jpg_classified.png,0.0
../data/satellite/aqua/2021/20210912_AQUA.jpg,2021-09-12,0.22462930484693877,0.548930884571023,0.25188536953242835,0.19918374589654866,../data/satellite/aqua/2021/20210912_AQUA.jpg_classified.png,0.0
../data/satellite/aqua/2021/20210913_AQUA.jpg,2021-09-13,0.14198022959183673,,,,,0.0
../data/satellite/aqua/2021/20210914_AQUA.jpg,2021-09-14,0.3401626275510204,0.7295523787204125,0.24554722287321304,0.0249003984063745,../data/satellite/aqua/2021/20210914_AQUA.jpg_classified.png,0.0
../data/satellite/aqua/2021/20210915_AQUA.jpg,2021-09-15,0.1270129145408163,,,,,0.0
../data/satellite/aqua/2021/20210916_AQUA.jpg,2021-09-16,0.4201610331632653,0.7003130632767289,0.2876387439521867,0.012048192771084338,../data/satellite/aqua/2021/20210916_AQUA.jpg_classified.png,0.0
../data/satellite/aqua/2021/20210917_AQUA.jpg,2021-09-17,0.28970025510204084,0.7587369290038525,0.2162905888827738,0.024972482113373693,../data/satellite/aqua/2021/20210917_AQUA.jpg_classified.png,0.0
../data/satellite/aqua/2021/20210918_AQUA.jpg,2021-09-18,0.37362484056122447,0.8125566757347842,0.17810849735957754,0.009334826905638235,../data/satellite/aqua/2021/20210918_AQUA.jpg_classified.png,0.0
../data/satellite/aqua/2021/20210919_AQUA.jpg,2021-09-19,0.325374681122449,0.8255543305157418,0.16458409898321696,0.009861570501041283,../data/satellite/aqua/2021/20210919_AQUA.jpg_classified.png,0.0
../data/satellite/aqua/2021/20210920_AQUA.jpg,2021-09-20,0.11525430484693877,,,,,0.0
../data/satellite/aqua/2021/20210921_AQUA.jpg,2021-09-21,0.38392857142857145,0.7464700996677741,0.23686669435215946,0.016663205980066445,../data/satellite/aqua/2021/20210921_AQUA.jpg_classified.png,0.0
../data/satellite/aqua/2021/20210922_AQUA.jpg,2021-09-22,0.16633450255102042,,,,,0.0
../data/satellite/aqua/2021/20210923_AQUA.jpg,2021-09-23,0.1864636479591837,,,,,0.0
../data/satellite/aqua/2021/20210924_AQUA.jpg,2021-09-24,0.3236806441326531,0.7652238162674713,0.20866941690782587,0.026106766824702914,../data/satellite/aqua/2021/20210924_AQUA.jpg_classified.png,0.0
../data/satellite/aqua/2021/20210925_AQUA.jpg,2021-09-25,0.3016382334183674,0.7971589032044929,0.1817641228939544,0.021076973901552692,../data/satellite/aqua/2021/20210925_AQUA.jpg_classified.png,0.0
../data/satellite/aqua/2021/20210926_AQUA.jpg,2021-09-26,0.5112205038265306,0.7957974347978636,0.19340376593505126,0.010798799267085104,../data/satellite/aqua/2021/20210926_AQUA.jpg_classified.png,0.0
../data/satellite/aqua/2021/20210927_AQUA.jpg,2021-09-27,0.5312898596938775,0.8878010353364844,0.10889789181483982,0.0033010728486758197,../data/satellite/aqua/2021/20210927_AQUA.jpg_classified.png,0.0
../data/satellite/aqua/2021/20210928_AQUA.jpg,2021-09-28,0.5699139030612245,0.8697719960833683,0.12764022940271366,0.0025877745139180307,../data/satellite/aqua/2021/20210928_AQUA.jpg_classified.png,0.0
../data/satellite/aqua/2021/20210929_AQUA.jpg,2021-09-29,0.17823262117346939,,,,,0.0
../data/satellite/aqua/2021/20210930_AQUA.jpg,2021-09-30,0.06166294642857143,,,,,0.0
../data/satellite/aqua/2021/20211001_AQUA.jpg,2021-10-01,0.046795280612244895,,,,,0.0
../data/satellite/aqua/2021/20211002_AQUA.jpg,2021-10-02,0.19284119897959184,,,,,0.0
../data/satellite/aqua/2021/20211003_AQUA.jpg,2021-10-03,0.07240513392857142,,,,,0.0
../data/satellite/aqua/2021/20211004_AQUA.jpg,2021-10-04,0.07635124362244898,,,,,0.0
../data/satellite/aqua/2021/20211005_AQUA.jpg,2021-10-05,0.2514548788265306,0.7980502496631529,0.1573274153919315,0.04462233494491559,../data/satellite/aqua/2021/20211005_AQUA.jpg_classified.png,0.0
../data/satellite/aqua/2021/20211006_AQUA.jpg,2021-10-06,0.1281688456632653,,,,,0.0
../data/satellite/aqua/2021/20211007_AQUA.jpg,2021-10-07,0.5168008609693877,0.8809532991400254,0.11692568740118005,0.002121013458794493,../data/satellite/aqua/2021/20211007_AQUA.jpg_classified.png,0.0
../data/satellite/aqua/2021/20211008_AQUA.jpg,2021-10-08,0.23238201530612246,0.692024013722127,0.26157804459691253,0.04639794168096055,../data/satellite/aqua/2021/20211008_AQUA.jpg_classified.png,0.0
../data/satellite/aqua/2021/20211009_AQUA.jpg,2021-10-09,0.05833466198979592,,,,,0.0
../data/satellite/aqua/2021/20211010_AQUA.jpg,2021-10-10,0.05933115433673469,,,,,0.0
../data/satellite/aqua/2021/20211011_AQUA.jpg,2021-10-11,0.08260921556122448,,,,,0.0
../data/satellite/aqua/2021/20211012_AQUA.jpg,2021-10-12,0.13337053571428573,,,,,0.0
../data/satellite/aqua/2021/20211013_AQUA.jpg,2021-10-13,0.12193080357142858,,,,,0.0
../data/satellite/aqua/2021/20211014_AQUA.jpg,2021-10-14,0.05044244260204082,,,,,0.0
../data/satellite/aqua/2021/20211015_AQUA.jpg,2021-10-15,0.4110530931122449,0.8426666666666667,0.1489939393939394,0.00833939393939394,../data/satellite/aqua/2021/20211015_AQUA.jpg_classified.png,0.0
../data/satellite/aqua/2021/20211016_AQUA.jpg,2021-10-16,0.5452208227040817,0.9635924991775414,0.03560331907738422,0.0008041817450743868,../data/satellite/aqua/2021/20211016_AQUA.jpg_classified.png,0.0
../data/satellite/aqua/2021/20211017_AQUA.jpg,2021-10-17,0.4248644770408163,0.6547987616099071,0.34327798104887886,0.0019232573412139976,../data/satellite/aqua/2021/20211017_AQUA.jpg_classified.png,0.0
../data/satellite/aqua/2021/20211018_AQUA.jpg,2021-10-18,0.267578125,0.6213317443765828,0.3750186205869209,0.0036496350364963502,../data/satellite/aqua/2021/20211018_AQUA.jpg_classified.png,0.0
../data/satellite/aqua/2021/20211019_AQUA.jpg,2021-10-19,0.046217315051020405,,,,,0.0
../data/satellite/aqua/2021/20211020_AQUA.jpg,2021-10-20,0.0390625,,,,,0.0
../data/satellite/aqua/2021/20211021_AQUA.jpg,2021-10-21,0.20001594387755103,0.6822439218812276,0.27431247508967715,0.04344360302909526,../data/satellite/aqua/2021/20211021_AQUA.jpg_classified.png,0.0
../data/satellite/aqua/2021/20211022_AQUA.jpg,2021-10-22,0.10401387117346939,,,,,0.0
../data/satellite/aqua/2021/20211023_AQUA.jpg,2021-10-23,0.1778140943877551,,,,,0.0
../data/satellite/aqua/2021/20211024_AQUA.jpg,2021-10-24,0.1296436543367347,,,,,0.0
../data/satellite/aqua/2021/20211025_AQUA.jpg,2021-10-25,0.41834741709183676,0.9127721404411414,0.08065361345338479,0.006574246105473774,../data/satellite/aqua/2021/20211025_AQUA.jpg_classified.png,0.0
../data/satellite/aqua/2021/20211026_AQUA.jpg,2021-10-26,0.18869579081632654,,,,,0.0052016900510204085
../data/satellite/aqua/2021/20211027_AQUA.jpg,2021-10-27,0.0556640625,,,,,0.0
../data/satellite/aqua/2021/20211028_AQUA.jpg,2021-10-28,0.18470982142857142,,,,,0.0
../data/satellite/aqua/2021/20211029_AQUA.jpg,2021-10-29,0.34550382653061223,0.6645131518227965,0.3284494693124135,0.0070373788647900325,../data/satellite/aqua/2021/20211029_AQUA.jpg_classified.png,0.0
../data/satellite/aqua/2021/20211030_AQUA.jpg,2021-10-30,0.06244021045918367,,,,,0.0
../data/satellite/aqua/2021/20211031_AQUA.jpg,2021-10-31,0.024713010204081634,,,,,0.0
../data/satellite/aqua/2021/20211101_AQUA.jpg,2021-11-01,0.05933115433673469,,,,,0.027004942602040817
../data/satellite/aqua/2021/20211102_AQUA.jpg,2021-11-02,0.15013153698979592,,,,,0.10829878826530612
../data/satellite/aqua/2021/20211103_AQUA.jpg,2021-11-03,0.24445950255102042,0.6806619924995924,0.1546551443013207,0.1646828631990869,../data/satellite/aqua/2021/20211103_AQUA.jpg_classified.png,0.17958785076530612
../data/satellite/aqua/2021/20211104_AQUA.jpg,2021-11-04,,,,,,0.39335538903061223
../data/satellite/aqua/2021/20211105_AQUA.jpg,2021-11-05,,,,,,0.40587133290816324
../data/satellite/aqua/2021/20211106_AQUA.jpg,2021-11-06,,,,,,0.6382334183673469
../data/satellite/aqua/2021/20211107_AQUA.jpg,2021-11-07,,,,,,0.6455277423469388
../data/satellite/aqua/2021/20211108_AQUA.jpg,2021-11-08,,,,,,0.7088647959183674
../data/satellite/aqua/2021/20211109_AQUA.jpg,2021-11-09,,,,,,0.7099410076530612
../data/satellite/aqua/2021/20211110_AQUA.jpg,2021-11-10,,,,,,0.7099410076530612
../data/satellite/aqua/2021/20211111_AQUA.jpg,2021-11-11,,,,,,0.7099410076530612
../data/satellite/aqua/2021/20211112_AQUA.jpg,2021-11-12,,,,,,0.7099410076530612
../data/satellite/aqua/2021/20211113_AQUA.jpg,2021-11-13,,,,,,0.7099410076530612
../data/satellite/aqua/2021/20211114_AQUA.jpg,2021-11-14,,,,,,0.7099410076530612
../data/satellite/aqua/2021/20211115_AQUA.jpg,2021-11-15,,,,,,0.7099410076530612
../data/satellite/aqua/2021/20211116_AQUA.jpg,2021-11-16,,,,,,0.7099410076530612
../data/satellite/aqua/2021/20211117_AQUA.jpg,2021-11-17,,,,,,0.7099410076530612
../data/satellite/aqua/2021/20211118_AQUA.jpg,2021-11-18,,,,,,0.7099410076530612
../data/satellite/aqua/2021/20211119_AQUA.jpg,2021-11-19,,,,,,0.7099410076530612
../data/satellite/aqua/2021/20211120_AQUA.jpg,2021-11-20,,,,,,0.7099410076530612
../data/satellite/aqua/2021/20211121_AQUA.jpg,2021-11-21,,,,,,0.7099410076530612
../data/satellite/aqua/2021/20211122_AQUA.jpg,2021-11-22,,,,,,0.7099410076530612
../data/satellite/aqua/2021/20211123_AQUA.jpg,2021-11-23,,,,,,0.7099410076530612
../data/satellite/aqua/2021/20211124_AQUA.jpg,2021-11-24,,,,,,0.7099410076530612
../data/satellite/aqua/2021/20211125_AQUA.jpg,2021-11-25,,,,,,0.7099410076530612
../data/satellite/aqua/2021/20211126_AQUA.jpg,2021-11-26,,,,,,0.7099410076530612
../data/satellite/aqua/2021/20211127_AQUA.jpg,2021-11-27,,,,,,0.7099410076530612
../data/satellite/aqua/2021/20211128_AQUA.jpg,2021-11-28,,,,,,0.7099410076530612
../data/satellite/aqua/2021/20211129_AQUA.jpg,2021-11-29,,,,,,0.7099410076530612
../data/satellite/aqua/2021/20211130_AQUA.jpg,2021-11-30,,,,,,0.7099410076530612
../data/satellite/aqua/2021/20211201_AQUA.jpg,2021-12-01,,,,,,0.7099410076530612
../data/satellite/aqua/2021/20211202_AQUA.jpg,2021-12-02,,,,,,0.7099410076530612
../data/satellite/aqua/2021/20211203_AQUA.jpg,2021-12-03,,,,,,0.7099410076530612
../data/satellite/aqua/2021/20211204_AQUA.jpg,2021-12-04,,,,,,0.7099410076530612
../data/satellite/aqua/2021/20211205_AQUA.jpg,2021-12-05,,,,,,0.7099410076530612
../data/satellite/aqua/2021/20211206_AQUA.jpg,2021-12-06,,,,,,0.7099410076530612
../data/satellite/aqua/2021/20211207_AQUA.jpg,2021-12-07,,,,,,0.7099410076530612
../data/satellite/aqua/2021/20211208_AQUA.jpg,2021-12-08,,,,,,0.7099410076530612
../data/satellite/aqua/2021/20211209_AQUA.jpg,2021-12-09,,,,,,0.7099410076530612
../data/satellite/aqua/2021/20211210_AQUA.jpg,2021-12-10,,,,,,0.7099410076530612
../data/satellite/aqua/2021/20211211_AQUA.jpg,2021-12-11,,,,,,0.7099410076530612
../data/satellite/aqua/2021/20211212_AQUA.jpg,2021-12-12,,,,,,0.7099410076530612
../data/satellite/aqua/2021/20211213_AQUA.jpg,2021-12-13,,,,,,0.7099410076530612
../data/satellite/aqua/2021/20211214_AQUA.jpg,2021-12-14,,,,,,0.7099410076530612
../data/satellite/aqua/2021/20211215_AQUA.jpg,2021-12-15,,,,,,0.7099410076530612
../data/satellite/aqua/2021/20211216_AQUA.jpg,2021-12-16,,,,,,0.7099410076530612
../data/satellite/aqua/2021/20211217_AQUA.jpg,2021-12-17,,,,,,0.7099410076530612
../data/satellite/aqua/2021/20211218_AQUA.jpg,2021-12-18,,,,,,0.7099410076530612
../data/satellite/aqua/2021/20211219_AQUA.jpg,2021-12-19,,,,,,0.7099410076530612
../data/satellite/aqua/2021/20211220_AQUA.jpg,2021-12-20,,,,,,0.7099410076530612
../data/satellite/aqua/2021/20211221_AQUA.jpg,2021-12-21,,,,,,0.7099410076530612
../data/satellite/aqua/2021/20211222_AQUA.jpg,2021-12-22,,,,,,0.7099410076530612
../data/satellite/aqua/2021/20211223_AQUA.jpg,2021-12-23,,,,,,0.7099410076530612
../data/satellite/aqua/2021/20211224_AQUA.jpg,2021-12-24,,,,,,0.7099410076530612
../data/satellite/aqua/2021/20211225_AQUA.jpg,2021-12-25,,,,,,0.7099410076530612
../data/satellite/aqua/2021/20211226_AQUA.jpg,2021-12-26,,,,,,0.7099410076530612
../data/satellite/aqua/2021/20211227_AQUA.jpg,2021-12-27,,,,,,0.7099410076530612
../data/satellite/aqua/2021/20211228_AQUA.jpg,2021-12-28,,,,,,0.7099410076530612
../data/satellite/aqua/2021/20211229_AQUA.jpg,2021-12-29,,,,,,0.7099410076530612
../data/satellite/aqua/2021/20211230_AQUA.jpg,2021-12-30,,,,,,0.7099410076530612
../data/satellite/aqua/2021/20211231_AQUA.jpg,2021-12-31,,,,,,0.7099410076530612
../data/satellite/aqua/2022/20220101_AQUA.jpg,2022-01-01,,,,,,0.7099410076530612
../data/satellite/aqua/2022/20220102_AQUA.jpg,2022-01-02,,,,,,0.7099410076530612
../data/satellite/aqua/2022/20220103_AQUA.jpg,2022-01-03,,,,,,0.7099410076530612
../data/satellite/aqua/2022/20220104_AQUA.jpg,2022-01-04,,,,,,0.7099410076530612
../data/satellite/aqua/2022/20220105_AQUA.jpg,2022-01-05,,,,,,0.7099410076530612
../data/satellite/aqua/2022/20220106_AQUA.jpg,2022-01-06,,,,,,0.7099410076530612
../data/satellite/aqua/2022/20220107_AQUA.jpg,2022-01-07,,,,,,0.7099410076530612
../data/satellite/aqua/2022/20220108_AQUA.jpg,2022-01-08,,,,,,0.7099410076530612
../data/satellite/aqua/2022/20220109_AQUA.jpg,2022-01-09,,,,,,0.7099410076530612
../data/satellite/aqua/2022/20220110_AQUA.jpg,2022-01-10,,,,,,0.7099410076530612
../data/satellite/aqua/2022/20220111_AQUA.jpg,2022-01-11,,,,,,0.7099410076530612
../data/satellite/aqua/2022/20220112_AQUA.jpg,2022-01-12,,,,,,0.7099410076530612
../data/satellite/aqua/2022/20220113_AQUA.jpg,2022-01-13,,,,,,0.7099410076530612
../data/satellite/aqua/2022/20220114_AQUA.jpg,2022-01-14,,,,,,0.7099410076530612
../data/satellite/aqua/2022/20220115_AQUA.jpg,2022-01-15,,,,,,0.7099410076530612
../data/satellite/aqua/2022/20220116_AQUA.jpg,2022-01-16,,,,,,0.7099410076530612
../data/satellite/aqua/2022/20220117_AQUA.jpg,2022-01-17,,,,,,0.7099410076530612
../data/satellite/aqua/2022/20220118_AQUA.jpg,2022-01-18,,,,,,0.7099410076530612
../data/satellite/aqua/2022/20220119_AQUA.jpg,2022-01-19,,,,,,0.7099410076530612
../data/satellite/aqua/2022/20220120_AQUA.jpg,2022-01-20,,,,,,0.7099410076530612
../data/satellite/aqua/2022/20220121_AQUA.jpg,2022-01-21,,,,,,0.7099410076530612
../data/satellite/aqua/2022/20220122_AQUA.jpg,2022-01-22,,,,,,0.7099410076530612
../data/satellite/aqua/2022/20220123_AQUA.jpg,2022-01-23,,,,,,0.7099410076530612
../data/satellite/aqua/2022/20220124_AQUA.jpg,2022-01-24,,,,,,0.7099410076530612
../data/satellite/aqua/2022/20220125_AQUA.jpg,2022-01-25,,,,,,0.7099410076530612
../data/satellite/aqua/2022/20220126_AQUA.jpg,2022-01-26,,,,,,0.7099410076530612
../data/satellite/aqua/2022/20220127_AQUA.jpg,2022-01-27,,,,,,0.7099410076530612
../data/satellite/aqua/2022/20220128_AQUA.jpg,2022-01-28,,,,,,0.7099410076530612
../data/satellite/aqua/2022/20220129_AQUA.jpg,2022-01-29,,,,,,0.7099410076530612
../data/satellite/aqua/2022/20220130_AQUA.jpg,2022-01-30,,,,,,0.7099410076530612
../data/satellite/aqua/2022/20220131_AQUA.jpg,2022-01-31,,,,,,0.7099410076530612
../data/satellite/aqua/2022/20220201_AQUA.jpg,2022-02-01,,,,,,0.7099410076530612
../data/satellite/aqua/2022/20220202_AQUA.jpg,2022-02-02,,,,,,0.7099410076530612
../data/satellite/aqua/2022/20220203_AQUA.jpg,2022-02-03,,,,,,0.6222098214285714
../data/satellite/aqua/2022/20220204_AQUA.jpg,2022-02-04,,,,,,0.6135403380102041
../data/satellite/aqua/2022/20220205_AQUA.jpg,2022-02-05,,,,,,0.37699298469387754
../data/satellite/aqua/2022/20220206_AQUA.jpg,2022-02-06,,,,,,0.345882493622449
../data/satellite/aqua/2022/20220207_AQUA.jpg,2022-02-07,0.17645886479591838,,,,,0.15720663265306123
../data/satellite/aqua/2022/20220208_AQUA.jpg,2022-02-08,,,,,,0.33615672831632654
../data/satellite/aqua/2022/20220209_AQUA.jpg,2022-02-09,0.0803970025510204,,,,,0.0
../data/satellite/aqua/2022/20220210_AQUA.jpg,2022-02-10,0.15497448979591838,,,,,0.0
../data/satellite/aqua/2022/20220211_AQUA.jpg,2022-02-11,0.07266422193877552,,,,,0.0
../data/satellite/aqua/2022/20220212_AQUA.jpg,2022-02-12,0.07146843112244898,,,,,0.0
../data/satellite/aqua/2022/20220213_AQUA.jpg,2022-02-13,0.08468191964285714,,,,,0.0
../data/satellite/aqua/2022/20220214_AQUA.jpg,2022-02-14,0.11658960459183673,,,,,0.0
../data/satellite/aqua/2022/20220215_AQUA.jpg,2022-02-15,0.07842394770408163,,,,,0.0
../data/satellite/aqua/2022/20220216_AQUA.jpg,2022-02-16,,,,,,0.2665417729591837
../data/satellite/aqua/2022/20220217_AQUA.jpg,2022-02-17,0.07734773596938775,,,,,0.0
../data/satellite/aqua/2022/20220226_AQUA.jpg,2022-02-26,0.09811463647959184,,,,,0.0
../data/satellite/aqua/2022/20220227_AQUA.jpg,2022-02-27,0.09811463647959184,,,,,0.0
../data/satellite/aqua/2022/20220228_AQUA.jpg,2022-02-28,,,,,,0.2653061224489796
../data/satellite/aqua/2022/20220301_AQUA.jpg,2022-03-01,0.1945750956632653,,,,,0.0
../data/satellite/aqua/2022/20220302_AQUA.jpg,2022-03-02,0.07577327806122448,,,,,0.0
../data/satellite/aqua/2022/20220303_AQUA.jpg,2022-03-03,0.08384486607142858,,,,,0.0
../data/satellite/aqua/2022/20220304_AQUA.jpg,2022-03-04,0.20481903698979592,0.4667704583049528,0.3522428724335896,0.18098666926145762,../data/satellite/aqua/2022/20220304_AQUA.jpg_classified.png,0.0
../data/satellite/aqua/2022/20220305_AQUA.jpg,2022-03-05,0.05658083545918367,,,,,0.0
../data/satellite/aqua/2022/20220306_AQUA.jpg,2022-03-06,0.05845424107142857,,,,,0.0
../data/satellite/aqua/2022/20220307_AQUA.jpg,2022-03-07,0.08428332270408163,,,,,0.0
../data/satellite/aqua/2022/20220308_AQUA.jpg,2022-03-08,0.17428651147959184,,,,,0.0
../data/satellite/aqua/2022/20220309_AQUA.jpg,2022-03-09,0.064453125,,,,,0.0
../data/satellite/aqua/2022/20220310_AQUA.jpg,2022-03-10,0.064453125,,,,,0.0
../data/satellite/aqua/2022/20220311_AQUA.jpg,2022-03-11,0.13675860969387754,,,,,0.0
../data/satellite/aqua/2022/20220312_AQUA.jpg,2022-03-12,0.08629623724489796,,,,,0.0
../data/satellite/aqua/2022/20220313_AQUA.jpg,2022-03-13,0.07912149234693877,,,,,0.0
../data/satellite/aqua/2022/20220314_AQUA.jpg,2022-03-14,0.07489636479591837,,,,,0.0
../data/satellite/aqua/2022/20220315_AQUA.jpg,2022-03-15,0.06261957908163265,,,,,0.0
../data/satellite/aqua/2022/20220316_AQUA.jpg,2022-03-16,0.06676498724489796,,,,,0.0
../data/satellite/aqua/2022/20220317_AQUA.jpg,2022-03-17,0.12374441964285714,,,,,0.0
../data/satellite/aqua/2022/20220318_AQUA.jpg,2022-03-18,0.07362085459183673,,,,,0.0
../data/satellite/aqua/2022/20220319_AQUA.jpg,2022-03-19,0.0587531887755102,,,,,0.0
../data/satellite/aqua/2022/20220320_AQUA.jpg,2022-03-20,0.10323660714285714,,,,,0.0
../data/satellite/aqua/2022/20220321_AQUA.jpg,2022-03-21,0.1462452168367347,,,,,0.0
../data/satellite/aqua/2022/20220322_AQUA.jpg,2022-03-22,0.08396444515306123,,,,,0.0
../data/satellite/aqua/2022/20220323_AQUA.jpg,2022-03-23,0.08571827168367346,,,,,0.0
../data/satellite/aqua/2022/20220324_AQUA.jpg,2022-03-24,0.07589285714285714,,,,,0.0
../data/satellite/aqua/2022/20220325_AQUA.jpg,2022-03-25,0.07503587372448979,,,,,0.0
../data/satellite/aqua/2022/20220326_AQUA.jpg,2022-03-26,0.0856186224489796,,,,,0.0
../data/satellite/aqua/2022/20220327_AQUA.jpg,2022-03-27,0.10780054209183673,,,,,0.0
../data/satellite/aqua/2022/20220328_AQUA.jpg,2022-03-28,0.1136001275510204,,,,,0.0
../data/satellite/aqua/2022/20220329_AQUA.jpg,2022-03-29,0.11700813137755102,,,,,0.0
../data/satellite/aqua/2022/20220330_AQUA.jpg,2022-03-30,0.11864237882653061,,,,,0.0
../data/satellite/aqua/2022/20220331_AQUA.jpg,2022-03-31,0.09771603954081633,,,,,0.0
../data/satellite/aqua/2022/20220401_AQUA.jpg,2022-04-01,,,,,,0.7099410076530612
../data/satellite/aqua/2022/20220402_AQUA.jpg,2022-04-02,,,,,,0.7099410076530612
../data/satellite/aqua/2022/20220403_AQUA.jpg,2022-04-03,,,,,,0.7099410076530612
../data/satellite/aqua/2022/20220404_AQUA.jpg,2022-04-04,,,,,,0.7099410076530612
../data/satellite/aqua/2022/20220405_AQUA.jpg,2022-04-05,,,,,,0.7099410076530612
../data/satellite/aqua/2022/20220406_AQUA.jpg,2022-04-06,,,,,,0.7099410076530612
../data/satellite/aqua/2022/20220407_AQUA.jpg,2022-04-07,,,,,,0.7099410076530612
../data/satellite/aqua/2022/20220408_AQUA.jpg,2022-04-08,,,,,,0.7099410076530612
../data/satellite/aqua/2022/20220409_AQUA.jpg,2022-04-09,,,,,,0.7099410076530612
../data/satellite/aqua/2022/20220410_AQUA.jpg,2022-04-10,,,,,,0.7099410076530612
../data/satellite/aqua/2022/20220411_AQUA.jpg,2022-04-11,,,,,,0.7099410076530612
../data/satellite/aqua/2022/20220412_AQUA.jpg,2022-04-12,,,,,,0.7099410076530612
../data/satellite/aqua/2022/20220413_AQUA.jpg,2022-04-13,,,,,,0.7099410076530612
../data/satellite/aqua/2022/20220414_AQUA.jpg,2022-04-14,,,,,,0.7099410076530612
../data/satellite/aqua/2022/20220415_AQUA.jpg,2022-04-15,,,,,,0.7099410076530612
../data/satellite/aqua/2022/20220416_AQUA.jpg,2022-04-16,,,,,,0.7099410076530612
../data/satellite/aqua/2022/20220417_AQUA.jpg,2022-04-17,0.10198102678571429,,,,,0.0
../data/satellite/aqua/2022/20220418_AQUA.jpg,2022-04-18,0.07310267857142858,,,,,0.0
../data/satellite/aqua/2022/20220419_AQUA.jpg,2022-04-19,0.0725845025510204,,,,,0.0
../data/satellite/aqua/2022/20220420_AQUA.jpg,2022-04-20,0.1389110331632653,,,,,0.0
../data/satellite/aqua/2022/20220421_AQUA.jpg,2022-04-21,0.09237484056122448,,,,,0.0
../data/satellite/aqua/2022/20220422_AQUA.jpg,2022-04-22,0.06997369260204081,,,,,0.0
../data/satellite/aqua/2022/20220423_AQUA.jpg,2022-04-23,0.07651068239795919,,,,,0.0
../data/satellite/aqua/2022/20220424_AQUA.jpg,2022-04-24,0.08494100765306123,,,,,0.0
../data/satellite/aqua/2022/20220426_AQUA.jpg,2022-04-26,0.06907684948979592,,,,,0.0
../data/satellite/aqua/2022/20220427_AQUA.jpg,2022-04-27,0.06600765306122448,,,,,0.0
../data/satellite/aqua/2022/20220428_AQUA.jpg,2022-04-28,0.06690449617346939,,,,,0.0
../data/satellite/aqua/2022/20220429_AQUA.jpg,2022-04-29,0.0860172193877551,,,,,0.0
../data/satellite/aqua/2022/20220430_AQUA.jpg,2022-04-30,0.1259765625,,,,,0.0
../data/satellite/aqua/2022/20220501_AQUA.jpg,2022-05-01,0.17454559948979592,,,,,0.0
../data/satellite/aqua/2022/20220502_AQUA.jpg,2022-05-02,0.1632453762755102,,,,,0.0
../data/satellite/aqua/2022/20220503_AQUA.jpg,2022-05-03,0.1600765306122449,,,,,0.0
../data/satellite/aqua/2022/20220504_AQUA.jpg,2022-05-04,0.07354113520408163,,,,,0.0
../data/satellite/aqua/2022/20220506_AQUA.jpg,2022-05-06,0.1836535395408163,,,,,0.0
../data/satellite/aqua/2022/20220507_AQUA.jpg,2022-05-07,0.16037547831632654,,,,,0.0
../data/satellite/aqua/2022/20220508_AQUA.jpg,2022-05-08,0.15138711734693877,,,,,0.0
../data/satellite/aqua/2022/20220509_AQUA.jpg,2022-05-09,0.06407445790816327,,,,,0.0
../data/satellite/aqua/2022/20220510_AQUA.jpg,2022-05-10,0.095703125,,,,,0.0
../data/satellite/aqua/2022/20220511_AQUA.jpg,2022-05-11,0.15515385841836735,,,,,0.0
../data/satellite/aqua/2022/20220512_AQUA.jpg,2022-05-12,0.16663345025510204,,,,,0.0
../data/satellite/aqua/2022/20220513_AQUA.jpg,2022-05-13,0.10875717474489796,,,,,0.0
../data/satellite/aqua/2022/20220514_AQUA.jpg,2022-05-14,0.18999123086734693,,,,,0.0
../data/satellite/aqua/2022/20220515_AQUA.jpg,2022-05-15,0.1564891581632653,,,,,0.0
../data/satellite/aqua/2022/20220516_AQUA.jpg,2022-05-16,0.21414620535714285,0.4309911586784551,0.2877617496510005,0.28124709167054446,../data/satellite/aqua/2022/20220516_AQUA.jpg_classified.png,0.0
../data/satellite/aqua/2022/20220518_AQUA.jpg,2022-05-18,0.13707748724489796,,,,,0.0
../data/satellite/aqua/2022/20220519_AQUA.jpg,2022-05-19,0.14156170280612246,,,,,0.0
../data/satellite/aqua/2022/20220520_AQUA.jpg,2022-05-20,0.23539142219387754,0.519007704682076,0.2506985013970028,0.23029379392092117,../data/satellite/aqua/2022/20220520_AQUA.jpg_classified.png,0.0
../data/satellite/aqua/2022/20220521_AQUA.jpg,2022-05-21,0.1517657844387755,,,,,0.0
../data/satellite/aqua/2022/20220522_AQUA.jpg,2022-05-22,0.06877790178571429,,,,,0.0
../data/satellite/aqua/2022/20220523_AQUA.jpg,2022-05-23,0.062220982142857144,,,,,0.0
../data/satellite/aqua/2022/20220524_AQUA.jpg,2022-05-24,0.12228954081632654,,,,,0.0
../data/satellite/aqua/2022/20220525_AQUA.jpg,2022-05-25,0.11700813137755102,,,,,0.0
../data/satellite/aqua/2022/20220526_AQUA.jpg,2022-05-26,0.19549186862244897,,,,,0.0
../data/satellite/aqua/2022/20220527_AQUA.jpg,2022-05-27,0.1826171875,,,,,0.0
../data/satellite/aqua/2022/20220528_AQUA.jpg,2022-05-28,0.25035873724489793,0.5597038688106989,0.3137239293106193,0.12657220187868173,../data/satellite/aqua/2022/20220528_AQUA.jpg_classified.png,0.0
../data/satellite/aqua/2022/20220529_AQUA.jpg,2022-05-29,0.2523716517857143,0.5943299376135197,0.2845297322909263,0.12114033009555397,../data/satellite/aqua/2022/20220529_AQUA.jpg_classified.png,0.0
../data/satellite/aqua/2022/20220530_AQUA.jpg,2022-05-30,0.22763871173469388,0.5231132901418315,0.35344072841884083,0.12344598143932761,../data/satellite/aqua/2022/20220530_AQUA.jpg_classified.png,0.0
../data/satellite/aqua/2022/20220531_AQUA.jpg,2022-05-31,0.21446508290816327,0.4998606077502091,0.3983830499024254,0.10175634234736548,../data/satellite/aqua/2022/20220531_AQUA.jpg_classified.png,0.0
../data/satellite/aqua/2022/20220601_AQUA.jpg,2022-06-01,0.15541294642857142,,,,,0.0
../data/satellite/aqua/2022/20220602_AQUA.jpg,2022-06-02,0.2901985012755102,0.6321681203214065,0.2546528397774878,0.1131790399011057,../data/satellite/aqua/2022/20220602_AQUA.jpg_classified.png,0.0
../data/satellite/aqua/2022/20220603_AQUA.jpg,2022-06-03,0.14638472576530612,,,,,0.0
../data/satellite/aqua/2022/20220604_AQUA.jpg,2022-06-04,0.41037547831632654,0.636783060560439,0.27817978728570736,0.08503715215385363,../data/satellite/aqua/2022/20220604_AQUA.jpg_classified.png,0.0
../data/satellite/aqua/2022/20220605_AQUA.jpg,2022-06-05,0.45920360331632654,0.7147693242480795,0.208063886116054,0.0771667896358665,../data/satellite/aqua/2022/20220605_AQUA.jpg_classified.png,0.0
../data/satellite/aqua/2022/20220606_AQUA.jpg,2022-06-06,0.48311941964285715,0.6492306423002351,0.3113320407573945,0.03943731694237036,../data/satellite/aqua/2022/20220606_AQUA.jpg_classified.png,0.0
../data/satellite/aqua/2022/20220607_AQUA.jpg,2022-06-07,0.5114596619897959,0.7806180103651171,0.17164789775162687,0.04773409188325605,../data/satellite/aqua/2022/20220607_AQUA.jpg_classified.png,0.0
../data/satellite/aqua/2022/20220608_AQUA.jpg,2022-06-08,0.1834343112244898,,,,,0.0
../data/satellite/aqua/2022/20220609_AQUA.jpg,2022-06-09,0.03730867346938776,,,,,0.0
../data/satellite/aqua/2022/20220610_AQUA.jpg,2022-06-10,0.13161670918367346,,,,,0.0
../data/satellite/aqua/2022/20220611_AQUA.jpg,2022-06-11,0.2559390943877551,0.6830711727145304,0.28866220214919797,0.02826662513627161,../data/satellite/aqua/2022/20220611_AQUA.jpg_classified.png,0.0
../data/satellite/aqua/2022/20220612_AQUA.jpg,2022-06-12,0.057736766581632654,,,,,0.0
../data/satellite/aqua/2022/20220613_AQUA.jpg,2022-06-13,0.0794204400510204,,,,,0.0
../data/satellite/aqua/2022/20220614_AQUA.jpg,2022-06-14,0.13337053571428573,,,,,0.0
../data/satellite/aqua/2022/20220615_AQUA.jpg,2022-06-15,0.2430843431122449,0.6410592768713618,0.30999426088382387,0.0489464622448143,../data/satellite/aqua/2022/20220615_AQUA.jpg_classified.png,0.0
../data/satellite/aqua/2022/20220616_AQUA.jpg,2022-06-16,0.24288504464285715,0.7912529744810044,0.18872569131041272,0.020021334208582917,../data/satellite/aqua/2022/20220616_AQUA.jpg_classified.png,0.0
../data/satellite/aqua/2022/20220617_AQUA.jpg,2022-06-17,0.05845424107142857,,,,,0.0
../data/satellite/aqua/2022/20220618_AQUA.jpg,2022-06-18,0.02072704081632653,,,,,0.0
../data/satellite/aqua/2022/20220619_AQUA.jpg,2022-06-19,0.2109972895408163,0.7893643147256069,0.19259469160290923,0.018040993671483894,../data/satellite/aqua/2022/20220619_AQUA.jpg_classified.png,0.0
../data/satellite/aqua/2022/20220620_AQUA.jpg,2022-06-20,0.3821348852040816,0.6962031918222593,0.2766767497653072,0.027120058412433503,../data/satellite/aqua/2022/20220620_AQUA.jpg_classified.png,0.0
../data/satellite/aqua/2022/20220621_AQUA.jpg,2022-06-21,0.028918207908163265,,,,,0.0
../data/satellite/aqua/2022/20220622_AQUA.jpg,2022-06-22,0.056760204081632654,,,,,0.0
../data/satellite/aqua/2022/20220623_AQUA.jpg,2022-06-23,0.05389030612244898,,,,,0.0
../data/satellite/aqua/2022/20220624_AQUA.jpg,2022-06-24,0.10381457270408163,,,,,0.0
../data/satellite/aqua/2022/20220625_AQUA.jpg,2022-06-25,0.06501116071428571,,,,,0.0
../data/satellite/aqua/2022/20220626_AQUA.jpg,2022-06-26,0.5396006058673469,0.8447276084949216,0.14810710987996306,0.00716528162511542,../data/satellite/aqua/2022/20220626_AQUA.jpg_classified.png,0.0
../data/satellite/aqua/2022/20220627_AQUA.jpg,2022-06-27,,,,,,0.7099410076530612
../data/satellite/aqua/2022/20220628_AQUA.jpg,2022-06-28,,,,,,0.7099410076530612
../data/satellite/aqua/2022/20220629_AQUA.jpg,2022-06-29,0.0506218112244898,,,,,0.0
../data/satellite/aqua/2022/20220630_AQUA.jpg,2022-06-30,0.04954559948979592,,,,,0.0
../data/satellite/aqua/2022/20220701_AQUA.jpg,2022-07-01,0.5458187181122449,0.8647898638039946,0.12725015518311608,0.007959981012889326,../data/satellite/aqua/2022/20220701_AQUA.jpg_classified.png,0.0
../data/satellite/aqua/2022/20220702_AQUA.jpg,2022-07-02,0.04278938137755102,,,,,0.0
../data/satellite/aqua/2022/20220703_AQUA.jpg,2022-07-03,0.3053451849489796,0.8304940930748645,0.13530448404151166,0.03420142288362379,../data/satellite/aqua/2022/20220703_AQUA.jpg_classified.png,0.0
../data/satellite/aqua/2022/20220704_AQUA.jpg,2022-07-04,0.5764508928571429,0.8587332319181302,0.1397455400359563,0.0015212280459134283,../data/satellite/aqua/2022/20220704_AQUA.jpg_classified.png,0.0
../data/satellite/aqua/2022/20220705_AQUA.jpg,2022-07-05,0.4278938137755102,0.8537494177922683,0.13311597578015835,0.013134606427573359,../data/satellite/aqua/2022/20220705_AQUA.jpg_classified.png,0.0
../data/satellite/aqua/2022/20220706_AQUA.jpg,2022-07-06,0.4979671556122449,0.8812134795485472,0.11042183622828784,0.008364684223164972,../data/satellite/aqua/2022/20220706_AQUA.jpg_classified.png,0.0
../data/satellite/aqua/2022/20220707_AQUA.jpg,2022-07-07,0.12739158163265307,,,,,0.0
../data/satellite/aqua/2022/20220708_AQUA.jpg,2022-07-08,0.17729591836734693,,,,,0.0
../data/satellite/aqua/2022/20220709_AQUA.jpg,2022-07-09,0.4230907206632653,0.8664091572848462,0.12421687314522586,0.009373969569927929,../data/satellite/aqua/2022/20220709_AQUA.jpg_classified.png,0.015784438775510203
../data/satellite/aqua/2022/20220710_AQUA.jpg,2022-07-10,0.13893096301020408,,,,,0.0
../data/satellite/aqua/2022/20220711_AQUA.jpg,2022-07-11,0.10616629464285714,,,,,0.0
../data/satellite/aqua/2022/20220712_AQUA.jpg,2022-07-12,0.05492665816326531,,,,,0.0
../data/satellite/aqua/2022/20220713_AQUA.jpg,2022-07-13,0.06186224489795918,,,,,0.0
../data/satellite/aqua/2022/20220714_AQUA.jpg,2022-07-14,0.12326610331632654,,,,,0.0
../data/satellite/aqua/2022/20220715_AQUA.jpg,2022-07-15,0.5734813456632653,0.9039096437880104,0.09546481320590791,0.0006255430060816682,../data/satellite/aqua/2022/20220715_AQUA.jpg_classified.png,0.0
../data/satellite/aqua/2022/20220716_AQUA.jpg,2022-07-16,0.23399633290816327,0.7851971723021889,0.19827953325951791,0.01652329443829316,../data/satellite/aqua/2022/20220716_AQUA.jpg_classified.png,0.0
../data/satellite/aqua/2022/20220717_AQUA.jpg,2022-07-17,0.4438576211734694,0.7939472857078712,0.20039513268375914,0.005657581608369629,../data/satellite/aqua/2022/20220717_AQUA.jpg_classified.png,0.0
../data/satellite/aqua/2022/20220718_AQUA.jpg,2022-07-18,0.24669164540816327,0.7470512199062853,0.2251575375666505,0.027791242527064147,../data/satellite/aqua/2022/20220718_AQUA.jpg_classified.png,0.0
../data/satellite/aqua/2022/20220719_AQUA.jpg,2022-07-19,0.08882732780612244,,,,,0.0
../data/satellite/aqua/2022/20220720_AQUA.jpg,2022-07-20,0.31556919642857145,0.6930655551345206,0.28906151319944423,0.017872931666035114,../data/satellite/aqua/2022/20220720_AQUA.jpg_classified.png,0.0
../data/satellite/aqua/2022/20220721_AQUA.jpg,2022-07-21,0.0653499681122449,,,,,0.0
../data/satellite/aqua/2022/20220722_AQUA.jpg,2022-07-22,0.15547273596938777,,,,,0.0
../data/satellite/aqua/2022/20220723_AQUA.jpg,2022-07-23,0.03667091836734694,,,,,0.0
../data/satellite/aqua/2022/20220803_AQUA.jpg,2022-08-03,0.40443638392857145,0.8750800768737989,0.1185630512984773,0.006356871827723845,../data/satellite/aqua/2022/20220803_AQUA.jpg_classified.png,0.0
../data/satellite/aqua/2022/20220804_AQUA.jpg,2022-08-04,0.06126434948979592,,,,,0.0
../data/satellite/aqua/2022/20220805_AQUA.jpg,2022-08-05,0.21845105229591838,0.7810418757412645,0.17762977830489918,0.04132834595383633,../data/satellite/aqua/2022/20220805_AQUA.jpg_classified.png,0.0
../data/satellite/aqua/2022/20220806_AQUA.jpg,2022-08-06,0.05723852040816327,,,,,0.0
../data/satellite/aqua/2022/20220807_AQUA.jpg,2022-08-07,0.07969945790816327,,,,,0.0
../data/satellite/aqua/2022/20220808_AQUA.jpg,2022-08-08,0.06447305484693877,,,,,0.0
../data/satellite/aqua/2022/20220809_AQUA.jpg,2022-08-09,0.04514110331632653,,,,,0.0
../data/satellite/aqua/2022/20220810_AQUA.jpg,2022-08-10,0.09207589285714286,,,,,0.0
../data/satellite/aqua/2022/20220811_AQUA.jpg,2022-08-11,0.10349569515306123,,,,,0.0
../data/satellite/aqua/2022/20220812_AQUA.jpg,2022-08-12,0.14662388392857142,,,,,0.0
../data/satellite/aqua/2022/20220813_AQUA.jpg,2022-08-13,0.14592633928571427,,,,,0.0
../data/satellite/aqua/2022/20220814_AQUA.jpg,2022-08-14,0.02672592474489796,,,,,0.0
../data/satellite/aqua/2022/20220815_AQUA.jpg,2022-08-15,0.037607621173469385,,,,,0.0
../data/satellite/aqua/2022/20220816_AQUA.jpg,2022-08-16,0.17137675382653061,,,,,0.0
../data/satellite/aqua/2022/20220817_AQUA.jpg,2022-08-17,0.04553970025510204,,,,,0.0
../data/satellite/aqua/2022/20220818_AQUA.jpg,2022-08-18,0.08629623724489796,,,,,0.0
../data/satellite/aqua/2022/20220819_AQUA.jpg,2022-08-19,0.06192203443877551,,,,,0.0
../data/satellite/aqua/2022/20220820_AQUA.jpg,2022-08-20,0.32834422831632654,0.7671016691957512,0.1980576631259484,0.034840667678300456,../data/satellite/aqua/2022/20220820_AQUA.jpg_classified.png,0.0
../data/satellite/aqua/2022/20220821_AQUA.jpg,2022-08-21,0.13626036352040816,,,,,0.0
../data/satellite/aqua/2022/20220822_AQUA.jpg,2022-08-22,0.07890226403061225,,,,,0.0
../data/satellite/aqua/2022/20220823_AQUA.jpg,2022-08-23,0.0784438775510204,,,,,0.0
../data/satellite/aqua/2022/20220824_AQUA.jpg,2022-08-24,0.07140864158163265,,,,,0.0
../data/satellite/aqua/2022/20220825_AQUA.jpg,2022-08-25,0.05951052295918367,,,,,0.0
../data/satellite/aqua/2022/20220826_AQUA.jpg,2022-08-26,0.043088329081632654,,,,,0.0
../data/satellite/aqua/2022/20220827_AQUA.jpg,2022-08-27,0.12236926020408163,,,,,0.0
../data/satellite/aqua/2022/20220828_AQUA.jpg,2022-08-28,0.240234375,0.7820640451302472,0.20449643271942924,0.013439522150323544,../data/satellite/aqua/2022/20220828_AQUA.jpg_classified.png,0.0
../data/satellite/aqua/2022/20220829_AQUA.jpg,2022-08-29,0.05755739795918367,,,,,0.0
../data/satellite/aqua/2022/20220830_AQUA.jpg,2022-08-30,0.16298628826530612,,,,,0.0
../data/satellite/aqua/2022/20220831_AQUA.jpg,2022-08-31,0.03515625,,,,,0.0
../data/satellite/aqua/2022/20220901_AQUA.jpg,2022-09-01,0.16123246173469388,,,,,0.0
../data/satellite/aqua/2022/20220902_AQUA.jpg,2022-09-02,0.04966517857142857,,,,,0.0
../data/satellite/aqua/2022/20220903_AQUA.jpg,2022-09-03,0.10150271045918367,,,,,0.0
../data/satellite/aqua/2022/20220904_AQUA.jpg,2022-09-04,0.08842873086734694,,,,,0.0
../data/satellite/aqua/2022/20220905_AQUA.jpg,2022-09-05,0.02792171556122449,,,,,0.0
../data/satellite/aqua/2022/20220906_AQUA.jpg,2022-09-06,0.07085060586734694,,,,,0.0
../data/satellite/aqua/2022/20220907_AQUA.jpg,2022-09-07,0.1612125318877551,,,,,0.0
../data/satellite/aqua/2022/20220908_AQUA.jpg,2022-09-08,0.07290338010204081,,,,,0.0
../data/satellite/aqua/2022/20220909_AQUA.jpg,2022-09-09,0.049685108418367346,,,,,0.0
../data/satellite/aqua/2022/20220910_AQUA.jpg,2022-09-10,0.0667251275510204,,,,,0.0
../data/satellite/aqua/2022/20220911_AQUA.jpg,2022-09-11,0.06644610969387756,,,,,0.0
../data/satellite/aqua/2022/20220912_AQUA.jpg,2022-09-12,0.05923150510204082,,,,,0.0
../data/satellite/aqua/2022/20220913_AQUA.jpg,2022-09-13,0.022161989795918366,,,,,0.0
../data/satellite/aqua/2022/20220914_AQUA.jpg,2022-09-14,0.0597297512755102,,,,,0.0
../data/satellite/aqua/2022/20220915_AQUA.jpg,2022-09-15,0.07045200892857142,,,,,0.0
../data/satellite/aqua/2022/20220916_AQUA.jpg,2022-09-16,0.18987165178571427,,,,,0.0
../data/satellite/aqua/2022/20220917_AQUA.jpg,2022-09-17,0.08805006377551021,,,,,0.0
../data/satellite/aqua/2022/20220918_AQUA.jpg,2022-09-18,0.14295679209183673,,,,,0.0
../data/satellite/aqua/2022/20220919_AQUA.jpg,2022-09-19,0.07794563137755102,,,,,0.0
../data/satellite/aqua/2022/20220920_AQUA.jpg,2022-09-20,0.02939652423469388,,,,,0.0
../data/satellite/aqua/2022/20220921_AQUA.jpg,2022-09-21,0.04057716836734694,,,,,0.0
../data/satellite/aqua/2022/20220922_AQUA.jpg,2022-09-22,0.10108418367346939,,,,,0.0
../data/satellite/aqua/2022/20220923_AQUA.jpg,2022-09-23,0.06529017857142858,,,,,0.0
../data/satellite/aqua/2022/20220924_AQUA.jpg,2022-09-24,0.34950972576530615,0.7246963562753036,0.2274619376176085,0.04784170610708787,../data/satellite/aqua/2022/20220924_AQUA.jpg_classified.png,0.0
../data/satellite/aqua/2022/20220925_AQUA.jpg,2022-09-25,0.24621332908163265,0.8457179860773838,0.13461227132912418,0.019669742593491985,../data/satellite/aqua/2022/20220925_AQUA.jpg_classified.png,0.0
../data/satellite/aqua/2022/20220926_AQUA.jpg,2022-09-26,0.04631696428571429,,,,,0.0
../data/satellite/aqua/2022/20220927_AQUA.jpg,2022-09-27,0.054368622448979595,,,,,0.0
../data/satellite/aqua/2022/20220928_AQUA.jpg,2022-09-28,0.06058673469387755,,,,,0.0
../data/satellite/aqua/2022/20220929_AQUA.jpg,2022-09-29,0.13562260841836735,,,,,0.0
../data/satellite/aqua/2022/20220930_AQUA.jpg,2022-09-30,0.13428730867346939,,,,,0.0
../data/satellite/aqua/2022/20221001_AQUA.jpg,2022-10-01,0.288883131377551,0.8391859261814418,0.11272852707830286,0.04808554674025526,../data/satellite/aqua/2022/20221001_AQUA.jpg_classified.png,0.0
../data/satellite/aqua/2022/20221002_AQUA.jpg,2022-10-02,0.30113998724489793,0.8356717405691595,0.14209133024487094,0.022236929185969558,../data/satellite/aqua/2022/20221002_AQUA.jpg_classified.png,0.0
../data/satellite/aqua/2022/20221003_AQUA.jpg,2022-10-03,0.2122528698979592,0.71981220657277,0.21530516431924882,0.06488262910798122,../data/satellite/aqua/2022/20221003_AQUA.jpg_classified.png,0.0
../data/satellite/aqua/2022/20221004_AQUA.jpg,2022-10-04,0.12946428571428573,,,,,0.0
../data/satellite/aqua/2022/20221005_AQUA.jpg,2022-10-05,0.1386120854591837,,,,,0.0
../data/satellite/aqua/2022/20221006_AQUA.jpg,2022-10-06,0.13382892219387754,,,,,0.0
../data/satellite/aqua/2022/20221007_AQUA.jpg,2022-10-07,0.14158163265306123,,,,,0.0
../data/satellite/aqua/2022/20221008_AQUA.jpg,2022-10-08,0.11826371173469388,,,,,0.0
../data/satellite/aqua/2022/20221009_AQUA.jpg,2022-10-09,0.31716358418367346,0.8927987935151439,0.0941937916300113,0.01300741485484479,../data/satellite/aqua/2022/20221009_AQUA.jpg_classified.png,0.0
../data/satellite/aqua/2022/20221010_AQUA.jpg,2022-10-10,0.06917649872448979,,,,,0.0
../data/satellite/aqua/2022/20221011_AQUA.jpg,2022-10-11,0.25077726403061223,0.8102996105857109,0.164905030596837,0.024795358817452116,../data/satellite/aqua/2022/20221011_AQUA.jpg_classified.png,0.0
../data/satellite/aqua/2022/20221012_AQUA.jpg,2022-10-12,0.257015306122449,0.831575682382134,0.15376861042183623,0.014655707196029776,../data/satellite/aqua/2022/20221012_AQUA.jpg_classified.png,0.0
../data/satellite/aqua/2022/20221013_AQUA.jpg,2022-10-13,0.08101482780612244,,,,,0.0
../data/satellite/aqua/2022/20221014_AQUA.jpg,2022-10-14,0.06341677295918367,,,,,0.0
../data/satellite/aqua/2022/20221015_AQUA.jpg,2022-10-15,0.4702845982142857,0.7956519896597025,0.2014239098190448,0.002924100521252702,../data/satellite/aqua/2022/20221015_AQUA.jpg_classified.png,0.0
../data/satellite/aqua/2022/20221016_AQUA.jpg,2022-10-16,0.0709701849489796,,,,,0.0
../data/satellite/aqua/2022/20221017_AQUA.jpg,2022-10-17,0.07539461096938775,,,,,0.0
../data/satellite/aqua/2022/20221018_AQUA.jpg,2022-10-18,0.05885283801020408,,,,,0.0
../data/satellite/aqua/2022/20221019_AQUA.jpg,2022-10-19,0.20007573341836735,0.571272039047714,0.34097021615698775,0.08775774479529834,../data/satellite/aqua/2022/20221019_AQUA.jpg_classified.png,0.0
../data/satellite/aqua/2022/20221020_AQUA.jpg,2022-10-20,0.05098054846938776,,,,,0.0
../data/satellite/aqua/2022/20221021_AQUA.jpg,2022-10-21,0.04496173469387755,,,,,0.0
../data/satellite/aqua/2022/20221022_AQUA.jpg,2022-10-22,0.0564811862244898,,,,,0.0
../data/satellite/aqua/2022/20221023_AQUA.jpg,2022-10-23,0.04821029974489796,,,,,0.0007374043367346938
../data/satellite/aqua/2022/20221024_AQUA.jpg,2022-10-24,0.07768654336734694,,,,,0.0
../data/satellite/aqua/2022/20221025_AQUA.jpg,2022-10-25,0.07479671556122448,,,,,0.0
../data/satellite/aqua/2022/20221026_AQUA.jpg,2022-10-26,0.019591039540816327,,,,,0.0
../data/satellite/aqua/2022/20221027_AQUA.jpg,2022-10-27,0.06893734056122448,,,,,0.0
../data/satellite/aqua/2022/20221028_AQUA.jpg,2022-10-28,0.06383529974489796,,,,,0.0
../data/satellite/aqua/2022/20221029_AQUA.jpg,2022-10-29,0.08872767857142858,,,,,0.0015146683673469387
../data/satellite/aqua/2022/20221030_AQUA.jpg,2022-10-30,0.2680165816326531,0.5801606186793575,0.3984979179060083,0.021341463414634148,../data/satellite/aqua/2022/20221030_AQUA.jpg_classified.png,0.0
../data/satellite/aqua/2022/20221031_AQUA.jpg,2022-10-31,,,,,,0.2653260522959184
../data/satellite/aqua/2022/20221101_AQUA.jpg,2022-11-01,0.15621014030612246,,,,,0.032904177295918366
../data/satellite/aqua/2022/20221102_AQUA.jpg,2022-11-02,0.3248764349489796,0.2510275443224342,0.7454757376848046,0.0034967179927611804,../data/satellite/aqua/2022/20221102_AQUA.jpg_classified.png,0.037209024234693876
../data/satellite/aqua/2022/20221103_AQUA.jpg,2022-11-03,,,,,,0.21125637755102042
../data/satellite/aqua/2022/20221104_AQUA.jpg,2022-11-04,,,,,,0.4948182397959184
../data/satellite/aqua/2022/20221105_AQUA.jpg,2022-11-05,,,,,,0.40280213647959184
../data/satellite/aqua/2022/20221106_AQUA.jpg,2022-11-06,,,,,,0.5669044961734694
../data/satellite/aqua/2022/20221107_AQUA.jpg,2022-11-07,,,,,,0.6195192920918368
../data/satellite/aqua/2022/20221108_AQUA.jpg,2022-11-08,,,,,,0.7099410076530612
../data/satellite/aqua/2022/20221109_AQUA.jpg,2022-11-09,,,,,,0.7099410076530612
../data/satellite/aqua/2022/20221110_AQUA.jpg,2022-11-10,,,,,,0.7099410076530612
../data/satellite/aqua/2022/20221111_AQUA.jpg,2022-11-11,,,,,,0.7099410076530612
../data/satellite/aqua/2022/20221112_AQUA.jpg,2022-11-12,,,,,,0.7099410076530612
../data/satellite/aqua/2022/20221113_AQUA.jpg,2022-11-13,,,,,,0.7099410076530612
../data/satellite/aqua/2022/20221114_AQUA.jpg,2022-11-14,,,,,,0.7099410076530612
../data/satellite/aqua/2022/20221115_AQUA.jpg,2022-11-15,,,,,,0.7099410076530612
../data/satellite/aqua/2022/20221116_AQUA.jpg,2022-11-16,,,,,,0.7099410076530612
../data/satellite/aqua/2022/20221117_AQUA.jpg,2022-11-17,,,,,,0.7099410076530612
../data/satellite/aqua/2022/20221118_AQUA.jpg,2022-11-18,,,,,,0.7099410076530612
../data/satellite/aqua/2022/20221119_AQUA.jpg,2022-11-19,,,,,,0.7099410076530612
../data/satellite/aqua/2022/20221120_AQUA.jpg,2022-11-20,,,,,,0.7099410076530612
../data/satellite/aqua/2022/20221121_AQUA.jpg,2022-11-21,,,,,,0.7099410076530612
../data/satellite/aqua/2022/20221122_AQUA.jpg,2022-11-22,,,,,,0.7099410076530612
../data/satellite/aqua/2022/20221123_AQUA.jpg,2022-11-23,,,,,,0.7099410076530612
../data/satellite/aqua/2022/20221124_AQUA.jpg,2022-11-24,,,,,,0.7099410076530612
../data/satellite/aqua/2022/20221125_AQUA.jpg,2022-11-25,,,,,,0.7099410076530612
../data/satellite/aqua/2022/20221126_AQUA.jpg,2022-11-26,,,,,,0.7099410076530612
../data/satellite/aqua/2022/20221127_AQUA.jpg,2022-11-27,,,,,,0.7099410076530612
../data/satellite/aqua/2022/20221128_AQUA.jpg,2022-11-28,,,,,,0.7099410076530612
../data/satellite/aqua/2022/20221129_AQUA.jpg,2022-11-29,,,,,,0.7099410076530612
../data/satellite/aqua/2022/20221130_AQUA.jpg,2022-11-30,,,,,,0.7099410076530612
../data/satellite/aqua/2022/20221201_AQUA.jpg,2022-12-01,,,,,,0.7099410076530612
../data/satellite/aqua/2022/20221202_AQUA.jpg,2022-12-02,,,,,,0.7099410076530612
../data/satellite/aqua/2022/20221203_AQUA.jpg,2022-12-03,,,,,,0.7099410076530612
../data/satellite/aqua/2022/20221204_AQUA.jpg,2022-12-04,,,,,,0.7099410076530612
../data/satellite/aqua/2022/20221205_AQUA.jpg,2022-12-05,,,,,,0.7099410076530612
../data/satellite/aqua/2022/20221206_AQUA.jpg,2022-12-06,,,,,,0.7099410076530612
../data/satellite/aqua/2022/20221207_AQUA.jpg,2022-12-07,,,,,,0.7099410076530612
../data/satellite/aqua/2022/20221208_AQUA.jpg,2022-12-08,,,,,,0.7099410076530612
../data/satellite/aqua/2022/20221209_AQUA.jpg,2022-12-09,,,,,,0.7099410076530612
../data/satellite/aqua/2022/20221210_AQUA.jpg,2022-12-10,,,,,,0.7099410076530612
../data/satellite/aqua/2022/20221211_AQUA.jpg,2022-12-11,,,,,,0.7099410076530612
../data/satellite/aqua/2022/20221212_AQUA.jpg,2022-12-12,,,,,,0.7099410076530612
../data/satellite/aqua/2022/20221213_AQUA.jpg,2022-12-13,,,,,,0.7099410076530612
../data/satellite/aqua/2022/20221214_AQUA.jpg,2022-12-14,,,,,,0.7099410076530612
../data/satellite/aqua/2022/20221215_AQUA.jpg,2022-12-15,,,,,,0.7099410076530612
../data/satellite/aqua/2022/20221216_AQUA.jpg,2022-12-16,,,,,,0.7099410076530612
../data/satellite/aqua/2022/20221217_AQUA.jpg,2022-12-17,,,,,,0.7099410076530612
../data/satellite/aqua/2022/20221218_AQUA.jpg,2022-12-18,,,,,,0.7099410076530612
../data/satellite/aqua/2022/20221219_AQUA.jpg,2022-12-19,,,,,,0.7099410076530612
../data/satellite/aqua/2022/20221220_AQUA.jpg,2022-12-20,,,,,,0.7099410076530612
../data/satellite/aqua/2022/20221221_AQUA.jpg,2022-12-21,,,,,,0.7099410076530612
../data/satellite/aqua/2022/20221222_AQUA.jpg,2022-12-22,,,,,,0.7099410076530612
../data/satellite/aqua/2022/20221223_AQUA.jpg,2022-12-23,,,,,,0.7099410076530612
../data/satellite/aqua/2022/20221224_AQUA.jpg,2022-12-24,,,,,,0.7099410076530612
../data/satellite/aqua/2022/20221225_AQUA.jpg,2022-12-25,,,,,,0.7099410076530612
../data/satellite/aqua/2022/20221226_AQUA.jpg,2022-12-26,,,,,,0.7099410076530612
../data/satellite/aqua/2022/20221227_AQUA.jpg,2022-12-27,,,,,,0.7099410076530612
../data/satellite/aqua/2022/20221228_AQUA.jpg,2022-12-28,,,,,,0.7099410076530612
../data/satellite/aqua/2022/20221229_AQUA.jpg,2022-12-29,,,,,,0.7099410076530612
../data/satellite/aqua/2022/20221230_AQUA.jpg,2022-12-30,,,,,,0.7099410076530612
../data/satellite/aqua/2022/20221231_AQUA.jpg,2022-12-31,,,,,,0.7099410076530612
../data/satellite/aqua/2023/20230101_AQUA.jpg,2023-01-01,,,,,,0.7099410076530612
../data/satellite/aqua/2023/20230102_AQUA.jpg,2023-01-02,,,,,,0.7099410076530612
../data/satellite/aqua/2023/20230103_AQUA.jpg,2023-01-03,,,,,,0.7099410076530612
../data/satellite/aqua/2023/20230104_AQUA.jpg,2023-01-04,,,,,,0.7099410076530612
../data/satellite/aqua/2023/20230105_AQUA.jpg,2023-01-05,,,,,,0.7099410076530612
../data/satellite/aqua/2023/20230106_AQUA.jpg,2023-01-06,,,,,,0.7099410076530612
../data/satellite/aqua/2023/20230107_AQUA.jpg,2023-01-07,,,,,,0.7099410076530612
../data/satellite/aqua/2023/20230108_AQUA.jpg,2023-01-08,,,,,,0.7099410076530612
../data/satellite/aqua/2023/20230109_AQUA.jpg,2023-01-09,,,,,,0.7099410076530612
../data/satellite/aqua/2023/20230110_AQUA.jpg,2023-01-10,,,,,,0.7099410076530612
../data/satellite/aqua/2023/20230111_AQUA.jpg,2023-01-11,,,,,,0.7099410076530612
../data/satellite/aqua/2023/20230112_AQUA.jpg,2023-01-12,,,,,,0.7099410076530612
../data/satellite/aqua/2023/20230113_AQUA.jpg,2023-01-13,,,,,,0.7099410076530612
../data/satellite/aqua/2023/20230114_AQUA.jpg,2023-01-14,,,,,,0.7099410076530612
../data/satellite/aqua/2023/20230115_AQUA.jpg,2023-01-15,,,,,,0.7099410076530612
../data/satellite/aqua/2023/20230116_AQUA.jpg,2023-01-16,,,,,,0.7099410076530612
../data/satellite/aqua/2023/20230117_AQUA.jpg,2023-01-17,,,,,,0.7099410076530612
../data/satellite/aqua/2023/20230118_AQUA.jpg,2023-01-18,,,,,,0.7099410076530612
../data/satellite/aqua/2023/20230119_AQUA.jpg,2023-01-19,,,,,,0.7099410076530612
../data/satellite/aqua/2023/20230120_AQUA.jpg,2023-01-20,,,,,,0.7099410076530612
../data/satellite/aqua/2023/20230121_AQUA.jpg,2023-01-21,,,,,,0.7099410076530612
../data/satellite/aqua/2023/20230122_AQUA.jpg,2023-01-22,,,,,,0.7099410076530612
../data/satellite/aqua/2023/20230123_AQUA.jpg,2023-01-23,,,,,,0.7099410076530612
../data/satellite/aqua/2023/20230124_AQUA.jpg,2023-01-24,,,,,,0.7099410076530612
../data/satellite/aqua/2023/20230125_AQUA.jpg,2023-01-25,,,,,,0.7099410076530612
../data/satellite/aqua/2023/20230126_AQUA.jpg,2023-01-26,,,,,,0.7099410076530612
../data/satellite/aqua/2023/20230127_AQUA.jpg,2023-01-27,,,,,,0.7099410076530612
../data/satellite/aqua/2023/20230128_AQUA.jpg,2023-01-28,,,,,,0.7099410076530612
../data/satellite/aqua/2023/20230129_AQUA.jpg,2023-01-29,,,,,,0.7099410076530612
../data/satellite/aqua/2023/20230130_AQUA.jpg,2023-01-30,,,,,,0.7099410076530612
../data/satellite/aqua/2023/20230201_AQUA.jpg,2023-02-01,,,,,,0.7099410076530612
../data/satellite/aqua/2023/20230202_AQUA.jpg,2023-02-02,,,,,,0.7099410076530612
../data/satellite/aqua/2023/20230203_AQUA.jpg,2023-02-03,,,,,,0.6485172193877551
../data/satellite/aqua/2023/20230204_AQUA.jpg,2023-02-04,,,,,,0.5934311224489796
../data/satellite/aqua/2023/20230205_AQUA.jpg,2023-02-05,,,,,,0.4426817602040816
../data/satellite/aqua/2023/20230206_AQUA.jpg,2023-02-06,,,,,,0.3079161352040816
../data/satellite/aqua/2023/20230207_AQUA.jpg,2023-02-07,,,,,,0.4057517538265306
../data/satellite/aqua/2023/20230208_AQUA.jpg,2023-02-08,0.1464245854591837,,,,,0.05564413265306122
../data/satellite/aqua/2023/20230209_AQUA.jpg,2023-02-09,0.09803491709183673,,,,,0.046177455357142856
../data/satellite/aqua/2023/20230210_AQUA.jpg,2023-02-10,0.09201610331632654,,,,,0.0
../data/satellite/aqua/2023/20230211_AQUA.jpg,2023-02-11,0.12029655612244898,,,,,0.0
../data/satellite/aqua/2023/20230212_AQUA.jpg,2023-02-12,0.13014190051020408,,,,,0.0
../data/satellite/aqua/2023/20230213_AQUA.jpg,2023-02-13,0.12852758290816327,,,,,0.0
../data/satellite/aqua/2023/20230214_AQUA.jpg,2023-02-14,0.12432238520408163,,,,,0.0
../data/satellite/aqua/2023/20230215_AQUA.jpg,2023-02-15,0.11310188137755102,,,,,0.0
../data/satellite/aqua/2023/20230216_AQUA.jpg,2023-02-16,0.11411830357142858,,,,,0.0
../data/satellite/aqua/2023/20230217_AQUA.jpg,2023-02-17,0.14010682397959184,,,,,0.0
../data/satellite/aqua/2023/20230218_AQUA.jpg,2023-02-18,0.0799984056122449,,,,,0.0
../data/satellite/aqua/2023/20230219_AQUA.jpg,2023-02-19,0.09833386479591837,,,,,0.0
../data/satellite/aqua/2023/20230220_AQUA.jpg,2023-02-20,0.0957828443877551,,,,,0.0
../data/satellite/aqua/2023/20230221_AQUA.jpg,2023-02-21,0.11599170918367346,,,,,0.0
../data/satellite/aqua/2023/20230222_AQUA.jpg,2023-02-22,0.10409359056122448,,,,,0.0
../data/satellite/aqua/2023/20230227_AQUA.jpg,2023-02-27,,,,,,0.7099410076530612
../data/satellite/aqua/2023/20230228_AQUA.jpg,2023-02-28,,,,,,0.7099410076530612
../data/satellite/aqua/2023/20230301_AQUA.jpg,2023-03-01,,,,,,0.7099410076530612
../data/satellite/aqua/2023/20230302_AQUA.jpg,2023-03-02,0.10395408163265306,,,,,0.0
../data/satellite/aqua/2023/20230303_AQUA.jpg,2023-03-03,0.13251355229591838,,,,,0.0
../data/satellite/aqua/2023/20230304_AQUA.jpg,2023-03-04,0.09028220663265306,,,,,0.0
../data/satellite/aqua/2023/20230305_AQUA.jpg,2023-03-05,0.10794005102040816,,,,,0.0
../data/satellite/aqua/2023/20230306_AQUA.jpg,2023-03-06,0.1499920280612245,,,,,0.0
../data/satellite/aqua/2023/20230307_AQUA.jpg,2023-03-07,0.1392498405612245,,,,,0.0
../data/satellite/aqua/2023/20230308_AQUA.jpg,2023-03-08,0.07122927295918367,,,,,0.0
../data/satellite/aqua/2023/20230309_AQUA.jpg,2023-03-09,0.12121332908163265,,,,,0.0
../data/satellite/aqua/2023/20230310_AQUA.jpg,2023-03-10,0.19280133928571427,,,,,0.0
../data/satellite/aqua/2023/20230311_AQUA.jpg,2023-03-11,0.1706592793367347,,,,,0.0
../data/satellite/aqua/2023/20230312_AQUA.jpg,2023-03-12,0.17566167091836735,,,,,0.0
../data/satellite/aqua/2023/20230313_AQUA.jpg,2023-03-13,0.14953364158163265,,,,,0.0
../data/satellite/aqua/2023/20230314_AQUA.jpg,2023-03-14,0.11595184948979592,,,,,0.0
../data/satellite/aqua/2023/20230315_AQUA.jpg,2023-03-15,0.06295838647959184,,,,,0.0
../data/satellite/aqua/2023/20230316_AQUA.jpg,2023-03-16,0.09518494897959184,,,,,0.0
../data/satellite/aqua/2023/20230317_AQUA.jpg,2023-03-17,0.13020169005102042,,,,,0.0
../data/satellite/aqua/2023/20230318_AQUA.jpg,2023-03-18,0.09014269770408163,,,,,0.0
../data/satellite/aqua/2023/20230319_AQUA.jpg,2023-03-19,0.05905213647959184,,,,,0.0
../data/satellite/aqua/2023/20230320_AQUA.jpg,2023-03-20,0.08246970663265306,,,,,0.0
../data/satellite/aqua/2023/20230321_AQUA.jpg,2023-03-21,0.08771125637755102,,,,,0.0
../data/satellite/aqua/2023/20230322_AQUA.jpg,2023-03-22,0.11302216198979592,,,,,0.0
../data/satellite/aqua/2023/20230323_AQUA.jpg,2023-03-23,0.10738201530612244,,,,,0.0
../data/satellite/aqua/2023/20230324_AQUA.jpg,2023-03-24,0.10074537627551021,,,,,0.0
../data/satellite/aqua/2023/20230325_AQUA.jpg,2023-03-25,0.1279894770408163,,,,,0.0
../data/satellite/aqua/2023/20230326_AQUA.jpg,2023-03-26,0.13060028698979592,,,,,0.0
../data/satellite/aqua/2023/20230327_AQUA.jpg,2023-03-27,0.09907126913265306,,,,,0.0
../data/satellite/aqua/2023/20230328_AQUA.jpg,2023-03-28,0.10265864158163265,,,,,0.0
../data/satellite/aqua/2023/20230329_AQUA.jpg,2023-03-29,0.08177216198979592,,,,,0.0
../data/satellite/aqua/2023/20230330_AQUA.jpg,2023-03-30,0.08448262117346939,,,,,0.0
../data/satellite/aqua/2023/20230331_AQUA.jpg,2023-03-31,0.11676897321428571,,,,,0.0
../data/satellite/aqua/2023/20230401_AQUA.jpg,2023-04-01,0.07501594387755102,,,,,0.0
../data/satellite/aqua/2023/20230402_AQUA.jpg,2023-04-02,0.10445232780612244,,,,,0.0
../data/satellite/aqua/2023/20230403_AQUA.jpg,2023-04-03,0.11186623086734694,,,,,0.0
../data/satellite/aqua/2023/20230404_AQUA.jpg,2023-04-04,0.10865752551020408,,,,,0.0
../data/satellite/aqua/2023/20230405_AQUA.jpg,2023-04-05,0.10247927295918367,,,,,0.0
../data/satellite/aqua/2023/20230406_AQUA.jpg,2023-04-06,0.14435188137755103,,,,,0.0
../data/satellite/aqua/2023/20230407_AQUA.jpg,2023-04-07,0.10736208545918367,,,,,0.0
../data/satellite/aqua/2023/20230408_AQUA.jpg,2023-04-08,0.109375,,,,,0.0
../data/satellite/aqua/2023/20230409_AQUA.jpg,2023-04-09,0.06640625,,,,,0.0
../data/satellite/aqua/2023/20230410_AQUA.jpg,2023-04-10,0.11557318239795919,,,,,0.0
../data/satellite/aqua/2023/20230411_AQUA.jpg,2023-04-11,0.1512077487244898,,,,,0.0
../data/satellite/aqua/2023/20230412_AQUA.jpg,2023-04-12,0.1693439094387755,,,,,0.0
../data/satellite/aqua/2023/20230413_AQUA.jpg,2023-04-13,0.07001355229591837,,,,,0.0
../data/satellite/aqua/2023/20230414_AQUA.jpg,2023-04-14,0.12659438775510204,,,,,0.0
../data/satellite/aqua/2023/20230415_AQUA.jpg,2023-04-15,0.18466996173469388,,,,,0.0
../data/satellite/aqua/2023/20230416_AQUA.jpg,2023-04-16,0.14345503826530612,,,,,0.0
../data/satellite/aqua/2023/20230417_AQUA.jpg,2023-04-17,0.10622608418367346,,,,,0.0
../data/satellite/aqua/2023/20230418_AQUA.jpg,2023-04-18,0.06879783163265306,,,,,0.0
../data/satellite/aqua/2023/20230419_AQUA.jpg,2023-04-19,0.07075095663265306,,,,,0.0
../data/satellite/aqua/2023/20230420_AQUA.jpg,2023-04-20,0.23074776785714285,0.437726723095526,0.23466920020728968,0.32760407669718433,../data/satellite/aqua/2023/20230420_AQUA.jpg_classified.png,0.0
../data/satellite/aqua/2023/20230421_AQUA.jpg,2023-04-21,0.10014748086734694,,,,,0.0
../data/satellite/aqua/2023/20230423_AQUA.jpg,2023-04-23,0.0694156568877551,,,,,0.0
../data/satellite/aqua/2023/20230424_AQUA.jpg,2023-04-24,0.06473214285714286,,,,,0.0
../data/satellite/aqua/2023/20230425_AQUA.jpg,2023-04-25,0.07794563137755102,,,,,0.0
../data/satellite/aqua/2023/20230426_AQUA.jpg,2023-04-26,0.08031728316326531,,,,,0.0
../data/satellite/aqua/2023/20230427_AQUA.jpg,2023-04-27,0.18363360969387754,,,,,0.0
../data/satellite/aqua/2023/20230428_AQUA.jpg,2023-04-28,0.21332908163265307,0.3454783258594918,0.39798206278026904,0.2565396113602392,../data/satellite/aqua/2023/20230428_AQUA.jpg_classified.png,0.0
../data/satellite/aqua/2023/20230429_AQUA.jpg,2023-04-29,0.23210299744897958,0.5805426755967714,0.21921689850592477,0.2002404258973038,../data/satellite/aqua/2023/20230429_AQUA.jpg_classified.png,0.0
../data/satellite/aqua/2023/20230430_AQUA.jpg,2023-04-30,0.25376674107142855,0.5163747742087489,0.3673132804523679,0.11631194533888321,../data/satellite/aqua/2023/20230430_AQUA.jpg_classified.png,0.0
../data/satellite/aqua/2023/20230501_AQUA.jpg,2023-05-01,0.24509725765306123,0.47723207025532605,0.4208814441372581,0.10188648560741584,../data/satellite/aqua/2023/20230501_AQUA.jpg_classified.png,0.0
../data/satellite/aqua/2023/20230502_AQUA.jpg,2023-05-02,,,,,,0.7099410076530612
../data/satellite/aqua/2023/20230503_AQUA.jpg,2023-05-03,0.07509566326530612,,,,,0.0
../data/satellite/aqua/2023/20230504_AQUA.jpg,2023-05-04,0.07310267857142858,,,,,0.0
../data/satellite/aqua/2023/20230505_AQUA.jpg,2023-05-05,0.07250478316326531,,,,,0.0
../data/satellite/aqua/2023/20230506_AQUA.jpg,2023-05-06,0.04673549107142857,,,,,0.0
../data/satellite/aqua/2023/20230507_AQUA.jpg,2023-05-07,0.07920121173469388,,,,,0.0
../data/satellite/aqua/2023/20230508_AQUA.jpg,2023-05-08,0.06192203443877551,,,,,0.0
../data/satellite/aqua/2023/20230509_AQUA.jpg,2023-05-09,0.11214524872448979,,,,,0.0
../data/satellite/aqua/2023/20230510_AQUA.jpg,2023-05-10,0.1944953762755102,,,,,0.0
../data/satellite/aqua/2023/20230511_AQUA.jpg,2023-05-11,0.12424266581632654,,,,,0.0
../data/satellite/aqua/2023/20230512_AQUA.jpg,2023-05-12,0.1190609056122449,,,,,0.0
../data/satellite/aqua/2023/20230513_AQUA.jpg,2023-05-13,0.14871651785714285,,,,,0.0
../data/satellite/aqua/2023/20230514_AQUA.jpg,2023-05-14,0.06684470663265306,,,,,0.0
../data/satellite/aqua/2023/20230515_AQUA.jpg,2023-05-15,0.1103515625,,,,,0.0
../data/satellite/aqua/2023/20230516_AQUA.jpg,2023-05-16,0.3098294005102041,0.7590376945838158,0.14904155409751704,0.09192075131866718,../data/satellite/aqua/2023/20230516_AQUA.jpg_classified.png,0.0
../data/satellite/aqua/2023/20230517_AQUA.jpg,2023-05-17,0.24687101403061223,0.5747961572616452,0.2777105029466376,0.1474933397917171,../data/satellite/aqua/2023/20230517_AQUA.jpg_classified.png,0.0
../data/satellite/aqua/2023/20230518_AQUA.jpg,2023-05-18,0.13474569515306123,,,,,0.0
../data/satellite/aqua/2023/20230519_AQUA.jpg,2023-05-19,0.1488360969387755,,,,,0.0
../data/satellite/aqua/2023/20230520_AQUA.jpg,2023-05-20,0.06977439413265306,,,,,0.0
../data/satellite/aqua/2023/20230521_AQUA.jpg,2023-05-21,0.04629703443877551,,,,,0.0
../data/satellite/aqua/2023/20230522_AQUA.jpg,2023-05-22,0.25741390306122447,0.5904304738309074,0.28290492412511614,0.12666460204397648,../data/satellite/aqua/2023/20230522_AQUA.jpg_classified.png,0.0
../data/satellite/aqua/2023/20230523_AQUA.jpg,2023-05-23,0.06969467474489796,,,,,0.0
../data/satellite/aqua/2023/20230525_AQUA.jpg,2023-05-25,0.22301498724489796,0.5772117962466488,0.25969615728328865,0.16309204647006256,../data/satellite/aqua/2023/20230525_AQUA.jpg_classified.png,0.0
../data/satellite/aqua/2023/20230526_AQUA.jpg,2023-05-26,0.07256457270408163,,,,,0.0
../data/satellite/aqua/2023/20230529_AQUA.jpg,2023-05-29,0.16525829081632654,,,,,0.0
../data/satellite/aqua/2023/20230530_AQUA.jpg,2023-05-30,0.07403938137755102,,,,,0.0
../data/satellite/aqua/2023/20230531_AQUA.jpg,2023-05-31,,,,,,0.7099410076530612
../data/satellite/aqua/2023/20230601_AQUA.jpg,2023-06-01,0.062400350765306124,,,,,0.0
../data/satellite/aqua/2023/20230602_AQUA.jpg,2023-06-02,0.06714365433673469,,,,,0.0
../data/satellite/aqua/2023/20230603_AQUA.jpg,2023-06-03,0.07029257015306123,,,,,0.0
../data/satellite/aqua/2023/20230604_AQUA.jpg,2023-06-04,0.11186623086734694,,,,,0.0
../data/satellite/aqua/2023/20230605_AQUA.jpg,2023-06-05,0.06989397321428571,,,,,0.0
../data/satellite/aqua/2023/20230606_AQUA.jpg,2023-06-06,0.10772082270408163,,,,,0.0
../data/satellite/aqua/2023/20230607_AQUA.jpg,2023-06-07,0.0888671875,,,,,0.0
../data/satellite/aqua/2023/20230608_AQUA.jpg,2023-06-08,0.16695232780612246,,,,,0.0
../data/satellite/aqua/2023/20230609_AQUA.jpg,2023-06-09,0.1296436543367347,,,,,0.0
../data/satellite/aqua/2023/20230610_AQUA.jpg,2023-06-10,0.07007334183673469,,,,,0.0
../data/satellite/aqua/2023/20230611_AQUA.jpg,2023-06-11,0.07204639668367346,,,,,0.0
../data/satellite/aqua/2023/20230612_AQUA.jpg,2023-06-12,0.23301977040816327,0.6394970920287376,0.2707834416695176,0.08971946630174478,../data/satellite/aqua/2023/20230612_AQUA.jpg_classified.png,0.0
../data/satellite/aqua/2023/20230613_AQUA.jpg,2023-06-13,0.05502630739795918,,,,,0.0
../data/satellite/aqua/2023/20230614_AQUA.jpg,2023-06-14,0.1260363520408163,,,,,0.0
../data/satellite/aqua/2023/20230615_AQUA.jpg,2023-06-15,0.13982780612244897,,,,,0.0
../data/satellite/aqua/2023/20230616_AQUA.jpg,2023-06-16,0.06833944515306123,,,,,0.0
../data/satellite/aqua/2023/20230617_AQUA.jpg,2023-06-17,0.15680803571428573,,,,,0.0
../data/satellite/aqua/2023/20230618_AQUA.jpg,2023-06-18,0.11156728316326531,,,,,0.0
../data/satellite/aqua/2023/20230619_AQUA.jpg,2023-06-19,0.06873804209183673,,,,,0.0
../data/satellite/aqua/2023/20230620_AQUA.jpg,2023-06-20,0.05823501275510204,,,,,0.0
../data/satellite/aqua/2023/20230621_AQUA.jpg,2023-06-21,0.043068399234693876,,,,,0.0
../data/satellite/aqua/2023/20230622_AQUA.jpg,2023-06-22,0.0782047193877551,,,,,0.0
../data/satellite/aqua/2023/20230623_AQUA.jpg,2023-06-23,0.07075095663265306,,,,,0.0
../data/satellite/aqua/2023/20230624_AQUA.jpg,2023-06-24,0.2295719068877551,0.690250889834187,0.2550568625748763,0.054692247590936716,../data/satellite/aqua/2023/20230624_AQUA.jpg_classified.png,0.0
../data/satellite/aqua/2023/20230625_AQUA.jpg,2023-06-25,0.1493542729591837,,,,,0.0
../data/satellite/aqua/2023/20230626_AQUA.jpg,2023-06-26,,,,,,0.5816525829081632
../data/satellite/aqua/2023/20230627_AQUA.jpg,2023-06-27,0.08440290178571429,,,,,0.0
../data/satellite/aqua/2023/20230628_AQUA.jpg,2023-06-28,0.1541374362244898,,,,,0.0
../data/satellite/aqua/2023/20230629_AQUA.jpg,2023-06-29,0.03910235969387755,,,,,0.0
../data/satellite/aqua/2023/20230630_AQUA.jpg,2023-06-30,0.035455197704081634,,,,,0.0
../data/satellite/aqua/2023/20230701_AQUA.jpg,2023-07-01,0.041334502551020405,,,,,0.0
../data/satellite/aqua/2023/20230702_AQUA.jpg,2023-07-02,0.42825255102040816,0.8738365599404319,0.11122486969471333,0.014938570364854803,../data/satellite/aqua/2023/20230702_AQUA.jpg_classified.png,0.0
../data/satellite/aqua/2023/20230703_AQUA.jpg,2023-07-03,0.1962890625,,,,,0.0
../data/satellite/aqua/2023/20230704_AQUA.jpg,2023-07-04,0.07537468112244898,,,,,0.0
../data/satellite/aqua/2023/20230705_AQUA.jpg,2023-07-05,0.05859375,,,,,0.0
../data/satellite/aqua/2023/20230706_AQUA.jpg,2023-07-06,0.08615672831632654,,,,,0.0
../data/satellite/aqua/2023/20230707_AQUA.jpg,2023-07-07,0.07553411989795919,,,,,0.0
../data/satellite/aqua/2023/20230708_AQUA.jpg,2023-07-08,0.31497130102040816,0.8596557833459884,0.13123259934193876,0.009111617312072893,../data/satellite/aqua/2023/20230708_AQUA.jpg_classified.png,0.0
../data/satellite/aqua/2023/20230709_AQUA.jpg,2023-07-09,0.0748764349489796,,,,,0.0
../data/satellite/aqua/2023/20230710_AQUA.jpg,2023-07-10,0.03541533801020408,,,,,0.0
../data/satellite/aqua/2023/20230711_AQUA.jpg,2023-07-11,0.1880779655612245,,,,,0.0
../data/satellite/aqua/2023/20230712_AQUA.jpg,2023-07-12,0.11806441326530612,,,,,0.0
../data/satellite/aqua/2023/20230713_AQUA.jpg,2023-07-13,0.10220025510204081,,,,,0.0
../data/satellite/aqua/2023/20230714_AQUA.jpg,2023-07-14,0.06501116071428571,,,,,0.0
../data/satellite/aqua/2023/20230715_AQUA.jpg,2023-07-15,0.06772161989795919,,,,,0.0
../data/satellite/aqua/2023/20230716_AQUA.jpg,2023-07-16,0.06945551658163265,,,,,0.0
../data/satellite/aqua/2023/20230717_AQUA.jpg,2023-07-17,0.06774154974489796,,,,,0.0
../data/satellite/aqua/2023/20230718_AQUA.jpg,2023-07-18,0.19577088647959184,,,,,0.0
../data/satellite/aqua/2023/20230719_AQUA.jpg,2023-07-19,0.17970742984693877,,,,,0.0
../data/satellite/aqua/2023/20230720_AQUA.jpg,2023-07-20,0.07399952168367346,,,,,0.0
../data/satellite/aqua/2023/20230721_AQUA.jpg,2023-07-21,,,,,,0.7099410076530612
../data/satellite/aqua/2023/20230722_AQUA.jpg,2023-07-22,,,,,,0.7099410076530612
../data/satellite/aqua/2023/20230723_AQUA.jpg,2023-07-23,,,,,,0.7099410076530612
../data/satellite/aqua/2023/20230724_AQUA.jpg,2023-07-24,,,,,,0.7099410076530612
../data/satellite/aqua/2023/20230725_AQUA.jpg,2023-07-25,,,,,,0.7099410076530612
../data/satellite/aqua/2023/20230726_AQUA.jpg,2023-07-26,,,,,,0.7099410076530612
../data/satellite/aqua/2023/20230727_AQUA.jpg,2023-07-27,0.1361407844387755,,,,,0.0
../data/satellite/aqua/2023/20230728_AQUA.jpg,2023-07-28,0.1555125956632653,,,,,0.0
../data/satellite/aqua/2023/20230729_AQUA.jpg,2023-07-29,0.09404894770408163,,,,,0.0
../data/satellite/aqua/2023/20230730_AQUA.jpg,2023-07-30,0.08697385204081633,,,,,0.0
../data/satellite/aqua/2023/20230731_AQUA.jpg,2023-07-31,0.05506616709183673,,,,,0.0
../data/satellite/aqua/2023/20230801_AQUA.jpg,2023-08-01,0.5569794323979592,0.9334812323326296,0.06583890936415358,0.0006798583032168032,../data/satellite/aqua/2023/20230801_AQUA.jpg_classified.png,0.0
../data/satellite/aqua/2023/20230802_AQUA.jpg,2023-08-02,0.09259406887755102,,,,,0.0
../data/satellite/aqua/2023/20230803_AQUA.jpg,2023-08-03,0.11995774872448979,,,,,0.0
../data/satellite/aqua/2023/20230804_AQUA.jpg,2023-08-04,0.12288743622448979,,,,,0.0
../data/satellite/aqua/2023/20230805_AQUA.jpg,2023-08-05,0.2644889987244898,0.828573581493482,0.146183407429734,0.025243011076783964,../data/satellite/aqua/2023/20230805_AQUA.jpg_classified.png,0.0
../data/satellite/aqua/2023/20230806_AQUA.jpg,2023-08-06,0.5399394132653061,0.615532260445888,0.3829543776760667,0.0015133618780451795,../data/satellite/aqua/2023/20230806_AQUA.jpg_classified.png,0.0
../data/satellite/aqua/2023/20230807_AQUA.jpg,2023-08-07,0.4619738520408163,0.7260569456427955,0.26635030198446935,0.0075927523727351166,../data/satellite/aqua/2023/20230807_AQUA.jpg_classified.png,0.0
../data/satellite/aqua/2023/20230808_AQUA.jpg,2023-08-08,0.42759486607142855,0.7764623630855279,0.2203216033558611,0.0032160335586110464,../data/satellite/aqua/2023/20230808_AQUA.jpg_classified.png,0.0
../data/satellite/aqua/2023/20230809_AQUA.jpg,2023-08-09,0.13335060586734693,,,,,0.0
../data/satellite/aqua/2023/20230810_AQUA.jpg,2023-08-10,0.08474170918367346,,,,,0.0
../data/satellite/aqua/2023/20230811_AQUA.jpg,2023-08-11,0.06899713010204081,,,,,0.0
../data/satellite/aqua/2023/20230812_AQUA.jpg,2023-08-12,0.06483179209183673,,,,,0.0
../data/satellite/aqua/2023/20230813_AQUA.jpg,2023-08-13,0.03928172831632653,,,,,0.0
../data/satellite/aqua/2023/20230814_AQUA.jpg,2023-08-14,0.029416454081632654,,,,,0.0
../data/satellite/aqua/2023/20230815_AQUA.jpg,2023-08-15,0.1726921237244898,,,,,0.0
../data/satellite/aqua/2023/20230816_AQUA.jpg,2023-08-16,0.2084064094387755,0.7379745624940232,0.2504542411781582,0.011571196327818686,../data/satellite/aqua/2023/20230816_AQUA.jpg_classified.png,0.0
../data/satellite/aqua/2023/20230817_AQUA.jpg,2023-08-17,0.5778260522959183,0.9649915496844066,0.03380126237367641,0.0012071879419170144,../data/satellite/aqua/2023/20230817_AQUA.jpg_classified.png,0.0
../data/satellite/aqua/2023/20230818_AQUA.jpg,2023-08-18,0.12820870535714285,,,,,0.0
../data/satellite/aqua/2023/20230819_AQUA.jpg,2023-08-19,0.06859853316326531,,,,,0.0
../data/satellite/aqua/2023/20230820_AQUA.jpg,2023-08-20,,,,,,0.7099410076530612
../data/satellite/aqua/2023/20230821_AQUA.jpg,2023-08-21,,,,,,0.7099410076530612
../data/satellite/aqua/2023/20230822_AQUA.jpg,2023-08-22,0.16015625,,,,,0.0
../data/satellite/aqua/2023/20230823_AQUA.jpg,2023-08-23,0.06108498086734694,,,,,0.0
../data/satellite/aqua/2023/20230824_AQUA.jpg,2023-08-24,0.08733258928571429,,,,,0.0
../data/satellite/aqua/2023/20230825_AQUA.jpg,2023-08-25,0.07597257653061225,,,,,0.0
../data/satellite/aqua/2023/20230826_AQUA.jpg,2023-08-26,0.045579559948979595,,,,,0.0
../data/satellite/aqua/2023/20230827_AQUA.jpg,2023-08-27,0.10369499362244898,,,,,0.0
../data/satellite/aqua/2023/20230828_AQUA.jpg,2023-08-28,0.24089205994897958,0.7577562670637875,0.22735170017374037,0.014892032762472078,../data/satellite/aqua/2023/20230828_AQUA.jpg_classified.png,0.0
../data/satellite/aqua/2023/20230829_AQUA.jpg,2023-08-29,0.23196348852040816,0.7875247014348312,0.18506744565684338,0.027407852908325456,../data/satellite/aqua/2023/20230829_AQUA.jpg_classified.png,0.0
../data/satellite/aqua/2023/20230830_AQUA.jpg,2023-08-30,0.04079639668367347,,,,,0.0
../data/satellite/aqua/2023/20230831_AQUA.jpg,2023-08-31,0.06018813775510204,,,,,0.0
../data/satellite/aqua/2023/20230901_AQUA.jpg,2023-09-01,0.22301498724489796,0.755674709562109,0.22350312779267204,0.020822162645218946,../data/satellite/aqua/2023/20230901_AQUA.jpg_classified.png,0.0
../data/satellite/aqua/2023/20230902_AQUA.jpg,2023-09-02,0.04065688775510204,,,,,0.0
../data/satellite/aqua/2023/20230903_AQUA.jpg,2023-09-03,0.18263711734693877,,,,,0.0
../data/satellite/aqua/2023/20230904_AQUA.jpg,2023-09-04,0.3212890625,0.4834067365548043,0.44321071893803116,0.07338254450716457,../data/satellite/aqua/2023/20230904_AQUA.jpg_classified.png,0.0
../data/satellite/aqua/2023/20230905_AQUA.jpg,2023-09-05,0.03322305484693878,,,,,0.0
../data/satellite/aqua/2023/20230906_AQUA.jpg,2023-09-06,0.050103635204081634,,,,,0.0
../data/satellite/aqua/2023/20230907_AQUA.jpg,2023-09-07,0.09444754464285714,,,,,0.0
../data/satellite/aqua/2023/20230908_AQUA.jpg,2023-09-08,0.21368781887755103,0.7577877261704906,0.21675060623018094,0.025461667599328483,../data/satellite/aqua/2023/20230908_AQUA.jpg_classified.png,0.0
../data/satellite/aqua/2023/20230909_AQUA.jpg,2023-09-09,0.18036511479591838,,,,,0.0
../data/satellite/aqua/2023/20230910_AQUA.jpg,2023-09-10,0.13400829081632654,,,,,0.0
../data/satellite/aqua/2023/20230911_AQUA.jpg,2023-09-11,0.07862324617346939,,,,,0.0
../data/satellite/aqua/2023/20230912_AQUA.jpg,2023-09-12,0.04005899234693878,,,,,0.0
../data/satellite/aqua/2023/20230917_AQUA.jpg,2023-09-17,0.3383290816326531,0.8702285579641847,0.11981621112158342,0.009955230914231858,../data/satellite/aqua/2023/20230917_AQUA.jpg_classified.png,0.0
../data/satellite/aqua/2023/20231015_AQUA.jpg,2023-10-15,0.10758131377551021,,,,,0.0
../data/satellite/aqua/2023/20231016_AQUA.jpg,2023-10-16,0.21057876275510204,0.8091993185689949,0.16732916903274656,0.023471512398258565,../data/satellite/aqua/2023/20231016_AQUA.jpg_classified.png,0.0
../data/satellite/aqua/2023/20231017_AQUA.jpg,2023-10-17,0.44154575892857145,0.7985104942450914,0.19232678853531934,0.009162717219589257,../data/satellite/aqua/2023/20231017_AQUA.jpg_classified.png,0.0
../data/satellite/aqua/2023/20231106_AQUA.jpg,2023-11-06,,,,,,0.49711017219387754
../data/satellite/aqua/2023/20231107_AQUA.jpg,2023-11-07,,,,,,0.6651387117346939
../data/satellite/aqua/2024/20240225_AQUA.jpg,2024-02-25,0.10923549107142858,,,,,0.0
../data/satellite/aqua/2024/20240226_AQUA.jpg,2024-02-26,0.13229432397959184,,,,,0.0
../data/satellite/aqua/2024/20240229_AQUA.jpg,2024-02-29,0.12448182397959184,,,,,0.0
../data/satellite/aqua/2024/20240309_AQUA.jpg,2024-03-09,0.08159279336734694,,,,,0.0
../data/satellite/aqua/2024/20240403_AQUA.jpg,2024-04-03,0.10210060586734694,,,,,0.0
../data/satellite/aqua/2024/20240404_AQUA.jpg,2024-04-04,0.07989875637755102,,,,,0.0
../data/satellite/aqua/2024/20240406_AQUA.jpg,2024-04-06,0.10166214923469388,,,,,0.0
../data/satellite/aqua/2024/20240407_AQUA.jpg,2024-04-07,0.12426259566326531,,,,,0.0
../data/satellite/aqua/2024/20240410_AQUA.jpg,2024-04-10,0.10738201530612244,,,,,0.0
../data/satellite/aqua/2024/20240411_AQUA.jpg,2024-04-11,0.1005859375,,,,,0.0
../data/satellite/aqua/2024/20240708_AQUA.jpg,2024-07-08,0.367366868622449,0.8808658384419248,0.11484836977160527,0.0042857917864699184,../data/satellite/aqua/2024/20240708_AQUA.jpg_classified.png,0.0
../data/satellite/aqua/2024/20240709_AQUA.jpg,2024-07-09,0.17494419642857142,,,,,0.0
../data/satellite/aqua/2024/20240710_AQUA.jpg,2024-07-10,0.2751315369897959,0.8424483882651214,0.13958710612097067,0.017964505613908003,../data/satellite/aqua/2024/20240710_AQUA.jpg_classified.png,0.0
../data/satellite/aqua/2024/20240711_AQUA.jpg,2024-07-11,0.06403459821428571,,,,,0.0
../data/satellite/aqua/2024/20240712_AQUA.jpg,2024-07-12,0.4372010522959184,0.888590053334549,0.10343255686739299,0.007977389798058076,../data/satellite/aqua/2024/20240712_AQUA.jpg_classified.png,0.0
../data/satellite/aqua/2024/20240713_AQUA.jpg,2024-07-13,0.15475526147959184,,,,,0.0
../data/satellite/aqua/2024/20240714_AQUA.jpg,2024-07-14,0.047751913265306124,,,,,0.0
../data/satellite/aqua/2024/20240715_AQUA.jpg,2024-07-15,0.46968670280612246,0.8540756142063054,0.1218228879365214,0.024101497857173165,../data/satellite/aqua/2024/20240715_AQUA.jpg_classified.png,0.0
../data/satellite/aqua/2024/20240716_AQUA.jpg,2024-07-16,0.3981784119897959,0.6925271535111868,0.2998148055458231,0.00765804094299014,../data/satellite/aqua/2024/20240716_AQUA.jpg_classified.png,0.0
../data/satellite/aqua/2024/20240717_AQUA.jpg,2024-07-17,0.5798987563775511,0.9483451902257964,0.05010825858335911,0.001546551190844417,../data/satellite/aqua/2024/20240717_AQUA.jpg_classified.png,0.0
../data/satellite/aqua/2024/20240718_AQUA.jpg,2024-07-18,0.5822704081632653,0.9519783680175247,0.04610487404162103,0.0019167579408543264,../data/satellite/aqua/2024/20240718_AQUA.jpg_classified.png,0.0
../data/satellite/aqua/2024/20240719_AQUA.jpg,2024-07-19,0.5827885841836735,0.7931400041036865,0.20542370562888995,0.0014362902674235688,../data/satellite/aqua/2024/20240719_AQUA.jpg_classified.png,0.0
../data/satellite/aqua/2024/20240720_AQUA.jpg,2024-07-20,0.5336216517857143,0.7052847805788982,0.2910177404295051,0.0036974789915966387,../data/satellite/aqua/2024/20240720_AQUA.jpg_classified.png,0.0
../data/satellite/aqua/2024/20240721_AQUA.jpg,2024-07-21,0.5770687181122449,0.6922811258849939,0.3057503021930582,0.0019685719219478502,../data/satellite/aqua/2024/20240721_AQUA.jpg_classified.png,0.0
../data/satellite/aqua/2024/20240722_AQUA.jpg,2024-07-22,0.1643016581632653,,,,,0.0
../data/satellite/aqua/2024/20240723_AQUA.jpg,2024-07-23,0.1477000956632653,,,,,0.0
../data/satellite/aqua/2024/20240724_AQUA.jpg,2024-07-24,0.06772161989795919,,,,,0.0
../data/satellite/aqua/2024/20240725_AQUA.jpg,2024-07-25,0.04340720663265306,,,,,0.0
../data/satellite/aqua/2024/20240726_AQUA.jpg,2024-07-26,0.05741788903061224,,,,,0.0
../data/satellite/aqua/2024/20240727_AQUA.jpg,2024-07-27,0.5800980548469388,0.9680832789363384,0.031538805098429934,0.0003779159652317312,../data/satellite/aqua/2024/20240727_AQUA.jpg_classified.png,0.0
../data/satellite/aqua/2024/20240728_AQUA.jpg,2024-07-28,,,,,,0.7503188775510204
../data/satellite/aqua/2024/20240729_AQUA.jpg,2024-07-29,,,,,,0.7503188775510204
../data/satellite/aqua/2024/20240730_AQUA.jpg,2024-07-30,0.09213568239795919,,,,,0.0
../data/satellite/aqua/2024/20240731_AQUA.jpg,2024-07-31,0.23256138392857142,0.8518296340731853,0.1354871882766304,0.012683177650184249,../data/satellite/aqua/2024/20240731_AQUA.jpg_classified.png,0.0
../data/satellite/aqua/2024/20240801_AQUA.jpg,2024-08-01,0.2392578125,0.6119950020824656,0.37392753019575176,0.01407746772178259,../data/satellite/aqua/2024/20240801_AQUA.jpg_classified.png,0.0
../data/satellite/aqua/2024/20240802_AQUA.jpg,2024-08-02,0.5540298150510204,0.8480880607216087,0.1513363790064391,0.0005755602719522284,../data/satellite/aqua/2024/20240802_AQUA.jpg_classified.png,0.0
../data/satellite/aqua/2024/20240803_AQUA.jpg,2024-08-03,0.5714485012755102,0.8442785896139225,0.15544240225996583,0.000279008126111673,../data/satellite/aqua/2024/20240803_AQUA.jpg_classified.png,0.0
../data/satellite/aqua/2024/20240804_AQUA.jpg,2024-08-04,0.4951171875,0.8431751398784366,0.1512297226582941,0.005595137463269332,../data/satellite/aqua/2024/20240804_AQUA.jpg_classified.png,0.0
../data/satellite/aqua/2024/20240805_AQUA.jpg,2024-08-05,0.47068319515306123,0.6920862090866748,0.30613541093280267,0.001778379980522505,../data/satellite/aqua/2024/20240805_AQUA.jpg_classified.png,0.0
../data/satellite/aqua/2024/20240806_AQUA.jpg,2024-08-06,,,,,,0.7503188775510204
../data/satellite/aqua/2024/20240807_AQUA.jpg,2024-08-07,,,,,,0.7503188775510204
../data/satellite/aqua/2024/20240808_AQUA.jpg,2024-08-08,0.09705835459183673,,,,,0.0
../data/satellite/aqua/2024/20240809_AQUA.jpg,2024-08-09,0.04906728316326531,,,,,0.0
../data/satellite/aqua/2024/20240810_AQUA.jpg,2024-08-10,0.038564253826530615,,,,,0.0
../data/satellite/aqua/2024/20240811_AQUA.jpg,2024-08-11,0.24605389030612246,0.6644257249311518,0.2365948485339381,0.0989794265349101,../data/satellite/aqua/2024/20240811_AQUA.jpg_classified.png,0.0
../data/satellite/aqua/2024/20240812_AQUA.jpg,2024-08-12,0.30881297831632654,0.8049048080025815,0.17308809293320426,0.02200709906421426,../data/satellite/aqua/2024/20240812_AQUA.jpg_classified.png,0.0
../data/satellite/aqua/2024/20240813_AQUA.jpg,2024-08-13,0.0528938137755102,,,,,0.0
../data/satellite/aqua/2024/20240814_AQUA.jpg,2024-08-14,,,,,,0.5232979910714286
../data/satellite/aqua/2024/20240815_AQUA.jpg,2024-08-15,0.035435267857142856,,,,,0.0
../data/satellite/aqua/2024/20240816_AQUA.jpg,2024-08-16,0.0733219068877551,,,,,0.0
../data/satellite/aqua/2024/20240817_AQUA.jpg,2024-08-17,0.10801977040816327,,,,,0.0
../data/satellite/aqua/2024/20240818_AQUA.jpg,2024-08-18,0.2612404336734694,0.7933323161428135,0.19690265486725664,0.009765028989929814,../data/satellite/aqua/2024/20240818_AQUA.jpg_classified.png,0.0
../data/satellite/aqua/2024/20240819_AQUA.jpg,2024-08-19,0.2032047193877551,0.6849744998038446,0.2580423695566889,0.05698313063946646,../data/satellite/aqua/2024/20240819_AQUA.jpg_classified.png,0.0
../data/satellite/aqua/2024/20240820_AQUA.jpg,2024-08-20,0.2553212691326531,0.7410038248380298,0.2264460229490282,0.032550152212942,../data/satellite/aqua/2024/20240820_AQUA.jpg_classified.png,0.0
../data/satellite/aqua/2024/20240821_AQUA.jpg,2024-08-21,0.26917251275510207,0.8384421738486598,0.13690211757737303,0.024655708573967126,../data/satellite/aqua/2024/20240821_AQUA.jpg_classified.png,0.0
../data/satellite/aqua/2024/20240822_AQUA.jpg,2024-08-22,,,,,,0.7503188775510204
../data/satellite/aqua/2024/20240823_AQUA.jpg,2024-08-23,,,,,,0.7503188775510204
../data/satellite/aqua/2024/20240824_AQUA.jpg,2024-08-24,0.07138871173469388,,,,,0.0
../data/satellite/aqua/2024/20240825_AQUA.jpg,2024-08-25,0.3008410395408163,0.6993706525339516,0.2741305067903279,0.026498840675720437,../data/satellite/aqua/2024/20240825_AQUA.jpg_classified.png,0.0
../data/satellite/aqua/2024/20240826_AQUA.jpg,2024-08-26,0.057896205357142856,,,,,0.0
../data/satellite/aqua/2024/20240827_AQUA.jpg,2024-08-27,0.09654017857142858,,,,,0.0
../data/satellite/aqua/2024/20240828_AQUA.jpg,2024-08-28,0.39584661989795916,0.6266237035545262,0.3460880072500252,0.027288289195448595,../data/satellite/aqua/2024/20240828_AQUA.jpg_classified.png,0.0
../data/satellite/aqua/2024/20240829_AQUA.jpg,2024-08-29,0.26767777423469385,0.5778423051150324,0.37182637182637185,0.050331323058595785,../data/satellite/aqua/2024/20240829_AQUA.jpg_classified.png,0.0
../data/satellite/aqua/2024/20240830_AQUA.jpg,2024-08-30,0.2152423469387755,0.480462962962963,0.47453703703703703,0.045,../data/satellite/aqua/2024/20240830_AQUA.jpg_classified.png,0.0
../data/satellite/aqua/2024/20240831_AQUA.jpg,2024-08-31,0.08264907525510204,,,,,0.0
../data/satellite/aqua/2024/20240901_AQUA.jpg,2024-09-01,0.24948182397959184,0.6914043776961176,0.27136922831123184,0.03722639399265058,../data/satellite/aqua/2024/20240901_AQUA.jpg_classified.png,0.0
../data/satellite/aqua/2024/20240902_AQUA.jpg,2024-09-02,0.054009885204081634,,,,,0.0
../data/satellite/aqua/2024/20240903_AQUA.jpg,2024-09-03,0.14634486607142858,,,,,0.0
../data/satellite/aqua/2024/20240904_AQUA.jpg,2024-09-04,0.22022480867346939,0.5641628959276018,0.4230769230769231,0.012760180995475113,../data/satellite/aqua/2024/20240904_AQUA.jpg_classified.png,0.0
../data/satellite/aqua/2024/20240905_AQUA.jpg,2024-09-05,0.052256058673469385,,,,,0.0
../data/satellite/aqua/2024/20240906_AQUA.jpg,2024-09-06,0.05327248086734694,,,,,0.0
../data/satellite/aqua/2024/20240907_AQUA.jpg,2024-09-07,0.04555963010204082,,,,,0.0
../data/satellite/aqua/2024/20240908_AQUA.jpg,2024-09-08,0.3850845025510204,0.5301211054756236,0.4438981471897319,0.025980747334644446,../data/satellite/aqua/2024/20240908_AQUA.jpg_classified.png,0.0
../data/satellite/aqua/2024/20240909_AQUA.jpg,2024-09-09,0.5564612563775511,0.6520181941907525,0.33784606568532644,0.010135740123921063,../data/satellite/aqua/2024/20240909_AQUA.jpg_classified.png,0.0
../data/satellite/aqua/2024/20240910_AQUA.jpg,2024-09-10,0.23084741709183673,0.6952430285763619,0.2647845981179314,0.03997237330570664,../data/satellite/aqua/2024/20240910_AQUA.jpg_classified.png,0.0
../data/satellite/aqua/2024/20240911_AQUA.jpg,2024-09-11,0.5325055803571429,0.6950110408323665,0.30053519967064635,0.004453759496987163,../data/satellite/aqua/2024/20240911_AQUA.jpg_classified.png,0.0
../data/satellite/aqua/2024/20240912_AQUA.jpg,2024-09-12,0.5557039221938775,0.6014058745472152,0.39604777104328803,0.002546354409496826,../data/satellite/aqua/2024/20240912_AQUA.jpg_classified.png,0.0
../data/satellite/aqua/2024/20240913_AQUA.jpg,2024-09-13,0.22789779974489796,0.7739396589418452,0.21477918670747703,0.011281154350677744,../data/satellite/aqua/2024/20240913_AQUA.jpg_classified.png,0.0
../data/satellite/aqua/2024/20240914_AQUA.jpg,2024-09-14,0.2066924426020408,0.7746601099218976,0.19776299296114164,0.027576897116960757,../data/satellite/aqua/2024/20240914_AQUA.jpg_classified.png,0.0
../data/satellite/aqua/2024/20240915_AQUA.jpg,2024-09-15,0.09127869897959184,,,,,0.0
../data/satellite/aqua/2024/20240916_AQUA.jpg,2024-09-16,0.12442203443877552,,,,,0.0
../data/satellite/aqua/2024/20240917_AQUA.jpg,2024-09-17,0.43162069515306123,0.7825645287897678,0.21069400193932677,0.006741469270905481,../data/satellite/aqua/2024/20240917_AQUA.jpg_classified.png,0.0
../data/satellite/aqua/2024/20240918_AQUA.jpg,2024-09-18,0.450015943877551,0.5663861824623561,0.4279893711248893,0.00562444641275465,../data/satellite/aqua/2024/20240918_AQUA.jpg_classified.png,0.0
../data/satellite/aqua/2024/20240919_AQUA.jpg,2024-09-19,0.13723692602040816,,,,,0.0
../data/satellite/aqua/2024/20240920_AQUA.jpg,2024-09-20,0.4139827806122449,0.7935201232428268,0.20161756210283074,0.004862314654342384,../data/satellite/aqua/2024/20240920_AQUA.jpg_classified.png,0.0
../data/satellite/aqua/2024/20240921_AQUA.jpg,2024-09-21,0.41639429209183676,0.7178480830900301,0.28057244053032115,0.0015794763796486862,../data/satellite/aqua/2024/20240921_AQUA.jpg_classified.png,0.0
../data/satellite/aqua/2024/20240922_AQUA.jpg,2024-09-22,0.586296237244898,0.9058059691345435,0.09290230471140118,0.0012917261540553403,../data/satellite/aqua/2024/20240922_AQUA.jpg_classified.png,0.0
../data/satellite/aqua/2024/20240923_AQUA.jpg,2024-09-23,0.48301977040816324,0.7965010727842878,0.20213731638884305,0.0013616108268691203,../data/satellite/aqua/2024/20240923_AQUA.jpg_classified.png,0.0
../data/satellite/aqua/2024/20240925_AQUA.jpg,2024-09-25,0.2728993941326531,0.8301321843277587,0.16205360403125685,0.007814211640984444,../data/satellite/aqua/2024/20240925_AQUA.jpg_classified.png,0.0
../data/satellite/aqua/2024/20240926_AQUA.jpg,2024-09-26,0.12390385841836735,,,,,0.0
../data/satellite/aqua/2024/20240927_AQUA.jpg,2024-09-27,0.026925223214285716,,,,,0.0
../data/satellite/aqua/2024/20240928_AQUA.jpg,2024-09-28,0.0509406887755102,,,,,0.0
../data/satellite/aqua/2024/20240929_AQUA.jpg,2024-09-29,0.03537547831632653,,,,,0.0
../data/satellite/aqua/2024/20240930_AQUA.jpg,2024-09-30,0.0574577487244898,,,,,0.0
../data/satellite/aqua/2024/20241001_AQUA.jpg,2024-10-01,0.06582828443877552,,,,,0.0
../data/satellite/aqua/2024/20241002_AQUA.jpg,2024-10-02,0.05123963647959184,,,,,0.0
../data/satellite/aqua/2024/20241003_AQUA.jpg,2024-10-03,0.02481265943877551,,,,,0.0
../data/satellite/aqua/2024/20241004_AQUA.jpg,2024-10-04,0.078125,,,,,0.0
../data/satellite/aqua/2024/20241005_AQUA.jpg,2024-10-05,0.5315489477040817,0.8974916576056391,0.08721082824041093,0.015297514153949983,../data/satellite/aqua/2024/20241005_AQUA.jpg_classified.png,0.0
../data/satellite/aqua/2024/20241006_AQUA.jpg,2024-10-06,0.024254623724489797,,,,,0.0
../data/satellite/aqua/2024/20241007_AQUA.jpg,2024-10-07,0.048828125,,,,,0.0
../data/satellite/aqua/2024/20241008_AQUA.jpg,2024-10-08,0.28236607142857145,0.8109119141727837,0.1768068887634105,0.01228119706380576,../data/satellite/aqua/2024/20241008_AQUA.jpg_classified.png,0.0
../data/satellite/aqua/2024/20241010_AQUA.jpg,2024-10-10,0.5493662308673469,0.9606022129512063,0.03852711772174859,0.0008706693270451659,../data/satellite/aqua/2024/20241010_AQUA.jpg_classified.png,0.0
../data/satellite/aqua/2024/20241014_AQUA.jpg,2024-10-14,0.06971460459183673,,,,,0.0
../data/satellite/aqua/2024/20241015_AQUA.jpg,2024-10-15,0.14496970663265307,,,,,0.0
../data/satellite/aqua/2024/20241016_AQUA.jpg,2024-10-16,0.39590640943877553,0.9184495343569091,0.07812735967782532,0.0034231059652655425,../data/satellite/aqua/2024/20241016_AQUA.jpg_classified.png,0.0
../data/satellite/aqua/2024/20241017_AQUA.jpg,2024-10-17,0.22014508928571427,0.8035487959442332,0.1786166938258193,0.017834510229947493,../data/satellite/aqua/2024/20241017_AQUA.jpg_classified.png,0.0
../data/satellite/aqua/2024/20241018_AQUA.jpg,2024-10-18,0.21436543367346939,0.8281889178133135,0.15256600966902195,0.01924507251766456,../data/satellite/aqua/2024/20241018_AQUA.jpg_classified.png,0.0
../data/satellite/aqua/2024/20241019_AQUA.jpg,2024-10-19,0.2958984375,0.7895197683033609,0.20677577961877822,0.003704452077860847,../data/satellite/aqua/2024/20241019_AQUA.jpg_classified.png,0.0025111607142857145
../data/satellite/aqua/2024/20241020_AQUA.jpg,2024-10-20,0.0625797193877551,,,,,0.00027901785714285713
../data/satellite/aqua/2024/20241021_AQUA.jpg,2024-10-21,0.1553531568877551,,,,,0.0010562818877551021
../data/satellite/aqua/2024/20241022_AQUA.jpg,2024-10-22,0.12535873724489796,,,,,0.0
../data/satellite/aqua/2024/20241023_AQUA.jpg,2024-10-23,0.02024872448979592,,,,,0.0
../data/satellite/aqua/2024/20241024_AQUA.jpg,2024-10-24,0.07328204719387756,,,,,0.0
../data/satellite/aqua/2024/20241025_AQUA.jpg,2024-10-25,0.11051100127551021,,,,,0.0
../data/satellite/aqua/2024/20241026_AQUA.jpg,2024-10-26,0.14618542729591838,,,,,0.0
../data/satellite/aqua/2024/20241027_AQUA.jpg,2024-10-27,0.5360530931122449,0.9308473063910473,0.06651299401420233,0.0026396995947503437,../data/satellite/aqua/2024/20241027_AQUA.jpg_classified.png,0.0
../data/satellite/aqua/2024/20241028_AQUA.jpg,2024-10-28,0.2643893494897959,0.7878034072063923,0.20292477008894919,0.009271822704658525,../data/satellite/aqua/2024/20241028_AQUA.jpg_classified.png,0.0
../data/satellite/aqua/2024/20241029_AQUA.jpg,2024-10-29,0.1237045599489796,,,,,0.0
../data/satellite/aqua/2024/20241030_AQUA.jpg,2024-10-30,0.0362922512755102,,,,,0.05701929209183673
../data/satellite/aqua/2024/20241031_AQUA.jpg,2024-10-31,0.2611607142857143,0.7960164835164835,0.2016941391941392,0.0022893772893772895,../data/satellite/aqua/2024/20241031_AQUA.jpg_classified.png,0.15790417729591838
../data/satellite/aqua/2024/20241101_AQUA.jpg,2024-11-01,0.09267378826530612,,,,,0.08420360331632654
../data/satellite/aqua/2024/20241102_AQUA.jpg,2024-11-02,0.09939014668367346,,,,,0.1005859375
../data/satellite/aqua/2024/20241103_AQUA.jpg,2024-11-03,,,,,,0.27126514668367346
../data/satellite/aqua/2024/20241104_AQUA.jpg,2024-11-04,,,,,,0.46837133290816324
../data/satellite/aqua/2024/20241105_AQUA.jpg,2024-11-05,,,,,,0.4714405293367347
../data/satellite/aqua/2024/20241106_AQUA.jpg,2024-11-06,,,,,,0.7129105548469388
../data/satellite/aqua/2024/20241107_AQUA.jpg,2024-11-07,,,,,,0.7147042410714286
../data/satellite/aqua/2024/20241108_AQUA.jpg,2024-11-08,,,,,,0.7502590880102041
../data/satellite/aqua/2024/20241109_AQUA.jpg,2024-11-09,,,,,,0.7503188775510204
../data/satellite/aqua/2024/20241110_AQUA.jpg,2024-11-10,,,,,,0.7503188775510204
../data/satellite/aqua/2024/20241111_AQUA.jpg,2024-11-11,,,,,,0.7503188775510204
../data/satellite/aqua/2024/20241112_AQUA.jpg,2024-11-12,,,,,,0.7503188775510204
../data/satellite/aqua/2024/20241113_AQUA.jpg,2024-11-13,,,,,,0.7503188775510204
../data/satellite/aqua/2024/20241114_AQUA.jpg,2024-11-14,,,,,,0.7503188775510204
../data/satellite/aqua/2024/20241115_AQUA.jpg,2024-11-15,,,,,,0.7503188775510204
../data/satellite/aqua/2024/20241116_AQUA.jpg,2024-11-16,,,,,,0.7503188775510204
../data/satellite/aqua/2024/20241117_AQUA.jpg,2024-11-17,,,,,,0.7503188775510204
../data/satellite/aqua/2024/20241118_AQUA.jpg,2024-11-18,,,,,,0.7503188775510204
../data/satellite/aqua/2024/20241119_AQUA.jpg,2024-11-19,,,,,,0.7503188775510204
../data/satellite/aqua/2024/20241120_AQUA.jpg,2024-11-20,,,,,,0.7503188775510204
../data/satellite/aqua/2024/20241121_AQUA.jpg,2024-11-21,,,,,,0.7503188775510204
../data/satellite/aqua/2024/20241122_AQUA.jpg,2024-11-22,,,,,,0.7503188775510204
../data/satellite/aqua/2024/20241123_AQUA.jpg,2024-11-23,,,,,,0.7503188775510204
../data/satellite/aqua/2024/20241124_AQUA.jpg,2024-11-24,,,,,,0.7503188775510204
../data/satellite/aqua/2024/20241125_AQUA.jpg,2024-11-25,,,,,,0.7503188775510204
../data/satellite/aqua/2024/20241126_AQUA.jpg,2024-11-26,,,,,,0.7503188775510204
../data/satellite/aqua/2024/20241127_AQUA.jpg,2024-11-27,,,,,,0.7530094068877551
../data/satellite/aqua/2024/20241128_AQUA.jpg,2024-11-28,,,,,,0.7503188775510204
../data/satellite/aqua/2024/20241129_AQUA.jpg,2024-11-29,,,,,,0.7503188775510204
../data/satellite/aqua/2024/20241130_AQUA.jpg,2024-11-30,,,,,,0.7503188775510204
../data/satellite/aqua/2024/20241201_AQUA.jpg,2024-12-01,,,,,,0.7503188775510204
../data/satellite/aqua/2024/20241202_AQUA.jpg,2024-12-02,,,,,,0.7503188775510204
../data/satellite/aqua/2024/20241203_AQUA.jpg,2024-12-03,,,,,,0.7503188775510204
../data/satellite/aqua/2024/20241204_AQUA.jpg,2024-12-04,,,,,,0.7503188775510204
../data/satellite/aqua/2024/20241205_AQUA.jpg,2024-12-05,,,,,,0.7503188775510204
../data/satellite/aqua/2024/20241206_AQUA.jpg,2024-12-06,,,,,,0.7503188775510204
../data/satellite/aqua/2024/20241207_AQUA.jpg,2024-12-07,,,,,,0.7503188775510204
../data/satellite/aqua/2024/20241208_AQUA.jpg,2024-12-08,,,,,,0.7503188775510204
../data/satellite/aqua/2024/20241209_AQUA.jpg,2024-12-09,,,,,,0.7503188775510204
../data/satellite/aqua/2024/20241210_AQUA.jpg,2024-12-10,,,,,,0.7503188775510204
../data/satellite/aqua/2024/20241211_AQUA.jpg,2024-12-11,,,,,,0.7503188775510204
../data/satellite/aqua/2024/20241212_AQUA.jpg,2024-12-12,,,,,,0.7503188775510204
../data/satellite/aqua/2024/20241213_AQUA.jpg,2024-12-13,,,,,,0.7503188775510204
../data/satellite/aqua/2024/20241214_AQUA.jpg,2024-12-14,,,,,,0.7503188775510204
../data/satellite/aqua/2024/20241215_AQUA.jpg,2024-12-15,,,,,,0.7503188775510204
../data/satellite/aqua/2024/20241216_AQUA.jpg,2024-12-16,,,,,,0.7503188775510204
../data/satellite/aqua/2024/20241217_AQUA.jpg,2024-12-17,,,,,,0.7503188775510204
../data/satellite/aqua/2024/20241218_AQUA.jpg,2024-12-18,,,,,,0.7503188775510204
../data/satellite/aqua/2024/20241219_AQUA.jpg,2024-12-19,,,,,,0.7530094068877551
../data/satellite/aqua/2024/20241220_AQUA.jpg,2024-12-20,,,,,,0.7503188775510204
../data/satellite/aqua/2024/20241221_AQUA.jpg,2024-12-21,,,,,,0.7503188775510204
../data/satellite/aqua/2024/20241222_AQUA.jpg,2024-12-22,,,,,,0.7503188775510204
../data/satellite/aqua/2024/20241223_AQUA.jpg,2024-12-23,,,,,,0.7503188775510204
../data/satellite/aqua/2024/20241224_AQUA.jpg,2024-12-24,,,,,,0.7503188775510204
../data/satellite/aqua/2024/20241225_AQUA.jpg,2024-12-25,,,,,,0.7503188775510204
../data/satellite/aqua/2024/20241226_AQUA.jpg,2024-12-26,,,,,,0.7503188775510204
../data/satellite/aqua/2024/20241227_AQUA.jpg,2024-12-27,,,,,,0.7503188775510204
../data/satellite/aqua/2024/20241228_AQUA.jpg,2024-12-28,,,,,,0.7503188775510204
../data/satellite/aqua/2024/20241229_AQUA.jpg,2024-12-29,,,,,,0.7503188775510204
../data/satellite/aqua/2024/20241230_AQUA.jpg,2024-12-30,,,,,,0.7503188775510204
../data/satellite/aqua/2024/20241231_AQUA.jpg,2024-12-31,,,,,,0.7503188775510204
../data/satellite/aqua/2025/20250101_AQUA.jpg,2025-01-01,,,,,,0.7503188775510204
../data/satellite/aqua/2025/20250102_AQUA.jpg,2025-01-02,,,,,,0.7503188775510204
../data/satellite/aqua/2025/20250103_AQUA.jpg,2025-01-03,,,,,,0.7503188775510204
../data/satellite/aqua/2025/20250104_AQUA.jpg,2025-01-04,,,,,,0.7503188775510204
../data/satellite/aqua/2025/20250105_AQUA.jpg,2025-01-05,,,,,,0.7503188775510204
../data/satellite/aqua/2025/20250106_AQUA.jpg,2025-01-06,,,,,,0.7503188775510204
../data/satellite/aqua/2025/20250107_AQUA.jpg,2025-01-07,,,,,,0.7503188775510204
../data/satellite/aqua/2025/20250108_AQUA.jpg,2025-01-08,,,,,,0.7503188775510204
../data/satellite/aqua/2025/20250109_AQUA.jpg,2025-01-09,,,,,,0.7503188775510204
../data/satellite/aqua/2025/20250110_AQUA.jpg,2025-01-10,,,,,,0.7503188775510204
../data/satellite/aqua/2025/20250111_AQUA.jpg,2025-01-11,,,,,,0.7503188775510204
../data/satellite/aqua/2025/20250112_AQUA.jpg,2025-01-12,,,,,,0.7503188775510204
../data/satellite/aqua/2025/20250113_AQUA.jpg,2025-01-13,,,,,,0.7503188775510204
../data/satellite/aqua/2025/20250114_AQUA.jpg,2025-01-14,,,,,,0.7503188775510204
../data/satellite/aqua/2025/20250115_AQUA.jpg,2025-01-15,,,,,,0.7503188775510204
../data/satellite/aqua/2025/20250116_AQUA.jpg,2025-01-16,,,,,,0.7503188775510204
../data/satellite/aqua/2025/20250117_AQUA.jpg,2025-01-17,,,,,,0.7503188775510204
../data/satellite/aqua/2025/20250118_AQUA.jpg,2025-01-18,,,,,,0.7503188775510204
../data/satellite/aqua/2025/20250119_AQUA.jpg,2025-01-19,,,,,,0.7503188775510204
../data/satellite/aqua/2025/20250120_AQUA.jpg,2025-01-20,,,,,,0.7503188775510204
../data/satellite/aqua/2025/20250121_AQUA.jpg,2025-01-21,,,,,,0.7503188775510204
../data/satellite/aqua/2025/20250122_AQUA.jpg,2025-01-22,,,,,,0.7503188775510204
../data/satellite/aqua/2025/20250123_AQUA.jpg,2025-01-23,,,,,,0.7503188775510204
../data/satellite/aqua/2025/20250124_AQUA.jpg,2025-01-24,,,,,,0.7503188775510204
../data/satellite/aqua/2025/20250125_AQUA.jpg,2025-01-25,,,,,,0.7503188775510204
../data/satellite/aqua/2025/20250126_AQUA.jpg,2025-01-26,,,,,,0.7503188775510204
../data/satellite/aqua/2025/20250127_AQUA.jpg,2025-01-27,,,,,,0.7503188775510204
../data/satellite/aqua/2025/20250128_AQUA.jpg,2025-01-28,,,,,,0.7503188775510204
../data/satellite/aqua/2025/20250129_AQUA.jpg,2025-01-29,,,,,,0.7503188775510204
../data/satellite/aqua/2025/20250130_AQUA.jpg,2025-01-30,,,,,,0.7503188775510204
../data/satellite/aqua/2025/20250131_AQUA.jpg,2025-01-31,,,,,,0.7503188775510204
../data/satellite/aqua/2025/20250201_AQUA.jpg,2025-02-01,,,,,,0.7503188775510204
../data/satellite/aqua/2025/20250202_AQUA.jpg,2025-02-02,,,,,,0.7503188775510204
../data/satellite/aqua/2025/20250203_AQUA.jpg,2025-02-03,,,,,,0.6253786670918368
../data/satellite/aqua/2025/20250204_AQUA.jpg,2025-02-04,,,,,,0.6074019451530612
../data/satellite/aqua/2025/20250205_AQUA.jpg,2025-02-05,,,,,,0.7503188775510204
../data/satellite/aqua/2025/20250206_AQUA.jpg,2025-02-06,,,,,,0.2893016581632653
../data/satellite/aqua/2025/20250207_AQUA.jpg,2025-02-07,0.23873963647959184,0.5789297938058269,0.057016445446197515,0.36405376074797563,../data/satellite/aqua/2025/20250207_AQUA.jpg_classified.png,0.1831951530612245
../data/satellite/aqua/2025/20250208_AQUA.jpg,2025-02-08,0.16069435586734693,,,,,0.026885363520408163
../data/satellite/aqua/2025/20250209_AQUA.jpg,2025-02-09,0.10002790178571429,,,,,0.037587691326530615
../data/satellite/aqua/2025/20250210_AQUA.jpg,2025-02-10,0.11407844387755102,,,,,0.0
../data/satellite/aqua/2025/20250211_AQUA.jpg,2025-02-11,0.06716358418367346,,,,,0.0
../data/satellite/aqua/2025/20250212_AQUA.jpg,2025-02-12,0.07182716836734694,,,,,0.0
../data/satellite/aqua/2025/20250213_AQUA.jpg,2025-02-13,0.07786591198979592,,,,,0.0
../data/satellite/aqua/2025/20250214_AQUA.jpg,2025-02-14,,,,,,0.7503188775510204
../data/satellite/aqua/2025/20250215_AQUA.jpg,2025-02-15,0.2658840880102041,0.23236638932613748,0.5597031706768608,0.20793043999700173,../data/satellite/aqua/2025/20250215_AQUA.jpg_classified.png,0.0
../data/satellite/aqua/2025/20250216_AQUA.jpg,2025-02-16,0.05060188137755102,,,,,0.0
../data/satellite/aqua/2025/20250217_AQUA.jpg,2025-02-17,0.1783123405612245,,,,,0.0
../data/satellite/aqua/2025/20250218_AQUA.jpg,2025-02-18,0.21135602678571427,0.10165016501650165,0.6388495992456389,0.2595002357378595,../data/satellite/aqua/2025/20250218_AQUA.jpg_classified.png,0.0
../data/satellite/aqua/2025/20250219_AQUA.jpg,2025-02-19,0.21514269770408162,0.14201018990273276,0.6036127836961557,0.25437702640111165,../data/satellite/aqua/2025/20250219_AQUA.jpg_classified.png,0.0
../data/satellite/aqua/2025/20250220_AQUA.jpg,2025-02-20,0.13333067602040816,,,,,0.0
../data/satellite/aqua/2025/20250221_AQUA.jpg,2025-02-21,0.07445790816326531,,,,,0.0
../data/satellite/aqua/2025/20250222_AQUA.jpg,2025-02-22,0.05084103954081633,,,,,0.0
../data/satellite/aqua/2025/20250223_AQUA.jpg,2025-02-23,0.06423389668367346,,,,,0.0
../data/satellite/aqua/2025/20250224_AQUA.jpg,2025-02-24,0.08492107780612244,,,,,0.0
../data/satellite/aqua/2025/20250225_AQUA.jpg,2025-02-25,0.09739716198979592,,,,,0.0
../data/satellite/aqua/2025/20250226_AQUA.jpg,2025-02-26,0.044244260204081634,,,,,0.0
../data/satellite/aqua/2025/20250227_AQUA.jpg,2025-02-27,0.13721699617346939,,,,,0.0
../data/satellite/aqua/2025/20250228_AQUA.jpg,2025-02-28,0.06531010841836735,,,,,0.0
../data/satellite/aqua/2025/20250301_AQUA.jpg,2025-03-01,0.08123405612244898,,,,,0.0
../data/satellite/aqua/2025/20250302_AQUA.jpg,2025-03-02,0.06692442602040816,,,,,0.0
../data/satellite/aqua/2025/20250303_AQUA.jpg,2025-03-03,0.09462691326530612,,,,,0.0
../data/satellite/aqua/2025/20250304_AQUA.jpg,2025-03-04,0.09434789540816327,,,,,0.0
../data/satellite/aqua/2025/20250305_AQUA.jpg,2025-03-05,0.09249441964285714,,,,,0.0
../data/satellite/aqua/2025/20250306_AQUA.jpg,2025-03-06,0.10961415816326531,,,,,0.0
../data/satellite/aqua/2025/20250307_AQUA.jpg,2025-03-07,0.0803970025510204,,,,,0.0
../data/satellite/aqua/2025/20250308_AQUA.jpg,2025-03-08,0.07822464923469388,,,,,0.0
../data/satellite/aqua/2025/20250309_AQUA.jpg,2025-03-09,0.06678491709183673,,,,,0.0
../data/satellite/aqua/2025/20250310_AQUA.jpg,2025-03-10,0.05608258928571429,,,,,0.0
../data/satellite/aqua/2025/20250311_AQUA.jpg,2025-03-11,0.09241470025510204,,,,,0.0
../data/satellite/aqua/2025/20250312_AQUA.jpg,2025-03-12,0.12721221301020408,,,,,0.0
../data/satellite/aqua/2025/20250313_AQUA.jpg,2025-03-13,0.05528539540816327,,,,,0.0
../data/satellite/aqua/2025/20250314_AQUA.jpg,2025-03-14,0.06538982780612244,,,,,0.0
../data/satellite/aqua/2025/20250315_AQUA.jpg,2025-03-15,0.1612922512755102,,,,,0.0
../data/satellite/aqua/2025/20250316_AQUA.jpg,2025-03-16,0.05855389030612245,,,,,0.0
../data/satellite/aqua/2025/20250317_AQUA.jpg,2025-03-17,0.10604671556122448,,,,,0.0
../data/satellite/aqua/2025/20250318_AQUA.jpg,2025-03-18,0.05345184948979592,,,,,0.0
../data/satellite/aqua/2025/20250323_AQUA.jpg,2025-03-23,0.1035953443877551,,,,,0.0
../data/satellite/aqua/2025/20250324_AQUA.jpg,2025-03-24,0.09982860331632654,,,,,0.0
../data/satellite/aqua/2025/20250325_AQUA.jpg,2025-03-25,0.06279894770408163,,,,,0.0
../data/satellite/aqua/2025/20250326_AQUA.jpg,2025-03-26,0.07372050382653061,,,,,0.0
../data/satellite/aqua/2025/20250327_AQUA.jpg,2025-03-27,0.03687021683673469,,,,,0.0
../data/satellite/aqua/2025/20250328_AQUA.jpg,2025-03-28,0.06692442602040816,,,,,0.0
../data/satellite/aqua/2025/20250329_AQUA.jpg,2025-03-29,0.06676498724489796,,,,,0.0
../data/satellite/aqua/2025/20250330_AQUA.jpg,2025-03-30,0.10865752551020408,,,,,0.0
../data/satellite/aqua/2025/20250331_AQUA.jpg,2025-03-31,0.09253427933673469,,,,,0.0
../data/satellite/aqua/2025/20250401_AQUA.jpg,2025-04-01,0.09925063775510204,,,,,0.0
../data/satellite/aqua/2025/20250402_AQUA.jpg,2025-04-02,0.08272879464285714,,,,,0.0
../data/satellite/aqua/2025/20250403_AQUA.jpg,2025-04-03,0.09305245535714286,,,,,0.0
../data/satellite/aqua/2025/20250404_AQUA.jpg,2025-04-04,0.07906170280612244,,,,,0.0
../data/satellite/aqua/2025/20250405_AQUA.jpg,2025-04-05,0.06373565051020408,,,,,0.0
../data/satellite/aqua/2025/20250406_AQUA.jpg,2025-04-06,,,,,,0.7530094068877551
../data/satellite/aqua/2019/ .jpg,,0.5762316645408163,0.5405526925604399,0.4591706152941583,0.0002766921454017224,../data/satellite/aqua/2019/ .jpg_classified.png,0.0
../data/satellite/aqua/mask/mask_AQUA.jpg,,0.08701371173469388,,,,,0.17241310586734693
../data/satellite/aqua/mask/mask_AQUA_new.jpg,,,,,,,0.2512755102040816
