tile_id,timestamp,ice_px,water_px,cloud_px,land_px,nodata_px,unknown_px,ice_pct,water_pct,cloud_pct,land_pct,nodata_pct,mean_ndsi_ice,mean_ndwi_water,eo_cloud_cover,sun_elev,sun_azim,edge_gap
S2B_22WDD_20210420_0_L1C,20210420T155255,151652,5,0,15008,0,39,0.9097,0.0,0.0,0.09,0.0,0.9129,0.0893,18.1337,,,0
S2C_22WDD_20250421_0_L1C,20250421T154325,135069,14892,1561,15008,0,174,0.8102,0.0893,0.0094,0.09,0.0,0.5574,0.1408,0,,,0
S2B_22WDD_20250420_0_L1C,20250420T152309,140457,9220,0,15008,6989,-4970,0.8426,0.0553,0.0,0.09,0.0419,0.5619,0.1564,2.77432406057835,,,0
S2B_22WDD_20250419_0_L1C,20250419T155303,134245,16264,50,15008,0,1137,0.8053,0.0976,0.0003,0.09,0.0,0.5122,0.1027,41.7074042338113,,,0
S2C_22WDD_20250418_0_L1C,20250418T153327,136576,14634,0,15008,0,486,0.8193,0.0878,0.0,0.09,0.0,0.5325,0.1054,50.4026098121771,,,0
S2A_22WDD_20250417_1_L1C,20250417T152319,140336,8436,0,15008,7876,-4952,0.8418,0.0506,0.0,0.09,0.0472,0.5491,0.1351,32.6775486326965,,,0
S2B_22WDD_20250416_0_L1C,20250416T154306,25381,0,82,15008,0,126233,0.1523,0.0,0.0005,0.09,0.0,0.4342,,98.741168741975,,,0
S2C_22WDD_20250415_0_L1C,20250415T152328,140098,10935,67,15008,5249,-4653,0.8404,0.0656,0.0004,0.09,0.0315,0.5281,0.1331,27.501896594889,,,0
S2C_22WDD_20250411_0_L1C,20250411T154326,0,32,162581,15008,0,-10917,0.0,0.0002,0.9753,0.09,0.0,,0.0523,92.0967183254203,,,0
S2A_22WDD_20250410_0_L1C,20250410T153319,106367,41882,1437,15008,0,2010,0.6381,0.2512,0.0086,0.09,0.0,0.5471,0.1187,43.9416524829048,,,0
S2B_22WDD_20250409_0_L1C,20250409T155303,150696,565,327,15008,0,108,0.904,0.0034,0.002,0.09,0.0,0.6657,0.1614,30.0378828032159,,,0
S2C_22WDD_20250408_0_L1C,20250408T153329,0,0,166156,15008,0,-14460,0.0,0.0,0.9967,0.09,0.0,,,97.1172325241124,,,0
S2A_22WDD_20250407_1_L1C,20250407T152320,151597,20,0,15008,5093,-5014,0.9094,0.0001,0.0,0.09,0.0306,0.6078,0.0901,73.9762645141993,,,0
S2B_22WDD_20250406_0_L1C,20250406T154304,126527,91,28027,15008,0,-2949,0.759,0.0005,0.1681,0.09,0.0,0.5532,0.0619,74.269013705993,,,0
S2C_22WDD_20250405_0_L1C,20250405T152330,728,0,160192,15008,4670,-13894,0.0044,0.0,0.9609,0.09,0.028,0.4698,,99.9381746121739,,,0
S2C_22WDD_20250404_0_L1C,20250404T155324,149994,4,1924,15008,0,-226,0.8998,0.0,0.0115,0.09,0.0,0.6236,0.0866,41.458386452718,,,0
S2B_22WDD_20250403_0_L1C,20250403T153305,144847,0,6627,15008,0,222,0.8689,0.0,0.0398,0.09,0.0,0.5855,,37.1284003702708,,,0
S2C_22WDD_20250401_0_L1C,20250401T154326,72179,39,27,15008,0,79451,0.433,0.0002,0.0002,0.09,0.0,0.4973,0.0593,47.3449789483114,,,0
S2B_22WDD_20250331_0_L1C,20250331T152307,147063,91,0,15008,9850,-5308,0.8822,0.0005,0.0,0.09,0.0591,0.6069,0.635,10.9403239580101,,,0
S2B_22WDD_20250330_0_L1C,20250330T155301,151696,0,0,15008,0,0,0.91,0.0,0.0,0.09,0.0,0.5483,,76.4648071345884,,,0
S2C_22WDD_20250329_0_L1C,20250329T153328,0,0,86816,15008,0,64880,0.0,0.0,0.5208,0.09,0.0,,,86.861267879005,,,0
S2A_22WDD_20250328_1_L1C,20250328T152315,25119,0,21270,15008,9631,95676,0.1507,0.0,0.1276,0.09,0.0578,0.4666,,36.772441814869,,,0
S2B_22WDD_20250327_1_L1C,20250327T154306,151198,0,315,15008,0,183,0.907,0.0,0.0019,0.09,0.0,0.5289,,46.1464958643137,,,0
S2C_22WDD_20250326_0_L1C,20250326T152328,81,85,92846,15008,7363,51321,0.0005,0.0005,0.557,0.09,0.0442,0.4269,0.494,82.4952910281119,,,0
S2C_22WDD_20250325_0_L1C,20250325T155322,147663,0,0,15008,0,4033,0.8858,0.0,0.0,0.09,0.0,0.4697,,81.544815270298,,,0
S2B_22WDD_20250324_1_L1C,20250324T153309,135770,3558,0,15008,0,12368,0.8144,0.0213,0.0,0.09,0.0,0.5214,0.084,18.1559616590522,,,0
S2C_22WDD_20250322_0_L1C,20250322T154327,111259,35575,128,15008,0,4734,0.6674,0.2134,0.0008,0.09,0.0,0.5319,0.1058,51.2923049359491,,,0
S2B_22WDD_20250321_1_L1C,20250321T152310,52657,1198,5296,15008,8381,84164,0.3159,0.0072,0.0318,0.09,0.0503,0.4701,0.0969,86.7147092699889,,,0
S2B_22WDD_20250320_0_L1C,20250320T155304,5886,0,10764,15008,0,135046,0.0353,0.0,0.0646,0.09,0.0,0.4311,,82.8284419881305,,,0
S2C_22WDD_20250319_0_L1C,20250319T153329,32467,118896,0,15008,0,333,0.1948,0.7132,0.0,0.09,0.0,0.4983,0.1518,6.80557795096897,,,0
S2B_22WDD_20250317_1_L1C,20250317T154306,45733,76653,0,15008,0,29310,0.2743,0.4598,0.0,0.09,0.0,0.4941,0.1359,22.3067574427424,,,0
S2C_22WDD_20250316_0_L1C,20250316T152331,0,0,35567,15008,4589,111540,0.0,0.0,0.2134,0.09,0.0275,,,99.7914074547285,,,0
S2C_22WDD_20250315_0_L1C,20250315T155324,2252,148868,0,15008,0,576,0.0135,0.893,0.0,0.09,0.0,0.4758,0.1361,12.9194266997398,,,0
S2B_22WDD_20250314_1_L1C,20250314T153308,303,124647,23369,15008,0,3377,0.0018,0.7477,0.1402,0.09,0.0,0.4719,0.1069,67.1292364657052,,,0
S2C_22WDD_20250312_0_L1C,20250312T154326,2238,143612,5573,15008,0,273,0.0134,0.8615,0.0334,0.09,0.0,0.4852,0.0864,82.9683179551494,,,0
S2B_22WDD_20250311_0_L1C,20250311T152309,75,5934,138437,15008,6283,967,0.0004,0.0356,0.8304,0.09,0.0377,0.7332,0.0745,68.2442534029604,,,0
S2B_22WDD_20250310_0_L1C,20250310T155303,0,0,137559,15008,0,14137,0.0,0.0,0.8252,0.09,0.0,,,100,,,0
S2C_22WDD_20250309_0_L1C,20250309T153329,31270,37785,89254,15008,0,-6613,0.1876,0.2267,0.5354,0.09,0.0,0.4733,0.1455,83.8615664845173,,,0
S2B_22WDD_20250307_0_L1C,20250307T154307,0,4041,66054,15008,0,81601,0.0,0.0242,0.3962,0.09,0.0,,0.0618,47.175908507271,,,0
S2C_22WDD_20250306_0_L1C,20250306T152331,92384,58814,1,15008,5383,-4886,0.5542,0.3528,0.0,0.09,0.0323,0.5193,0.153,0.205377974360443,,,0
S2C_22WDD_20250305_0_L1C,20250305T155325,61033,90365,11,15008,0,287,0.3661,0.5421,0.0001,0.09,0.0,0.5095,0.1432,21.7707101614917,,,0
S2B_22WDD_20250304_0_L1C,20250304T153309,0,18,56024,15008,0,95654,0.0,0.0001,0.3361,0.09,0.0,,0.0533,75.4897130401027,,,0
S2C_22WDD_20250302_0_L1C,20250302T154328,0,0,159678,15008,0,-7982,0.0,0.0,0.9579,0.09,0.0,,,99.8243303771388,,,0
S2B_22WDD_20250301_0_L1C,20250301T152310,17265,132942,8,15008,6613,-5132,0.1036,0.7975,0.0,0.09,0.0397,0.5363,0.1679,41.9161210998019,,,0
S2B_22WDD_20250228_0_L1C,20250228T155304,0,79,164657,15008,0,-13040,0.0,0.0005,0.9877,0.09,0.0,,0.0621,98.2594777446431,,,0
S2C_22WDD_20250227_0_L1C,20250227T153330,91002,59890,9,15008,0,795,0.5459,0.3593,0.0001,0.09,0.0,0.4921,0.1587,21.078025620353,,,0
S2B_22WDD_20250225_0_L1C,20250225T154307,115946,24789,0,15008,0,10961,0.6955,0.1487,0.0,0.09,0.0,0.4924,0.1518,36.6644271253247,,,0
S2C_22WDD_20250224_0_L1C,20250224T152331,9623,76501,16068,15008,7595,41909,0.0577,0.4589,0.0964,0.09,0.0456,0.4601,0.1195,92.3735823984649,,,0
S2C_22WDD_20250223_0_L1C,20250223T155324,0,0,425,15008,0,151271,0.0,0.0,0.0025,0.09,0.0,,,99.7515690763119,,,0
S2B_22WDD_20250222_0_L1C,20250222T153310,0,0,133857,15008,0,17839,0.0,0.0,0.803,0.09,0.0,,,98.6867329570904,,,0
S2C_22WDD_20250220_0_L1C,20250220T154328,5885,145538,25,15008,0,248,0.0353,0.873,0.0001,0.09,0.0,0.4973,0.1542,33.6801572996887,,,0
S2B_22WDD_20250219_0_L1C,20250219T152312,4364,145513,20,15008,6930,-5131,0.0262,0.8729,0.0001,0.09,0.0416,0.527,0.1801,9.74406074898061,,,0
S2B_22WDD_20250218_0_L1C,20250218T155305,3023,148391,32,15008,0,250,0.0181,0.8901,0.0002,0.09,0.0,0.531,0.1575,82.5543697789684,,,0
S2B_22WDD_20250215_0_L1C,20250215T154308,4468,144356,3409,15008,0,-537,0.0268,0.8659,0.0204,0.09,0.0,0.5097,0.1869,34.1798202394816,,,0
S2B_22WDD_20250212_1_L1C,20250212T153308,0,0,165468,15008,0,-13772,0.0,0.0,0.9926,0.09,0.0,,,99.9984174021058,,,0
S2B_22WDD_20250209_0_L1C,20250209T152312,610,1885,121746,15008,10466,16989,0.0037,0.0113,0.7303,0.09,0.0628,0.4383,0.0833,99.9564666836368,,,0
S2B_22WDD_20241028_0_L1C,20241028T154305,748,123698,119,15008,0,27131,0.0045,0.742,0.0007,0.09,0.0,0.4913,0.1668,12.8006378889656,,,0
S2B_22WDD_20241025_1_L1C,20241025T153307,685,0,0,15008,0,151011,0.0041,0.0,0.0,0.09,0.0,0.4285,,99.5765176625161,,,0
S2B_22WDD_20241022_0_L1C,20241022T152308,547,136932,10983,15008,7449,-4215,0.0033,0.8214,0.0659,0.09,0.0447,0.5119,0.1087,70.8651191747195,,,0
S2B_22WDD_20241021_0_L1C,20241021T155302,85,21010,99159,15008,0,31442,0.0005,0.126,0.5948,0.09,0.0,0.4868,0.0679,71.519471640115,,,0
S2A_22WDD_20241020_0_L1C,20241020T153306,40,18391,129569,15008,0,3696,0.0002,0.1103,0.7772,0.09,0.0,0.4574,0.078,93.8062752718472,,,0
S2B_22WDD_20241018_0_L1C,20241018T154304,285,127540,17111,15008,0,6760,0.0017,0.7651,0.1026,0.09,0.0,0.5103,0.151,46.8669712442892,,,0
S2A_22WDD_20241017_0_L1C,20241017T152307,1044,147449,99,15008,8269,-5165,0.0063,0.8845,0.0006,0.09,0.0496,0.61,0.1952,1.10567230101103,,,0
S2A_22WDD_20241016_0_L1C,20241016T155300,226,109937,2132,15008,0,39401,0.0014,0.6595,0.0128,0.09,0.0,0.4998,0.143,8.99916897325664,,,0
S2B_22WDD_20241015_0_L1C,20241015T153306,0,2563,23096,15008,0,126037,0.0,0.0154,0.1385,0.09,0.0,,0.0642,85.4294544477291,,,0
S2A_22WDD_20241013_0_L1C,20241013T154302,523,150781,136,15008,0,256,0.0031,0.9045,0.0008,0.09,0.0,0.5764,0.1853,7.13216279972528,,,0
S2B_22WDD_20241012_0_L1C,20241012T152305,608,145578,119,15008,10521,-5130,0.0036,0.8733,0.0007,0.09,0.0631,0.5935,0.1885,0,,,0
S2B_22WDD_20241011_0_L1C,20241011T155259,443,150894,130,15008,0,229,0.0027,0.9052,0.0008,0.09,0.0,0.581,0.1932,3.5450733608504,,,0
S2A_22WDD_20241010_0_L1C,20241010T153303,527,150774,115,15008,0,280,0.0032,0.9044,0.0007,0.09,0.0,0.5759,0.1633,41.6875391919735,,,0
S2B_22WDD_20241008_0_L1C,20241008T154302,525,150886,81,15008,0,204,0.0031,0.9051,0.0005,0.09,0.0,0.5696,0.1765,0.0940608081747393,,,0
S2A_22WDD_20241007_0_L1C,20241007T152306,146,351,122980,15008,9135,19084,0.0009,0.0021,0.7377,0.09,0.0548,0.8975,0.0592,97.4432491755212,,,0
S2A_22WDD_20241006_0_L1C,20241006T155300,22,19446,143634,15008,0,-11406,0.0001,0.1166,0.8616,0.09,0.0,0.5092,0.1098,78.7470705882314,,,0
S2B_22WDD_20241005_0_L1C,20241005T153306,1113,150203,185,15008,0,195,0.0067,0.901,0.0011,0.09,0.0,0.5872,0.1889,0,,,0
S2A_22WDD_20241003_0_L1C,20241003T154305,0,0,165476,15008,0,-13780,0.0,0.0,0.9926,0.09,0.0,,,99.9688853056227,,,0
S2B_22WDD_20241001_0_L1C,20241001T155302,198,47534,61583,15008,0,42381,0.0012,0.2851,0.3694,0.09,0.0,0.5163,0.0764,79.5871365607567,,,0
S2A_22WDD_20240930_0_L1C,20240930T153308,0,17,165878,15008,0,-14199,0.0,0.0001,0.995,0.09,0.0,,0.0556,95.9333213891128,,,0
S2B_22WDD_20240928_0_L1C,20240928T154304,0,0,156614,15008,0,-4918,0.0,0.0,0.9395,0.09,0.0,,,99.9758129535071,,,0
S2A_22WDD_20240927_0_L1C,20240927T152309,229,630,129443,15008,7616,13778,0.0014,0.0038,0.7765,0.09,0.0457,0.8032,0.0544,99.2874473107632,,,0
S2A_22WDD_20240926_0_L1C,20240926T155302,241,31791,112743,15008,0,6921,0.0014,0.1907,0.6763,0.09,0.0,0.4749,0.0746,92.2865708643826,,,0
S2B_22WDD_20240925_0_L1C,20240925T153305,0,1175,164260,15008,0,-13739,0.0,0.007,0.9853,0.09,0.0,,0.0961,79.5996894502672,,,0
S2A_22WDD_20240923_0_L1C,20240923T154305,851,150433,145,15008,0,267,0.0051,0.9024,0.0009,0.09,0.0,0.571,0.1528,84.1334766639792,,,0
S2B_22WDD_20240922_0_L1C,20240922T152304,1257,143327,85,15008,12019,-4992,0.0075,0.8598,0.0005,0.09,0.0721,0.5971,0.1843,0,,,0
S2B_22WDD_20240921_0_L1C,20240921T155257,937,150375,130,15008,0,254,0.0056,0.902,0.0008,0.09,0.0,0.5818,0.1778,44.4394563198088,,,0
S2A_22WDD_20240920_0_L1C,20240920T153307,685,150615,31,15008,0,365,0.0041,0.9035,0.0002,0.09,0.0,0.5949,0.1721,0,,,0
S2B_22WDD_20240918_0_L1C,20240918T154300,799,150416,116,15008,0,365,0.0048,0.9023,0.0007,0.09,0.0,0.5918,0.1694,14.8384544178686,,,0
S2A_22WDD_20240917_0_L1C,20240917T152307,1249,145622,19,15008,9855,-5049,0.0075,0.8735,0.0001,0.09,0.0591,0.644,0.1768,48.4445930330546,,,0
S2A_22WDD_20240916_0_L1C,20240916T155300,0,0,164160,15008,0,-12464,0.0,0.0,0.9847,0.09,0.0,,,94.6778958594312,,,0
S2B_22WDD_20240915_0_L1C,20240915T153304,0,10,162108,15008,0,-10422,0.0,0.0001,0.9724,0.09,0.0,,0.0534,99.0479560452686,,,0
S2A_22WDD_20240913_0_L1C,20240913T154302,1002,150213,127,15008,0,354,0.006,0.9011,0.0008,0.09,0.0,0.5855,0.1683,0,,,0
S2B_22WDD_20240911_0_L1C,20240911T155302,344,131420,15014,15008,0,4918,0.0021,0.7883,0.0901,0.09,0.0,0.5031,0.122,50.2770837638307,,,0
S2A_22WDD_20240910_0_L1C,20240910T153304,390,147960,2986,15008,0,360,0.0023,0.8876,0.0179,0.09,0.0,0.5413,0.1003,84.6382991430022,,,0
S2B_22WDD_20240908_0_L1C,20240908T154306,126,84128,61611,15008,0,5831,0.0008,0.5047,0.3696,0.09,0.0,0.5297,0.1132,10.0865657380035,,,0
S2A_22WDD_20240907_0_L1C,20240907T152307,111,288,155609,15008,5655,-9967,0.0007,0.0017,0.9334,0.09,0.0339,0.9376,0.0659,97.9448363667742,,,0
S2A_22WDD_20240906_0_L1C,20240906T155301,0,0,165404,15008,0,-13708,0.0,0.0,0.9922,0.09,0.0,,,99.6582341869647,,,0
S2B_22WDD_20240905_0_L1C,20240905T153308,0,0,163765,15008,0,-12069,0.0,0.0,0.9824,0.09,0.0,,,99.5413120726209,,,0
S2A_22WDD_20240903_0_L1C,20240903T154304,116,681,131151,15008,0,19748,0.0007,0.0041,0.7867,0.09,0.0,0.5169,0.0644,84.2565021350294,,,0
S2B_22WDD_20240902_0_L1C,20240902T152310,22,66,6543,15008,6692,138373,0.0001,0.0004,0.0392,0.09,0.0401,1.0,0.1823,100,,,0
S2B_22WDD_20240901_0_L1C,20240901T155303,52,121623,10258,15008,0,19763,0.0003,0.7296,0.0615,0.09,0.0,0.5449,0.1428,62.8776432807788,,,0
S2A_22WDD_20240831_0_L1C,20240831T153305,7,794,598,15008,0,150297,0.0,0.0048,0.0036,0.09,0.0,0.4868,0.3644,22.6910328764669,,,0
S2B_22WDD_20240829_0_L1C,20240829T154306,229,113064,36875,15008,0,1528,0.0014,0.6782,0.2212,0.09,0.0,0.5657,0.1429,46.3788408134014,,,0
S2A_22WDD_20240828_0_L1C,20240828T152305,596,70824,78537,15008,8276,-6537,0.0036,0.4248,0.4711,0.09,0.0496,0.6373,0.1244,62.3539543939963,,,0
S2A_22WDD_20240827_0_L1C,20240827T155259,3,20234,137070,15008,0,-5611,0.0,0.1214,0.8222,0.09,0.0,0.4767,0.098,56.1097974837531,,,0
S2B_22WDD_20240826_0_L1C,20240826T153307,0,738,164806,15008,0,-13848,0.0,0.0044,0.9886,0.09,0.0,,0.1139,85.06626056317,,,0
S2A_22WDD_20240824_0_L1C,20240824T154301,0,0,165719,15008,0,-14023,0.0,0.0,0.9941,0.09,0.0,,,99.8497417062319,,,0
S2B_22WDD_20240823_0_L1C,20240823T152308,0,94,151487,15008,9751,-9636,0.0,0.0006,0.9087,0.09,0.0585,,0.3997,99.4089946505685,,,0
S2B_22WDD_20240822_0_L1C,20240822T155300,331,0,165689,15008,0,-14324,0.002,0.0,0.9939,0.09,0.0,0.4785,,99.7056089348557,,,0
S2A_22WDD_20240821_0_L1C,20240821T153304,66,84611,46194,15008,0,20825,0.0004,0.5076,0.2771,0.09,0.0,0.5344,0.1358,38.4969990146018,,,0
S2B_22WDD_20240819_0_L1C,20240819T154305,10,46049,4526,15008,0,101111,0.0001,0.2762,0.0271,0.09,0.0,0.5005,0.0787,24.6818358266894,,,0
S2A_22WDD_20240818_0_L1C,20240818T152307,349,73542,67079,15008,8735,1991,0.0021,0.4412,0.4024,0.09,0.0524,0.7567,0.0993,84.6615949027454,,,0
S2A_22WDD_20240817_0_L1C,20240817T155301,254,56109,62589,15008,0,32744,0.0015,0.3366,0.3754,0.09,0.0,0.6109,0.1188,47.4850618721493,,,0
S2B_22WDD_20240816_0_L1C,20240816T153309,0,2844,162903,15008,0,-14051,0.0,0.0171,0.9772,0.09,0.0,,0.082,66.1251455701872,,,0
S2A_22WDD_20240814_0_L1C,20240814T154305,0,0,165607,15008,0,-13911,0.0,0.0,0.9934,0.09,0.0,,,99.968258234047,,,0
S2B_22WDD_20240813_0_L1C,20240813T152311,3,2129,144559,15008,7615,-2610,0.0,0.0128,0.8672,0.09,0.0457,0.8067,0.0695,96.2403793266744,,,0
S2B_22WDD_20240812_0_L1C,20240812T155305,1024,149820,258,15008,0,594,0.0061,0.8987,0.0015,0.09,0.0,0.5862,0.1439,5.23623018261101,,,0
S2A_22WDD_20240811_0_L1C,20240811T153307,922,146864,3297,15008,0,613,0.0055,0.881,0.0198,0.09,0.0,0.5813,0.1494,43.0691868971901,,,0
S2B_22WDD_20240809_0_L1C,20240809T154308,0,192,132703,15008,0,18801,0.0,0.0012,0.796,0.09,0.0,,0.0677,89.1338947116964,,,0
S2A_22WDD_20240808_0_L1C,20240808T152308,96,4917,52755,15008,8593,85335,0.0006,0.0295,0.3165,0.09,0.0515,0.931,0.0842,44.0880105332398,,,0
S2A_22WDD_20240807_0_L1C,20240807T155302,216,25325,1210,15008,0,124945,0.0013,0.1519,0.0073,0.09,0.0,0.5691,0.1216,1.43551115312206,,,0
S2B_22WDD_20240806_0_L1C,20240806T153309,1836,149128,50,15008,0,682,0.011,0.8946,0.0003,0.09,0.0,0.5899,0.1638,0,,,0
S2A_22WDD_20240804_0_L1C,20240804T154306,2104,148889,17,15008,0,686,0.0126,0.8931,0.0001,0.09,0.0,0.599,0.1596,0.751261608289289,,,0
S2B_22WDD_20240803_0_L1C,20240803T152308,2866,142462,64,15008,10945,-4641,0.0172,0.8546,0.0004,0.09,0.0657,0.5966,0.1655,0.0305453139456205,,,0
S2B_22WDD_20240802_0_L1C,20240802T155301,3052,147942,68,15008,0,634,0.0183,0.8875,0.0004,0.09,0.0,0.5855,0.1587,0,,,0
S2A_22WDD_20240801_0_L1C,20240801T153308,3204,147774,75,15008,0,643,0.0192,0.8864,0.0004,0.09,0.0,0.5735,0.159,0,,,0
S2B_22WDD_20240730_0_L1C,20240730T154305,165,25471,123821,15008,0,2239,0.001,0.1528,0.7428,0.09,0.0,0.4924,0.0862,66.4541491235928,,,0
S2A_22WDD_20240729_0_L1C,20240729T152310,160,43,157033,15008,8227,-13767,0.001,0.0003,0.942,0.09,0.0494,0.898,0.0616,99.9289579234664,,,0
S2A_22WDD_20240728_0_L1C,20240728T155303,53,9138,144598,15008,0,-2093,0.0003,0.0548,0.8674,0.09,0.0,0.4544,0.0681,83.273355777816,,,0
S2B_22WDD_20240727_0_L1C,20240727T153308,2340,148588,93,15008,0,675,0.014,0.8913,0.0006,0.09,0.0,0.5713,0.176,1.4592254173012,,,0
S2A_22WDD_20240725_0_L1C,20240725T154306,37,9375,153573,15008,0,-11289,0.0002,0.0562,0.9212,0.09,0.0,0.5278,0.1188,79.6251007793604,,,0
S2B_22WDD_20240724_0_L1C,20240724T152310,51,35847,97090,15008,9671,9037,0.0003,0.215,0.5824,0.09,0.058,0.5111,0.0708,90.5065276220263,,,0
S2B_22WDD_20240723_0_L1C,20240723T155304,245,145587,1452,15008,0,4412,0.0015,0.8733,0.0087,0.09,0.0,0.5412,0.1465,13.4491767681158,,,0
S2A_22WDD_20240722_0_L1C,20240722T153308,782,150173,31,15008,0,710,0.0047,0.9008,0.0002,0.09,0.0,0.5552,0.1703,5.684433694646,,,0
S2B_22WDD_20240720_0_L1C,20240720T154307,415,148455,2209,15008,0,617,0.0025,0.8905,0.0133,0.09,0.0,0.5356,0.1305,45.0225745767267,,,0
S2A_22WDD_20240719_0_L1C,20240719T152308,872,144881,162,15008,10476,-4695,0.0052,0.8691,0.001,0.09,0.0628,0.6188,0.1633,0,,,0
S2A_22WDD_20240718_0_L1C,20240718T155301,729,150157,77,15008,0,733,0.0044,0.9007,0.0005,0.09,0.0,0.5579,0.1532,0,,,0
S2B_22WDD_20240717_0_L1C,20240717T153309,854,149922,229,15008,0,691,0.0051,0.8993,0.0014,0.09,0.0,0.5609,0.1568,0.307145629908328,,,0
S2A_22WDD_20240715_0_L1C,20240715T154305,390,143144,6237,15008,0,1925,0.0023,0.8587,0.0374,0.09,0.0,0.5723,0.1473,22.4796798948909,,,0
S2B_22WDD_20240714_0_L1C,20240714T152310,5,3323,1481,15008,10083,136804,0.0,0.0199,0.0089,0.09,0.0605,1.0,0.0972,75.4919705971268,,,0
S2B_22WDD_20240713_0_L1C,20240713T155303,863,150004,188,15008,0,641,0.0052,0.8998,0.0011,0.09,0.0,0.5768,0.149,2.39084724596306,,,0
S2A_22WDD_20240712_0_L1C,20240712T153308,659,121280,30656,15008,0,-899,0.004,0.7275,0.1839,0.09,0.0,0.579,0.1492,9.08871569769178,,,0
S2B_22WDD_20240710_0_L1C,20240710T154306,1029,138868,1494,15008,0,10305,0.0062,0.833,0.009,0.09,0.0,0.5764,0.1446,9.94093582967542,,,0
S2A_22WDD_20240709_0_L1C,20240709T152310,117,0,157056,15008,8361,-13838,0.0007,0.0,0.9421,0.09,0.0502,0.9641,,99.8573157484041,,,0
S2A_22WDD_20240708_0_L1C,20240708T155304,1624,148984,364,15008,0,724,0.0097,0.8937,0.0022,0.09,0.0,0.5556,0.1495,4.47774829935091,,,0
S2B_22WDD_20240707_0_L1C,20240707T153309,1053,123539,27892,15008,0,-788,0.0063,0.7411,0.1673,0.09,0.0,0.5588,0.135,45.6523336020783,,,0
S2A_22WDD_20240705_0_L1C,20240705T154307,1124,149749,132,15008,0,691,0.0067,0.8983,0.0008,0.09,0.0,0.5779,0.1505,0,,,0
S2B_22WDD_20240704_0_L1C,20240704T152311,734,145884,48,15008,9741,-4711,0.0044,0.8751,0.0003,0.09,0.0584,0.5951,0.1554,3.50311042846235,,,0
S2B_22WDD_20240703_0_L1C,20240703T155304,850,128533,280,15008,0,22033,0.0051,0.771,0.0017,0.09,0.0,0.5798,0.1354,13.7506826807899,,,0
S2A_22WDD_20240702_0_L1C,20240702T153309,3,36039,74895,15008,0,40759,0.0,0.2162,0.4493,0.09,0.0,0.4315,0.0682,78.1272656693243,,,0
S2B_22WDD_20240630_0_L1C,20240630T154308,631,136108,2906,15008,0,12051,0.0038,0.8165,0.0174,0.09,0.0,0.5334,0.1215,52.5895368628505,,,0
S2A_22WDD_20240629_0_L1C,20240629T152310,163,3,157558,15008,8029,-14057,0.001,0.0,0.9451,0.09,0.0482,0.853,0.0617,98.1516996284435,,,0
S2A_22WDD_20240628_0_L1C,20240628T155304,8,18916,145446,15008,0,-12674,0.0,0.1135,0.8725,0.09,0.0,0.5806,0.129,87.3883511109044,,,0
S2B_22WDD_20240627_0_L1C,20240627T153309,0,0,166128,15008,0,-14432,0.0,0.0,0.9965,0.09,0.0,,,99.8592672220729,,,0
S2A_22WDD_20240625_0_L1C,20240625T154307,0,10,63692,15008,0,87994,0.0,0.0001,0.3821,0.09,0.0,,0.0658,68.5471647406611,,,0
S2B_22WDD_20240624_0_L1C,20240624T152310,62,46811,4098,15008,9560,91165,0.0004,0.2808,0.0246,0.09,0.0573,0.6735,0.1103,34.5394333576503,,,0
S2B_22WDD_20240623_0_L1C,20240623T155304,81,32587,6096,15008,0,112932,0.0005,0.1955,0.0366,0.09,0.0,0.5319,0.0917,35.3727520748503,,,0
S2A_22WDD_20240622_0_L1C,20240622T153310,537,150352,126,15008,0,681,0.0032,0.9019,0.0008,0.09,0.0,0.5696,0.1481,2.20066290423721,,,0
S2B_22WDD_20240620_0_L1C,20240620T154306,362,141053,123,15008,0,10158,0.0022,0.8461,0.0007,0.09,0.0,0.5552,0.1182,0.505748156110962,,,0
S2A_22WDD_20240619_0_L1C,20240619T152312,511,92190,3294,15008,6835,48866,0.0031,0.553,0.0198,0.09,0.041,0.6548,0.1251,32.971372807711,,,0
S2A_22WDD_20240618_0_L1C,20240618T155306,463,126465,24867,15008,0,-99,0.0028,0.7586,0.1492,0.09,0.0,0.573,0.1425,16.6260924776667,,,0
S2B_22WDD_20240617_0_L1C,20240617T153308,605,147847,2564,15008,0,680,0.0036,0.8869,0.0154,0.09,0.0,0.6005,0.1456,20.2581444653468,,,0
S2A_22WDD_20240615_0_L1C,20240615T154310,0,9,165588,15008,0,-13901,0.0,0.0001,0.9933,0.09,0.0,,0.0541,99.8730627967392,,,0
S2B_22WDD_20240614_0_L1C,20240614T152310,9714,16,147463,15008,9142,-14639,0.0583,0.0001,0.8846,0.09,0.0548,0.4654,0.2449,98.9506037201024,,,0
S2B_22WDD_20240613_0_L1C,20240613T155304,0,0,159835,15008,0,-8139,0.0,0.0,0.9588,0.09,0.0,,,99.9929103550501,,,0
S2A_22WDD_20240612_0_L1C,20240612T153312,430,0,165963,15008,0,-14697,0.0026,0.0,0.9956,0.09,0.0,0.4722,,97.655200214996,,,0
S2B_22WDD_20240610_0_L1C,20240610T154307,105,128477,14595,15008,0,8519,0.0006,0.7707,0.0876,0.09,0.0,0.5603,0.1304,24.029890411777,,,0
S2A_22WDD_20240609_0_L1C,20240609T152313,65,5636,149336,15008,5997,-9338,0.0004,0.0338,0.8958,0.09,0.036,0.951,0.1156,56.403094170964,,,0
S2A_22WDD_20240608_0_L1C,20240608T155306,173,150653,139,15008,0,731,0.001,0.9037,0.0008,0.09,0.0,0.5426,0.1441,7.12172626673591,,,0
S2B_22WDD_20240607_0_L1C,20240607T153309,0,686,161000,15008,0,-9990,0.0,0.0041,0.9658,0.09,0.0,,0.0558,98.3905162889307,,,0
S2A_22WDD_20240605_0_L1C,20240605T154309,0,1840,133514,15008,0,16342,0.0,0.011,0.8009,0.09,0.0,,0.0568,57.4779479829198,,,0
S2B_22WDD_20240604_0_L1C,20240604T152309,56905,88850,654,15008,9939,-4652,0.3414,0.533,0.0039,0.09,0.0596,0.6029,0.157,4.46697443689373,,,0
S2B_22WDD_20240603_0_L1C,20240603T155302,65188,85760,0,15008,0,748,0.391,0.5144,0.0,0.09,0.0,0.5821,0.1486,9.13857724506349,,,0
S2A_22WDD_20240602_0_L1C,20240602T153310,33297,58664,41661,15008,0,18074,0.1997,0.3519,0.2499,0.09,0.0,0.508,0.1464,65.8218220908358,,,0
S2B_22WDD_20240531_0_L1C,20240531T154304,90860,57917,375,15008,0,2544,0.545,0.3474,0.0022,0.09,0.0,0.5502,0.1376,34.6088566394936,,,0
S2A_22WDD_20240530_0_L1C,20240530T152310,53048,43439,21743,15008,7344,26122,0.3182,0.2606,0.1304,0.09,0.0441,0.5054,0.1324,52.915609000148,,,0
S2A_22WDD_20240529_0_L1C,20240529T155303,0,65,155409,15008,0,-3778,0.0,0.0004,0.9322,0.09,0.0,,0.053,99.3707364419222,,,0
S2B_22WDD_20240528_0_L1C,20240528T153306,62558,53730,25139,15008,0,10269,0.3753,0.3223,0.1508,0.09,0.0,0.5567,0.0964,66.7995461196214,,,0
S2A_22WDD_20240526_0_L1C,20240526T154304,2822,0,162314,15008,0,-13440,0.0169,0.0,0.9737,0.09,0.0,0.4805,,98.9644659440413,,,0
S2B_22WDD_20240525_0_L1C,20240525T152307,104382,41292,0,15008,10657,-4635,0.6262,0.2477,0.0,0.09,0.0639,0.5967,0.164,7.2268615841546,,,0
S2B_22WDD_20240524_0_L1C,20240524T155300,96842,54251,0,15008,0,603,0.5809,0.3254,0.0,0.09,0.0,0.5842,0.1577,27.1717034828568,,,0
S2A_22WDD_20240523_0_L1C,20240523T153304,46183,28398,10943,15008,0,66172,0.277,0.1703,0.0656,0.09,0.0,0.4582,0.0667,85.6625459105975,,,0
S2B_22WDD_20240521_0_L1C,20240521T154303,0,36,64562,15008,0,87098,0.0,0.0002,0.3873,0.09,0.0,,0.0623,90.4331272955299,,,0
S2A_22WDD_20240520_0_L1C,20240520T152308,72934,74249,0,15008,9261,-4748,0.4375,0.4454,0.0,0.09,0.0556,0.6307,0.1642,18.5899320832556,,,0
S2A_22WDD_20240519_0_L1C,20240519T155302,100568,50501,0,15008,0,627,0.6033,0.3029,0.0,0.09,0.0,0.6243,0.1587,16.2425213298144,,,0
S2B_22WDD_20240518_0_L1C,20240518T153304,109861,41256,117,15008,0,462,0.659,0.2475,0.0007,0.09,0.0,0.6275,0.1697,17.8164173310639,,,0
S2A_22WDD_20240516_0_L1C,20240516T154306,119721,13815,17036,15008,0,1124,0.7182,0.0829,0.1022,0.09,0.0,0.6026,0.1314,23.9112843023082,,,0
S2B_22WDD_20240515_0_L1C,20240515T152305,127421,9437,8525,15008,11469,-5156,0.7644,0.0566,0.0511,0.09,0.0688,0.6186,0.1338,52.4502383001349,,,0
S2B_22WDD_20240514_0_L1C,20240514T155300,32681,13975,90745,15008,0,14295,0.196,0.0838,0.5443,0.09,0.0,0.5648,0.0807,56.0098858974279,,,0
S2A_22WDD_20240513_0_L1C,20240513T153309,229,270,151525,15008,0,-328,0.0014,0.0016,0.9089,0.09,0.0,0.4433,0.071,81.4137477977844,,,0
S2B_22WDD_20240511_0_L1C,20240511T154304,130904,2,18026,15008,0,2764,0.7852,0.0,0.1081,0.09,0.0,0.5258,0.0532,91.2791662934098,,,0
S2A_22WDD_20240510_0_L1C,20240510T152310,75632,0,40816,15008,7004,28244,0.4537,0.0,0.2448,0.09,0.042,0.4964,,47.3932867041443,,,0
S2A_22WDD_20240509_0_L1C,20240509T155303,100446,261,26232,15008,0,24757,0.6025,0.0016,0.1574,0.09,0.0,0.5622,0.0964,37.6585495335188,,,0
S2B_22WDD_20240508_0_L1C,20240508T153307,101832,103,48079,15008,0,1682,0.6109,0.0006,0.2884,0.09,0.0,0.4977,0.0678,90.7596822837349,,,0
S2A_22WDD_20240506_0_L1C,20240506T154306,1398,9255,66704,15008,0,74339,0.0084,0.0555,0.4001,0.09,0.0,0.4683,0.0728,83.2695810564663,,,0
S2B_22WDD_20240505_0_L1C,20240505T152308,145008,1489,0,15008,9976,-4777,0.8699,0.0089,0.0,0.09,0.0598,0.5722,0.1366,72.3802541248992,,,0
S2B_22WDD_20240504_0_L1C,20240504T155301,135311,4228,6904,15008,0,5253,0.8117,0.0254,0.0414,0.09,0.0,0.5624,0.0973,27.3779470928306,,,0
S2A_22WDD_20240503_0_L1C,20240503T153309,25183,28428,90038,15008,0,8047,0.1511,0.1705,0.5401,0.09,0.0,0.4762,0.0709,68.2263728388426,,,0
S2B_22WDD_20240501_0_L1C,20240501T154304,0,0,80522,15008,0,71174,0.0,0.0,0.483,0.09,0.0,,,99.9071038251366,,,0
S2A_22WDD_20240430_0_L1C,20240430T152310,304,0,156067,15008,6508,-11183,0.0018,0.0,0.9362,0.09,0.039,0.7535,,99.4604335173314,,,0
S2A_22WDD_20240429_0_L1C,20240429T155303,0,0,165904,15008,0,-14208,0.0,0.0,0.9952,0.09,0.0,,,99.9932429152294,,,0
S2B_22WDD_20240428_0_L1C,20240428T153305,43812,107126,266,15008,0,492,0.2628,0.6426,0.0016,0.09,0.0,0.4654,0.1553,70.9400101525874,,,0
S2A_22WDD_20240426_0_L1C,20240426T154306,1,37013,122545,15008,0,-7863,0.0,0.222,0.7351,0.09,0.0,0.4203,0.0801,97.5986741915256,,,0
S2B_22WDD_20240425_0_L1C,20240425T152305,2,25428,108458,15008,10835,6973,0.0,0.1525,0.6506,0.09,0.065,0.4245,0.0739,99.4881628332742,,,0
S2B_22WDD_20240424_0_L1C,20240424T155259,129005,15960,6337,15008,0,394,0.7739,0.0957,0.038,0.09,0.0,0.5307,0.2413,29.9531679272773,,,0
S2A_22WDD_20240423_0_L1C,20240423T153309,59621,239,53862,15008,0,37974,0.3576,0.0014,0.3231,0.09,0.0,0.4404,0.0517,94.8143868135806,,,0
S2B_22WDD_20240421_0_L1C,20240421T154304,3966,0,161944,15008,0,-14214,0.0238,0.0,0.9714,0.09,0.0,0.5453,,92.7199378900535,,,0
S2A_22WDD_20240420_0_L1C,20240420T152310,146676,0,5502,15008,5568,-6050,0.8799,0.0,0.033,0.09,0.0334,0.5778,,84.3460898682806,,,0
S2A_22WDD_20240419_0_L1C,20240419T155304,151469,32,0,15008,0,195,0.9086,0.0002,0.0,0.09,0.0,0.6969,0.0897,7.0711558769114,,,0
S2B_22WDD_20240418_0_L1C,20240418T153307,151478,27,0,15008,0,191,0.9087,0.0002,0.0,0.09,0.0,0.7033,0.0758,1.62408552061871,,,0
S2A_22WDD_20240416_0_L1C,20240416T154307,151498,24,0,15008,0,174,0.9088,0.0001,0.0,0.09,0.0,0.6793,0.0918,30.9396816865239,,,0
S2B_22WDD_20240415_0_L1C,20240415T152308,150698,60,0,15008,6144,-5206,0.904,0.0004,0.0,0.09,0.0369,0.6593,0.5673,58.0936418919799,,,0
S2B_22WDD_20240414_0_L1C,20240414T155301,151531,20,0,15008,0,145,0.909,0.0001,0.0,0.09,0.0,0.6065,0.0942,29.6460679202974,,,0
S2A_22WDD_20240413_0_L1C,20240413T153308,151532,5,2,15008,0,157,0.909,0.0,0.0,0.09,0.0,0.5772,0.0564,8.37068888291678,,,0
S2B_22WDD_20240411_0_L1C,20240411T154304,150716,0,904,15008,0,76,0.9041,0.0,0.0054,0.09,0.0,0.6467,,16.4582101585595,,,0
S2A_22WDD_20240410_0_L1C,20240410T152307,149820,0,0,15008,7273,-5397,0.8987,0.0,0.0,0.09,0.0436,0.6047,,52.5042909261579,,,0
S2A_22WDD_20240409_0_L1C,20240409T155301,151507,18,33,15008,0,138,0.9088,0.0001,0.0002,0.09,0.0,0.5608,0.0973,20.9727303531353,,,0
S2B_22WDD_20240408_0_L1C,20240408T153305,148188,0,3472,15008,0,36,0.8889,0.0,0.0208,0.09,0.0,0.6089,,26.1335363850817,,,0
S2A_22WDD_20240406_0_L1C,20240406T154302,150406,0,1486,15008,0,-196,0.9022,0.0,0.0089,0.09,0.0,0.5237,,73.4265579742602,,,0
S2B_22WDD_20240405_0_L1C,20240405T152305,57729,87,94187,15008,9608,-9915,0.3463,0.0005,0.565,0.09,0.0576,0.5632,0.5754,54.8323372854974,,,0
S2B_22WDD_20240404_0_L1C,20240404T155258,23,0,165207,15008,0,-13534,0.0001,0.0,0.991,0.09,0.0,0.425,,99.1946802594023,,,0
S2A_22WDD_20240403_0_L1C,20240403T153303,151078,399,0,15008,0,219,0.9063,0.0024,0.0,0.09,0.0,0.6747,0.1583,30.7673265848488,,,0
S2B_22WDD_20240401_0_L1C,20240401T154303,2863,0,163420,15008,0,-14587,0.0172,0.0,0.9803,0.09,0.0,0.4856,,99.859804711995,,,0
S2A_22WDD_20240331_0_L1C,20240331T152306,726,0,156669,15008,8609,-14308,0.0044,0.0,0.9398,0.09,0.0516,0.5815,,99.7819289322261,,,0
S2A_22WDD_20240330_0_L1C,20240330T155300,151399,120,0,15008,0,177,0.9082,0.0007,0.0,0.09,0.0,0.6191,0.0975,8.26083459169306,,,0
S2B_22WDD_20240329_0_L1C,20240329T153306,151454,57,0,15008,0,185,0.9085,0.0003,0.0,0.09,0.0,0.6304,0.1269,1.22885126459434,,,0
S2A_22WDD_20240327_0_L1C,20240327T154304,25,0,165205,15008,0,-13534,0.0001,0.0,0.991,0.09,0.0,0.4403,,99.9642569201827,,,0
S2B_22WDD_20240326_0_L1C,20240326T152307,147637,527,0,15008,8627,-5095,0.8856,0.0032,0.0,0.09,0.0518,0.655,0.2523,14.4220924868713,,,0
S2B_22WDD_20240325_0_L1C,20240325T155301,151303,273,0,15008,0,120,0.9076,0.0016,0.0,0.09,0.0,0.667,0.1829,0.838722239267424,,,0
S2A_22WDD_20240324_0_L1C,20240324T153307,144827,199,6435,15008,0,235,0.8688,0.0012,0.0386,0.09,0.0,0.5056,0.069,72.9913105795933,,,0
S2B_22WDD_20240322_0_L1C,20240322T154304,151504,106,0,15008,0,86,0.9088,0.0006,0.0,0.09,0.0,0.6549,0.1793,11.3842157126221,,,0
S2A_22WDD_20240321_0_L1C,20240321T152308,148810,94,0,15008,8070,-5278,0.8927,0.0006,0.0,0.09,0.0484,0.6369,0.158,5.59166792195799,,,0
S2A_22WDD_20240320_0_L1C,20240320T155302,147955,0,3462,15008,0,279,0.8875,0.0,0.0208,0.09,0.0,0.5604,,61.5473515143783,,,0
S2B_22WDD_20240319_0_L1C,20240319T153305,151539,90,0,15008,0,67,0.909,0.0005,0.0,0.09,0.0,0.6087,0.1791,39.4157185941652,,,0
S2A_22WDD_20240317_0_L1C,20240317T154304,151696,0,0,15008,0,0,0.91,0.0,0.0,0.09,0.0,0.5257,,34.4645405954194,,,0
S2B_22WDD_20240316_0_L1C,20240316T152306,23803,63,95510,15008,10855,21465,0.1428,0.0004,0.5729,0.09,0.0651,0.4389,0.3571,88.8474970382254,,,0
S2B_22WDD_20240315_0_L1C,20240315T155259,0,0,6823,15008,0,144873,0.0,0.0,0.0409,0.09,0.0,,,88.4219077484045,,,0
S2A_22WDD_20240314_0_L1C,20240314T153305,139991,0,7611,15008,0,4094,0.8398,0.0,0.0457,0.09,0.0,0.516,,87.8156409567321,,,0
S2B_22WDD_20240312_0_L1C,20240312T154301,151689,5,0,15008,0,2,0.9099,0.0,0.0,0.09,0.0,0.5716,0.1111,32.3374839499537,,,0
S2A_22WDD_20240311_0_L1C,20240311T152307,151675,5,0,15008,5261,-5245,0.9098,0.0,0.0,0.09,0.0316,0.5472,0.0683,79.613161308767,,,0
S2A_22WDD_20240310_0_L1C,20240310T155301,66690,30,3609,15008,0,81367,0.4001,0.0002,0.0216,0.09,0.0,0.4839,0.0657,34.3211373099761,,,0
S2B_22WDD_20240309_0_L1C,20240309T153301,107828,38,2748,15008,0,41082,0.6468,0.0002,0.0165,0.09,0.0,0.4576,0.0669,59.4460867747619,,,0
S2A_22WDD_20240307_0_L1C,20240307T154304,0,0,116451,15008,0,35245,0.0,0.0,0.6985,0.09,0.0,,,94.4251843889038,,,0
S2B_22WDD_20240306_0_L1C,20240306T152302,53,50,155074,15008,10570,-14051,0.0003,0.0003,0.9302,0.09,0.0634,0.9587,0.2501,99.2746051066343,,,0
S2B_22WDD_20240305_0_L1C,20240305T155256,0,54,7107,15008,0,144535,0.0,0.0003,0.0426,0.09,0.0,,0.0577,71.7236297990179,,,0
S2A_22WDD_20240304_0_L1C,20240304T153306,317,2304,62524,15008,0,86551,0.0019,0.0138,0.3751,0.09,0.0,0.4591,0.0887,50.1500194093583,,,0
S2B_22WDD_20240302_0_L1C,20240302T154301,76454,18455,46786,15008,0,10001,0.4586,0.1107,0.2807,0.09,0.0,0.5431,0.1147,67.1897040819374,,,0
S2A_22WDD_20240301_0_L1C,20240301T152307,206,0,155518,15008,6274,-10302,0.0012,0.0,0.9329,0.09,0.0376,0.8118,,100,,,0
S2A_22WDD_20240229_0_L1C,20240229T155301,120812,29369,881,15008,0,634,0.7247,0.1762,0.0053,0.09,0.0,0.5638,0.1301,33.0646592896151,,,0
S2B_22WDD_20240228_0_L1C,20240228T153304,118278,32200,0,15008,0,1218,0.7095,0.1932,0.0,0.09,0.0,0.5467,0.1257,6.85484786049151,,,0
S2A_22WDD_20240226_0_L1C,20240226T154303,50987,19038,9408,15008,0,72263,0.3059,0.1142,0.0564,0.09,0.0,0.474,0.1313,55.6039296485413,,,0
S2B_22WDD_20240225_0_L1C,20240225T152307,0,38,157898,15008,8004,-14244,0.0,0.0002,0.9472,0.09,0.048,,0.8531,97.5143283098505,,,0
S2B_22WDD_20240224_0_L1C,20240224T155300,0,0,100427,15008,0,51269,0.0,0.0,0.6024,0.09,0.0,,,99.6513117453041,,,0
S2A_22WDD_20240223_0_L1C,20240223T153304,0,0,139722,15008,0,11974,0.0,0.0,0.8381,0.09,0.0,,,99.942339275583,,,0
S2B_22WDD_20240221_0_L1C,20240221T154304,103755,47704,3,15008,0,234,0.6224,0.2862,0.0,0.09,0.0,0.5515,0.1778,0.455970617217594,,,0
S2A_22WDD_20240220_0_L1C,20240220T152305,104638,42702,2,15008,9508,-5154,0.6277,0.2562,0.0,0.09,0.057,0.5509,0.1762,0.47573556459627,,,0
S2B_22WDD_20240218_0_L1C,20240218T153307,95072,52795,810,15008,0,3019,0.5703,0.3167,0.0049,0.09,0.0,0.5309,0.1545,70.6699214667503,,,0
S2B_22WDD_20240215_0_L1C,20240215T152308,91986,53464,24,15008,8010,-1788,0.5518,0.3207,0.0001,0.09,0.048,0.4774,0.1194,89.1768834472298,,,0
S2B_22WDD_20240214_0_L1C,20240214T155302,107355,43793,0,15008,0,548,0.644,0.2627,0.0,0.09,0.0,0.5215,0.1686,9.63639409398574,,,0
S2B_22WDD_20231031_0_L1C,20231031T153312,215,41676,37608,15008,81556,-9359,0.0013,0.25,0.2256,0.09,0.4892,0.5711,0.1667,53.2912457374842,,,1
S2B_22WDD_20231028_0_L1C,20231028T152309,5,118,156423,15008,9087,-13937,0.0,0.0007,0.9383,0.09,0.0545,1.0,0.4453,99.9927479022483,,,0
S2B_22WDD_20231027_1_L1C,20231027T155303,0,0,123575,15008,0,28121,0.0,0.0,0.7413,0.09,0.0,,,99.8630745361318,,,0
S2B_21WXU_20231024_0_L1C,20231024T154307,208,166657,3127,16843,0,0,0.0011,0.892,0.0167,0.0901,0.0,0.4918,0.1584,64.7669981187853,,,0
S2A_22WDD_20231023_0_L1C,20231023T152312,0,3737,11828,15008,150327,-14196,0.0,0.0224,0.071,0.09,0.9018,,0.0996,78.597272708677,,,1
S2B_22WDD_20231021_0_L1C,20231021T153308,391,149283,1770,15008,0,252,0.0023,0.8955,0.0106,0.09,0.0,0.5753,0.1855,27.4419660186927,,,0
S2A_22WDD_20231019_0_L1C,20231019T154303,112,93541,57656,15008,0,387,0.0007,0.5611,0.3459,0.09,0.0,0.5252,0.1379,58.6648750335931,,,0
S2B_22WDD_20231017_0_L1C,20231017T155303,597,150687,139,15008,0,273,0.0036,0.9039,0.0008,0.09,0.0,0.5426,0.1787,4.53887877152381,,,0
S2B_22WDD_20231014_0_L1C,20231014T154306,145,83745,69518,15008,0,-1712,0.0009,0.5024,0.417,0.09,0.0,0.525,0.1397,70.9012511570964,,,0
S2A_22WDD_20231012_0_L1C,20231012T155258,0,2187,130730,15008,0,18779,0.0,0.0131,0.7842,0.09,0.0,,0.0573,96.1998512587829,,,0
S2B_22WDD_20231011_0_L1C,20231011T153308,487,119453,30061,15008,0,1695,0.0029,0.7166,0.1803,0.09,0.0,0.5261,0.1727,54.606408074293,,,0
S2A_22WDD_20231009_0_L1C,20231009T154303,0,0,160016,15008,0,-8320,0.0,0.0,0.9599,0.09,0.0,,,99.0107199378901,,,0
S2B_22WDD_20231008_0_L1C,20231008T152308,4909,87,144890,15008,11348,-9538,0.0294,0.0005,0.8691,0.09,0.0681,0.4347,0.3841,99.4165621981431,,,0
S2B_22WDD_20231007_0_L1C,20231007T155301,0,30,159601,15008,0,-7935,0.0,0.0002,0.9574,0.09,0.0,,0.0509,98.4014673679578,,,0
S2A_22WDD_20231006_0_L1C,20231006T153306,0,0,153422,15008,0,-1726,0.0,0.0,0.9203,0.09,0.0,,,99.6425692018275,,,0
S2B_22WDD_20231004_0_L1C,20231004T154304,432,150939,66,15008,0,259,0.0026,0.9054,0.0004,0.09,0.0,0.581,0.1753,0.603869927438861,,,0
S2A_22WDD_20231003_0_L1C,20231003T152309,530,148031,454,15008,7818,-5137,0.0032,0.888,0.0027,0.09,0.0469,0.6889,0.1754,4.69594616766166,,,0
S2B_22WDD_20231001_0_L1C,20231001T153307,400,150962,67,15008,0,267,0.0024,0.9056,0.0004,0.09,0.0,0.5641,0.1763,1.84896533190003,,,0
S2A_22WDD_20230929_0_L1C,20230929T154306,0,106,13187,15008,0,138403,0.0,0.0006,0.0791,0.09,0.0,,0.0581,67.4863387978142,,,0
S2B_21WXU_20230928_0_L1C,20230928T152312,0,212,159402,16843,14309,-3931,0.0,0.0011,0.8532,0.0901,0.0766,,0.492,99.3949048990979,,,0
S2B_22WDD_20230927_0_L1C,20230927T155304,54,32980,117132,15008,0,1530,0.0003,0.1978,0.7026,0.09,0.0,0.4588,0.0696,92.4915819291752,,,0
S2A_22WDD_20230926_0_L1C,20230926T153308,90,80758,32602,15008,0,38246,0.0005,0.4844,0.1956,0.09,0.0,0.5213,0.1263,90.2370629161814,,,0
S2B_22WDD_20230924_0_L1C,20230924T154307,36,38257,55347,15008,0,58056,0.0002,0.2295,0.332,0.09,0.0,0.4543,0.0694,96.2239541341933,,,0
S2A_22WDD_20230923_0_L1C,20230923T152309,564,146812,1107,15008,8287,-5074,0.0034,0.8807,0.0066,0.09,0.0497,0.6628,0.1732,0.0649287673889924,,,0
S2A_22WDD_20230922_0_L1C,20230922T155302,450,150892,58,15008,0,296,0.0027,0.9051,0.0003,0.09,0.0,0.5865,0.1674,11.9081640502882,,,0
S2B_22WDD_20230921_0_L1C,20230921T153309,385,150897,92,15008,0,322,0.0023,0.9052,0.0006,0.09,0.0,0.5579,0.1726,1.77894233927558,,,0
S2B_22WDD_20230918_0_L1C,20230918T152310,821,145844,112,15008,9889,-4970,0.0049,0.8749,0.0007,0.09,0.0593,0.5958,0.1701,1.67051563304257,,,0
S2A_22WDD_20230916_0_L1C,20230916T153309,0,0,165045,15008,0,-13349,0.0,0.0,0.99,0.09,0.0,,,99.968526979008,,,0
S2B_22WDD_20230914_1_L1C,20230914T154306,134,71836,85844,15008,0,-6118,0.0008,0.4309,0.5149,0.09,0.0,0.5218,0.1362,74.9978201797605,,,0
S2A_22WDD_20230913_0_L1C,20230913T152311,0,0,160759,15008,4970,-14033,0.0,0.0,0.9643,0.09,0.0298,,,99.9971318514927,,,0
S2A_21WXU_20230912_0_L1C,20230912T155308,0,0,183606,16843,0,-13614,0.0,0.0,0.9827,0.0901,0.0,,,99.9936658806877,,,0
S2B_22WDD_20230911_0_L1C,20230911T153309,387,136498,15452,15008,0,-641,0.0023,0.8188,0.0927,0.09,0.0,0.5734,0.1433,68.379318582221,,,0
S2A_22WDD_20230909_0_L1C,20230909T154309,250,148742,2196,15008,0,508,0.0015,0.8923,0.0132,0.09,0.0,0.5671,0.1581,11.9936605129379,,,0
S2B_22WDD_20230908_0_L1C,20230908T152311,25,27181,117094,15008,6204,1192,0.0001,0.163,0.7024,0.09,0.0372,0.9999,0.0681,70.4616890910583,,,0
S2B_22WDD_20230907_0_L1C,20230907T155305,107,41145,66435,15008,0,44009,0.0006,0.2468,0.3985,0.09,0.0,0.5573,0.1077,73.8835108822274,,,0
S2A_22WDD_20230906_0_L1C,20230906T153311,0,0,157743,15008,0,-6047,0.0,0.0,0.9462,0.09,0.0,,,99.9074024306489,,,0
S2B_22WDD_20230904_0_L1C,20230904T154308,155,110699,47326,15008,0,-6484,0.0009,0.664,0.2839,0.09,0.0,0.4722,0.0857,90.9940278897548,,,0
S2A_22WDD_20230902_0_L1C,20230902T155306,1,680,152499,15008,0,-1484,0.0,0.0041,0.9148,0.09,0.0,0.4455,0.056,97.846896952135,,,0
S2A_22WDD_20230830_0_L1C,20230830T154309,0,0,165528,15008,0,-13832,0.0,0.0,0.9929,0.09,0.0,,,91.4085520618711,,,0
S2B_22WDD_20230829_0_L1C,20230829T152312,97,59180,89670,15008,7914,-5165,0.0006,0.355,0.5379,0.09,0.0475,0.5461,0.1173,44.1032437394446,,,0
S2B_22WDD_20230828_0_L1C,20230828T155305,1,0,165912,15008,0,-14217,0.0,0.0,0.9952,0.09,0.0,0.4362,,84.3895571200393,,,0
S2A_22WDD_20230827_0_L1C,20230827T153312,700,122567,30455,15008,0,-2026,0.0042,0.7352,0.1827,0.09,0.0,0.5549,0.1611,61.1607094866971,,,0
S2B_22WDD_20230825_0_L1C,20230825T154308,0,428,162046,15008,0,-10778,0.0,0.0026,0.9721,0.09,0.0,,0.063,98.8187165935083,,,0
S2A_22WDD_20230824_0_L1C,20230824T152313,1194,138873,13321,15008,5536,-7228,0.0072,0.8331,0.0799,0.09,0.0332,0.6534,0.1705,57.9585764154812,,,0
S2A_22WDD_20230823_0_L1C,20230823T155307,0,412,163875,15008,0,-12591,0.0,0.0025,0.983,0.09,0.0,,0.0545,96.0815231948048,,,0
S2B_21WXU_20230822_0_L1C,20230822T153312,1434,168483,35,16843,0,40,0.0077,0.9018,0.0002,0.0901,0.0,0.5866,0.1793,12.639732449461,,,0
S2A_22WDD_20230820_0_L1C,20230820T154310,0,237,164223,15008,0,-12764,0.0,0.0014,0.9851,0.09,0.0,,0.0553,97.7616829406671,,,0
S2B_22WDD_20230819_0_L1C,20230819T152312,4610,78,153370,15008,8179,-14541,0.0277,0.0005,0.92,0.09,0.0491,0.5309,0.4884,99.4856464829341,,,0
S2B_22WDD_20230818_0_L1C,20230818T155306,522,115383,7396,15008,0,28395,0.0031,0.6921,0.0444,0.09,0.0,0.5656,0.1377,48.4041142637823,,,0
S2B_22WDD_20230815_0_L1C,20230815T154309,1261,149659,150,15008,0,626,0.0076,0.8978,0.0009,0.09,0.0,0.5899,0.1612,11.8232553972946,,,0
S2A_22WDD_20230814_0_L1C,20230814T152312,221,3,625,15008,6972,143875,0.0013,0.0,0.0037,0.09,0.0418,0.8324,0.0587,99.2099943278564,,,0
S2A_22WDD_20230813_0_L1C,20230813T155306,0,0,165921,15008,0,-14225,0.0,0.0,0.9953,0.09,0.0,,,99.9642341753437,,,0
S2B_22WDD_20230812_0_L1C,20230812T153311,0,0,165775,15008,0,-14079,0.0,0.0,0.9944,0.09,0.0,,,99.9046552599361,,,0
S2A_22WDD_20230810_0_L1C,20230810T154308,1288,140042,9143,15008,0,1223,0.0077,0.8401,0.0548,0.09,0.0,0.5893,0.1458,71.2267908865598,,,0
S2B_21WXU_20230809_0_L1C,20230809T152314,1287,163943,9,16843,10652,-5899,0.0069,0.8775,0.0,0.0901,0.057,0.6043,0.1632,0.666965735247265,,,0
S2B_22WDD_20230808_0_L1C,20230808T155306,606,143422,7153,15008,0,515,0.0036,0.8603,0.0429,0.09,0.0,0.5228,0.1142,76.710948236372,,,0
S2A_22WDD_20230807_0_L1C,20230807T153310,965,149866,164,15008,0,701,0.0058,0.899,0.001,0.09,0.0,0.5948,0.1603,1.51049598375586,,,0
S2B_22WDD_20230805_0_L1C,20230805T154309,512,150216,275,15008,0,693,0.0031,0.9011,0.0016,0.09,0.0,0.598,0.1529,1.64663023679417,,,0
S2A_22WDD_20230804_0_L1C,20230804T152312,456,145330,1338,15008,7500,-2928,0.0027,0.8718,0.008,0.09,0.045,0.6389,0.104,72.0702812396724,,,0
S2A_22WDD_20230803_0_L1C,20230803T155306,544,149681,768,15008,0,703,0.0033,0.8979,0.0046,0.09,0.0,0.5844,0.1526,10.2399396480474,,,0
S2B_22WDD_20230802_0_L1C,20230802T153311,47,28535,1019,15008,0,122095,0.0003,0.1712,0.0061,0.09,0.0,0.4676,0.071,69.7741945116307,,,0
S2A_22WDD_20230731_0_L1C,20230731T154309,0,1976,146949,15008,0,2771,0.0,0.0119,0.8815,0.09,0.0,,0.0638,95.4059541939144,,,0
S2B_22WDD_20230729_0_L1C,20230729T155306,4,12029,6480,15008,0,133183,0.0,0.0722,0.0389,0.09,0.0,0.4578,0.0798,9.18756331967099,,,0
S2B_22WDD_20230726_0_L1C,20230726T154310,882,150040,151,15008,0,623,0.0053,0.9,0.0009,0.09,0.0,0.5802,0.1628,1.57057541282212,,,0
S2A_22WDD_20230725_0_L1C,20230725T152312,162,7367,1739,15008,7318,135110,0.001,0.0442,0.0104,0.09,0.0439,0.8865,0.0833,21.042226091062,,,0
S2A_22WDD_20230724_0_L1C,20230724T155305,94,50725,59833,15008,0,41044,0.0006,0.3043,0.3589,0.09,0.0,0.5053,0.1015,53.847867450113,,,0
S2B_22WDD_20230723_0_L1C,20230723T153312,977,90578,62633,15008,0,-2492,0.0059,0.5433,0.3757,0.09,0.0,0.5801,0.1838,41.2605930305473,,,0
S2A_22WDD_20230721_0_L1C,20230721T154308,161,0,165384,15008,0,-13849,0.001,0.0,0.9921,0.09,0.0,0.4468,,97.7261787452596,,,0
S2B_22WDD_20230720_0_L1C,20230720T152313,13702,20,142705,15008,8923,-13654,0.0822,0.0001,0.856,0.09,0.0535,0.4699,0.5514,99.9661195644415,,,0
S2B_22WDD_20230719_0_L1C,20230719T155306,154,59518,70178,15008,0,21846,0.0009,0.357,0.421,0.09,0.0,0.541,0.1239,34.7911121375208,,,0
S2A_22WDD_20230718_0_L1C,20230718T153310,536,142458,345,15008,0,8357,0.0032,0.8546,0.0021,0.09,0.0,0.5801,0.1559,17.6363880677237,,,0
S2B_22WDD_20230716_0_L1C,20230716T154309,0,0,165400,15008,0,-13704,0.0,0.0,0.9922,0.09,0.0,,,95.1362835557944,,,0
S2A_22WDD_20230715_0_L1C,20230715T152312,1068,0,156946,15008,8335,-14653,0.0064,0.0,0.9415,0.09,0.05,0.5667,,99.3976105309206,,,0
S2A_22WDD_20230714_0_L1C,20230714T155306,398,0,163114,15008,0,-11816,0.0024,0.0,0.9785,0.09,0.0,0.4368,,96.7488678011521,,,0
S2B_22WDD_20230713_0_L1C,20230713T153310,14,1922,164159,15008,0,-14399,0.0001,0.0115,0.9847,0.09,0.0,0.5043,0.1547,64.53154767237,,,0
S2A_22WDD_20230711_0_L1C,20230711T154309,15,36149,95332,15008,0,20200,0.0001,0.2168,0.5719,0.09,0.0,0.4555,0.0918,45.7538594762459,,0
S2B_22WDD_20230710_0_L1C,20230710T152312,0,63,153784,15008,9342,-11493,0.0,0.0004,0.9225,0.09,0.056,,0.6068,99.8491050787359,,,0
S2B_22WDD_20230709_0_L1C,20230709T155306,971,88220,61877,15008,0,628,0.0058,0.5292,0.3712,0.09,0.0,0.5505,0.1278,52.3155339805825,,,0
S2A_22WDD_20230708_0_L1C,20230708T153311,2118,105428,23182,15008,0,20968,0.0127,0.6324,0.1391,0.09,0.0,0.5524,0.1414,25.5382364358446,,,0
S2B_22WDD_20230706_0_L1C,20230706T154309,441,68695,87819,15008,0,-5259,0.0026,0.4121,0.5268,0.09,0.0,0.5155,0.1527,72.8050703215981,,,0
S2A_22WDD_20230705_0_L1C,20230705T152312,8685,0,149671,15008,7734,-14394,0.0521,0.0,0.8978,0.09,0.0464,0.5416,,99.1549187884889,,,0
S2A_22WDD_20230704_0_L1C,20230704T155306,6279,0,159555,15008,0,-14138,0.0377,0.0,0.9571,0.09,0.0,0.5271,,97.4077449747529,,,0
S2B_22WDD_20230703_0_L1C,20230703T153311,1347,122442,27307,15008,0,600,0.0081,0.7345,0.1638,0.09,0.0,0.5563,0.1551,30.7155782495745,,,0
S2A_22WDD_20230701_0_L1C,20230701T154308,0,0,163599,15008,0,-11903,0.0,0.0,0.9814,0.09,0.0,,,99.9665860431784,,,0
S2B_22WDD_20230630_0_L1C,20230630T152312,41,30,125242,15008,9911,16472,0.0002,0.0002,0.7513,0.09,0.0595,0.8888,0.2542,97.5159254259952,,,0
S2A_22WDD_20230628_1_L1C,20230628T153309,482,71083,86003,15008,0,-5872,0.0029,0.4264,0.5159,0.09,0.0,0.519,0.1158,29.28443897794,,,0
S2B_21WXU_20230626_0_L1C,20230626T154311,911,117472,51663,16843,0,-54,0.0049,0.6287,0.2765,0.0901,0.0,0.5701,0.1451,17.1018842007823,,,0
S2A_22WDD_20230625_0_L1C,20230625T152310,157,4207,482,15008,8434,138416,0.0009,0.0252,0.0029,0.09,0.0506,0.9083,0.077,24.0695459467517,,,0
S2B_22WDD_20230623_0_L1C,20230623T153305,680,37480,7163,15008,117423,-11050,0.0041,0.2248,0.043,0.09,0.7044,0.7562,0.1473,64.7198014544859,,,1
S2A_22WDD_20230621_0_L1C,20230621T154307,0,659,161695,15008,0,-10658,0.0,0.004,0.97,0.09,0.0,,0.0823,98.4977156678312,,,0
S2B_22WDD_20230620_0_L1C,20230620T152311,14,73,152611,15008,10130,-11132,0.0001,0.0004,0.9155,0.09,0.0608,0.9205,0.5598,99.9997244928602,,,0
S2B_22WDD_20230619_0_L1C,20230619T155305,0,0,164257,15008,0,-12561,0.0,0.0,0.9853,0.09,0.0,,,99.1854338253523,,,0
S2A_22WDD_20230618_0_L1C,20230618T153310,339,58387,92995,15008,0,-25,0.002,0.3502,0.5578,0.09,0.0,0.469,0.0863,87.7129206605154,,,0
S2B_22WDD_20230616_0_L1C,20230616T154309,275,0,164847,15008,0,-13426,0.0016,0.0,0.9889,0.09,0.0,0.431,,98.8887993072352,,,0
S2A_22WDD_20230615_0_L1C,20230615T152311,1214,132558,383,15008,7861,9680,0.0073,0.7952,0.0023,0.09,0.0472,0.5831,0.1379,13.0951508676077,,,0
S2A_22WDD_20230614_0_L1C,20230614T155305,3854,146415,996,15008,0,431,0.0231,0.8783,0.006,0.09,0.0,0.5356,0.1454,34.32372321092,,,0
S2B_22WDD_20230613_0_L1C,20230613T153311,333,24370,138933,15008,0,-11940,0.002,0.1462,0.8334,0.09,0.0,0.5166,0.1227,82.7349278867688,,,0
S2A_22WDD_20230611_0_L1C,20230611T154308,30,78704,45108,15008,0,27854,0.0002,0.4721,0.2706,0.09,0.0,0.5439,0.0991,72.7800173191197,,,0
S2B_22WDD_20230610_0_L1C,20230610T152312,17,2063,152565,15008,8757,-11706,0.0001,0.0124,0.9152,0.09,0.0525,0.9659,0.0831,99.3146114155697,,,0
S2B_22WDD_20230609_0_L1C,20230609T155306,114,127678,23206,15008,0,698,0.0007,0.7659,0.1392,0.09,0.0,0.4993,0.1207,66.3989382318896,,,0
S2A_22WDD_20230608_0_L1C,20230608T153309,2,18060,25937,15008,0,107697,0.0,0.1083,0.1556,0.09,0.0,0.4463,0.0856,52.8214040431186,,,0
S2B_22WDD_20230606_0_L1C,20230606T154308,2,4592,148543,15008,0,-1441,0.0,0.0275,0.8911,0.09,0.0,0.4379,0.0643,94.6252500821165,,,0
S2A_22WDD_20230605_0_L1C,20230605T152311,174,0,149923,15008,7473,-5874,0.001,0.0,0.8993,0.09,0.0448,0.9416,,99.9997812797323,,,0
S2A_22WDD_20230604_0_L1C,20230604T155304,0,5669,148909,15008,0,-2882,0.0,0.034,0.8933,0.09,0.0,,0.0641,81.3868986023604,,,0
S2B_22WDD_20230603_0_L1C,20230603T153310,0,0,161915,15008,0,-10219,0.0,0.0,0.9713,0.09,0.0,,,99.56857475589,,,0
S2A_22WDD_20230601_0_L1C,20230601T154308,1,4211,155700,15008,0,-8216,0.0,0.0253,0.934,0.09,0.0,0.4513,0.0666,90.1256531995581,,,0
S2B_21WXU_20230531_0_L1C,20230531T152313,10,24766,146611,16843,12482,-13877,0.0001,0.1326,0.7847,0.0901,0.0668,0.4687,0.1001,95.6424379655714,,,0
S2B_22WDD_20230530_0_L1C,20230530T155305,0,2463,158902,15008,0,-9669,0.0,0.0148,0.9532,0.09,0.0,,0.0721,96.8149566658651,,,0
S2B_21WXU_20230527_0_L1C,20230527T154310,53,0,182168,16843,0,-12229,0.0003,0.0,0.975,0.0901,0.0,0.434,,97.5445668727045,,,0
S2A_22WDD_20230526_0_L1C,20230526T152311,238,0,153261,15008,6936,-8739,0.0014,0.0,0.9194,0.09,0.0416,0.7846,,100,,,0
S2A_22WDD_20230525_0_L1C,20230525T155304,25302,125723,0,15008,0,671,0.1518,0.7542,0.0,0.09,0.0,0.6132,0.146,0.395410240171833,,,0
S2B_22WDD_20230524_0_L1C,20230524T153311,10303,33814,64569,15008,0,43010,0.0618,0.2028,0.3873,0.09,0.0,0.4661,0.0638,53.5708441577831,,,0
S2A_22WDD_20230522_0_L1C,20230522T154307,1024,150003,0,15008,0,669,0.0061,0.8998,0.0,0.09,0.0,0.5317,0.1508,1.50434471020335,,,0
S2B_22WDD_20230521_0_L1C,20230521T152312,36,81647,35349,15008,8503,26161,0.0002,0.4898,0.212,0.09,0.051,0.5197,0.0852,96.6178164352007,,,0
S2B_22WDD_20230520_0_L1C,20230520T155306,20,0,120592,15008,0,31084,0.0001,0.0,0.7234,0.09,0.0,0.4211,,96.4239014718409,,,0
S2A_21WXU_20230519_0_L1C,20230519T153310,2047,121550,48605,16843,0,-2210,0.011,0.6506,0.2601,0.0901,0.0,0.547,0.1002,40.7793006658903,,,0
S2B_22WDD_20230517_0_L1C,20230517T154308,2106,148938,1,15008,0,651,0.0126,0.8934,0.0,0.09,0.0,0.5849,0.1533,8.88429036400012,,,0
S2A_22WDD_20230516_0_L1C,20230516T152308,6155,139985,1758,15008,8509,-4711,0.0369,0.8397,0.0105,0.09,0.051,0.5707,0.1465,17.8181452111485,,,0
S2A_22WDD_20230515_0_L1C,20230515T155301,5113,144926,2,15008,0,1655,0.0307,0.8694,0.0,0.09,0.0,0.4972,0.0877,71.6144237999437,,,0
S2B_22WDD_20230514_0_L1C,20230514T153309,0,0,131847,15008,0,19849,0.0,0.0,0.7909,0.09,0.0,,,86.8339156140822,,,0
S2B_22WDD_20230511_0_L1C,20230511T152309,19908,23611,88034,15008,9426,10717,0.1194,0.1416,0.5281,0.09,0.0565,0.4666,0.0714,90.507677973136,,,0
S2B_22WDD_20230510_0_L1C,20230510T155303,19685,120184,1587,15008,0,10240,0.1181,0.7209,0.0095,0.09,0.0,0.5294,0.1205,50.4676272088682,,,0
S2A_22WDD_20230509_0_L1C,20230509T153305,0,0,152156,15008,0,-460,0.0,0.0,0.9127,0.09,0.0,,,88.7889754844875,,,0
S2B_22WDD_20230507_0_L1C,20230507T154306,0,0,161833,15008,0,-10137,0.0,0.0,0.9708,0.09,0.0,,,85.8417987996058,,,0
S2A_22WDD_20230505_0_L1C,20230505T155301,578,4310,75900,15008,0,70908,0.0035,0.0259,0.4553,0.09,0.0,0.4554,0.0543,79.5397290610655,,,0
S2B_22WDD_20230504_0_L1C,20230504T153308,0,0,164714,15008,0,-13018,0.0,0.0,0.9881,0.09,0.0,,,98.131595449252,,,0
S2A_22WDD_20230502_0_L1C,20230502T154304,3195,147944,0,15008,0,557,0.0192,0.8875,0.0,0.09,0.0,0.5921,0.1541,0.619696019588522,,,0
S2B_22WDD_20230501_0_L1C,20230501T152309,5753,140754,0,15008,10007,-4818,0.0345,0.8443,0.0,0.09,0.06,0.5761,0.1613,6.63298987772467,,,0
S2B_22WDD_20230430_0_L1C,20230430T155303,39527,111668,0,15008,0,501,0.2371,0.6699,0.0,0.09,0.0,0.5962,0.1586,17.3554747715092,,,0
S2A_22WDD_20230429_1_L1C,20230429T153303,138912,12324,0,15008,0,460,0.8333,0.0739,0.0,0.09,0.0,0.6133,0.1641,1.38035677562578,,,0
S2B_22WDD_20230427_0_L1C,20230427T154305,96324,5308,1569,15008,0,48495,0.5778,0.0318,0.0094,0.09,0.0,0.5334,0.1153,13.6226223536086,,,0
S2A_22WDD_20230426_0_L1C,20230426T152307,269,2,7236,15008,7781,136408,0.0016,0.0,0.0434,0.09,0.0467,0.8682,0.0517,99.9871869916206,,,0
S2A_22WDD_20230425_0_L1C,20230425T155300,88,0,164321,15008,0,-12713,0.0005,0.0,0.9857,0.09,0.0,0.4456,,97.2306647295479,,,0
S2B_22WDD_20230424_0_L1C,20230424T153308,409,80,163499,15008,0,-12292,0.0025,0.0005,0.9808,0.09,0.0,0.4828,0.0685,98.8736600077637,,,0
S2A_22WDD_20230422_1_L1C,20230422T154303,104020,0,53777,15008,0,-6101,0.624,0.0,0.3226,0.09,0.0,0.4964,,95.7668460633284,,,0
S2B_22WDD_20230421_0_L1C,20230421T152309,95219,78,54028,15008,6585,-4214,0.5712,0.0005,0.3241,0.09,0.0395,0.5348,0.586,48.5205293002383,,,0
S2B_22WDD_20230420_0_L1C,20230420T155301,150940,395,0,15008,0,361,0.9054,0.0024,0.0,0.09,0.0,0.579,0.1373,13.4054831896434,,,0
S2A_22WDD_20230419_0_L1C,20230419T153304,0,0,159422,15008,0,-7726,0.0,0.0,0.9563,0.09,0.0,,,99.9306638000538,,,0
S2B_22WDD_20230417_0_L1C,20230417T154305,100576,27656,4866,15008,0,18598,0.6033,0.1659,0.0292,0.09,0.0,0.5712,0.0923,31.702021559318,,,0
S2B_22WDD_20230414_0_L1C,20230414T153307,126742,24573,0,15008,0,381,0.7603,0.1474,0.0,0.09,0.0,0.5343,0.1082,39.9678700468811,,,0
S2A_22WDD_20230412_0_L1C,20230412T154304,124736,22524,2404,15008,0,2032,0.7482,0.1351,0.0144,0.09,0.0,0.5391,0.1606,9.38950103018902,,,0
S2B_22WDD_20230411_0_L1C,20230411T152308,137317,11719,0,15008,7707,-5047,0.8237,0.0703,0.0,0.09,0.0462,0.5804,0.1844,0.677949467302051,,,0
S2B_22WDD_20230410_0_L1C,20230410T155302,103964,26355,0,15008,0,21377,0.6236,0.1581,0.0,0.09,0.0,0.4959,0.0751,82.3707837823616,,,0
S2A_22WDD_20230409_0_L1C,20230409T153306,102413,27929,3238,15008,0,18116,0.6143,0.1675,0.0194,0.09,0.0,0.5153,0.0763,91.4977455283825,,,0
S2B_22WDD_20230407_0_L1C,20230407T154306,151506,43,0,15008,0,147,0.9088,0.0003,0.0,0.09,0.0,0.6333,0.1233,46.0934038042342,,,0
S2A_22WDD_20230405_0_L1C,20230405T155300,147795,252,3484,15008,0,165,0.8866,0.0015,0.0209,0.09,0.0,0.6177,0.1053,55.7385423003149,,,0
S2A_22WDD_20230402_0_L1C,20230402T154303,151490,107,0,15008,0,99,0.9087,0.0006,0.0,0.09,0.0,0.6312,0.1881,48.5643046970647,,,0
S2B_22WDD_20230401_0_L1C,20230401T152311,148908,149,0,15008,7858,-5219,0.8932,0.0009,0.0,0.09,0.0471,0.6296,0.3811,67.5588942865647,,,0
S2B_22WDD_20230331_0_L1C,20230331T155304,151363,266,0,15008,0,67,0.908,0.0016,0.0,0.09,0.0,0.6144,0.1899,49.291751650991,,,0
S2A_22WDD_20230330_0_L1C,20230330T153304,151241,265,0,15008,0,190,0.9072,0.0016,0.0,0.09,0.0,0.6018,0.1723,31.1142166084386,,,0
S2B_22WDD_20230328_0_L1C,20230328T154307,151248,349,0,15008,0,99,0.9073,0.0021,0.0,0.09,0.0,0.5827,0.1877,20.657051569172,,,0
S2A_22WDD_20230326_0_L1C,20230326T155259,151208,398,0,15008,0,90,0.907,0.0024,0.0,0.09,0.0,0.5557,0.1498,15.2660631731928,,,0
S2B_22WDD_20230325_0_L1C,20230325T153308,150995,595,0,15008,0,106,0.9058,0.0036,0.0,0.09,0.0,0.5535,0.1489,18.7323897399146,,,0
S2A_22WDD_20230323_0_L1C,20230323T154302,42349,11953,11628,15008,0,85766,0.254,0.0717,0.0698,0.09,0.0,0.4484,0.0866,59.8350204544776,,,0
S2B_22WDD_20230322_0_L1C,20230322T152310,45723,46097,173,15008,9487,50216,0.2743,0.2765,0.001,0.09,0.0569,0.476,0.0708,64.7855948998942,,,0
S2B_22WDD_20230321_0_L1C,20230321T155303,17806,42738,19455,15008,0,71697,0.1068,0.2564,0.1167,0.09,0.0,0.4937,0.1104,15.9822913840092,,,0
S2A_22WDD_20230320_0_L1C,20230320T153304,45671,11775,43838,15008,0,50412,0.274,0.0706,0.263,0.09,0.0,0.5247,0.0716,56.7878706440921,,,0
S2B_22WDD_20230318_0_L1C,20230318T154307,54822,95722,0,15008,0,1152,0.3289,0.5742,0.0,0.09,0.0,0.5435,0.113,31.4570157365105,,,0
S2A_22WDD_20230317_0_L1C,20230317T152305,53232,85311,38,15008,8721,4394,0.3193,0.5118,0.0002,0.09,0.0523,0.4877,0.112,39.3090506105027,,,0
S2A_22WDD_20230316_0_L1C,20230316T155258,0,0,148988,15008,0,2708,0.0,0.0,0.8937,0.09,0.0,,,93.1196920792824,,,0
S2B_22WDD_20230315_0_L1C,20230315T153310,5674,2900,16939,15008,0,126183,0.034,0.0174,0.1016,0.09,0.0,0.4443,0.0578,96.1230851921526,,,0
S2A_22WDD_20230313_0_L1C,20230313T154300,48013,103414,0,15008,0,269,0.288,0.6203,0.0,0.09,0.0,0.6185,0.1605,1.77727014840694,,,0
S2B_22WDD_20230312_0_L1C,20230312T152311,46568,101936,0,15008,8290,-5098,0.2793,0.6115,0.0,0.09,0.0497,0.629,0.172,0.32813880391603,,,0
S2B_22WDD_20230311_0_L1C,20230311T155305,45201,106241,0,15008,0,254,0.2711,0.6373,0.0,0.09,0.0,0.6224,0.1724,1.57591506597502,,,0
S2A_22WDD_20230310_0_L1C,20230310T153301,46585,104820,0,15008,0,291,0.2794,0.6288,0.0,0.09,0.0,0.6208,0.1698,0.447669383976828,,,0
S2B_22WDD_20230308_0_L1C,20230308T154307,348,479,163839,15008,0,-12970,0.0021,0.0029,0.9828,0.09,0.0,0.4768,0.0769,93.6739526411658,,,0
S2A_22WDD_20230307_0_L1C,20230307T152303,83088,66853,0,15008,6965,-5210,0.4984,0.401,0.0,0.09,0.0418,0.6207,0.1792,0,,,0
S2B_22WDD_20230305_0_L1C,20230305T153308,90490,61057,0,15008,0,149,0.5428,0.3663,0.0,0.09,0.0,0.6051,0.1823,0.557138164770522,,,0
S2A_22WDD_20230303_0_L1C,20230303T154301,89701,59469,0,15008,0,2526,0.5381,0.3567,0.0,0.09,0.0,0.5246,0.1481,0.0881782077697154,,,0
S2B_22WDD_20230302_0_L1C,20230302T152308,29642,11241,305,15008,11664,98844,0.1778,0.0674,0.0018,0.09,0.07,0.4763,0.0872,28.8802797711466,,,0
S2B_22WDD_20230301_0_L1C,20230301T155301,217,76,42601,15008,0,108802,0.0013,0.0005,0.2555,0.09,0.0,0.4257,0.0572,98.2946987694822,,,0
S2A_22WDD_20230228_0_L1C,20230228T153303,29115,22426,83975,15008,0,16180,0.1747,0.1345,0.5037,0.09,0.0,0.5461,0.085,57.9852190271432,,,0
S2B_21WXU_20230226_1_L1C,20230226T154306,57609,42993,7335,16843,0,62055,0.3083,0.2301,0.0393,0.0901,0.0,0.5141,0.1146,73.1851133754841,,,0
S2A_22WDD_20230225_0_L1C,20230225T152305,12609,34668,37798,15008,6585,60036,0.0756,0.208,0.2267,0.09,0.0395,0.4989,0.1206,25.684367158208,,,0
S2A_22WDD_20230224_0_L1C,20230224T155258,0,0,164855,15008,0,-13159,0.0,0.0,0.9889,0.09,0.0,,,100,,,0
S2B_22WDD_20230223_0_L1C,20230223T153306,113148,38105,0,15008,0,443,0.6787,0.2286,0.0,0.09,0.0,0.4703,0.1519,16.9752157424826,,,0
S2A_22WDD_20230221_0_L1C,20230221T154302,105467,41099,115,15008,0,5015,0.6327,0.2465,0.0007,0.09,0.0,0.4646,0.0907,83.8935816395299,,,0
S2B_22WDD_20230220_0_L1C,20230220T152306,2637,151,31505,15008,13234,104169,0.0158,0.0009,0.189,0.09,0.0794,0.4338,0.5601,99.8890697836221,,,0
S2A_22WDD_20221021_0_L1C,20221021T153309,0,0,164785,15008,0,-13089,0.0,0.0,0.9885,0.09,0.0,,,100,,,0
S2B_22WDD_20221019_0_L1C,20221019T154303,0,24192,67067,15008,0,60437,0.0,0.1451,0.4023,0.09,0.0,,0.0721,58.8511152915883,,,0
S2A_22WDD_20221018_0_L1C,20221018T152310,236,0,155159,15008,9108,-12807,0.0014,0.0,0.9307,0.09,0.0546,0.828,,99.6949039555232,,,0
S2A_22WDD_20221017_0_L1C,20221017T155304,0,0,164472,15008,0,-12776,0.0,0.0,0.9866,0.09,0.0,,,100,,,0
S2B_22WDD_20221016_0_L1C,20221016T153305,0,0,163881,15008,0,-12185,0.0,0.0,0.9831,0.09,0.0,,,99.9999104183463,,,0
S2A_22WDD_20221014_0_L1C,20221014T154308,0,29,94306,15008,0,57361,0.0,0.0002,0.5657,0.09,0.0,,0.0592,99.6579175251575,,,0
S2B_22WDD_20221013_0_L1C,20221013T152306,11,2019,1114,15008,11042,137510,0.0001,0.0121,0.0067,0.09,0.0662,1.0,0.0688,74.5271941743228,,,0
S2B_22WDD_20221012_0_L1C,20221012T155259,318,137931,3970,15008,0,9477,0.0019,0.8274,0.0238,0.09,0.0,0.5121,0.1634,15.0071027885725,,,0
S2A_22WDD_20221011_0_L1C,20221011T153311,847,150609,3,15008,0,237,0.0051,0.9035,0.0,0.09,0.0,0.5387,0.188,21.562751948401,,,0
S2B_22WDD_20221009_0_L1C,20221009T154302,2,111192,92,15008,0,40410,0.0,0.667,0.0006,0.09,0.0,0.4278,0.0691,14.0429693332139,,,0
S2A_22WDD_20221008_0_L1C,20221008T152313,147,17,60309,15008,8056,83167,0.0009,0.0001,0.3618,0.09,0.0483,0.8792,0.1162,95.2660481280814,,,0
S2A_22WDD_20221007_0_L1C,20221007T155307,0,30484,10165,15008,0,111047,0.0,0.1829,0.061,0.09,0.0,,0.0709,56.5408123722673,,,0
S2B_22WDD_20221006_0_L1C,20221006T153303,23,85894,155,15008,0,65624,0.0001,0.5152,0.0009,0.09,0.0,0.4578,0.1031,71.3810206336409,,,0
S2A_22WDD_20221004_0_L1C,20221004T154311,528,64198,92337,15008,0,-5367,0.0032,0.3851,0.5539,0.09,0.0,0.5441,0.118,72.7991877930067,,,0
S2B_22WDD_20221003_0_L1C,20221003T152305,296,127097,148,15008,7012,17143,0.0018,0.7624,0.0009,0.09,0.0421,0.5456,0.1431,6.03446961612343,,,0
S2B_22WDD_20221002_0_L1C,20221002T155259,120,121774,21921,15008,0,7881,0.0007,0.7305,0.1315,0.09,0.0,0.5172,0.1072,55.4632830894401,,,0
S2A_22WDD_20221001_0_L1C,20221001T153313,293,150068,324,15008,0,1011,0.0018,0.9002,0.0019,0.09,0.0,0.5631,0.1745,28.9008928304816,,,0
S2B_22WDD_20220929_0_L1C,20220929T154303,0,7012,136555,15008,0,8129,0.0,0.0421,0.8191,0.09,0.0,,0.082,45.7273134462062,,,0
S2A_22WDD_20220928_0_L1C,20220928T152314,171,4,100325,15008,7861,43335,0.001,0.0,0.6018,0.09,0.0472,0.8978,0.0614,100,,,0
S2A_22WDD_20220927_0_L1C,20220927T155303,4,0,2481,15008,164061,-14850,0.0,0.0,0.0149,0.09,0.9841,1.0,,91.762625428435,,,1
S2B_22WDD_20220926_0_L1C,20220926T153306,1303,0,159120,15008,0,-8727,0.0078,0.0,0.9545,0.09,0.0,0.4269,,99.2982770461943,,,0
S2A_22WDD_20220924_0_L1C,20220924T154311,213,82609,68038,15008,0,836,0.0013,0.4955,0.4081,0.09,0.0,0.517,0.1474,30.3278987130102,,,0
S2B_22WDD_20220923_0_L1C,20220923T152308,0,59,156051,15008,7422,-11836,0.0,0.0004,0.9361,0.09,0.0445,,0.8127,99.1958736656815,,,0
S2B_22WDD_20220922_0_L1C,20220922T155302,4,41245,103360,15008,0,7087,0.0,0.2474,0.62,0.09,0.0,0.4333,0.1004,75.5361562404478,,,0
S2A_22WDD_20220921_0_L1C,20220921T153313,0,184,164808,15008,0,-13296,0.0,0.0011,0.9886,0.09,0.0,,0.0648,87.6225626325062,,,0
S2B_22WDD_20220919_0_L1C,20220919T154305,0,20827,57,15008,0,130812,0.0,0.1249,0.0003,0.09,0.0,,0.0815,35.129087162949,,,0
S2A_22WDD_20220918_0_L1C,20220918T152315,2239,0,156498,15008,5032,-12073,0.0134,0.0,0.9388,0.09,0.0302,0.4295,,99.9802380957537,,,0
S2A_22WDD_20220917_0_L1C,20220917T155309,0,7063,107821,15008,0,36812,0.0,0.0424,0.6468,0.09,0.0,,0.0678,89.6884092614827,,,0
S2B_22WDD_20220916_0_L1C,20220916T153308,254,124511,324,15008,0,26607,0.0015,0.7469,0.0019,0.09,0.0,0.5473,0.1427,0.557168025321747,,,0
S2A_22WDD_20220914_0_L1C,20220914T154313,0,0,158939,15008,0,-7243,0.0,0.0,0.9534,0.09,0.0,,,99.8573860073457,,,0
S2B_22WDD_20220913_0_L1C,20220913T152309,7,50,149484,15008,7504,-5349,0.0,0.0003,0.8967,0.09,0.045,1.0,0.4366,99.9930608297499,,,0
S2B_22WDD_20220912_0_L1C,20220912T155303,0,0,162445,15008,0,-10749,0.0,0.0,0.9745,0.09,0.0,,,99.9998029635594,,,0
S2A_22WDD_20220911_0_L1C,20220911T153316,3127,0,161684,15008,0,-13115,0.0188,0.0,0.9699,0.09,0.0,0.4833,,99.9876675923438,,,0
S2B_22WDD_20220909_0_L1C,20220909T154306,0,0,163659,15008,0,-11963,0.0,0.0,0.9817,0.09,0.0,,,96.3875899549106,,,0
S2A_22WDD_20220908_0_L1C,20220908T152318,39,24031,135692,15008,5348,-13414,0.0002,0.1442,0.814,0.09,0.0321,0.4917,0.0955,86.4319995316126,,,0
S2A_22WDD_20220907_0_L1C,20220907T155312,0,1163,159363,15008,0,-8830,0.0,0.007,0.956,0.09,0.0,,0.0622,82.5346753466712,,,0
S2B_22WDD_20220906_0_L1C,20220906T153307,155,40121,119262,15008,0,-7842,0.0009,0.2407,0.7154,0.09,0.0,0.59,0.1699,87.4176296694437,,,0
S2A_22WDD_20220904_0_L1C,20220904T154316,277,100214,45673,15008,0,5532,0.0017,0.6011,0.274,0.09,0.0,0.5661,0.1125,57.7317626683389,,,0
S2B_22WDD_20220903_0_L1C,20220903T152308,321,42673,111135,15008,9578,-12011,0.0019,0.256,0.6667,0.09,0.0575,0.5957,0.1841,83.8409252966654,,,0
S2B_22WDD_20220902_0_L1C,20220902T155302,2102,0,161904,15008,0,-12310,0.0126,0.0,0.9712,0.09,0.0,0.4366,,100,,,0
S2A_22WDD_20220901_0_L1C,20220901T153318,721,149944,460,15008,0,571,0.0043,0.8995,0.0028,0.09,0.0,0.5546,0.1074,81.5299650631551,,,0
S2B_22WDD_20220830_0_L1C,20220830T154305,489,150035,643,15008,0,529,0.0029,0.9,0.0039,0.09,0.0,0.6158,0.1533,6.30905670518678,,,0
S2A_22WDD_20220829_0_L1C,20220829T152319,0,0,159627,15008,5123,-13054,0.0,0.0,0.9575,0.09,0.0307,,,100,,,0
S2A_22WDD_20220828_0_L1C,20220828T155313,126,102390,30312,15008,0,18868,0.0008,0.6142,0.1818,0.09,0.0,0.5202,0.1117,44.3123238078086,,,0
S2B_22WDD_20220827_0_L1C,20220827T153306,0,159,141130,15008,0,10407,0.0,0.001,0.8466,0.09,0.0,,0.0641,81.177222371525,,,0
S2A_22WDD_20220825_0_L1C,20220825T154316,0,550,163730,15008,0,-12584,0.0,0.0033,0.9822,0.09,0.0,,0.0801,82.9431753710173,,,0
S2B_22WDD_20220824_0_L1C,20220824T152307,18,3504,148840,15008,12720,-13386,0.0001,0.021,0.8928,0.09,0.0763,0.4506,0.1052,90.6832781087304,,,0
S2B_22WDD_20220823_0_L1C,20220823T155301,0,0,161254,15008,0,-9558,0.0,0.0,0.9673,0.09,0.0,,,97.6278265035607,,,0
S2A_22WDD_20220822_0_L1C,20220822T153318,337,0,164597,15008,0,-13238,0.002,0.0,0.9874,0.09,0.0,0.4333,,99.9287825853265,,,0
S2B_22WDD_20220820_0_L1C,20220820T154305,1325,149347,390,15008,0,634,0.0079,0.8959,0.0023,0.09,0.0,0.6036,0.1435,12.2977395562722,,,0
S2A_22WDD_20220819_0_L1C,20220819T152320,0,0,158744,15008,5279,-12327,0.0,0.0,0.9523,0.09,0.0317,,,74.8521520319097,,,0
S2A_22WDD_20220818_0_L1C,20220818T155313,0,3021,57036,15008,0,91639,0.0,0.0181,0.3421,0.09,0.0,,0.0575,91.4135664664206,,,0
S2B_22WDD_20220817_0_L1C,20220817T153308,0,0,154461,15008,0,-2765,0.0,0.0,0.9266,0.09,0.0,,,99.1834333661799,,,0
S2A_22WDD_20220815_0_L1C,20220815T154316,0,0,164567,15008,0,-12871,0.0,0.0,0.9872,0.09,0.0,,,99.9285735614679,,,0
S2B_22WDD_20220814_0_L1C,20220814T152310,2,6,154127,15008,10747,-13186,0.0,0.0,0.9246,0.09,0.0645,1.0,0.7713,96.6051974683502,,,0
S2B_22WDD_20220813_0_L1C,20220813T155304,270,38565,121530,15008,0,-8669,0.0016,0.2313,0.729,0.09,0.0,0.539,0.1108,86.935670076329,,,0
S2A_22WDD_20220812_0_L1C,20220812T153318,958,148078,6094,15008,0,-3434,0.0057,0.8883,0.0366,0.09,0.0,0.6274,0.1597,21.2031711905402,,,0
S2B_22WDD_20220810_0_L1C,20220810T154307,0,0,93578,15008,0,58118,0.0,0.0,0.5613,0.09,0.0,,,97.5267102630715,,,0
S2A_22WDD_20220809_0_L1C,20220809T152319,5941,21,150683,15008,7432,-12381,0.0356,0.0001,0.9039,0.09,0.0446,0.4445,0.3176,96.9756065042765,,,0
S2A_22WDD_20220808_0_L1C,20220808T155312,0,0,37348,15008,0,114348,0.0,0.0,0.224,0.09,0.0,,,98.2702490041473,,,0
S2B_22WDD_20220807_0_L1C,20220807T153310,0,543,134685,15008,0,16468,0.0,0.0033,0.8079,0.09,0.0,,0.0572,73.9715727552331,,,0
S2A_22WDD_20220805_0_L1C,20220805T154315,876,150132,0,15008,0,688,0.0053,0.9006,0.0,0.09,0.0,0.5877,0.1768,18.6003762429454,,,0
S2B_22WDD_20220804_0_L1C,20220804T152312,16,109,153861,15008,9442,-11732,0.0001,0.0007,0.923,0.09,0.0566,0.8956,0.2715,100,,,0
S2B_22WDD_20220803_0_L1C,20220803T155305,1699,148239,844,15008,0,914,0.0102,0.8892,0.0051,0.09,0.0,0.6023,0.1725,7.85363132158446,,,0
S2A_22WDD_20220802_0_L1C,20220802T153316,1440,108932,41895,15008,0,-571,0.0086,0.6534,0.2513,0.09,0.0,0.5846,0.1558,37.7384812923647,,,0
S2B_22WDD_20220731_0_L1C,20220731T154309,1941,149068,6,15008,0,681,0.0116,0.8942,0.0,0.09,0.0,0.5602,0.1775,37.9666457642808,,,0
S2A_22WDD_20220730_1_L1C,20220730T152317,121,0,155375,15008,9201,-13001,0.0007,0.0,0.932,0.09,0.0552,0.986,,99.9404175721399,,,0
S2A_22WDD_20220729_0_L1C,20220729T155310,19,33691,95561,15008,0,22425,0.0001,0.2021,0.5732,0.09,0.0,0.4446,0.0767,87.4656502083149,,,0
S2B_22WDD_20220728_0_L1C,20220728T153311,821,142369,8385,15008,0,121,0.0049,0.854,0.0503,0.09,0.0,0.5433,0.1492,32.5946131565589,,,0
S2A_22WDD_20220726_0_L1C,20220726T154314,190,66248,84986,15008,0,272,0.0011,0.3974,0.5098,0.09,0.0,0.5299,0.1068,85.648332288214,,,0
S2B_22WDD_20220725_0_L1C,20220725T152312,17,31924,20733,15008,10127,88895,0.0001,0.1915,0.1244,0.09,0.0607,0.4967,0.075,72.5606897793955,,,0
S2B_22WDD_20220724_0_L1C,20220724T155306,1090,131192,10454,15008,0,8960,0.0065,0.787,0.0627,0.09,0.0,0.5457,0.1266,51.2779557957029,,,0
S2A_22WDD_20220723_1_L1C,20220723T153317,0,0,164925,15008,0,-13229,0.0,0.0,0.9893,0.09,0.0,,,99.9249902953209,,,0
S2B_22WDD_20220721_0_L1C,20220721T154309,0,0,164277,15008,0,-12581,0.0,0.0,0.9854,0.09,0.0,,,99.9421302517244,,,0
S2A_22WDD_20220720_0_L1C,20220720T152319,754,147910,2,15008,7738,-4708,0.0045,0.8873,0.0,0.09,0.0464,0.6285,0.1623,29.2080501972519,,,0
S2A_22WDD_20220719_0_L1C,20220719T155312,78,113326,37309,15008,0,983,0.0005,0.6798,0.2238,0.09,0.0,0.5106,0.1165,72.1270680721346,,,0
S2B_22WDD_20220718_0_L1C,20220718T153311,328,135121,15597,15008,0,650,0.002,0.8105,0.0936,0.09,0.0,0.5609,0.1458,48.0978530263669,,,0
S2A_22WDD_20220716_0_L1C,20220716T154316,231,150730,100,15008,0,635,0.0014,0.9042,0.0006,0.09,0.0,0.5876,0.155,5.89124787243573,,,0
S2B_22WDD_20220715_0_L1C,20220715T152312,199,146089,19,15008,10029,-4640,0.0012,0.8763,0.0001,0.09,0.0602,0.5906,0.1594,2.65440352019605,,,0
S2B_22WDD_20220714_0_L1C,20220714T155305,142,143055,6,15008,0,8493,0.0009,0.8581,0.0,0.09,0.0,0.5672,0.1353,10.1971989335705,,,0
S2A_22WDD_20220713_0_L1C,20220713T153318,2,46538,99336,15008,0,5820,0.0,0.2792,0.5959,0.09,0.0,0.4615,0.0865,66.6351637851235,,,0
S2B_22WDD_20220711_0_L1C,20220711T154308,156,143930,600,15008,0,7010,0.0009,0.8634,0.0036,0.09,0.0,0.5663,0.1459,12.8244796798949,,,0
S2A_22WDD_20220710_0_L1C,20220710T152320,165,10679,1747,15008,6993,132112,0.001,0.0641,0.0105,0.09,0.0419,0.9182,0.0924,4.22705425980331,,,0
S2A_22WDD_20220709_0_L1C,20220709T155314,271,150666,0,15008,0,759,0.0016,0.9038,0.0,0.09,0.0,0.588,0.1534,0,,,0
S2B_22WDD_20220708_0_L1C,20220708T153311,0,387,88,15008,0,151221,0.0,0.0023,0.0005,0.09,0.0,,0.066,55.3678521305503,,,0
S2A_22WDD_20220706_0_L1C,20220706T154317,169,135613,13670,15008,0,2244,0.001,0.8135,0.082,0.09,0.0,0.5441,0.1258,17.105139000866,,,0
S2B_22WDD_20220705_0_L1C,20220705T152312,551,147317,3,15008,8527,-4702,0.0033,0.8837,0.0,0.09,0.0512,0.5661,0.1628,1.23576305739045,,,0
S2B_22WDD_20220704_0_L1C,20220704T155306,750,150219,4,15008,0,723,0.0045,0.9011,0.0,0.09,0.0,0.5622,0.1551,0,,,0
S2A_22WDD_20220703_0_L1C,20220703T153319,1021,149952,0,15008,0,723,0.0061,0.8995,0.0,0.09,0.0,0.5652,0.1581,0.198512944548956,,,0
S2B_22WDD_20220701_0_L1C,20220701T154309,2342,148625,16,15008,0,713,0.014,0.8916,0.0001,0.09,0.0,0.5514,0.1579,0.236226820747111,,,0
S2A_22WDD_20220630_0_L1C,20220630T152320,61,23,156287,15008,6427,-11102,0.0004,0.0001,0.9375,0.09,0.0386,0.9643,0.121,79.4701431604159,,,0
S2A_22WDD_20220629_0_L1C,20220629T155314,0,0,164542,15008,0,-12846,0.0,0.0,0.987,0.09,0.0,,,99.6817154222808,,,0
S2B_22WDD_20220628_0_L1C,20220628T153311,4749,146215,17,15008,0,715,0.0285,0.8771,0.0001,0.09,0.0,0.5439,0.1591,0.88894860999134,,,0
S2A_22WDD_20220626_0_L1C,20220626T154316,1750,149210,55,15008,0,681,0.0105,0.8951,0.0003,0.09,0.0,0.5513,0.15,1.16008241512138,,,0
S2B_22WDD_20220625_0_L1C,20220625T152312,94,29731,122753,15008,8892,-9774,0.0006,0.1783,0.7364,0.09,0.0533,0.5481,0.0817,88.9235517219815,,,0
S2B_22WDD_20220624_0_L1C,20220624T155306,230,143291,7580,15008,0,595,0.0014,0.8596,0.0455,0.09,0.0,0.5854,0.1413,67.8441866618866,,,0
S2A_22WDD_20220623_0_L1C,20220623T153318,2,0,164251,15008,0,-12557,0.0,0.0,0.9853,0.09,0.0,0.4211,,99.4074770820269,,,0
S2B_22WDD_20220621_0_L1C,20220621T154308,648,0,162470,15008,0,-11422,0.0039,0.0,0.9746,0.09,0.0,0.4419,,99.2298963838873,,,0
S2A_22WDD_20220620_0_L1C,20220620T152319,444,149401,0,15008,6525,-4674,0.0027,0.8962,0.0,0.09,0.0391,0.6786,0.1514,0,,,0
S2A_22WDD_20220619_0_L1C,20220619T155312,430,150537,0,15008,0,729,0.0026,0.903,0.0,0.09,0.0,0.6112,0.1439,0,,,0
S2B_22WDD_20220618_0_L1C,20220618T153310,0,12711,146914,15008,0,-7929,0.0,0.0762,0.8813,0.09,0.0,,0.0907,78.9893397832124,,,0
S2A_22WDD_20220616_0_L1C,20220616T154315,172,150798,5,15008,0,721,0.001,0.9046,0.0,0.09,0.0,0.6339,0.1402,1.4233031741766,,,0
S2B_22WDD_20220615_0_L1C,20220615T152311,269,127335,19908,15008,8830,-4646,0.0016,0.7638,0.1194,0.09,0.053,0.6571,0.1397,7.28389392092734,,,0
S2B_22WDD_20220614_0_L1C,20220614T155304,290,103258,52196,15008,0,-4048,0.0017,0.6194,0.3131,0.09,0.0,0.6425,0.1353,38.8320686242164,,,0
S2A_22WDD_20220613_0_L1C,20220613T153316,15,7131,151707,15008,0,-7157,0.0001,0.0428,0.91,0.09,0.0,0.444,0.075,87.1556331929887,,,0
S2B_22WDD_20220611_0_L1C,20220611T154306,0,12,26588,15008,0,125096,0.0,0.0001,0.1595,0.09,0.0,,0.0685,90.8019946848219,,,0
S2A_22WDD_20220610_0_L1C,20220610T152316,141,16,143523,15008,8563,-547,0.0008,0.0001,0.8609,0.09,0.0514,0.8827,0.125,100,,,0
S2A_22WDD_20220609_0_L1C,20220609T155310,0,0,163670,15008,0,-11974,0.0,0.0,0.9818,0.09,0.0,,,98.7594966470095,,,0
S2B_22WDD_20220608_0_L1C,20220608T153308,7101,143904,0,15008,0,691,0.0426,0.8632,0.0,0.09,0.0,0.4794,0.1321,21.4510734868166,,,0S2A_22WDD_20220606_0_L1C,20220606T154312,51905,99100,0,15008,0,691,0.3114,0.5945,0.0,0.09,0.0,0.4966,0.1348,0.203320493296306,,,0
S2B_22WDD_20220605_0_L1C,20220605T152308,61994,84676,0,15008,9716,-4690,0.3719,0.5079,0.0,0.09,0.0583,0.499,0.1432,14.9143568878917,,,0
S2B_22WDD_20220604_0_L1C,20220604T155301,67498,83551,0,15008,0,647,0.4049,0.5012,0.0,0.09,0.0,0.4953,0.1445,0.053694509670905,,,0
S2A_22WDD_20220603_0_L1C,20220603T153314,33417,66896,41378,15008,0,10005,0.2005,0.4013,0.2482,0.09,0.0,0.4984,0.112,50.6264743647168,,,0
S2B_22WDD_20220601_0_L1C,20220601T154303,102029,48042,2673,15008,0,-1048,0.612,0.2882,0.016,0.09,0.0,0.5576,0.148,39.520170802353,,,0
S2A_22WDD_20220531_0_L1C,20220531T152315,99329,48282,0,15008,8780,-4695,0.5958,0.2896,0.0,0.09,0.0527,0.5613,0.148,60.2271778672103,,,0
S2A_22WDD_20220530_0_L1C,20220530T155308,3154,6381,120766,15008,0,21395,0.0189,0.0383,0.7244,0.09,0.0,0.4878,0.0783,70.3755987914712,,,0
S2B_22WDD_20220529_0_L1C,20220529T153306,52964,18108,62535,15008,0,18089,0.3177,0.1086,0.3751,0.09,0.0,0.4901,0.0764,70.4068500104512,,,0
S2A_22WDD_20220527_0_L1C,20220527T154311,120817,29631,0,15008,0,1248,0.7247,0.1777,0.0,0.09,0.0,0.4985,0.067,89.3190301292962,,,0
S2B_22WDD_20220526_0_L1C,20220526T152307,103528,42821,0,15008,10167,-4820,0.621,0.2569,0.0,0.09,0.061,0.6041,0.1641,0,,,0
S2B_22WDD_20220525_0_L1C,20220525T155301,117692,21342,7176,15008,0,5486,0.706,0.128,0.043,0.09,0.0,0.5487,0.1239,54.2582725665084,,,0
S2A_22WDD_20220524_0_L1C,20220524T153313,0,0,163048,15008,0,-11352,0.0,0.0,0.9781,0.09,0.0,,,96.9611514228553,,,0
S2B_22WDD_20220522_0_L1C,20220522T154304,2427,0,163151,15008,0,-13882,0.0146,0.0,0.9787,0.09,0.0,0.4418,,99.4515811161874,,,0
S2A_22WDD_20220521_0_L1C,20220521T152314,63331,22,88009,15008,8831,-8497,0.3799,0.0001,0.5279,0.09,0.053,0.6166,0.055,81.3613809912336,,,0
S2A_22WDD_20220520_0_L1C,20220520T155307,150991,228,0,15008,0,477,0.9057,0.0014,0.0,0.09,0.0,0.6838,0.0756,1.79481197425723,,,0
S2B_22WDD_20220519_0_L1C,20220519T153306,150253,164,730,15008,0,549,0.9013,0.001,0.0044,0.09,0.0,0.6437,0.0784,7.52261936755353,,,0
S2A_22WDD_20220517_0_L1C,20220517T154309,118945,62,35183,15008,0,-2494,0.7135,0.0004,0.2111,0.09,0.0,0.683,0.0695,9.49604347696259,,,0
S2B_22WDD_20220516_0_L1C,20220516T152306,146251,176,0,15008,10075,-4806,0.8773,0.0011,0.0,0.09,0.0604,0.6967,0.1344,0,,,0
S2B_22WDD_20220515_0_L1C,20220515T155300,151019,149,0,15008,0,528,0.9059,0.0009,0.0,0.09,0.0,0.6684,0.0813,21.1018856567084,,,0
S2A_22WDD_20220514_0_L1C,20220514T153310,150974,122,0,15008,0,600,0.9056,0.0007,0.0,0.09,0.0,0.5828,0.0789,5.69416823434561,,,0
S2B_22WDD_20220512_0_L1C,20220512T154302,151043,99,0,15008,0,554,0.9061,0.0006,0.0,0.09,0.0,0.6656,0.0824,23.4345008808863,,,0
S2A_22WDD_20220511_0_L1C,20220511T152311,144644,45,0,15008,11849,-4842,0.8677,0.0003,0.0,0.09,0.0711,0.6504,0.0735,24.9062149963215,,,0
S2A_22WDD_20220510_0_L1C,20220510T155304,131164,0,23046,15008,0,-2514,0.7868,0.0,0.1382,0.09,0.0,0.5469,,34.0175887061649,,,0
S2B_22WDD_20220509_0_L1C,20220509T153303,10362,0,155665,15008,0,-14331,0.0622,0.0,0.9338,0.09,0.0,0.5146,,95.2799128071904,,,0
S2A_22WDD_20220507_0_L1C,20220507T154308,151024,180,0,15008,0,492,0.9059,0.0011,0.0,0.09,0.0,0.6709,0.0834,7.78434709904745,,,0
S2B_22WDD_20220506_0_L1C,20220506T152303,144438,148,0,15008,11936,-4826,0.8664,0.0009,0.0,0.09,0.0716,0.6731,0.1091,30.8172068564354,,,0
S2B_22WDD_20220505_0_L1C,20220505T155256,151042,205,0,15008,0,449,0.906,0.0012,0.0,0.09,0.0,0.6314,0.1043,22.1161653607345,,,0
S2A_22WDD_20220504_0_L1C,20220504T153311,29323,0,60144,15008,0,62229,0.1759,0.0,0.3608,0.09,0.0,0.4476,,86.8195825494939,,,0
S2B_22WDD_20220502_0_L1C,20220502T154258,150993,163,31,15008,0,509,0.9058,0.001,0.0002,0.09,0.0,0.6438,0.0923,45.0130490608857,,,0
S2A_22WDD_20220501_0_L1C,20220501T152312,146885,167,0,15008,9588,-4944,0.8811,0.001,0.0,0.09,0.0575,0.6554,0.0873,15.3968471856932,,,0
S2A_22WDD_20220430_0_L1C,20220430T155306,150677,581,0,15008,0,438,0.9039,0.0035,0.0,0.09,0.0,0.604,0.1496,48.8568845006449,,,0
S2B_22WDD_20220429_0_L1C,20220429T153259,54347,10762,93744,15008,0,-7157,0.326,0.0646,0.5623,0.09,0.0,0.5448,0.1111,93.2891397175192,,,0
S2A_22WDD_20220427_0_L1C,20220427T154309,113,0,164636,15008,0,-13053,0.0007,0.0,0.9876,0.09,0.0,0.4276,,100,,,0
S2B_22WDD_20220426_0_L1C,20220426T152300,1146,117,150307,15008,9311,-9185,0.0069,0.0007,0.9016,0.09,0.0559,0.432,0.4037,100,,,0
S2B_22WDD_20220425_0_L1C,20220425T155254,6050,0,138674,15008,0,6972,0.0363,0.0,0.8319,0.09,0.0,0.4756,,79.7835935914703,,,0
S2A_22WDD_20220424_0_L1C,20220424T153311,33563,0,114407,15008,0,3726,0.2013,0.0,0.6863,0.09,0.0,0.4638,,90.3940696945266,,,0
S2B_22WDD_20220422_0_L1C,20220422T154258,0,0,159661,15008,0,-7965,0.0,0.0,0.9578,0.09,0.0,,,98.0941801785661,,,0
S2A_22WDD_20220421_0_L1C,20220421T152312,6986,0,143606,15008,9526,-8422,0.0419,0.0,0.8614,0.09,0.0571,0.4669,,100,,,0
S2A_22WDD_20220420_0_L1C,20220420T155305,151380,32,0,15008,0,284,0.9081,0.0002,0.0,0.09,0.0,0.5864,0.0826,63.0144625478718,,,0
S2B_22WDD_20220419_0_L1C,20220419T153301,143566,0,7740,15008,0,390,0.8612,0.0,0.0464,0.09,0.0,0.5413,,87.9813670160351,,,0
S2A_22WDD_20220417_0_L1C,20220417T154307,151468,20,0,15008,0,208,0.9086,0.0001,0.0,0.09,0.0,0.6434,0.075,50.7568156708173,,,0
S2B_22WDD_20220416_0_L1C,20220416T152303,148283,68,0,15008,8425,-5080,0.8895,0.0004,0.0,0.09,0.0505,0.6232,0.5431,80.1818113112069,,,0
S2B_22WDD_20220415_0_L1C,20220415T155257,145708,26,6351,15008,0,-389,0.8741,0.0002,0.0381,0.09,0.0,0.622,0.0887,60.339309829452,,,0
S2A_22WDD_20220414_0_L1C,20220414T153309,87946,24,67561,15008,0,-3835,0.5276,0.0001,0.4053,0.09,0.0,0.5754,0.0614,49.6636208904416,,,0
S2B_22WDD_20220412_0_L1C,20220412T154300,151557,7,0,15008,0,132,0.9091,0.0,0.0,0.09,0.0,0.6075,0.0542,57.5080474185553,,,0
S2A_22WDD_20220411_0_L1C,20220411T152309,145592,0,0,15008,11445,-5341,0.8734,0.0,0.0,0.09,0.0687,0.6165,,86.8053110864613,,,0
S2A_22WDD_20220410_0_L1C,20220410T155302,149009,0,2857,15008,0,-170,0.8939,0.0,0.0171,0.09,0.0,0.5367,,85.0588427996043,,,0
S2B_22WDD_20220409_0_L1C,20220409T153303,151343,0,339,15008,0,14,0.9079,0.0,0.002,0.09,0.0,0.5389,,64.8425154528353,,,0
S2A_22WDD_20220407_0_L1C,20220407T154303,2386,0,151795,15008,0,-2485,0.0143,0.0,0.9106,0.09,0.0,0.4781,,75.2215157205918,,,0
S2B_22WDD_20220406_0_L1C,20220406T152304,929,125,60818,15008,8373,81451,0.0056,0.0007,0.3648,0.09,0.0502,0.4363,0.3803,98.8144974287896,,,0
S2B_22WDD_20220405_0_L1C,20220405T155257,30082,91,132026,15008,0,-10503,0.1805,0.0005,0.792,0.09,0.0,0.5928,0.0688,45.5034828844392,,,0
S2A_22WDD_20220404_0_L1C,20220404T153307,150954,416,0,15008,0,326,0.9055,0.0025,0.0,0.09,0.0,0.6931,0.1426,26.0281286392547,,,0
S2B_22WDD_20220402_0_L1C,20220402T154300,150962,486,0,15008,0,248,0.9056,0.0029,0.0,0.09,0.0,0.6907,0.1834,0,,,0
S2A_22WDD_20220401_0_L1C,20220401T152309,11209,21798,86192,15008,6712,25785,0.0672,0.1308,0.517,0.09,0.0403,0.4873,0.0771,58.8588276516471,,,0
S2A_22WDD_20220331_0_L1C,20220331T155303,88559,1904,38982,15008,0,22251,0.5312,0.0114,0.2338,0.09,0.0,0.6141,0.0868,18.8036952136799,,,0
S2B_22WDD_20220330_0_L1C,20220330T153302,151030,407,0,15008,0,259,0.906,0.0024,0.0,0.09,0.0,0.6851,0.1687,15.1122159515065,,,0
S2A_22WDD_20220328_0_L1C,20220328T154306,151100,391,0,15008,0,205,0.9064,0.0023,0.0,0.09,0.0,0.6738,0.1807,11.203947564872,,,0
S2B_22WDD_20220327_0_L1C,20220327T152304,146861,160,0,15008,9827,-5152,0.881,0.001,0.0,0.09,0.0589,0.6101,0.3952,9.06987378768158,,,0
S2B_22WDD_20220326_0_L1C,20220326T155258,151695,0,0,15008,0,1,0.91,0.0,0.0,0.09,0.0,0.5035,,99.4881686795461,,,0
S2A_22WDD_20220325_0_L1C,20220325T153308,0,0,161966,15008,0,-10270,0.0,0.0,0.9716,0.09,0.0,,,99.9963570127505,,,0
S2B_22WDD_20220323_0_L1C,20220323T154301,151650,10,0,15008,0,36,0.9097,0.0001,0.0,0.09,0.0,0.5236,0.1024,54.2504703036818,,,0
S2A_22WDD_20220322_1_L1C,20220322T152310,25047,81,128695,15008,6810,-8937,0.1502,0.0005,0.772,0.09,0.0409,0.4876,0.3507,99.2118861637625,,,0
S2A_22WDD_20220321_1_L1C,20220321T155304,151598,30,0,15008,0,68,0.9094,0.0002,0.0,0.09,0.0,0.5752,0.1292,57.5536842768195,,,0
S2B_22WDD_20220320_1_L1C,20220320T153303,149186,41,0,15008,0,2469,0.8949,0.0002,0.0,0.09,0.0,0.4989,0.1166,67.997879900863,,,0
S2A_22WDD_20220318_0_L1C,20220318T154307,150627,0,0,15008,0,1069,0.9036,0.0,0.0,0.09,0.0,0.4647,,99.5103466809997,,,0
S2B_22WDD_20220317_0_L1C,20220317T152305,146528,79,0,15008,10372,-5283,0.879,0.0005,0.0,0.09,0.0622,0.5818,0.5491,79.9645942657027,,,0
S2B_22WDD_20220316_1_L1C,20220316T155259,151351,0,79,15008,0,266,0.9079,0.0,0.0005,0.09,0.0,0.4681,,94.9389821564036,,,0
S2A_22WDD_20220315_0_L1C,20220315T153310,149517,0,47,15008,0,2132,0.8969,0.0,0.0003,0.09,0.0,0.4701,,99.2735170995572,,,0
S2B_22WDD_20220313_0_L1C,20220313T154302,124436,1,0,15008,0,27259,0.7464,0.0,0.0,0.09,0.0,0.4574,0.0519,92.2929320075249,,,0
S2A_22WDD_20220312_0_L1C,20220312T152311,224,10628,37509,15008,7192,96143,0.0013,0.0638,0.225,0.09,0.0431,0.8032,0.0656,88.9970814220997,,,0
S2A_22WDD_20220311_0_L1C,20220311T155305,20602,164,29358,15008,0,101572,0.1236,0.001,0.1761,0.09,0.0,0.439,0.0609,73.1587620942516,,,0
S2B_22WDD_20220310_0_L1C,20220310T153304,148787,2630,0,15008,0,279,0.8925,0.0158,0.0,0.09,0.0,0.5811,0.2188,22.762996804921,,,0
S2A_22WDD_20220308_0_L1C,20220308T154308,149043,2380,0,15008,0,273,0.8941,0.0143,0.0,0.09,0.0,0.5599,0.2033,12.2771954970289,,,0
S2B_22WDD_20220307_0_L1C,20220307T152305,22276,5896,3571,15008,10277,109676,0.1336,0.0354,0.0214,0.09,0.0616,0.4472,0.0698,88.4065972819163,,,0
S2B_22WDD_20220306_0_L1C,20220306T155258,0,0,127833,15008,0,23863,0.0,0.0,0.7668,0.09,0.0,,,99.9509125578326,,,0
S2A_22WDD_20220305_0_L1C,20220305T153310,52832,89992,192,15008,0,8680,0.3169,0.5398,0.0012,0.09,0.0,0.4771,0.1,57.5675594971483,,,0
S2B_22WDD_20220303_0_L1C,20220303T154301,37584,28799,61465,15008,0,23848,0.2255,0.1728,0.3687,0.09,0.0,0.4668,0.069,96.7182358386336,,,0
S2A_22WDD_20220302_0_L1C,20220302T152311,221,6,1434,15008,8587,141448,0.0013,0.0,0.0086,0.09,0.0515,0.8166,0.0821,99.9987374735418,,,0
S2A_22WDD_20220301_0_L1C,20220301T155304,149729,1797,0,15008,0,170,0.8982,0.0108,0.0,0.09,0.0,0.5839,0.239,9.08166300081379,,,0
S2B_22WDD_20220228_0_L1C,20220228T153302,150023,1507,0,15008,0,166,0.8999,0.009,0.0,0.09,0.0,0.5505,0.2164,38.0911941234435,,,0
S2A_22WDD_20220226_0_L1C,20220226T154307,57627,15,11865,15008,0,82189,0.3457,0.0001,0.0712,0.09,0.0,0.4669,0.0526,91.360267550539,,,0
S2B_22WDD_20220225_0_L1C,20220225T152303,1,120,67759,15008,12578,71238,0.0,0.0007,0.4065,0.09,0.0755,1.0,0.4306,99.9302194309995,,,0
S2B_22WDD_20220224_0_L1C,20220224T155256,142300,5908,0,15008,0,3488,0.8536,0.0354,0.0,0.09,0.0,0.476,0.1148,90.6862868487267,,,0
S2A_22WDD_20220223_0_L1C,20220223T153308,12354,16961,1256,15008,0,121125,0.0741,0.1017,0.0075,0.09,0.0,0.4282,0.0661,98.2061572456628,,,0
S2B_22WDD_20220221_0_L1C,20220221T154258,83421,30053,0,15008,0,38222,0.5004,0.1803,0.0,0.09,0.0,0.4686,0.0987,84.5200812206993,,,0
S2A_22WDD_20220220_0_L1C,20220220T152309,198,11,149064,15008,9704,-7281,0.0012,0.0001,0.8942,0.09,0.0582,0.8593,0.0918,99.9356907867546,,,0
S2B_22WDD_20220218_0_L1C,20220218T153300,32662,47111,469,15008,0,71454,0.1959,0.2826,0.0028,0.09,0.0,0.4423,0.0684,89.623458449043,,,0
S2B_22WDD_20220215_0_L1C,20220215T152301,0,139,4680,15008,8930,137947,0.0,0.0008,0.0281,0.09,0.0536,,0.4197,99.9646442714112,,,0
S2B_22WDD_20220214_0_L1C,20220214T155254,12,121,8437,15008,0,143126,0.0001,0.0007,0.0506,0.09,0.0,0.4382,0.0562,97.7739457955391,,,0
S2B_22WDD_20220211_0_L1C,20220211T154301,117,0,27430,15008,32331,91818,0.0007,0.0,0.1645,0.09,0.1939,0.8631,,99.8593119305388,,,0
S2B_22WDD_20211028_0_L1C,20211028T152308,151372,72,0,15008,5078,-4826,0.908,0.0004,0.0,0.09,0.0305,0.7348,0.132,47.6534,,,0
S2B_22WDD_20211027_0_L1C,20211027T155303,357,2516,161516,15008,0,-12693,0.0021,0.0151,0.9689,0.09,0.0,0.4589,0.0953,91.1639,,,0
S2B_22WDD_20211024_0_L1C,20211024T154305,386,13910,76678,15008,0,60722,0.0023,0.0834,0.46,0.09,0.0,0.4629,0.0854,99.8745,,,0
S2B_22WDD_20211021_0_L1C,20211021T153307,1406,2465,160712,15008,0,-12887,0.0084,0.0148,0.9641,0.09,0.0,0.5167,0.1405,81.5379,,,0
S2A_22WDD_20211019_0_L1C,20211019T154309,394,25336,86918,15008,0,39048,0.0024,0.152,0.5214,0.09,0.0,0.4902,0.0638,99.8204,,,0
S2B_22WDD_20211018_0_L1C,20211018T152308,1324,138607,10471,15008,6179,-4885,0.0079,0.8315,0.0628,0.09,0.0371,0.71,0.0931,96.1545,,,0
S2B_22WDD_20211017_0_L1C,20211017T155302,151305,171,30,15008,0,190,0.9076,0.001,0.0002,0.09,0.0,0.7285,0.163,10.104,,,0
S2A_22WDD_20211016_0_L1C,20211016T153311,151308,167,12,15008,0,209,0.9076,0.001,0.0001,0.09,0.0,0.9287,0.177,0.2517,,,0
S2B_22WDD_20211014_0_L1C,20211014T154305,5216,1277,158062,15008,0,-12859,0.0313,0.0077,0.9482,0.09,0.0,0.5224,0.0648,99.323,,,0
S2A_22WDD_20211013_0_L1C,20211013T152312,98686,2101,51415,15008,5858,-6364,0.592,0.0126,0.3084,0.09,0.0351,0.7125,0.1532,46.5778,,,0
S2A_22WDD_20211012_0_L1C,20211012T155306,17741,0,132467,15008,0,1488,0.1064,0.0,0.7946,0.09,0.0,0.4828,,88.4568,,,0
S2B_22WDD_20211011_0_L1C,20211011T153307,23353,20294,115774,15008,0,-7725,0.1401,0.1217,0.6945,0.09,0.0,0.5189,0.1279,75.9565,,,0
S2A_22WDD_20211009_0_L1C,20211009T154309,476,0,164368,15008,0,-13148,0.0029,0.0,0.986,0.09,0.0,0.457,,99.9173,,,0
S2B_22WDD_20211008_0_L1C,20211008T152308,149817,215,68,15008,6756,-5160,0.8987,0.0013,0.0004,0.09,0.0405,0.8968,0.1673,1.8678,,,0
S2B_22WDD_20211007_0_L1C,20211007T155301,151311,166,0,15008,0,219,0.9077,0.001,0.0,0.09,0.0,0.8981,0.1639,5.8913,,,0
S2A_22WDD_20211006_0_L1C,20211006T153311,150702,259,549,15008,0,186,0.904,0.0016,0.0033,0.09,0.0,0.7445,0.1522,8.5413,,,0
S2B_22WDD_20211004_0_L1C,20211004T154304,24314,34749,95535,15008,0,-2902,0.1459,0.2084,0.5731,0.09,0.0,0.659,0.1801,49.6991,,,0
S2A_22WDD_20211003_0_L1C,20211003T152312,4893,0,152781,15008,7322,-13300,0.0294,0.0,0.9165,0.09,0.0439,0.6791,,99.8971,,,0
S2A_22WDD_20211002_0_L1C,20211002T155305,151246,219,24,15008,0,207,0.9073,0.0013,0.0001,0.09,0.0,0.9404,0.186,5.064,,,0
S2B_22WDD_20211001_1_L1C,20211001T153305,0,0,164901,15008,0,-13205,0.0,0.0,0.9892,0.09,0.0,,,98.1643226133954,,,0
S2A_22WDD_20210929_0_L1C,20210929T154308,74205,47933,16022,15008,0,13536,0.4451,0.2875,0.0961,0.09,0.0,0.5171,0.0807,81.2546,,,0
S2B_22WDD_20210928_0_L1C,20210928T152306,148277,242,0,15008,8323,-5146,0.8895,0.0015,0.0,0.09,0.0499,0.9245,0.1671,1.0067,,,0
S2B_22WDD_20210927_0_L1C,20210927T155259,151268,193,0,15008,0,235,0.9074,0.0012,0.0,0.09,0.0,0.9353,0.1726,0.0314,,,0
S2A_22WDD_20210926_1_L1C,20210926T153310,888,150481,0,15008,0,327,0.0053,0.9027,0.0,0.09,0.0,0.5828,0.18,0.0600495685150348,,,0
S2B_22WDD_20210924_0_L1C,20210924T154302,65810,29373,27920,15008,0,28593,0.3948,0.1762,0.1675,0.09,0.0,0.8535,0.1669,11.6964,,,0
S2A_22WDD_20210923_0_L1C,20210923T152310,2034,1314,24918,15008,8112,115318,0.0122,0.0079,0.1495,0.09,0.0487,0.9836,0.0717,68.9974,,,0
S2A_22WDD_20210922_0_L1C,20210922T155304,134,3369,136809,15008,0,11384,0.0008,0.0202,0.8207,0.09,0.0,0.4476,0.0814,70.1768,,,0
S2B_22WDD_20210921_1_L1C,20210921T153303,0,4990,945,15008,0,145761,0.0,0.0299,0.0057,0.09,0.0,,0.1045,16.7932156827615,,,0
S2A_22WDD_20210919_0_L1C,20210919T154306,149634,1344,336,15008,0,382,0.8976,0.0081,0.002,0.09,0.0,0.9383,0.2148,0.1026,,,0
S2B_22WDD_20210918_0_L1C,20210918T152303,145797,283,0,15008,10702,-5086,0.8746,0.0017,0.0,0.09,0.0642,0.9442,0.1804,1.3235,,,0
S2B_22WDD_20210917_0_L1C,20210917T155257,151146,258,0,15008,0,292,0.9067,0.0015,0.0,0.09,0.0,0.9323,0.1763,0.8883,,,0
S2A_22WDD_20210916_0_L1C,20210916T153308,151108,283,0,15008,0,305,0.9064,0.0017,0.0,0.09,0.0,0.9316,0.169,1.2354,,,0
S2B_22WDD_20210914_0_L1C,20210914T154300,82793,14313,33769,15008,0,20821,0.4966,0.0859,0.2026,0.09,0.0,0.8369,0.1633,40.8407,,,0
S2A_22WDD_20210913_0_L1C,20210913T152308,3162,56412,9515,15008,9597,73010,0.019,0.3384,0.0571,0.09,0.0576,0.7971,0.1115,23.5051,,,0
S2A_22WDD_20210912_0_L1C,20210912T155301,93032,736,57984,15008,0,-56,0.5581,0.0044,0.3478,0.09,0.0,0.8459,0.1807,31.1064,,,0
S2B_22WDD_20210911_0_L1C,20210911T153302,151273,136,0,15008,0,287,0.9074,0.0008,0.0,0.09,0.0,0.9425,0.1673,3.5784,,,0
S2A_22WDD_20210909_0_L1C,20210909T154304,45029,9214,98363,15008,0,-910,0.2701,0.0553,0.59,0.09,0.0,0.6466,0.1601,43.3753,,,0
S2B_22WDD_20210908_0_L1C,20210908T152303,305,12,158109,15008,6320,-13050,0.0018,0.0001,0.9484,0.09,0.0379,0.9163,0.0605,99.2028,,,0
S2B_22WDD_20210907_1_L1C,20210907T155257,28898,26367,81139,15008,0,15292,0.1733,0.1582,0.4867,0.09,0.0,0.6864,0.1461,55.1168,,,0
S2A_22WDD_20210906_1_L1C,20210906T153306,0,0,164370,15008,0,-12674,0.0,0.0,0.986,0.09,0.0,,,99.7376451969303,,,0
S2B_22WDD_20210904_1_L1C,20210904T154300,0,422,113226,15008,0,38048,0.0,0.0025,0.6792,0.09,0.0,,0.06,99.4724536414942,,,0
S2A_22WDD_20210903_0_L1C,20210903T152308,21962,23040,96318,15008,5959,4417,0.1317,0.1382,0.5778,0.09,0.0357,0.7068,0.1619,65.5181,,,0
S2A_22WDD_20210902_1_L1C,20210902T155300,150979,345,0,15008,0,372,0.9057,0.0021,0.0,0.09,0.0,0.9216,0.1887,0.0815,,,0
S2B_22WDD_20210901_0_L1C,20210901T153302,150918,356,0,15008,0,422,0.9053,0.0021,0.0,0.09,0.0,0.9275,0.1801,0.0565,,,0
S2A_22WDD_20210830_0_L1C,20210830T154305,69670,28303,54408,15008,0,-685,0.4179,0.1698,0.3264,0.09,0.0,0.4985,0.0828,92.9263,,,0
S2B_22WDD_20210829_0_L1C,20210829T152304,1130,2221,155422,15008,6731,-13808,0.0068,0.0133,0.9323,0.09,0.0404,0.5536,0.1931,83.5436,,,0
S2B_22WDD_20210828_0_L1C,20210828T155258,3561,10370,150322,15008,0,-12557,0.0214,0.0622,0.9017,0.09,0.0,0.5405,0.1398,65.023,,,0
S2A_22WDD_20210827_0_L1C,20210827T153308,30,5301,158962,15008,0,-12597,0.0002,0.0318,0.9536,0.09,0.0,0.4361,0.1479,84.0138,,,0
S2B_22WDD_20210825_0_L1C,20210825T154302,8381,13356,136382,15008,0,-6423,0.0503,0.0801,0.8181,0.09,0.0,0.5291,0.1671,91.033,,,0
S2A_22WDD_20210824_0_L1C,20210824T152309,52662,1655,101061,15008,5922,-9604,0.3159,0.0099,0.6062,0.09,0.0355,0.7953,0.3043,62.5293,,,0
S2A_22WDD_20210823_0_L1C,20210823T155303,26156,10671,121112,15008,0,-6243,0.1569,0.064,0.7265,0.09,0.0,0.5549,0.2226,53.7118,,,0
S2B_22WDD_20210822_0_L1C,20210822T153305,108069,22169,22034,15008,0,-576,0.6483,0.133,0.1322,0.09,0.0,0.8161,0.2548,0,,,0
S2A_22WDD_20210820_0_L1C,20210820T154306,149607,419,5947,15008,0,-4277,0.8974,0.0025,0.0357,0.09,0.0,0.8619,0.1655,55.9876,,,0
S2B_22WDD_20210819_0_L1C,20210819T152306,14841,12192,127162,15008,7168,-9667,0.089,0.0731,0.7628,0.09,0.043,0.638,0.199,92.3576,,,0
S2B_22WDD_20210818_0_L1C,20210818T155300,148741,401,2553,15008,0,1,0.8922,0.0024,0.0153,0.09,0.0,0.8539,0.1644,24.4579,,,0
S2A_22WDD_20210817_1_L1C,20210817T153308,261,143280,9436,15008,0,-1281,0.0016,0.8595,0.0566,0.09,0.0,0.5874,0.1568,56.8416494968497,,,0
S2B_22WDD_20210815_0_L1C,20210815T154304,0,80,164221,15008,0,-12605,0.0,0.0005,0.9851,0.09,0.0,,0.068,99.8147,,,0
S2A_22WDD_20210814_0_L1C,20210814T152310,6623,5480,146739,15008,6046,-13192,0.0397,0.0329,0.8802,0.09,0.0363,0.6514,0.2038,72.7385,,,0
S2A_22WDD_20210813_0_L1C,20210813T155303,1896,0,161945,15008,0,-12145,0.0114,0.0,0.9715,0.09,0.0,0.6635,,99.252,,,0
S2B_22WDD_20210812_0_L1C,20210812T153306,10951,0,153235,15008,0,-12490,0.0657,0.0,0.9192,0.09,0.0,0.5974,,98.7024,,,0
S2A_22WDD_20210810_0_L1C,20210810T154306,1044,0,163893,15008,0,-13241,0.0063,0.0,0.9831,0.09,0.0,0.4426,,99.9925,,,0
S2B_22WDD_20210809_0_L1C,20210809T152308,149374,352,0,15008,6829,-4859,0.896,0.0021,0.0,0.09,0.041,0.8662,0.1887,41.269,,,0
S2B_22WDD_20210808_0_L1C,20210808T155302,4931,5667,154187,15008,0,-13089,0.0296,0.034,0.9249,0.09,0.0,0.4633,0.1163,99.3844,,,0
S2A_22WDD_20210807_0_L1C,20210807T153309,149926,690,597,15008,0,483,0.8994,0.0041,0.0036,0.09,0.0,0.7495,0.1962,46.2052,,,0
S2B_22WDD_20210805_0_L1C,20210805T154305,150788,331,0,15008,0,577,0.9045,0.002,0.0,0.09,0.0,0.9262,0.1926,0.7411,,,0
S2A_22WDD_20210804_0_L1C,20210804T152310,149106,320,0,15008,7123,-4853,0.8944,0.0019,0.0,0.09,0.0427,0.9515,0.1929,0,,,0
S2A_22WDD_20210803_0_L1C,20210803T155304,17123,81301,29459,15008,0,23813,0.1027,0.4877,0.1767,0.09,0.0,0.7706,0.1429,19.2721,,,0
S2B_22WDD_20210802_0_L1C,20210802T153307,142480,553,8099,15008,0,564,0.8547,0.0033,0.0486,0.09,0.0,0.9021,0.2795,17.768,,,0
S2A_22WDD_20210731_1_L1C,20210731T154307,1119,149890,2,15008,0,685,0.0067,0.8991,0.0,0.09,0.0,0.6051,0.1742,0.170205141986921,,,0
S2B_22WDD_20210730_0_L1C,20210730T152309,149948,297,9,15008,6266,-4824,0.8995,0.0018,0.0001,0.09,0.0376,0.9191,0.1703,0.6222,,,0
S2B_22WDD_20210729_0_L1C,20210729T155302,16802,6734,140174,15008,0,-12014,0.1008,0.0404,0.8409,0.09,0.0,0.53,0.1898,89.1546,,,0
S2A_22WDD_20210728_0_L1C,20210728T153309,150801,350,0,15008,0,545,0.9046,0.0021,0.0,0.09,0.0,0.9068,0.1717,5.3477,,,0
S2B_22WDD_20210726_0_L1C,20210726T154306,0,0,164530,15008,0,-12834,0.0,0.0,0.987,0.09,0.0,,,99.9918,,,0
S2A_22WDD_20210725_0_L1C,20210725T152310,291,2468,154707,15008,6600,-12370,0.0017,0.0148,0.928,0.09,0.0396,0.9203,0.1311,64.3366,,,0
S2A_22WDD_20210724_0_L1C,20210724T155304,150237,556,266,15008,0,637,0.9012,0.0033,0.0016,0.09,0.0,0.9491,0.2325,8.4234,,,0
S2B_22WDD_20210723_0_L1C,20210723T153308,2285,943,161838,15008,0,-13370,0.0137,0.0057,0.9708,0.09,0.0,0.657,0.1979,99.1075,,,0
S2A_22WDD_20210721_0_L1C,20210721T154307,91409,6656,54771,15008,0,-1140,0.5483,0.0399,0.3286,0.09,0.0,0.8245,0.3259,60.472,,,0
S2B_22WDD_20210720_0_L1C,20210720T152309,1785,0,148496,15008,6760,-5345,0.0107,0.0,0.8908,0.09,0.0406,0.5602,,99.3897,,,0
S2B_22WDD_20210719_0_L1C,20210719T155303,0,0,159996,15008,0,-8300,0.0,0.0,0.9598,0.09,0.0,,,99.9993,,,0
S2A_22WDD_20210718_1_L1C,20210718T153309,1772,149460,37,15008,0,427,0.0106,0.8966,0.0002,0.09,0.0,0.5324,0.1748,10.3115052703873,,,0
S2B_22WDD_20210716_0_L1C,20210716T154306,149089,308,1687,15008,0,612,0.8943,0.0018,0.0101,0.09,0.0,0.8537,0.1978,36.3862,,,0
S2A_22WDD_20210715_0_L1C,20210715T152310,24101,6850,127343,15008,6354,-12952,0.1446,0.0411,0.7639,0.09,0.0381,0.7455,0.222,72.6938,,,0
S2A_22WDD_20210714_0_L1C,20210714T155304,0,22,164088,15008,0,-12414,0.0,0.0001,0.9843,0.09,0.0,,0.0555,99.9068,,,0
S2B_22WDD_20210713_1_L1C,20210713T153308,2306,0,162481,15008,0,-13091,0.0138,0.0,0.9747,0.09,0.0,0.4868,,99.3100719639285,,,0
S2A_22WDD_20210711_1_L1C,20210711T154307,936,150024,2,15008,0,734,0.0056,0.8999,0.0,0.09,0.0,0.5961,0.1515,0.0103616112753441,,,0
S2B_22WDD_20210710_0_L1C,20210710T152309,149504,231,0,15008,6691,-4730,0.8968,0.0014,0.0,0.09,0.0401,0.9535,0.2013,3.8206,,,0
S2B_22WDD_20210709_0_L1C,20210709T155302,150788,241,0,15008,0,667,0.9045,0.0014,0.0,0.09,0.0,0.9451,0.1946,1.8441,,,0
S2A_22WDD_20210708_0_L1C,20210708T153309,47129,6685,104266,15008,0,-6384,0.2827,0.0401,0.6255,0.09,0.0,0.7404,0.2748,82.6193,,,0
S2B_22WDD_20210706_0_L1C,20210706T154305,242,2492,160844,15008,0,-11882,0.0015,0.0149,0.9648,0.09,0.0,0.5235,0.1285,73.7388,,,0
S2A_22WDD_20210705_0_L1C,20210705T152309,6238,10706,90631,15008,7673,36448,0.0374,0.0642,0.5437,0.09,0.046,0.4775,0.084,94.2392,,,0
S2A_22WDD_20210704_0_L1C,20210704T155303,2198,0,164121,15008,0,-14623,0.0132,0.0,0.9845,0.09,0.0,0.5319,,97.4879,,,0
S2B_22WDD_20210703_0_L1C,20210703T153307,0,0,164274,15008,0,-12578,0.0,0.0,0.9854,0.09,0.0,,,99.7659,,,0
S2A_22WDD_20210701_1_L1C,20210701T154306,0,0,164624,15008,0,-12928,0.0,0.0,0.9875,0.09,0.0,,,98.4307981725343,,,0
S2B_22WDD_20210630_0_L1C,20210630T152308,43701,0,114234,15008,6820,-13059,0.2621,0.0,0.6853,0.09,0.0409,0.5595,,90.924,,,0
S2B_22WDD_20210629_0_L1C,20210629T155302,11118,0,154920,15008,0,-14342,0.0667,0.0,0.9293,0.09,0.0,0.6254,,99.7953,,,0
S2A_22WDD_20210628_0_L1C,20210628T153307,26266,0,138997,15008,0,-13567,0.1576,0.0,0.8338,0.09,0.0,0.5567,,99.9508,,,0
S2B_22WDD_20210626_0_L1C,20210626T154304,0,296,163603,15008,0,-12203,0.0,0.0018,0.9814,0.09,0.0,,0.0686,97.8299,,,0
S2A_22WDD_20210625_0_L1C,20210625T152308,2710,2,153311,15008,7975,-12302,0.0163,0.0,0.9197,0.09,0.0478,0.8114,0.0525,99.5783,,,0
S2A_22WDD_20210624_0_L1C,20210624T155302,150569,278,170,15008,0,679,0.9032,0.0017,0.001,0.09,0.0,0.8093,0.2192,16.0773,,,0
S2B_22WDD_20210623_0_L1C,20210623T153306,81585,16262,56405,15008,0,-2556,0.4894,0.0976,0.3384,0.09,0.0,0.5237,0.1832,45.4855,,,0
S2A_22WDD_20210621_0_L1C,20210621T154305,118321,21810,14066,15008,0,-2501,0.7098,0.1308,0.0844,0.09,0.0,0.8486,0.2097,23.7865,,,0
S2B_22WDD_20210620_0_L1C,20210620T152308,148556,222,310,15008,7312,-4704,0.8911,0.0013,0.0019,0.09,0.0439,0.8949,0.1961,44.7484,,,0
S2B_22WDD_20210619_0_L1C,20210619T155301,150781,234,0,15008,0,681,0.9045,0.0014,0.0,0.09,0.0,0.9446,0.1929,3.8398,,,0
S2A_22WDD_20210618_0_L1C,20210618T153306,150759,236,0,15008,0,701,0.9044,0.0014,0.0,0.09,0.0,0.9471,0.2113,0.189,,,0
S2B_22WDD_20210616_0_L1C,20210616T154305,77442,13730,63467,15008,0,-2943,0.4645,0.0824,0.3807,0.09,0.0,0.8295,0.2235,40.4931,,,0
S2A_22WDD_20210615_0_L1C,20210615T152307,148073,249,0,15008,8109,-4735,0.8882,0.0015,0.0,0.09,0.0486,0.9361,0.2132,5.539,,,0
S2A_22WDD_20210614_0_L1C,20210614T155301,118585,9262,26108,15008,0,-2259,0.7114,0.0556,0.1566,0.09,0.0,0.8371,0.257,21.7293,,,0
S2B_22WDD_20210613_0_L1C,20210613T153307,0,29,164705,15008,0,-13038,0.0,0.0002,0.988,0.09,0.0,,0.0965,98.8771,,,0
S2A_22WDD_20210611_1_L1C,20210611T154304,0,21,156002,15008,0,-4327,0.0,0.0001,0.9358,0.09,0.0,,0.0761,73.4141359849503,,,0
S2B_22WDD_20210610_0_L1C,20210610T152308,149623,254,0,15008,6573,-4754,0.8975,0.0015,0.0,0.09,0.0394,0.945,0.2077,6.1482,,,0
S2B_22WDD_20210609_0_L1C,20210609T155302,150791,246,0,15008,0,659,0.9045,0.0015,0.0,0.09,0.0,0.9559,0.2002,0.2124,,,0
S2A_22WDD_20210608_1_L1C,20210608T153307,146573,981,3491,15008,0,651,0.8792,0.0059,0.0209,0.09,0.0,0.9292,0.298,1.4655,,,0
S2B_22WDD_20210606_0_L1C,20210606T154305,126159,9682,15169,15008,0,686,0.7568,0.0581,0.091,0.09,0.0,0.7846,0.135,33.0865,,,0
S2A_22WDD_20210605_0_L1C,20210605T152308,148055,296,13,15008,8090,-4758,0.8881,0.0018,0.0001,0.09,0.0485,0.9441,0.1947,0,,,0
S2A_22WDD_20210604_0_L1C,20210604T155301,142971,6981,1408,15008,0,336,0.8576,0.0419,0.0084,0.09,0.0,0.7095,0.1694,17.1936,,,0
S2B_22WDD_20210603_0_L1C,20210603T153307,150791,272,0,15008,0,633,0.9045,0.0016,0.0,0.09,0.0,0.9481,0.177,0.1166,,,0
S2A_22WDD_20210601_0_L1C,20210601T154305,103151,10927,38261,15008,0,-643,0.6188,0.0655,0.2295,0.09,0.0,0.9114,0.1605,54.97,,,0
S2B_22WDD_20210531_0_L1C,20210531T152308,435,0,141293,15008,6298,3670,0.0026,0.0,0.8476,0.09,0.0378,0.9914,,98.1514,,,0
S2B_22WDD_20210530_0_L1C,20210530T155301,117588,31819,1416,15008,0,873,0.7054,0.1909,0.0085,0.09,0.0,0.6339,0.1117,60.1287,,,0
S2A_22WDD_20210529_0_L1C,20210529T153307,91127,12176,60152,15008,0,-11759,0.5466,0.073,0.3608,0.09,0.0,0.7541,0.1902,36.4811,,,0
S2B_22WDD_20210527_0_L1C,20210527T154304,150822,322,0,15008,0,552,0.9047,0.0019,0.0,0.09,0.0,0.9065,0.1725,13.3058,,,0
S2A_22WDD_20210526_0_L1C,20210526T152308,460,981,154952,15008,7794,-12491,0.0028,0.0059,0.9295,0.09,0.0468,0.9796,0.0685,95.9259,,,0
S2A_22WDD_20210525_0_L1C,20210525T155301,57574,15499,77378,15008,0,1245,0.3454,0.093,0.4642,0.09,0.0,0.598,0.0999,76.0244,,,0
S2B_22WDD_20210524_0_L1C,20210524T153306,2555,49401,52231,15008,0,47509,0.0153,0.2963,0.3133,0.09,0.0,0.5105,0.0897,85.9312,,,0
S2A_22WDD_20210522_0_L1C,20210522T154304,19574,17393,101449,15008,0,13280,0.1174,0.1043,0.6086,0.09,0.0,0.4546,0.0772,90.1288,,,0
S2B_22WDD_20210521_0_L1C,20210521T152307,149349,240,6,15008,6937,-4836,0.8959,0.0014,0.0,0.09,0.0416,0.8219,0.1281,46.2224,,,0
S2B_22WDD_20210520_0_L1C,20210520T155300,56302,13533,67697,15008,0,14164,0.3377,0.0812,0.4061,0.09,0.0,0.6513,0.1133,94.7684,,,0
S2A_22WDD_20210519_0_L1C,20210519T153306,144242,2076,5138,15008,0,240,0.8653,0.0125,0.0308,0.09,0.0,0.8704,0.205,41.4364,,,0
S2B_22WDD_20210517_0_L1C,20210517T154303,120658,1731,32416,15008,0,-3109,0.7238,0.0104,0.1945,0.09,0.0,0.8753,0.2901,40.0908,,,0
S2A_22WDD_20210516_0_L1C,20210516T152307,342,2491,154845,15008,7597,-13579,0.0021,0.0149,0.9289,0.09,0.0456,0.7945,0.1291,98.9686,,,0
S2A_22WDD_20210515_0_L1C,20210515T155301,150800,364,0,15008,0,532,0.9046,0.0022,0.0,0.09,0.0,0.7565,0.1465,23.1344,,,0
S2B_22WDD_20210514_0_L1C,20210514T153305,132265,3707,14936,15008,0,788,0.7934,0.0222,0.0896,0.09,0.0,0.8718,0.2388,10.5893,,,0
S2A_22WDD_20210512_0_L1C,20210512T154303,150075,717,419,15008,0,485,0.9002,0.0043,0.0025,0.09,0.0,0.9187,0.203,36.5592,,,0
S2B_22WDD_20210511_0_L1C,20210511T152305,248,563,150989,15008,7626,-7730,0.0015,0.0034,0.9057,0.09,0.0457,0.7125,0.0564,99.4154,,,0
S2B_22WDD_20210510_0_L1C,20210510T155259,14980,0,147169,15008,0,-10453,0.0899,0.0,0.8828,0.09,0.0,0.5433,,96.9112,,,0
S2A_22WDD_20210509_0_L1C,20210509T153305,0,0,165020,15008,0,-13324,0.0,0.0,0.9899,0.09,0.0,,,99.5749,,,0
S2B_22WDD_20210507_0_L1C,20210507T154301,143572,1613,5052,15008,0,1459,0.8612,0.0097,0.0303,0.09,0.0,0.9176,0.2253,26.8669,,,0
S2A_22WDD_20210506_0_L1C,20210506T152306,145041,2137,1208,15008,8260,-4950,0.8701,0.0128,0.0072,0.09,0.0495,0.9192,0.1975,14.8008,,,0
S2A_22WDD_20210505_0_L1C,20210505T155259,150919,260,0,15008,0,517,0.9053,0.0016,0.0,0.09,0.0,0.9393,0.1448,1.9755,,,0
S2B_22WDD_20210504_0_L1C,20210504T153303,150938,249,0,15008,0,509,0.9054,0.0015,0.0,0.09,0.0,0.931,0.1348,10.8313,,,0
S2A_22WDD_20210502_1_L1C,20210502T154302,19505,131596,0,15008,0,595,0.117,0.7894,0.0,0.09,0.0,0.4856,0.1529,1.70384305294276,,,0
S2B_22WDD_20210501_0_L1C,20210501T152303,147817,260,0,15008,8563,-4944,0.8867,0.0016,0.0,0.09,0.0514,0.8203,0.1197,10.6225,,,0
S2B_22WDD_20210430_0_L1C,20210430T155257,151015,255,0,15008,0,426,0.9059,0.0015,0.0,0.09,0.0,0.932,0.1319,8.9037,,,0
S2A_22WDD_20210429_1_L1C,20210429T153303,20362,130783,0,15008,0,551,0.1221,0.7845,0.0,0.09,0.0,0.5019,0.1517,27.1346710860282,,,0
S2B_22WDD_20210427_1_L1C,20210427T154259,0,0,164801,15008,0,-13105,0.0,0.0,0.9886,0.09,0.0,,,99.8537728806474,,,0
S2A_22WDD_20210426_0_L1C,20210426T152304,451,9939,136824,15008,9799,-5317,0.0027,0.0596,0.8208,0.09,0.0588,0.9678,0.0645,93.0952,,,0
S2A_22WDD_20210425_0_L1C,20210425T155257,118200,439,36792,15008,0,-3735,0.709,0.0026,0.2207,0.09,0.0,0.7904,0.0869,43.4043,,,0
S2B_22WDD_20210424_0_L1C,20210424T153300,149789,0,2187,15008,0,-280,0.8985,0.0,0.0131,0.09,0.0,0.5886,,90.7725,,,0
S2A_22WDD_20210422_0_L1C,20210422T154259,105552,8739,36841,15008,0,564,0.6332,0.0524,0.221,0.09,0.0,0.6392,0.0995,69.8554,,,0
S2B_22WDD_20210421_0_L1C,20210421T152301,149938,13,0,15008,7120,-5375,0.8994,0.0001,0.0,0.09,0.0427,0.9263,0.0784,21.9269,,,0
S2A_22WDD_20210419_1_L1C,20210419T153301,87576,63620,260,15008,0,240,0.5253,0.3816,0.0016,0.09,0.0,0.6485,0.1586,39.2123085192153,,,0
S2B_22WDD_20210417_0_L1C,20210417T154259,150604,0,1421,15008,0,-329,0.9034,0.0,0.0085,0.09,0.0,0.7212,,76.8658,,,0
S2A_22WDD_20210416_0_L1C,20210416T152301,5775,1,129807,15008,11042,5071,0.0346,0.0,0.7787,0.09,0.0662,0.6795,0.0515,87.9056,,,0
S2A_22WDD_20210415_0_L1C,20210415T155254,22979,758,128280,15008,0,-321,0.1378,0.0045,0.7695,0.09,0.0,0.5494,0.0803,78.6025,,,0
S2B_22WDD_20210414_0_L1C,20210414T153302,47016,4637,104483,15008,0,-4440,0.282,0.0278,0.6268,0.09,0.0,0.5872,0.0884,83.4668,,,0
S2A_22WDD_20210412_1_L1C,20210412T154258,0,0,164369,15008,0,-12673,0.0,0.0,0.986,0.09,0.0,,,100,,,0
S2B_22WDD_20210411_0_L1C,20210411T152304,146883,0,1012,15008,7043,-3242,0.8811,0.0,0.0061,0.09,0.0422,0.5195,,99.5484,,,0
S2B_22WDD_20210410_0_L1C,20210410T155257,117946,0,34735,15008,0,-985,0.7075,0.0,0.2084,0.09,0.0,0.5431,,98.851,,,0
S2A_22WDD_20210409_0_L1C,20210409T153301,9853,0,154213,15008,0,-12370,0.0591,0.0,0.9251,0.09,0.0,0.4736,,100,,,0
S2B_22WDD_20210407_0_L1C,20210407T154301,151696,0,0,15008,0,0,0.91,0.0,0.0,0.09,0.0,0.6637,,39.9276,,,0
S2A_22WDD_20210406_0_L1C,20210406T152303,6677,0,150866,15008,6380,-12227,0.0401,0.0,0.905,0.09,0.0383,0.5858,,98.152,,,0
S2A_22WDD_20210405_0_L1C,20210405T155257,134859,0,13824,15008,0,3013,0.809,0.0,0.0829,0.09,0.0,0.5341,,99.4666,,,0
S2B_22WDD_20210404_0_L1C,20210404T153303,151692,0,0,15008,0,4,0.9099,0.0,0.0,0.09,0.0,0.7611,,79.7788,,,0
S2A_22WDD_20210402_0_L1C,20210402T154301,118842,0,33985,15008,0,-1131,0.7129,0.0,0.2039,0.09,0.0,0.571,,81.4125,,,0
S2B_22WDD_20210401_0_L1C,20210401T152305,6715,0,153183,15008,6348,-14550,0.0403,0.0,0.9189,0.09,0.0381,0.5312,,100,,,0
S2B_22WDD_20210331_0_L1C,20210331T155259,151444,0,917,15008,0,-665,0.9085,0.0,0.0055,0.09,0.0,0.6652,,99.4345,,,0
S2A_22WDD_20210330_0_L1C,20210330T153303,5556,0,160619,15008,0,-14479,0.0333,0.0,0.9635,0.09,0.0,0.5793,,99.082,,,0
S2B_22WDD_20210328_0_L1C,20210328T154302,151696,0,0,15008,0,0,0.91,0.0,0.0,0.09,0.0,0.7756,,84.9773,,,0
S2A_22WDD_20210327_0_L1C,20210327T152305,150597,0,224,15008,6299,-5424,0.9034,0.0,0.0013,0.09,0.0378,0.7409,,95.2624,,,0
S2A_22WDD_20210326_0_L1C,20210326T155259,151696,0,0,15008,0,0,0.91,0.0,0.0,0.09,0.0,0.6439,,95.0309,,,0
S2B_22WDD_20210325_0_L1C,20210325T153305,151230,0,426,15008,0,40,0.9072,0.0,0.0026,0.09,0.0,0.6193,,98.9126,,,0
S2A_22WDD_20210323_0_L1C,20210323T154302,13949,0,148801,15008,0,-11054,0.0837,0.0,0.8926,0.09,0.0,0.4582,,100,,,0
S2B_22WDD_20210322_0_L1C,20210322T152306,138159,0,9518,15008,6931,-2912,0.8288,0.0,0.0571,0.09,0.0416,0.5592,,99.4619,,,0
S2B_22WDD_20210321_0_L1C,20210321T155300,11689,6930,140492,15008,0,-7415,0.0701,0.0416,0.8428,0.09,0.0,0.5859,0.0917,72.2025,,,0
S2A_22WDD_20210320_0_L1C,20210320T153305,16520,0,598,15008,0,134578,0.0991,0.0,0.0036,0.09,0.0,0.4524,,99.9956,,,0
S2B_22WDD_20210318_0_L1C,20210318T154303,16392,0,145873,15008,0,-10569,0.0983,0.0,0.875,0.09,0.0,0.4937,,100,,,0
S2A_22WDD_20210317_0_L1C,20210317T152306,8666,473,85234,15008,5453,51870,0.052,0.0028,0.5113,0.09,0.0327,0.5835,0.0916,85.2175,,,0
S2A_22WDD_20210316_0_L1C,20210316T155300,0,0,164312,15008,0,-12616,0.0,0.0,0.9857,0.09,0.0,,,97.0998,,,0
S2B_22WDD_20210315_0_L1C,20210315T153305,447,0,164368,15008,0,-13119,0.0027,0.0,0.986,0.09,0.0,0.4466,,100,,,0
S2A_22WDD_20210313_0_L1C,20210313T154303,69201,11816,0,15008,0,70679,0.4151,0.0709,0.0,0.09,0.0,0.5209,0.0663,54.422,,,0
S2B_22WDD_20210312_0_L1C,20210312T152306,149039,0,0,15008,8050,-5393,0.894,0.0,0.0,0.09,0.0483,0.9307,,14.5995,,,0
S2B_22WDD_20210311_0_L1C,20210311T155300,128701,13649,0,15008,0,9346,0.772,0.0819,0.0,0.09,0.0,0.7113,0.104,32.5105,,,0
S2A_22WDD_20210310_0_L1C,20210310T153305,151696,0,0,15008,0,0,0.91,0.0,0.0,0.09,0.0,0.8694,,7.715,,,0
S2B_22WDD_20210308_0_L1C,20210308T154303,85406,8977,980,15008,0,56333,0.5123,0.0538,0.0059,0.09,0.0,0.6708,0.0903,53.1101,,,0
S2A_22WDD_20210307_0_L1C,20210307T152307,1750,8,53867,15008,6248,89823,0.0105,0.0,0.3231,0.09,0.0375,0.9883,0.0553,95.4352,,,0
S2A_22WDD_20210306_0_L1C,20210306T155300,13238,0,144819,15008,0,-6361,0.0794,0.0,0.8687,0.09,0.0,0.4698,,99.9832,,,0
S2B_22WDD_20210305_0_L1C,20210305T153305,20,89,30,15008,0,151557,0.0001,0.0005,0.0002,0.09,0.0,0.487,0.0696,46.0069,,,0
S2A_22WDD_20210303_0_L1C,20210303T154304,0,0,164844,15008,0,-13148,0.0,0.0,0.9888,0.09,0.0,,,100,,,0
S2B_22WDD_20210302_0_L1C,20210302T152308,548,0,98355,15008,7827,44966,0.0033,0.0,0.59,0.09,0.047,0.9907,,99.9951,,,0
S2B_22WDD_20210301_0_L1C,20210301T155300,81,0,93950,15008,0,57665,0.0005,0.0,0.5636,0.09,0.0,0.4325,,99.9668,,,0
S2A_22WDD_20210228_0_L1C,20210228T153306,140808,10281,464,15008,0,143,0.8447,0.0617,0.0028,0.09,0.0,0.5676,0.1166,82.1416,,,0
S2B_22WDD_20210226_0_L1C,20210226T154302,92078,7141,57054,15008,0,-4577,0.5523,0.0428,0.3422,0.09,0.0,0.641,0.1511,87.5146,,,0
S2A_22WDD_20210225_0_L1C,20210225T152307,145923,2808,1050,15008,7122,-5207,0.8753,0.0168,0.0063,0.09,0.0427,0.7901,0.0967,37.1215,,,0
S2A_22WDD_20210224_0_L1C,20210224T155300,151635,7,0,15008,0,54,0.9096,0.0,0.0,0.09,0.0,0.9049,0.1235,11.7865,,,0
